"STATISTIC","Statistic Label","TLIST(A1)","Year","C02076V02508","Age Group","C02199V02655","Sex","C04283V05060","Education Attainment Level","C03788V04538","NUTS 2 Region","UNIT","VALUE"
"ALF01C01","Annual employment rate","2019","2019","-","All ages","-","Both sexes","-","Levels of Education (Levels  0-8)","IE0","Ireland","%","74.9"
"ALF01C01","Annual employment rate","2019","2019","-","All ages","-","Both sexes","-","Levels of Education (Levels  0-8)","811D29A4-1E05-4F4A-B61B-43DE64E07B29","Northern and Western","%","74"
"ALF01C01","Annual employment rate","2019","2019","-","All ages","-","Both sexes","-","Levels of Education (Levels  0-8)","97227605-23D5-4B98-BDB8-3EB5D0682A5A","Southern","%","72.8"
"ALF01C01","Annual employment rate","2019","2019","-","All ages","-","Both sexes","-","Levels of Education (Levels  0-8)","C32761EB-7A21-4B95-8C7A-DB195C2955CE","Eastern and Midland","%","76.6"
"ALF01C01","Annual employment rate","2019","2019","-","All ages","-","Both sexes","10","Less than primary (Level 0)","IE0","Ireland","%",""
"ALF01C01","Annual employment rate","2019","2019","-","All ages","-","Both sexes","10","Less than primary (Level 0)","811D29A4-1E05-4F4A-B61B-43DE64E07B29","Northern and Western","%",""
"ALF01C01","Annual employment rate","2019","2019","-","All ages","-","Both sexes","10","Less than primary (Level 0)","97227605-23D5-4B98-BDB8-3EB5D0682A5A","Southern","%",""
"ALF01C01","Annual employment rate","2019","2019","-","All ages","-","Both sexes","10","Less than primary (Level 0)","C32761EB-7A21-4B95-8C7A-DB195C2955CE","Eastern and Midland","%",""
"ALF01C01","Annual employment rate","2019","2019","-","All ages","-","Both sexes","20","Primary and lower secondary education (Levels 1-2)","IE0","Ireland","%","52.8"
"ALF01C01","Annual employment rate","2019","2019","-","All ages","-","Both sexes","20","Primary and lower secondary education (Levels 1-2)","811D29A4-1E05-4F4A-B61B-43DE64E07B29","Northern and Western","%","55.7"
"ALF01C01","Annual employment rate","2019","2019","-","All ages","-","Both sexes","20","Primary and lower secondary education (Levels 1-2)","97227605-23D5-4B98-BDB8-3EB5D0682A5A","Southern","%","49.6"
"ALF01C01","Annual employment rate","2019","2019","-","All ages","-","Both sexes","20","Primary and lower secondary education (Levels 1-2)","C32761EB-7A21-4B95-8C7A-DB195C2955CE","Eastern and Midland","%","53.9"
"ALF01C01","Annual employment rate","2019","2019","-","All ages","-","Both sexes","30","Upper secondary and post-secondary non-tertiary education (Levels 3 and 4)","IE0","Ireland","%","72.3"
"ALF01C01","Annual employment rate","2019","2019","-","All ages","-","Both sexes","30","Upper secondary and post-secondary non-tertiary education (Levels 3 and 4)","811D29A4-1E05-4F4A-B61B-43DE64E07B29","Northern and Western","%","73.1"
"ALF01C01","Annual employment rate","2019","2019","-","All ages","-","Both sexes","30","Upper secondary and post-secondary non-tertiary education (Levels 3 and 4)","97227605-23D5-4B98-BDB8-3EB5D0682A5A","Southern","%","71.7"
"ALF01C01","Annual employment rate","2019","2019","-","All ages","-","Both sexes","30","Upper secondary and post-secondary non-tertiary education (Levels 3 and 4)","C32761EB-7A21-4B95-8C7A-DB195C2955CE","Eastern and Midland","%","72.5"
"ALF01C01","Annual employment rate","2019","2019","-","All ages","-","Both sexes","40","Tertiary education (Levels 5-8)","IE0","Ireland","%","84.9"
"ALF01C01","Annual employment rate","2019","2019","-","All ages","-","Both sexes","40","Tertiary education (Levels 5-8)","811D29A4-1E05-4F4A-B61B-43DE64E07B29","Northern and Western","%","82.9"
"ALF01C01","Annual employment rate","2019","2019","-","All ages","-","Both sexes","40","Tertiary education (Levels 5-8)","97227605-23D5-4B98-BDB8-3EB5D0682A5A","Southern","%","83.7"
"ALF01C01","Annual employment rate","2019","2019","-","All ages","-","Both sexes","40","Tertiary education (Levels 5-8)","C32761EB-7A21-4B95-8C7A-DB195C2955CE","Eastern and Midland","%","86.2"
"ALF01C01","Annual employment rate","2019","2019","-","All ages","-","Both sexes","99","Level of education - not stated","IE0","Ireland","%","72.1"
"ALF01C01","Annual employment rate","2019","2019","-","All ages","-","Both sexes","99","Level of education - not stated","811D29A4-1E05-4F4A-B61B-43DE64E07B29","Northern and Western","%","74.4"
"ALF01C01","Annual employment rate","2019","2019","-","All ages","-","Both sexes","99","Level of education - not stated","97227605-23D5-4B98-BDB8-3EB5D0682A5A","Southern","%","68.4"
"ALF01C01","Annual employment rate","2019","2019","-","All ages","-","Both sexes","99","Level of education - not stated","C32761EB-7A21-4B95-8C7A-DB195C2955CE","Eastern and Midland","%","74.3"
"ALF01C01","Annual employment rate","2019","2019","-","All ages","1","Male","-","Levels of Education (Levels  0-8)","IE0","Ireland","%","81.3"
"ALF01C01","Annual employment rate","2019","2019","-","All ages","1","Male","-","Levels of Education (Levels  0-8)","811D29A4-1E05-4F4A-B61B-43DE64E07B29","Northern and Western","%","80.3"
"ALF01C01","Annual employment rate","2019","2019","-","All ages","1","Male","-","Levels of Education (Levels  0-8)","97227605-23D5-4B98-BDB8-3EB5D0682A5A","Southern","%","79.2"
"ALF01C01","Annual employment rate","2019","2019","-","All ages","1","Male","-","Levels of Education (Levels  0-8)","C32761EB-7A21-4B95-8C7A-DB195C2955CE","Eastern and Midland","%","82.9"
"ALF01C01","Annual employment rate","2019","2019","-","All ages","1","Male","10","Less than primary (Level 0)","IE0","Ireland","%",""
"ALF01C01","Annual employment rate","2019","2019","-","All ages","1","Male","10","Less than primary (Level 0)","811D29A4-1E05-4F4A-B61B-43DE64E07B29","Northern and Western","%",""
"ALF01C01","Annual employment rate","2019","2019","-","All ages","1","Male","10","Less than primary (Level 0)","97227605-23D5-4B98-BDB8-3EB5D0682A5A","Southern","%",""
"ALF01C01","Annual employment rate","2019","2019","-","All ages","1","Male","10","Less than primary (Level 0)","C32761EB-7A21-4B95-8C7A-DB195C2955CE","Eastern and Midland","%",""
"ALF01C01","Annual employment rate","2019","2019","-","All ages","1","Male","20","Primary and lower secondary education (Levels 1-2)","IE0","Ireland","%","64.1"
"ALF01C01","Annual employment rate","2019","2019","-","All ages","1","Male","20","Primary and lower secondary education (Levels 1-2)","811D29A4-1E05-4F4A-B61B-43DE64E07B29","Northern and Western","%","66.8"
"ALF01C01","Annual employment rate","2019","2019","-","All ages","1","Male","20","Primary and lower secondary education (Levels 1-2)","97227605-23D5-4B98-BDB8-3EB5D0682A5A","Southern","%","60.9"
"ALF01C01","Annual employment rate","2019","2019","-","All ages","1","Male","20","Primary and lower secondary education (Levels 1-2)","C32761EB-7A21-4B95-8C7A-DB195C2955CE","Eastern and Midland","%","65.3"
"ALF01C01","Annual employment rate","2019","2019","-","All ages","1","Male","30","Upper secondary and post-secondary non-tertiary education (Levels 3 and 4)","IE0","Ireland","%","80.5"
"ALF01C01","Annual employment rate","2019","2019","-","All ages","1","Male","30","Upper secondary and post-secondary non-tertiary education (Levels 3 and 4)","811D29A4-1E05-4F4A-B61B-43DE64E07B29","Northern and Western","%","80.9"
"ALF01C01","Annual employment rate","2019","2019","-","All ages","1","Male","30","Upper secondary and post-secondary non-tertiary education (Levels 3 and 4)","97227605-23D5-4B98-BDB8-3EB5D0682A5A","Southern","%","80.5"
"ALF01C01","Annual employment rate","2019","2019","-","All ages","1","Male","30","Upper secondary and post-secondary non-tertiary education (Levels 3 and 4)","C32761EB-7A21-4B95-8C7A-DB195C2955CE","Eastern and Midland","%","80.4"
"ALF01C01","Annual employment rate","2019","2019","-","All ages","1","Male","40","Tertiary education (Levels 5-8)","IE0","Ireland","%","89.7"
"ALF01C01","Annual employment rate","2019","2019","-","All ages","1","Male","40","Tertiary education (Levels 5-8)","811D29A4-1E05-4F4A-B61B-43DE64E07B29","Northern and Western","%","88.4"
"ALF01C01","Annual employment rate","2019","2019","-","All ages","1","Male","40","Tertiary education (Levels 5-8)","97227605-23D5-4B98-BDB8-3EB5D0682A5A","Southern","%","87.9"
"ALF01C01","Annual employment rate","2019","2019","-","All ages","1","Male","40","Tertiary education (Levels 5-8)","C32761EB-7A21-4B95-8C7A-DB195C2955CE","Eastern and Midland","%","90.8"
"ALF01C01","Annual employment rate","2019","2019","-","All ages","1","Male","99","Level of education - not stated","IE0","Ireland","%","78.7"
"ALF01C01","Annual employment rate","2019","2019","-","All ages","1","Male","99","Level of education - not stated","811D29A4-1E05-4F4A-B61B-43DE64E07B29","Northern and Western","%","84.2"
"ALF01C01","Annual employment rate","2019","2019","-","All ages","1","Male","99","Level of education - not stated","97227605-23D5-4B98-BDB8-3EB5D0682A5A","Southern","%","74.3"
"ALF01C01","Annual employment rate","2019","2019","-","All ages","1","Male","99","Level of education - not stated","C32761EB-7A21-4B95-8C7A-DB195C2955CE","Eastern and Midland","%","80.4"
"ALF01C01","Annual employment rate","2019","2019","-","All ages","2","Female","-","Levels of Education (Levels  0-8)","IE0","Ireland","%","68.7"
"ALF01C01","Annual employment rate","2019","2019","-","All ages","2","Female","-","Levels of Education (Levels  0-8)","811D29A4-1E05-4F4A-B61B-43DE64E07B29","Northern and Western","%","67.8"
"ALF01C01","Annual employment rate","2019","2019","-","All ages","2","Female","-","Levels of Education (Levels  0-8)","97227605-23D5-4B98-BDB8-3EB5D0682A5A","Southern","%","66.5"
"ALF01C01","Annual employment rate","2019","2019","-","All ages","2","Female","-","Levels of Education (Levels  0-8)","C32761EB-7A21-4B95-8C7A-DB195C2955CE","Eastern and Midland","%","70.4"
"ALF01C01","Annual employment rate","2019","2019","-","All ages","2","Female","10","Less than primary (Level 0)","IE0","Ireland","%",""
"ALF01C01","Annual employment rate","2019","2019","-","All ages","2","Female","10","Less than primary (Level 0)","811D29A4-1E05-4F4A-B61B-43DE64E07B29","Northern and Western","%",""
"ALF01C01","Annual employment rate","2019","2019","-","All ages","2","Female","10","Less than primary (Level 0)","97227605-23D5-4B98-BDB8-3EB5D0682A5A","Southern","%",""
"ALF01C01","Annual employment rate","2019","2019","-","All ages","2","Female","10","Less than primary (Level 0)","C32761EB-7A21-4B95-8C7A-DB195C2955CE","Eastern and Midland","%",""
"ALF01C01","Annual employment rate","2019","2019","-","All ages","2","Female","20","Primary and lower secondary education (Levels 1-2)","IE0","Ireland","%","37.5"
"ALF01C01","Annual employment rate","2019","2019","-","All ages","2","Female","20","Primary and lower secondary education (Levels 1-2)","811D29A4-1E05-4F4A-B61B-43DE64E07B29","Northern and Western","%","36.2"
"ALF01C01","Annual employment rate","2019","2019","-","All ages","2","Female","20","Primary and lower secondary education (Levels 1-2)","97227605-23D5-4B98-BDB8-3EB5D0682A5A","Southern","%","33.9"
"ALF01C01","Annual employment rate","2019","2019","-","All ages","2","Female","20","Primary and lower secondary education (Levels 1-2)","C32761EB-7A21-4B95-8C7A-DB195C2955CE","Eastern and Midland","%","40.4"
"ALF01C01","Annual employment rate","2019","2019","-","All ages","2","Female","30","Upper secondary and post-secondary non-tertiary education (Levels 3 and 4)","IE0","Ireland","%","63.8"
"ALF01C01","Annual employment rate","2019","2019","-","All ages","2","Female","30","Upper secondary and post-secondary non-tertiary education (Levels 3 and 4)","811D29A4-1E05-4F4A-B61B-43DE64E07B29","Northern and Western","%","65.1"
"ALF01C01","Annual employment rate","2019","2019","-","All ages","2","Female","30","Upper secondary and post-secondary non-tertiary education (Levels 3 and 4)","97227605-23D5-4B98-BDB8-3EB5D0682A5A","Southern","%","62.2"
"ALF01C01","Annual employment rate","2019","2019","-","All ages","2","Female","30","Upper secondary and post-secondary non-tertiary education (Levels 3 and 4)","C32761EB-7A21-4B95-8C7A-DB195C2955CE","Eastern and Midland","%","64.4"
"ALF01C01","Annual employment rate","2019","2019","-","All ages","2","Female","40","Tertiary education (Levels 5-8)","IE0","Ireland","%","81"
"ALF01C01","Annual employment rate","2019","2019","-","All ages","2","Female","40","Tertiary education (Levels 5-8)","811D29A4-1E05-4F4A-B61B-43DE64E07B29","Northern and Western","%","78.9"
"ALF01C01","Annual employment rate","2019","2019","-","All ages","2","Female","40","Tertiary education (Levels 5-8)","97227605-23D5-4B98-BDB8-3EB5D0682A5A","Southern","%","80.4"
"ALF01C01","Annual employment rate","2019","2019","-","All ages","2","Female","40","Tertiary education (Levels 5-8)","C32761EB-7A21-4B95-8C7A-DB195C2955CE","Eastern and Midland","%","82.1"
"ALF01C01","Annual employment rate","2019","2019","-","All ages","2","Female","99","Level of education - not stated","IE0","Ireland","%","64.9"
"ALF01C01","Annual employment rate","2019","2019","-","All ages","2","Female","99","Level of education - not stated","811D29A4-1E05-4F4A-B61B-43DE64E07B29","Northern and Western","%","64.2"
"ALF01C01","Annual employment rate","2019","2019","-","All ages","2","Female","99","Level of education - not stated","97227605-23D5-4B98-BDB8-3EB5D0682A5A","Southern","%","62.2"
"ALF01C01","Annual employment rate","2019","2019","-","All ages","2","Female","99","Level of education - not stated","C32761EB-7A21-4B95-8C7A-DB195C2955CE","Eastern and Midland","%","67.4"
"ALF01C01","Annual employment rate","2019","2019","365","20 - 24 years","-","Both sexes","-","Levels of Education (Levels  0-8)","IE0","Ireland","%","64.7"
"ALF01C01","Annual employment rate","2019","2019","365","20 - 24 years","-","Both sexes","-","Levels of Education (Levels  0-8)","811D29A4-1E05-4F4A-B61B-43DE64E07B29","Northern and Western","%","62.6"
"ALF01C01","Annual employment rate","2019","2019","365","20 - 24 years","-","Both sexes","-","Levels of Education (Levels  0-8)","97227605-23D5-4B98-BDB8-3EB5D0682A5A","Southern","%","62.6"
"ALF01C01","Annual employment rate","2019","2019","365","20 - 24 years","-","Both sexes","-","Levels of Education (Levels  0-8)","C32761EB-7A21-4B95-8C7A-DB195C2955CE","Eastern and Midland","%","66.8"
"ALF01C01","Annual employment rate","2019","2019","365","20 - 24 years","-","Both sexes","10","Less than primary (Level 0)","IE0","Ireland","%",""
"ALF01C01","Annual employment rate","2019","2019","365","20 - 24 years","-","Both sexes","10","Less than primary (Level 0)","811D29A4-1E05-4F4A-B61B-43DE64E07B29","Northern and Western","%",""
"ALF01C01","Annual employment rate","2019","2019","365","20 - 24 years","-","Both sexes","10","Less than primary (Level 0)","97227605-23D5-4B98-BDB8-3EB5D0682A5A","Southern","%",""
"ALF01C01","Annual employment rate","2019","2019","365","20 - 24 years","-","Both sexes","10","Less than primary (Level 0)","C32761EB-7A21-4B95-8C7A-DB195C2955CE","Eastern and Midland","%",""
"ALF01C01","Annual employment rate","2019","2019","365","20 - 24 years","-","Both sexes","20","Primary and lower secondary education (Levels 1-2)","IE0","Ireland","%","29.5"
"ALF01C01","Annual employment rate","2019","2019","365","20 - 24 years","-","Both sexes","20","Primary and lower secondary education (Levels 1-2)","811D29A4-1E05-4F4A-B61B-43DE64E07B29","Northern and Western","%",""
"ALF01C01","Annual employment rate","2019","2019","365","20 - 24 years","-","Both sexes","20","Primary and lower secondary education (Levels 1-2)","97227605-23D5-4B98-BDB8-3EB5D0682A5A","Southern","%","27"
"ALF01C01","Annual employment rate","2019","2019","365","20 - 24 years","-","Both sexes","20","Primary and lower secondary education (Levels 1-2)","C32761EB-7A21-4B95-8C7A-DB195C2955CE","Eastern and Midland","%","33.4"
"ALF01C01","Annual employment rate","2019","2019","365","20 - 24 years","-","Both sexes","30","Upper secondary and post-secondary non-tertiary education (Levels 3 and 4)","IE0","Ireland","%","62"
"ALF01C01","Annual employment rate","2019","2019","365","20 - 24 years","-","Both sexes","30","Upper secondary and post-secondary non-tertiary education (Levels 3 and 4)","811D29A4-1E05-4F4A-B61B-43DE64E07B29","Northern and Western","%","61.7"
"ALF01C01","Annual employment rate","2019","2019","365","20 - 24 years","-","Both sexes","30","Upper secondary and post-secondary non-tertiary education (Levels 3 and 4)","97227605-23D5-4B98-BDB8-3EB5D0682A5A","Southern","%","60.7"
"ALF01C01","Annual employment rate","2019","2019","365","20 - 24 years","-","Both sexes","30","Upper secondary and post-secondary non-tertiary education (Levels 3 and 4)","C32761EB-7A21-4B95-8C7A-DB195C2955CE","Eastern and Midland","%","63.1"
"ALF01C01","Annual employment rate","2019","2019","365","20 - 24 years","-","Both sexes","40","Tertiary education (Levels 5-8)","IE0","Ireland","%","80.6"
"ALF01C01","Annual employment rate","2019","2019","365","20 - 24 years","-","Both sexes","40","Tertiary education (Levels 5-8)","811D29A4-1E05-4F4A-B61B-43DE64E07B29","Northern and Western","%","75.9"
"ALF01C01","Annual employment rate","2019","2019","365","20 - 24 years","-","Both sexes","40","Tertiary education (Levels 5-8)","97227605-23D5-4B98-BDB8-3EB5D0682A5A","Southern","%","78.6"
"ALF01C01","Annual employment rate","2019","2019","365","20 - 24 years","-","Both sexes","40","Tertiary education (Levels 5-8)","C32761EB-7A21-4B95-8C7A-DB195C2955CE","Eastern and Midland","%","82.8"
"ALF01C01","Annual employment rate","2019","2019","365","20 - 24 years","-","Both sexes","99","Level of education - not stated","IE0","Ireland","%","50.4"
"ALF01C01","Annual employment rate","2019","2019","365","20 - 24 years","-","Both sexes","99","Level of education - not stated","811D29A4-1E05-4F4A-B61B-43DE64E07B29","Northern and Western","%",""
"ALF01C01","Annual employment rate","2019","2019","365","20 - 24 years","-","Both sexes","99","Level of education - not stated","97227605-23D5-4B98-BDB8-3EB5D0682A5A","Southern","%","68"
"ALF01C01","Annual employment rate","2019","2019","365","20 - 24 years","-","Both sexes","99","Level of education - not stated","C32761EB-7A21-4B95-8C7A-DB195C2955CE","Eastern and Midland","%","39.6"
"ALF01C01","Annual employment rate","2019","2019","365","20 - 24 years","1","Male","-","Levels of Education (Levels  0-8)","IE0","Ireland","%","65.7"
"ALF01C01","Annual employment rate","2019","2019","365","20 - 24 years","1","Male","-","Levels of Education (Levels  0-8)","811D29A4-1E05-4F4A-B61B-43DE64E07B29","Northern and Western","%","63.5"
"ALF01C01","Annual employment rate","2019","2019","365","20 - 24 years","1","Male","-","Levels of Education (Levels  0-8)","97227605-23D5-4B98-BDB8-3EB5D0682A5A","Southern","%","63.4"
"ALF01C01","Annual employment rate","2019","2019","365","20 - 24 years","1","Male","-","Levels of Education (Levels  0-8)","C32761EB-7A21-4B95-8C7A-DB195C2955CE","Eastern and Midland","%","67.9"
"ALF01C01","Annual employment rate","2019","2019","365","20 - 24 years","1","Male","10","Less than primary (Level 0)","IE0","Ireland","%",""
"ALF01C01","Annual employment rate","2019","2019","365","20 - 24 years","1","Male","10","Less than primary (Level 0)","811D29A4-1E05-4F4A-B61B-43DE64E07B29","Northern and Western","%",""
"ALF01C01","Annual employment rate","2019","2019","365","20 - 24 years","1","Male","10","Less than primary (Level 0)","97227605-23D5-4B98-BDB8-3EB5D0682A5A","Southern","%",""
"ALF01C01","Annual employment rate","2019","2019","365","20 - 24 years","1","Male","10","Less than primary (Level 0)","C32761EB-7A21-4B95-8C7A-DB195C2955CE","Eastern and Midland","%",""
"ALF01C01","Annual employment rate","2019","2019","365","20 - 24 years","1","Male","20","Primary and lower secondary education (Levels 1-2)","IE0","Ireland","%","32.4"
"ALF01C01","Annual employment rate","2019","2019","365","20 - 24 years","1","Male","20","Primary and lower secondary education (Levels 1-2)","811D29A4-1E05-4F4A-B61B-43DE64E07B29","Northern and Western","%",""
"ALF01C01","Annual employment rate","2019","2019","365","20 - 24 years","1","Male","20","Primary and lower secondary education (Levels 1-2)","97227605-23D5-4B98-BDB8-3EB5D0682A5A","Southern","%",""
"ALF01C01","Annual employment rate","2019","2019","365","20 - 24 years","1","Male","20","Primary and lower secondary education (Levels 1-2)","C32761EB-7A21-4B95-8C7A-DB195C2955CE","Eastern and Midland","%","36.5"
"ALF01C01","Annual employment rate","2019","2019","365","20 - 24 years","1","Male","30","Upper secondary and post-secondary non-tertiary education (Levels 3 and 4)","IE0","Ireland","%","64.1"
"ALF01C01","Annual employment rate","2019","2019","365","20 - 24 years","1","Male","30","Upper secondary and post-secondary non-tertiary education (Levels 3 and 4)","811D29A4-1E05-4F4A-B61B-43DE64E07B29","Northern and Western","%","63.8"
"ALF01C01","Annual employment rate","2019","2019","365","20 - 24 years","1","Male","30","Upper secondary and post-secondary non-tertiary education (Levels 3 and 4)","97227605-23D5-4B98-BDB8-3EB5D0682A5A","Southern","%","62.4"
"ALF01C01","Annual employment rate","2019","2019","365","20 - 24 years","1","Male","30","Upper secondary and post-secondary non-tertiary education (Levels 3 and 4)","C32761EB-7A21-4B95-8C7A-DB195C2955CE","Eastern and Midland","%","65.5"
"ALF01C01","Annual employment rate","2019","2019","365","20 - 24 years","1","Male","40","Tertiary education (Levels 5-8)","IE0","Ireland","%","80.6"
"ALF01C01","Annual employment rate","2019","2019","365","20 - 24 years","1","Male","40","Tertiary education (Levels 5-8)","811D29A4-1E05-4F4A-B61B-43DE64E07B29","Northern and Western","%","74.3"
"ALF01C01","Annual employment rate","2019","2019","365","20 - 24 years","1","Male","40","Tertiary education (Levels 5-8)","97227605-23D5-4B98-BDB8-3EB5D0682A5A","Southern","%","78.9"
"ALF01C01","Annual employment rate","2019","2019","365","20 - 24 years","1","Male","40","Tertiary education (Levels 5-8)","C32761EB-7A21-4B95-8C7A-DB195C2955CE","Eastern and Midland","%","82.9"
"ALF01C01","Annual employment rate","2019","2019","365","20 - 24 years","1","Male","99","Level of education - not stated","IE0","Ireland","%","51.6"
"ALF01C01","Annual employment rate","2019","2019","365","20 - 24 years","1","Male","99","Level of education - not stated","811D29A4-1E05-4F4A-B61B-43DE64E07B29","Northern and Western","%",""
"ALF01C01","Annual employment rate","2019","2019","365","20 - 24 years","1","Male","99","Level of education - not stated","97227605-23D5-4B98-BDB8-3EB5D0682A5A","Southern","%",""
"ALF01C01","Annual employment rate","2019","2019","365","20 - 24 years","1","Male","99","Level of education - not stated","C32761EB-7A21-4B95-8C7A-DB195C2955CE","Eastern and Midland","%",""
"ALF01C01","Annual employment rate","2019","2019","365","20 - 24 years","2","Female","-","Levels of Education (Levels  0-8)","IE0","Ireland","%","63.7"
"ALF01C01","Annual employment rate","2019","2019","365","20 - 24 years","2","Female","-","Levels of Education (Levels  0-8)","811D29A4-1E05-4F4A-B61B-43DE64E07B29","Northern and Western","%","61.8"
"ALF01C01","Annual employment rate","2019","2019","365","20 - 24 years","2","Female","-","Levels of Education (Levels  0-8)","97227605-23D5-4B98-BDB8-3EB5D0682A5A","Southern","%","61.9"
"ALF01C01","Annual employment rate","2019","2019","365","20 - 24 years","2","Female","-","Levels of Education (Levels  0-8)","C32761EB-7A21-4B95-8C7A-DB195C2955CE","Eastern and Midland","%","65.6"
"ALF01C01","Annual employment rate","2019","2019","365","20 - 24 years","2","Female","10","Less than primary (Level 0)","IE0","Ireland","%",""
"ALF01C01","Annual employment rate","2019","2019","365","20 - 24 years","2","Female","10","Less than primary (Level 0)","811D29A4-1E05-4F4A-B61B-43DE64E07B29","Northern and Western","%",""
"ALF01C01","Annual employment rate","2019","2019","365","20 - 24 years","2","Female","10","Less than primary (Level 0)","97227605-23D5-4B98-BDB8-3EB5D0682A5A","Southern","%",""
"ALF01C01","Annual employment rate","2019","2019","365","20 - 24 years","2","Female","10","Less than primary (Level 0)","C32761EB-7A21-4B95-8C7A-DB195C2955CE","Eastern and Midland","%",""
"ALF01C01","Annual employment rate","2019","2019","365","20 - 24 years","2","Female","20","Primary and lower secondary education (Levels 1-2)","IE0","Ireland","%","25.9"
"ALF01C01","Annual employment rate","2019","2019","365","20 - 24 years","2","Female","20","Primary and lower secondary education (Levels 1-2)","811D29A4-1E05-4F4A-B61B-43DE64E07B29","Northern and Western","%",""
"ALF01C01","Annual employment rate","2019","2019","365","20 - 24 years","2","Female","20","Primary and lower secondary education (Levels 1-2)","97227605-23D5-4B98-BDB8-3EB5D0682A5A","Southern","%",""
"ALF01C01","Annual employment rate","2019","2019","365","20 - 24 years","2","Female","20","Primary and lower secondary education (Levels 1-2)","C32761EB-7A21-4B95-8C7A-DB195C2955CE","Eastern and Midland","%",""
"ALF01C01","Annual employment rate","2019","2019","365","20 - 24 years","2","Female","30","Upper secondary and post-secondary non-tertiary education (Levels 3 and 4)","IE0","Ireland","%","59.6"
"ALF01C01","Annual employment rate","2019","2019","365","20 - 24 years","2","Female","30","Upper secondary and post-secondary non-tertiary education (Levels 3 and 4)","811D29A4-1E05-4F4A-B61B-43DE64E07B29","Northern and Western","%","59.2"
"ALF01C01","Annual employment rate","2019","2019","365","20 - 24 years","2","Female","30","Upper secondary and post-secondary non-tertiary education (Levels 3 and 4)","97227605-23D5-4B98-BDB8-3EB5D0682A5A","Southern","%","58.8"
"ALF01C01","Annual employment rate","2019","2019","365","20 - 24 years","2","Female","30","Upper secondary and post-secondary non-tertiary education (Levels 3 and 4)","C32761EB-7A21-4B95-8C7A-DB195C2955CE","Eastern and Midland","%","60.3"
"ALF01C01","Annual employment rate","2019","2019","365","20 - 24 years","2","Female","40","Tertiary education (Levels 5-8)","IE0","Ireland","%","80.5"
"ALF01C01","Annual employment rate","2019","2019","365","20 - 24 years","2","Female","40","Tertiary education (Levels 5-8)","811D29A4-1E05-4F4A-B61B-43DE64E07B29","Northern and Western","%","77"
"ALF01C01","Annual employment rate","2019","2019","365","20 - 24 years","2","Female","40","Tertiary education (Levels 5-8)","97227605-23D5-4B98-BDB8-3EB5D0682A5A","Southern","%","78.3"
"ALF01C01","Annual employment rate","2019","2019","365","20 - 24 years","2","Female","40","Tertiary education (Levels 5-8)","C32761EB-7A21-4B95-8C7A-DB195C2955CE","Eastern and Midland","%","82.7"
"ALF01C01","Annual employment rate","2019","2019","365","20 - 24 years","2","Female","99","Level of education - not stated","IE0","Ireland","%","49.4"
"ALF01C01","Annual employment rate","2019","2019","365","20 - 24 years","2","Female","99","Level of education - not stated","811D29A4-1E05-4F4A-B61B-43DE64E07B29","Northern and Western","%",""
"ALF01C01","Annual employment rate","2019","2019","365","20 - 24 years","2","Female","99","Level of education - not stated","97227605-23D5-4B98-BDB8-3EB5D0682A5A","Southern","%",""
"ALF01C01","Annual employment rate","2019","2019","365","20 - 24 years","2","Female","99","Level of education - not stated","C32761EB-7A21-4B95-8C7A-DB195C2955CE","Eastern and Midland","%",""
"ALF01C01","Annual employment rate","2019","2019","410","25 - 29 years","-","Both sexes","-","Levels of Education (Levels  0-8)","IE0","Ireland","%","79.3"
"ALF01C01","Annual employment rate","2019","2019","410","25 - 29 years","-","Both sexes","-","Levels of Education (Levels  0-8)","811D29A4-1E05-4F4A-B61B-43DE64E07B29","Northern and Western","%","77.8"
"ALF01C01","Annual employment rate","2019","2019","410","25 - 29 years","-","Both sexes","-","Levels of Education (Levels  0-8)","97227605-23D5-4B98-BDB8-3EB5D0682A5A","Southern","%","76.6"
"ALF01C01","Annual employment rate","2019","2019","410","25 - 29 years","-","Both sexes","-","Levels of Education (Levels  0-8)","C32761EB-7A21-4B95-8C7A-DB195C2955CE","Eastern and Midland","%","81.2"
"ALF01C01","Annual employment rate","2019","2019","410","25 - 29 years","-","Both sexes","10","Less than primary (Level 0)","IE0","Ireland","%",""
"ALF01C01","Annual employment rate","2019","2019","410","25 - 29 years","-","Both sexes","10","Less than primary (Level 0)","811D29A4-1E05-4F4A-B61B-43DE64E07B29","Northern and Western","%",""
"ALF01C01","Annual employment rate","2019","2019","410","25 - 29 years","-","Both sexes","10","Less than primary (Level 0)","97227605-23D5-4B98-BDB8-3EB5D0682A5A","Southern","%",""
"ALF01C01","Annual employment rate","2019","2019","410","25 - 29 years","-","Both sexes","10","Less than primary (Level 0)","C32761EB-7A21-4B95-8C7A-DB195C2955CE","Eastern and Midland","%",""
"ALF01C01","Annual employment rate","2019","2019","410","25 - 29 years","-","Both sexes","20","Primary and lower secondary education (Levels 1-2)","IE0","Ireland","%","45.3"
"ALF01C01","Annual employment rate","2019","2019","410","25 - 29 years","-","Both sexes","20","Primary and lower secondary education (Levels 1-2)","811D29A4-1E05-4F4A-B61B-43DE64E07B29","Northern and Western","%","51.5"
"ALF01C01","Annual employment rate","2019","2019","410","25 - 29 years","-","Both sexes","20","Primary and lower secondary education (Levels 1-2)","97227605-23D5-4B98-BDB8-3EB5D0682A5A","Southern","%","35.6"
"ALF01C01","Annual employment rate","2019","2019","410","25 - 29 years","-","Both sexes","20","Primary and lower secondary education (Levels 1-2)","C32761EB-7A21-4B95-8C7A-DB195C2955CE","Eastern and Midland","%","48.4"
"ALF01C01","Annual employment rate","2019","2019","410","25 - 29 years","-","Both sexes","30","Upper secondary and post-secondary non-tertiary education (Levels 3 and 4)","IE0","Ireland","%","74.4"
"ALF01C01","Annual employment rate","2019","2019","410","25 - 29 years","-","Both sexes","30","Upper secondary and post-secondary non-tertiary education (Levels 3 and 4)","811D29A4-1E05-4F4A-B61B-43DE64E07B29","Northern and Western","%","75.6"
"ALF01C01","Annual employment rate","2019","2019","410","25 - 29 years","-","Both sexes","30","Upper secondary and post-secondary non-tertiary education (Levels 3 and 4)","97227605-23D5-4B98-BDB8-3EB5D0682A5A","Southern","%","73.6"
"ALF01C01","Annual employment rate","2019","2019","410","25 - 29 years","-","Both sexes","30","Upper secondary and post-secondary non-tertiary education (Levels 3 and 4)","C32761EB-7A21-4B95-8C7A-DB195C2955CE","Eastern and Midland","%","74.5"
"ALF01C01","Annual employment rate","2019","2019","410","25 - 29 years","-","Both sexes","40","Tertiary education (Levels 5-8)","IE0","Ireland","%","86.4"
"ALF01C01","Annual employment rate","2019","2019","410","25 - 29 years","-","Both sexes","40","Tertiary education (Levels 5-8)","811D29A4-1E05-4F4A-B61B-43DE64E07B29","Northern and Western","%","82.2"
"ALF01C01","Annual employment rate","2019","2019","410","25 - 29 years","-","Both sexes","40","Tertiary education (Levels 5-8)","97227605-23D5-4B98-BDB8-3EB5D0682A5A","Southern","%","84.4"
"ALF01C01","Annual employment rate","2019","2019","410","25 - 29 years","-","Both sexes","40","Tertiary education (Levels 5-8)","C32761EB-7A21-4B95-8C7A-DB195C2955CE","Eastern and Midland","%","88.3"
"ALF01C01","Annual employment rate","2019","2019","410","25 - 29 years","-","Both sexes","99","Level of education - not stated","IE0","Ireland","%","81.3"
"ALF01C01","Annual employment rate","2019","2019","410","25 - 29 years","-","Both sexes","99","Level of education - not stated","811D29A4-1E05-4F4A-B61B-43DE64E07B29","Northern and Western","%",""
"ALF01C01","Annual employment rate","2019","2019","410","25 - 29 years","-","Both sexes","99","Level of education - not stated","97227605-23D5-4B98-BDB8-3EB5D0682A5A","Southern","%","77.9"
"ALF01C01","Annual employment rate","2019","2019","410","25 - 29 years","-","Both sexes","99","Level of education - not stated","C32761EB-7A21-4B95-8C7A-DB195C2955CE","Eastern and Midland","%","81.1"
"ALF01C01","Annual employment rate","2019","2019","410","25 - 29 years","1","Male","-","Levels of Education (Levels  0-8)","IE0","Ireland","%","83.2"
"ALF01C01","Annual employment rate","2019","2019","410","25 - 29 years","1","Male","-","Levels of Education (Levels  0-8)","811D29A4-1E05-4F4A-B61B-43DE64E07B29","Northern and Western","%","83.7"
"ALF01C01","Annual employment rate","2019","2019","410","25 - 29 years","1","Male","-","Levels of Education (Levels  0-8)","97227605-23D5-4B98-BDB8-3EB5D0682A5A","Southern","%","79.4"
"ALF01C01","Annual employment rate","2019","2019","410","25 - 29 years","1","Male","-","Levels of Education (Levels  0-8)","C32761EB-7A21-4B95-8C7A-DB195C2955CE","Eastern and Midland","%","85.2"
"ALF01C01","Annual employment rate","2019","2019","410","25 - 29 years","1","Male","10","Less than primary (Level 0)","IE0","Ireland","%",""
"ALF01C01","Annual employment rate","2019","2019","410","25 - 29 years","1","Male","10","Less than primary (Level 0)","811D29A4-1E05-4F4A-B61B-43DE64E07B29","Northern and Western","%",""
"ALF01C01","Annual employment rate","2019","2019","410","25 - 29 years","1","Male","10","Less than primary (Level 0)","97227605-23D5-4B98-BDB8-3EB5D0682A5A","Southern","%",""
"ALF01C01","Annual employment rate","2019","2019","410","25 - 29 years","1","Male","10","Less than primary (Level 0)","C32761EB-7A21-4B95-8C7A-DB195C2955CE","Eastern and Midland","%",""
"ALF01C01","Annual employment rate","2019","2019","410","25 - 29 years","1","Male","20","Primary and lower secondary education (Levels 1-2)","IE0","Ireland","%","55.7"
"ALF01C01","Annual employment rate","2019","2019","410","25 - 29 years","1","Male","20","Primary and lower secondary education (Levels 1-2)","811D29A4-1E05-4F4A-B61B-43DE64E07B29","Northern and Western","%",""
"ALF01C01","Annual employment rate","2019","2019","410","25 - 29 years","1","Male","20","Primary and lower secondary education (Levels 1-2)","97227605-23D5-4B98-BDB8-3EB5D0682A5A","Southern","%",""
"ALF01C01","Annual employment rate","2019","2019","410","25 - 29 years","1","Male","20","Primary and lower secondary education (Levels 1-2)","C32761EB-7A21-4B95-8C7A-DB195C2955CE","Eastern and Midland","%","64.3"
"ALF01C01","Annual employment rate","2019","2019","410","25 - 29 years","1","Male","30","Upper secondary and post-secondary non-tertiary education (Levels 3 and 4)","IE0","Ireland","%","81.2"
"ALF01C01","Annual employment rate","2019","2019","410","25 - 29 years","1","Male","30","Upper secondary and post-secondary non-tertiary education (Levels 3 and 4)","811D29A4-1E05-4F4A-B61B-43DE64E07B29","Northern and Western","%","82.1"
"ALF01C01","Annual employment rate","2019","2019","410","25 - 29 years","1","Male","30","Upper secondary and post-secondary non-tertiary education (Levels 3 and 4)","97227605-23D5-4B98-BDB8-3EB5D0682A5A","Southern","%","80.4"
"ALF01C01","Annual employment rate","2019","2019","410","25 - 29 years","1","Male","30","Upper secondary and post-secondary non-tertiary education (Levels 3 and 4)","C32761EB-7A21-4B95-8C7A-DB195C2955CE","Eastern and Midland","%","81.6"
"ALF01C01","Annual employment rate","2019","2019","410","25 - 29 years","1","Male","40","Tertiary education (Levels 5-8)","IE0","Ireland","%","88.7"
"ALF01C01","Annual employment rate","2019","2019","410","25 - 29 years","1","Male","40","Tertiary education (Levels 5-8)","811D29A4-1E05-4F4A-B61B-43DE64E07B29","Northern and Western","%","86.9"
"ALF01C01","Annual employment rate","2019","2019","410","25 - 29 years","1","Male","40","Tertiary education (Levels 5-8)","97227605-23D5-4B98-BDB8-3EB5D0682A5A","Southern","%","85.4"
"ALF01C01","Annual employment rate","2019","2019","410","25 - 29 years","1","Male","40","Tertiary education (Levels 5-8)","C32761EB-7A21-4B95-8C7A-DB195C2955CE","Eastern and Midland","%","90.6"
"ALF01C01","Annual employment rate","2019","2019","410","25 - 29 years","1","Male","99","Level of education - not stated","IE0","Ireland","%","81.6"
"ALF01C01","Annual employment rate","2019","2019","410","25 - 29 years","1","Male","99","Level of education - not stated","811D29A4-1E05-4F4A-B61B-43DE64E07B29","Northern and Western","%",""
"ALF01C01","Annual employment rate","2019","2019","410","25 - 29 years","1","Male","99","Level of education - not stated","97227605-23D5-4B98-BDB8-3EB5D0682A5A","Southern","%","83.1"
"ALF01C01","Annual employment rate","2019","2019","410","25 - 29 years","1","Male","99","Level of education - not stated","C32761EB-7A21-4B95-8C7A-DB195C2955CE","Eastern and Midland","%","76.7"
"ALF01C01","Annual employment rate","2019","2019","410","25 - 29 years","2","Female","-","Levels of Education (Levels  0-8)","IE0","Ireland","%","75.4"
"ALF01C01","Annual employment rate","2019","2019","410","25 - 29 years","2","Female","-","Levels of Education (Levels  0-8)","811D29A4-1E05-4F4A-B61B-43DE64E07B29","Northern and Western","%","71.8"
"ALF01C01","Annual employment rate","2019","2019","410","25 - 29 years","2","Female","-","Levels of Education (Levels  0-8)","97227605-23D5-4B98-BDB8-3EB5D0682A5A","Southern","%","73.8"
"ALF01C01","Annual employment rate","2019","2019","410","25 - 29 years","2","Female","-","Levels of Education (Levels  0-8)","C32761EB-7A21-4B95-8C7A-DB195C2955CE","Eastern and Midland","%","77.3"
"ALF01C01","Annual employment rate","2019","2019","410","25 - 29 years","2","Female","10","Less than primary (Level 0)","IE0","Ireland","%",""
"ALF01C01","Annual employment rate","2019","2019","410","25 - 29 years","2","Female","10","Less than primary (Level 0)","811D29A4-1E05-4F4A-B61B-43DE64E07B29","Northern and Western","%",""
"ALF01C01","Annual employment rate","2019","2019","410","25 - 29 years","2","Female","10","Less than primary (Level 0)","97227605-23D5-4B98-BDB8-3EB5D0682A5A","Southern","%",""
"ALF01C01","Annual employment rate","2019","2019","410","25 - 29 years","2","Female","10","Less than primary (Level 0)","C32761EB-7A21-4B95-8C7A-DB195C2955CE","Eastern and Midland","%",""
"ALF01C01","Annual employment rate","2019","2019","410","25 - 29 years","2","Female","20","Primary and lower secondary education (Levels 1-2)","IE0","Ireland","%","29.4"
"ALF01C01","Annual employment rate","2019","2019","410","25 - 29 years","2","Female","20","Primary and lower secondary education (Levels 1-2)","811D29A4-1E05-4F4A-B61B-43DE64E07B29","Northern and Western","%",""
"ALF01C01","Annual employment rate","2019","2019","410","25 - 29 years","2","Female","20","Primary and lower secondary education (Levels 1-2)","97227605-23D5-4B98-BDB8-3EB5D0682A5A","Southern","%",""
"ALF01C01","Annual employment rate","2019","2019","410","25 - 29 years","2","Female","20","Primary and lower secondary education (Levels 1-2)","C32761EB-7A21-4B95-8C7A-DB195C2955CE","Eastern and Midland","%",""
"ALF01C01","Annual employment rate","2019","2019","410","25 - 29 years","2","Female","30","Upper secondary and post-secondary non-tertiary education (Levels 3 and 4)","IE0","Ireland","%","66.7"
"ALF01C01","Annual employment rate","2019","2019","410","25 - 29 years","2","Female","30","Upper secondary and post-secondary non-tertiary education (Levels 3 and 4)","811D29A4-1E05-4F4A-B61B-43DE64E07B29","Northern and Western","%","68.5"
"ALF01C01","Annual employment rate","2019","2019","410","25 - 29 years","2","Female","30","Upper secondary and post-secondary non-tertiary education (Levels 3 and 4)","97227605-23D5-4B98-BDB8-3EB5D0682A5A","Southern","%","66.3"
"ALF01C01","Annual employment rate","2019","2019","410","25 - 29 years","2","Female","30","Upper secondary and post-secondary non-tertiary education (Levels 3 and 4)","C32761EB-7A21-4B95-8C7A-DB195C2955CE","Eastern and Midland","%","66.3"
"ALF01C01","Annual employment rate","2019","2019","410","25 - 29 years","2","Female","40","Tertiary education (Levels 5-8)","IE0","Ireland","%","84.4"
"ALF01C01","Annual employment rate","2019","2019","410","25 - 29 years","2","Female","40","Tertiary education (Levels 5-8)","811D29A4-1E05-4F4A-B61B-43DE64E07B29","Northern and Western","%","77.9"
"ALF01C01","Annual employment rate","2019","2019","410","25 - 29 years","2","Female","40","Tertiary education (Levels 5-8)","97227605-23D5-4B98-BDB8-3EB5D0682A5A","Southern","%","83.5"
"ALF01C01","Annual employment rate","2019","2019","410","25 - 29 years","2","Female","40","Tertiary education (Levels 5-8)","C32761EB-7A21-4B95-8C7A-DB195C2955CE","Eastern and Midland","%","86.3"
"ALF01C01","Annual employment rate","2019","2019","410","25 - 29 years","2","Female","99","Level of education - not stated","IE0","Ireland","%","81.1"
"ALF01C01","Annual employment rate","2019","2019","410","25 - 29 years","2","Female","99","Level of education - not stated","811D29A4-1E05-4F4A-B61B-43DE64E07B29","Northern and Western","%",""
"ALF01C01","Annual employment rate","2019","2019","410","25 - 29 years","2","Female","99","Level of education - not stated","97227605-23D5-4B98-BDB8-3EB5D0682A5A","Southern","%",""
"ALF01C01","Annual employment rate","2019","2019","410","25 - 29 years","2","Female","99","Level of education - not stated","C32761EB-7A21-4B95-8C7A-DB195C2955CE","Eastern and Midland","%","85.9"
"ALF01C01","Annual employment rate","2019","2019","440","30 - 34 years","-","Both sexes","-","Levels of Education (Levels  0-8)","IE0","Ireland","%","80.9"
"ALF01C01","Annual employment rate","2019","2019","440","30 - 34 years","-","Both sexes","-","Levels of Education (Levels  0-8)","811D29A4-1E05-4F4A-B61B-43DE64E07B29","Northern and Western","%","81.3"
"ALF01C01","Annual employment rate","2019","2019","440","30 - 34 years","-","Both sexes","-","Levels of Education (Levels  0-8)","97227605-23D5-4B98-BDB8-3EB5D0682A5A","Southern","%","80.1"
"ALF01C01","Annual employment rate","2019","2019","440","30 - 34 years","-","Both sexes","-","Levels of Education (Levels  0-8)","C32761EB-7A21-4B95-8C7A-DB195C2955CE","Eastern and Midland","%","81.1"
"ALF01C01","Annual employment rate","2019","2019","440","30 - 34 years","-","Both sexes","10","Less than primary (Level 0)","IE0","Ireland","%",""
"ALF01C01","Annual employment rate","2019","2019","440","30 - 34 years","-","Both sexes","10","Less than primary (Level 0)","811D29A4-1E05-4F4A-B61B-43DE64E07B29","Northern and Western","%",""
"ALF01C01","Annual employment rate","2019","2019","440","30 - 34 years","-","Both sexes","10","Less than primary (Level 0)","97227605-23D5-4B98-BDB8-3EB5D0682A5A","Southern","%",""
"ALF01C01","Annual employment rate","2019","2019","440","30 - 34 years","-","Both sexes","10","Less than primary (Level 0)","C32761EB-7A21-4B95-8C7A-DB195C2955CE","Eastern and Midland","%",""
"ALF01C01","Annual employment rate","2019","2019","440","30 - 34 years","-","Both sexes","20","Primary and lower secondary education (Levels 1-2)","IE0","Ireland","%","51.6"
"ALF01C01","Annual employment rate","2019","2019","440","30 - 34 years","-","Both sexes","20","Primary and lower secondary education (Levels 1-2)","811D29A4-1E05-4F4A-B61B-43DE64E07B29","Northern and Western","%","51"
"ALF01C01","Annual employment rate","2019","2019","440","30 - 34 years","-","Both sexes","20","Primary and lower secondary education (Levels 1-2)","97227605-23D5-4B98-BDB8-3EB5D0682A5A","Southern","%","50.1"
"ALF01C01","Annual employment rate","2019","2019","440","30 - 34 years","-","Both sexes","20","Primary and lower secondary education (Levels 1-2)","C32761EB-7A21-4B95-8C7A-DB195C2955CE","Eastern and Midland","%","52.4"
"ALF01C01","Annual employment rate","2019","2019","440","30 - 34 years","-","Both sexes","30","Upper secondary and post-secondary non-tertiary education (Levels 3 and 4)","IE0","Ireland","%","77.3"
"ALF01C01","Annual employment rate","2019","2019","440","30 - 34 years","-","Both sexes","30","Upper secondary and post-secondary non-tertiary education (Levels 3 and 4)","811D29A4-1E05-4F4A-B61B-43DE64E07B29","Northern and Western","%","80.2"
"ALF01C01","Annual employment rate","2019","2019","440","30 - 34 years","-","Both sexes","30","Upper secondary and post-secondary non-tertiary education (Levels 3 and 4)","97227605-23D5-4B98-BDB8-3EB5D0682A5A","Southern","%","77.8"
"ALF01C01","Annual employment rate","2019","2019","440","30 - 34 years","-","Both sexes","30","Upper secondary and post-secondary non-tertiary education (Levels 3 and 4)","C32761EB-7A21-4B95-8C7A-DB195C2955CE","Eastern and Midland","%","76"
"ALF01C01","Annual employment rate","2019","2019","440","30 - 34 years","-","Both sexes","40","Tertiary education (Levels 5-8)","IE0","Ireland","%","88"
"ALF01C01","Annual employment rate","2019","2019","440","30 - 34 years","-","Both sexes","40","Tertiary education (Levels 5-8)","811D29A4-1E05-4F4A-B61B-43DE64E07B29","Northern and Western","%","87.6"
"ALF01C01","Annual employment rate","2019","2019","440","30 - 34 years","-","Both sexes","40","Tertiary education (Levels 5-8)","97227605-23D5-4B98-BDB8-3EB5D0682A5A","Southern","%","87.4"
"ALF01C01","Annual employment rate","2019","2019","440","30 - 34 years","-","Both sexes","40","Tertiary education (Levels 5-8)","C32761EB-7A21-4B95-8C7A-DB195C2955CE","Eastern and Midland","%","88.3"
"ALF01C01","Annual employment rate","2019","2019","440","30 - 34 years","-","Both sexes","99","Level of education - not stated","IE0","Ireland","%","76.5"
"ALF01C01","Annual employment rate","2019","2019","440","30 - 34 years","-","Both sexes","99","Level of education - not stated","811D29A4-1E05-4F4A-B61B-43DE64E07B29","Northern and Western","%",""
"ALF01C01","Annual employment rate","2019","2019","440","30 - 34 years","-","Both sexes","99","Level of education - not stated","97227605-23D5-4B98-BDB8-3EB5D0682A5A","Southern","%","72"
"ALF01C01","Annual employment rate","2019","2019","440","30 - 34 years","-","Both sexes","99","Level of education - not stated","C32761EB-7A21-4B95-8C7A-DB195C2955CE","Eastern and Midland","%","81.5"
"ALF01C01","Annual employment rate","2019","2019","440","30 - 34 years","1","Male","-","Levels of Education (Levels  0-8)","IE0","Ireland","%","88.2"
"ALF01C01","Annual employment rate","2019","2019","440","30 - 34 years","1","Male","-","Levels of Education (Levels  0-8)","811D29A4-1E05-4F4A-B61B-43DE64E07B29","Northern and Western","%","88.2"
"ALF01C01","Annual employment rate","2019","2019","440","30 - 34 years","1","Male","-","Levels of Education (Levels  0-8)","97227605-23D5-4B98-BDB8-3EB5D0682A5A","Southern","%","86.4"
"ALF01C01","Annual employment rate","2019","2019","440","30 - 34 years","1","Male","-","Levels of Education (Levels  0-8)","C32761EB-7A21-4B95-8C7A-DB195C2955CE","Eastern and Midland","%","89.2"
"ALF01C01","Annual employment rate","2019","2019","440","30 - 34 years","1","Male","10","Less than primary (Level 0)","IE0","Ireland","%",""
"ALF01C01","Annual employment rate","2019","2019","440","30 - 34 years","1","Male","10","Less than primary (Level 0)","811D29A4-1E05-4F4A-B61B-43DE64E07B29","Northern and Western","%",""
"ALF01C01","Annual employment rate","2019","2019","440","30 - 34 years","1","Male","10","Less than primary (Level 0)","97227605-23D5-4B98-BDB8-3EB5D0682A5A","Southern","%",""
"ALF01C01","Annual employment rate","2019","2019","440","30 - 34 years","1","Male","10","Less than primary (Level 0)","C32761EB-7A21-4B95-8C7A-DB195C2955CE","Eastern and Midland","%",""
"ALF01C01","Annual employment rate","2019","2019","440","30 - 34 years","1","Male","20","Primary and lower secondary education (Levels 1-2)","IE0","Ireland","%","64.6"
"ALF01C01","Annual employment rate","2019","2019","440","30 - 34 years","1","Male","20","Primary and lower secondary education (Levels 1-2)","811D29A4-1E05-4F4A-B61B-43DE64E07B29","Northern and Western","%",""
"ALF01C01","Annual employment rate","2019","2019","440","30 - 34 years","1","Male","20","Primary and lower secondary education (Levels 1-2)","97227605-23D5-4B98-BDB8-3EB5D0682A5A","Southern","%","63"
"ALF01C01","Annual employment rate","2019","2019","440","30 - 34 years","1","Male","20","Primary and lower secondary education (Levels 1-2)","C32761EB-7A21-4B95-8C7A-DB195C2955CE","Eastern and Midland","%","67.5"
"ALF01C01","Annual employment rate","2019","2019","440","30 - 34 years","1","Male","30","Upper secondary and post-secondary non-tertiary education (Levels 3 and 4)","IE0","Ireland","%","87.8"
"ALF01C01","Annual employment rate","2019","2019","440","30 - 34 years","1","Male","30","Upper secondary and post-secondary non-tertiary education (Levels 3 and 4)","811D29A4-1E05-4F4A-B61B-43DE64E07B29","Northern and Western","%","88.5"
"ALF01C01","Annual employment rate","2019","2019","440","30 - 34 years","1","Male","30","Upper secondary and post-secondary non-tertiary education (Levels 3 and 4)","97227605-23D5-4B98-BDB8-3EB5D0682A5A","Southern","%","88.3"
"ALF01C01","Annual employment rate","2019","2019","440","30 - 34 years","1","Male","30","Upper secondary and post-secondary non-tertiary education (Levels 3 and 4)","C32761EB-7A21-4B95-8C7A-DB195C2955CE","Eastern and Midland","%","87.2"
"ALF01C01","Annual employment rate","2019","2019","440","30 - 34 years","1","Male","40","Tertiary education (Levels 5-8)","IE0","Ireland","%","93.6"
"ALF01C01","Annual employment rate","2019","2019","440","30 - 34 years","1","Male","40","Tertiary education (Levels 5-8)","811D29A4-1E05-4F4A-B61B-43DE64E07B29","Northern and Western","%","94.4"
"ALF01C01","Annual employment rate","2019","2019","440","30 - 34 years","1","Male","40","Tertiary education (Levels 5-8)","97227605-23D5-4B98-BDB8-3EB5D0682A5A","Southern","%","91.7"
"ALF01C01","Annual employment rate","2019","2019","440","30 - 34 years","1","Male","40","Tertiary education (Levels 5-8)","C32761EB-7A21-4B95-8C7A-DB195C2955CE","Eastern and Midland","%","94.3"
"ALF01C01","Annual employment rate","2019","2019","440","30 - 34 years","1","Male","99","Level of education - not stated","IE0","Ireland","%","85.3"
"ALF01C01","Annual employment rate","2019","2019","440","30 - 34 years","1","Male","99","Level of education - not stated","811D29A4-1E05-4F4A-B61B-43DE64E07B29","Northern and Western","%",""
"ALF01C01","Annual employment rate","2019","2019","440","30 - 34 years","1","Male","99","Level of education - not stated","97227605-23D5-4B98-BDB8-3EB5D0682A5A","Southern","%","77.3"
"ALF01C01","Annual employment rate","2019","2019","440","30 - 34 years","1","Male","99","Level of education - not stated","C32761EB-7A21-4B95-8C7A-DB195C2955CE","Eastern and Midland","%","90.3"
"ALF01C01","Annual employment rate","2019","2019","440","30 - 34 years","2","Female","-","Levels of Education (Levels  0-8)","IE0","Ireland","%","74"
"ALF01C01","Annual employment rate","2019","2019","440","30 - 34 years","2","Female","-","Levels of Education (Levels  0-8)","811D29A4-1E05-4F4A-B61B-43DE64E07B29","Northern and Western","%","75.2"
"ALF01C01","Annual employment rate","2019","2019","440","30 - 34 years","2","Female","-","Levels of Education (Levels  0-8)","97227605-23D5-4B98-BDB8-3EB5D0682A5A","Southern","%","74.1"
"ALF01C01","Annual employment rate","2019","2019","440","30 - 34 years","2","Female","-","Levels of Education (Levels  0-8)","C32761EB-7A21-4B95-8C7A-DB195C2955CE","Eastern and Midland","%","73.6"
"ALF01C01","Annual employment rate","2019","2019","440","30 - 34 years","2","Female","10","Less than primary (Level 0)","IE0","Ireland","%",""
"ALF01C01","Annual employment rate","2019","2019","440","30 - 34 years","2","Female","10","Less than primary (Level 0)","811D29A4-1E05-4F4A-B61B-43DE64E07B29","Northern and Western","%",""
"ALF01C01","Annual employment rate","2019","2019","440","30 - 34 years","2","Female","10","Less than primary (Level 0)","97227605-23D5-4B98-BDB8-3EB5D0682A5A","Southern","%",""
"ALF01C01","Annual employment rate","2019","2019","440","30 - 34 years","2","Female","10","Less than primary (Level 0)","C32761EB-7A21-4B95-8C7A-DB195C2955CE","Eastern and Midland","%",""
"ALF01C01","Annual employment rate","2019","2019","440","30 - 34 years","2","Female","20","Primary and lower secondary education (Levels 1-2)","IE0","Ireland","%","34.2"
"ALF01C01","Annual employment rate","2019","2019","440","30 - 34 years","2","Female","20","Primary and lower secondary education (Levels 1-2)","811D29A4-1E05-4F4A-B61B-43DE64E07B29","Northern and Western","%",""
"ALF01C01","Annual employment rate","2019","2019","440","30 - 34 years","2","Female","20","Primary and lower secondary education (Levels 1-2)","97227605-23D5-4B98-BDB8-3EB5D0682A5A","Southern","%",""
"ALF01C01","Annual employment rate","2019","2019","440","30 - 34 years","2","Female","20","Primary and lower secondary education (Levels 1-2)","C32761EB-7A21-4B95-8C7A-DB195C2955CE","Eastern and Midland","%","35.4"
"ALF01C01","Annual employment rate","2019","2019","440","30 - 34 years","2","Female","30","Upper secondary and post-secondary non-tertiary education (Levels 3 and 4)","IE0","Ireland","%","65.8"
"ALF01C01","Annual employment rate","2019","2019","440","30 - 34 years","2","Female","30","Upper secondary and post-secondary non-tertiary education (Levels 3 and 4)","811D29A4-1E05-4F4A-B61B-43DE64E07B29","Northern and Western","%","70.2"
"ALF01C01","Annual employment rate","2019","2019","440","30 - 34 years","2","Female","30","Upper secondary and post-secondary non-tertiary education (Levels 3 and 4)","97227605-23D5-4B98-BDB8-3EB5D0682A5A","Southern","%","65.1"
"ALF01C01","Annual employment rate","2019","2019","440","30 - 34 years","2","Female","30","Upper secondary and post-secondary non-tertiary education (Levels 3 and 4)","C32761EB-7A21-4B95-8C7A-DB195C2955CE","Eastern and Midland","%","64.8"
"ALF01C01","Annual employment rate","2019","2019","440","30 - 34 years","2","Female","40","Tertiary education (Levels 5-8)","IE0","Ireland","%","83.5"
"ALF01C01","Annual employment rate","2019","2019","440","30 - 34 years","2","Female","40","Tertiary education (Levels 5-8)","811D29A4-1E05-4F4A-B61B-43DE64E07B29","Northern and Western","%","83"
"ALF01C01","Annual employment rate","2019","2019","440","30 - 34 years","2","Female","40","Tertiary education (Levels 5-8)","97227605-23D5-4B98-BDB8-3EB5D0682A5A","Southern","%","84.3"
"ALF01C01","Annual employment rate","2019","2019","440","30 - 34 years","2","Female","40","Tertiary education (Levels 5-8)","C32761EB-7A21-4B95-8C7A-DB195C2955CE","Eastern and Midland","%","83.3"
"ALF01C01","Annual employment rate","2019","2019","440","30 - 34 years","2","Female","99","Level of education - not stated","IE0","Ireland","%","65.9"
"ALF01C01","Annual employment rate","2019","2019","440","30 - 34 years","2","Female","99","Level of education - not stated","811D29A4-1E05-4F4A-B61B-43DE64E07B29","Northern and Western","%",""
"ALF01C01","Annual employment rate","2019","2019","440","30 - 34 years","2","Female","99","Level of education - not stated","97227605-23D5-4B98-BDB8-3EB5D0682A5A","Southern","%","66.8"
"ALF01C01","Annual employment rate","2019","2019","440","30 - 34 years","2","Female","99","Level of education - not stated","C32761EB-7A21-4B95-8C7A-DB195C2955CE","Eastern and Midland","%","68.4"
"ALF01C01","Annual employment rate","2019","2019","460","35 - 39 years","-","Both sexes","-","Levels of Education (Levels  0-8)","IE0","Ireland","%","81.4"
"ALF01C01","Annual employment rate","2019","2019","460","35 - 39 years","-","Both sexes","-","Levels of Education (Levels  0-8)","811D29A4-1E05-4F4A-B61B-43DE64E07B29","Northern and Western","%","78.2"
"ALF01C01","Annual employment rate","2019","2019","460","35 - 39 years","-","Both sexes","-","Levels of Education (Levels  0-8)","97227605-23D5-4B98-BDB8-3EB5D0682A5A","Southern","%","80.2"
"ALF01C01","Annual employment rate","2019","2019","460","35 - 39 years","-","Both sexes","-","Levels of Education (Levels  0-8)","C32761EB-7A21-4B95-8C7A-DB195C2955CE","Eastern and Midland","%","83.2"
"ALF01C01","Annual employment rate","2019","2019","460","35 - 39 years","-","Both sexes","10","Less than primary (Level 0)","IE0","Ireland","%",""
"ALF01C01","Annual employment rate","2019","2019","460","35 - 39 years","-","Both sexes","10","Less than primary (Level 0)","811D29A4-1E05-4F4A-B61B-43DE64E07B29","Northern and Western","%",""
"ALF01C01","Annual employment rate","2019","2019","460","35 - 39 years","-","Both sexes","10","Less than primary (Level 0)","97227605-23D5-4B98-BDB8-3EB5D0682A5A","Southern","%",""
"ALF01C01","Annual employment rate","2019","2019","460","35 - 39 years","-","Both sexes","10","Less than primary (Level 0)","C32761EB-7A21-4B95-8C7A-DB195C2955CE","Eastern and Midland","%",""
"ALF01C01","Annual employment rate","2019","2019","460","35 - 39 years","-","Both sexes","20","Primary and lower secondary education (Levels 1-2)","IE0","Ireland","%","54.7"
"ALF01C01","Annual employment rate","2019","2019","460","35 - 39 years","-","Both sexes","20","Primary and lower secondary education (Levels 1-2)","811D29A4-1E05-4F4A-B61B-43DE64E07B29","Northern and Western","%","56"
"ALF01C01","Annual employment rate","2019","2019","460","35 - 39 years","-","Both sexes","20","Primary and lower secondary education (Levels 1-2)","97227605-23D5-4B98-BDB8-3EB5D0682A5A","Southern","%","50.3"
"ALF01C01","Annual employment rate","2019","2019","460","35 - 39 years","-","Both sexes","20","Primary and lower secondary education (Levels 1-2)","C32761EB-7A21-4B95-8C7A-DB195C2955CE","Eastern and Midland","%","57.3"
"ALF01C01","Annual employment rate","2019","2019","460","35 - 39 years","-","Both sexes","30","Upper secondary and post-secondary non-tertiary education (Levels 3 and 4)","IE0","Ireland","%","78.7"
"ALF01C01","Annual employment rate","2019","2019","460","35 - 39 years","-","Both sexes","30","Upper secondary and post-secondary non-tertiary education (Levels 3 and 4)","811D29A4-1E05-4F4A-B61B-43DE64E07B29","Northern and Western","%","76.5"
"ALF01C01","Annual employment rate","2019","2019","460","35 - 39 years","-","Both sexes","30","Upper secondary and post-secondary non-tertiary education (Levels 3 and 4)","97227605-23D5-4B98-BDB8-3EB5D0682A5A","Southern","%","78.4"
"ALF01C01","Annual employment rate","2019","2019","460","35 - 39 years","-","Both sexes","30","Upper secondary and post-secondary non-tertiary education (Levels 3 and 4)","C32761EB-7A21-4B95-8C7A-DB195C2955CE","Eastern and Midland","%","79.8"
"ALF01C01","Annual employment rate","2019","2019","460","35 - 39 years","-","Both sexes","40","Tertiary education (Levels 5-8)","IE0","Ireland","%","88.4"
"ALF01C01","Annual employment rate","2019","2019","460","35 - 39 years","-","Both sexes","40","Tertiary education (Levels 5-8)","811D29A4-1E05-4F4A-B61B-43DE64E07B29","Northern and Western","%","84.2"
"ALF01C01","Annual employment rate","2019","2019","460","35 - 39 years","-","Both sexes","40","Tertiary education (Levels 5-8)","97227605-23D5-4B98-BDB8-3EB5D0682A5A","Southern","%","89"
"ALF01C01","Annual employment rate","2019","2019","460","35 - 39 years","-","Both sexes","40","Tertiary education (Levels 5-8)","C32761EB-7A21-4B95-8C7A-DB195C2955CE","Eastern and Midland","%","89.1"
"ALF01C01","Annual employment rate","2019","2019","460","35 - 39 years","-","Both sexes","99","Level of education - not stated","IE0","Ireland","%","77.1"
"ALF01C01","Annual employment rate","2019","2019","460","35 - 39 years","-","Both sexes","99","Level of education - not stated","811D29A4-1E05-4F4A-B61B-43DE64E07B29","Northern and Western","%","74.8"
"ALF01C01","Annual employment rate","2019","2019","460","35 - 39 years","-","Both sexes","99","Level of education - not stated","97227605-23D5-4B98-BDB8-3EB5D0682A5A","Southern","%","72.9"
"ALF01C01","Annual employment rate","2019","2019","460","35 - 39 years","-","Both sexes","99","Level of education - not stated","C32761EB-7A21-4B95-8C7A-DB195C2955CE","Eastern and Midland","%","82.3"
"ALF01C01","Annual employment rate","2019","2019","460","35 - 39 years","1","Male","-","Levels of Education (Levels  0-8)","IE0","Ireland","%","89.1"
"ALF01C01","Annual employment rate","2019","2019","460","35 - 39 years","1","Male","-","Levels of Education (Levels  0-8)","811D29A4-1E05-4F4A-B61B-43DE64E07B29","Northern and Western","%","86.4"
"ALF01C01","Annual employment rate","2019","2019","460","35 - 39 years","1","Male","-","Levels of Education (Levels  0-8)","97227605-23D5-4B98-BDB8-3EB5D0682A5A","Southern","%","87.9"
"ALF01C01","Annual employment rate","2019","2019","460","35 - 39 years","1","Male","-","Levels of Education (Levels  0-8)","C32761EB-7A21-4B95-8C7A-DB195C2955CE","Eastern and Midland","%","90.7"
"ALF01C01","Annual employment rate","2019","2019","460","35 - 39 years","1","Male","10","Less than primary (Level 0)","IE0","Ireland","%",""
"ALF01C01","Annual employment rate","2019","2019","460","35 - 39 years","1","Male","10","Less than primary (Level 0)","811D29A4-1E05-4F4A-B61B-43DE64E07B29","Northern and Western","%",""
"ALF01C01","Annual employment rate","2019","2019","460","35 - 39 years","1","Male","10","Less than primary (Level 0)","97227605-23D5-4B98-BDB8-3EB5D0682A5A","Southern","%",""
"ALF01C01","Annual employment rate","2019","2019","460","35 - 39 years","1","Male","10","Less than primary (Level 0)","C32761EB-7A21-4B95-8C7A-DB195C2955CE","Eastern and Midland","%",""
"ALF01C01","Annual employment rate","2019","2019","460","35 - 39 years","1","Male","20","Primary and lower secondary education (Levels 1-2)","IE0","Ireland","%","67.6"
"ALF01C01","Annual employment rate","2019","2019","460","35 - 39 years","1","Male","20","Primary and lower secondary education (Levels 1-2)","811D29A4-1E05-4F4A-B61B-43DE64E07B29","Northern and Western","%","68.5"
"ALF01C01","Annual employment rate","2019","2019","460","35 - 39 years","1","Male","20","Primary and lower secondary education (Levels 1-2)","97227605-23D5-4B98-BDB8-3EB5D0682A5A","Southern","%","67"
"ALF01C01","Annual employment rate","2019","2019","460","35 - 39 years","1","Male","20","Primary and lower secondary education (Levels 1-2)","C32761EB-7A21-4B95-8C7A-DB195C2955CE","Eastern and Midland","%","67.8"
"ALF01C01","Annual employment rate","2019","2019","460","35 - 39 years","1","Male","30","Upper secondary and post-secondary non-tertiary education (Levels 3 and 4)","IE0","Ireland","%","90"
"ALF01C01","Annual employment rate","2019","2019","460","35 - 39 years","1","Male","30","Upper secondary and post-secondary non-tertiary education (Levels 3 and 4)","811D29A4-1E05-4F4A-B61B-43DE64E07B29","Northern and Western","%","87.1"
"ALF01C01","Annual employment rate","2019","2019","460","35 - 39 years","1","Male","30","Upper secondary and post-secondary non-tertiary education (Levels 3 and 4)","97227605-23D5-4B98-BDB8-3EB5D0682A5A","Southern","%","89.1"
"ALF01C01","Annual employment rate","2019","2019","460","35 - 39 years","1","Male","30","Upper secondary and post-secondary non-tertiary education (Levels 3 and 4)","C32761EB-7A21-4B95-8C7A-DB195C2955CE","Eastern and Midland","%","91.8"
"ALF01C01","Annual employment rate","2019","2019","460","35 - 39 years","1","Male","40","Tertiary education (Levels 5-8)","IE0","Ireland","%","93.9"
"ALF01C01","Annual employment rate","2019","2019","460","35 - 39 years","1","Male","40","Tertiary education (Levels 5-8)","811D29A4-1E05-4F4A-B61B-43DE64E07B29","Northern and Western","%","91.9"
"ALF01C01","Annual employment rate","2019","2019","460","35 - 39 years","1","Male","40","Tertiary education (Levels 5-8)","97227605-23D5-4B98-BDB8-3EB5D0682A5A","Southern","%","94.3"
"ALF01C01","Annual employment rate","2019","2019","460","35 - 39 years","1","Male","40","Tertiary education (Levels 5-8)","C32761EB-7A21-4B95-8C7A-DB195C2955CE","Eastern and Midland","%","94.1"
"ALF01C01","Annual employment rate","2019","2019","460","35 - 39 years","1","Male","99","Level of education - not stated","IE0","Ireland","%","84.8"
"ALF01C01","Annual employment rate","2019","2019","460","35 - 39 years","1","Male","99","Level of education - not stated","811D29A4-1E05-4F4A-B61B-43DE64E07B29","Northern and Western","%",""
"ALF01C01","Annual employment rate","2019","2019","460","35 - 39 years","1","Male","99","Level of education - not stated","97227605-23D5-4B98-BDB8-3EB5D0682A5A","Southern","%","83.6"
"ALF01C01","Annual employment rate","2019","2019","460","35 - 39 years","1","Male","99","Level of education - not stated","C32761EB-7A21-4B95-8C7A-DB195C2955CE","Eastern and Midland","%","89.6"
"ALF01C01","Annual employment rate","2019","2019","460","35 - 39 years","2","Female","-","Levels of Education (Levels  0-8)","IE0","Ireland","%","74.2"
"ALF01C01","Annual employment rate","2019","2019","460","35 - 39 years","2","Female","-","Levels of Education (Levels  0-8)","811D29A4-1E05-4F4A-B61B-43DE64E07B29","Northern and Western","%","70.9"
"ALF01C01","Annual employment rate","2019","2019","460","35 - 39 years","2","Female","-","Levels of Education (Levels  0-8)","97227605-23D5-4B98-BDB8-3EB5D0682A5A","Southern","%","72.8"
"ALF01C01","Annual employment rate","2019","2019","460","35 - 39 years","2","Female","-","Levels of Education (Levels  0-8)","C32761EB-7A21-4B95-8C7A-DB195C2955CE","Eastern and Midland","%","76.1"
"ALF01C01","Annual employment rate","2019","2019","460","35 - 39 years","2","Female","10","Less than primary (Level 0)","IE0","Ireland","%",""
"ALF01C01","Annual employment rate","2019","2019","460","35 - 39 years","2","Female","10","Less than primary (Level 0)","811D29A4-1E05-4F4A-B61B-43DE64E07B29","Northern and Western","%",""
"ALF01C01","Annual employment rate","2019","2019","460","35 - 39 years","2","Female","10","Less than primary (Level 0)","97227605-23D5-4B98-BDB8-3EB5D0682A5A","Southern","%",""
"ALF01C01","Annual employment rate","2019","2019","460","35 - 39 years","2","Female","10","Less than primary (Level 0)","C32761EB-7A21-4B95-8C7A-DB195C2955CE","Eastern and Midland","%",""
"ALF01C01","Annual employment rate","2019","2019","460","35 - 39 years","2","Female","20","Primary and lower secondary education (Levels 1-2)","IE0","Ireland","%","38.4"
"ALF01C01","Annual employment rate","2019","2019","460","35 - 39 years","2","Female","20","Primary and lower secondary education (Levels 1-2)","811D29A4-1E05-4F4A-B61B-43DE64E07B29","Northern and Western","%",""
"ALF01C01","Annual employment rate","2019","2019","460","35 - 39 years","2","Female","20","Primary and lower secondary education (Levels 1-2)","97227605-23D5-4B98-BDB8-3EB5D0682A5A","Southern","%","27.5"
"ALF01C01","Annual employment rate","2019","2019","460","35 - 39 years","2","Female","20","Primary and lower secondary education (Levels 1-2)","C32761EB-7A21-4B95-8C7A-DB195C2955CE","Eastern and Midland","%","45.9"
"ALF01C01","Annual employment rate","2019","2019","460","35 - 39 years","2","Female","30","Upper secondary and post-secondary non-tertiary education (Levels 3 and 4)","IE0","Ireland","%","65.4"
"ALF01C01","Annual employment rate","2019","2019","460","35 - 39 years","2","Female","30","Upper secondary and post-secondary non-tertiary education (Levels 3 and 4)","811D29A4-1E05-4F4A-B61B-43DE64E07B29","Northern and Western","%","64.7"
"ALF01C01","Annual employment rate","2019","2019","460","35 - 39 years","2","Female","30","Upper secondary and post-secondary non-tertiary education (Levels 3 and 4)","97227605-23D5-4B98-BDB8-3EB5D0682A5A","Southern","%","65.2"
"ALF01C01","Annual employment rate","2019","2019","460","35 - 39 years","2","Female","30","Upper secondary and post-secondary non-tertiary education (Levels 3 and 4)","C32761EB-7A21-4B95-8C7A-DB195C2955CE","Eastern and Midland","%","65.8"
"ALF01C01","Annual employment rate","2019","2019","460","35 - 39 years","2","Female","40","Tertiary education (Levels 5-8)","IE0","Ireland","%","84.2"
"ALF01C01","Annual employment rate","2019","2019","460","35 - 39 years","2","Female","40","Tertiary education (Levels 5-8)","811D29A4-1E05-4F4A-B61B-43DE64E07B29","Northern and Western","%","79.3"
"ALF01C01","Annual employment rate","2019","2019","460","35 - 39 years","2","Female","40","Tertiary education (Levels 5-8)","97227605-23D5-4B98-BDB8-3EB5D0682A5A","Southern","%","85.3"
"ALF01C01","Annual employment rate","2019","2019","460","35 - 39 years","2","Female","40","Tertiary education (Levels 5-8)","C32761EB-7A21-4B95-8C7A-DB195C2955CE","Eastern and Midland","%","85"
"ALF01C01","Annual employment rate","2019","2019","460","35 - 39 years","2","Female","99","Level of education - not stated","IE0","Ireland","%","68.1"
"ALF01C01","Annual employment rate","2019","2019","460","35 - 39 years","2","Female","99","Level of education - not stated","811D29A4-1E05-4F4A-B61B-43DE64E07B29","Northern and Western","%",""
"ALF01C01","Annual employment rate","2019","2019","460","35 - 39 years","2","Female","99","Level of education - not stated","97227605-23D5-4B98-BDB8-3EB5D0682A5A","Southern","%","60.5"
"ALF01C01","Annual employment rate","2019","2019","460","35 - 39 years","2","Female","99","Level of education - not stated","C32761EB-7A21-4B95-8C7A-DB195C2955CE","Eastern and Midland","%","75.3"
"ALF01C01","Annual employment rate","2019","2019","475","40 - 44 years","-","Both sexes","-","Levels of Education (Levels  0-8)","IE0","Ireland","%","80.8"
"ALF01C01","Annual employment rate","2019","2019","475","40 - 44 years","-","Both sexes","-","Levels of Education (Levels  0-8)","811D29A4-1E05-4F4A-B61B-43DE64E07B29","Northern and Western","%","79.6"
"ALF01C01","Annual employment rate","2019","2019","475","40 - 44 years","-","Both sexes","-","Levels of Education (Levels  0-8)","97227605-23D5-4B98-BDB8-3EB5D0682A5A","Southern","%","80"
"ALF01C01","Annual employment rate","2019","2019","475","40 - 44 years","-","Both sexes","-","Levels of Education (Levels  0-8)","C32761EB-7A21-4B95-8C7A-DB195C2955CE","Eastern and Midland","%","81.8"
"ALF01C01","Annual employment rate","2019","2019","475","40 - 44 years","-","Both sexes","10","Less than primary (Level 0)","IE0","Ireland","%",""
"ALF01C01","Annual employment rate","2019","2019","475","40 - 44 years","-","Both sexes","10","Less than primary (Level 0)","811D29A4-1E05-4F4A-B61B-43DE64E07B29","Northern and Western","%",""
"ALF01C01","Annual employment rate","2019","2019","475","40 - 44 years","-","Both sexes","10","Less than primary (Level 0)","97227605-23D5-4B98-BDB8-3EB5D0682A5A","Southern","%",""
"ALF01C01","Annual employment rate","2019","2019","475","40 - 44 years","-","Both sexes","10","Less than primary (Level 0)","C32761EB-7A21-4B95-8C7A-DB195C2955CE","Eastern and Midland","%",""
"ALF01C01","Annual employment rate","2019","2019","475","40 - 44 years","-","Both sexes","20","Primary and lower secondary education (Levels 1-2)","IE0","Ireland","%","55.3"
"ALF01C01","Annual employment rate","2019","2019","475","40 - 44 years","-","Both sexes","20","Primary and lower secondary education (Levels 1-2)","811D29A4-1E05-4F4A-B61B-43DE64E07B29","Northern and Western","%","54.4"
"ALF01C01","Annual employment rate","2019","2019","475","40 - 44 years","-","Both sexes","20","Primary and lower secondary education (Levels 1-2)","97227605-23D5-4B98-BDB8-3EB5D0682A5A","Southern","%","52"
"ALF01C01","Annual employment rate","2019","2019","475","40 - 44 years","-","Both sexes","20","Primary and lower secondary education (Levels 1-2)","C32761EB-7A21-4B95-8C7A-DB195C2955CE","Eastern and Midland","%","58.1"
"ALF01C01","Annual employment rate","2019","2019","475","40 - 44 years","-","Both sexes","30","Upper secondary and post-secondary non-tertiary education (Levels 3 and 4)","IE0","Ireland","%","77.9"
"ALF01C01","Annual employment rate","2019","2019","475","40 - 44 years","-","Both sexes","30","Upper secondary and post-secondary non-tertiary education (Levels 3 and 4)","811D29A4-1E05-4F4A-B61B-43DE64E07B29","Northern and Western","%","77.6"
"ALF01C01","Annual employment rate","2019","2019","475","40 - 44 years","-","Both sexes","30","Upper secondary and post-secondary non-tertiary education (Levels 3 and 4)","97227605-23D5-4B98-BDB8-3EB5D0682A5A","Southern","%","78.4"
"ALF01C01","Annual employment rate","2019","2019","475","40 - 44 years","-","Both sexes","30","Upper secondary and post-secondary non-tertiary education (Levels 3 and 4)","C32761EB-7A21-4B95-8C7A-DB195C2955CE","Eastern and Midland","%","77.6"
"ALF01C01","Annual employment rate","2019","2019","475","40 - 44 years","-","Both sexes","40","Tertiary education (Levels 5-8)","IE0","Ireland","%","88.1"
"ALF01C01","Annual employment rate","2019","2019","475","40 - 44 years","-","Both sexes","40","Tertiary education (Levels 5-8)","811D29A4-1E05-4F4A-B61B-43DE64E07B29","Northern and Western","%","88.6"
"ALF01C01","Annual employment rate","2019","2019","475","40 - 44 years","-","Both sexes","40","Tertiary education (Levels 5-8)","97227605-23D5-4B98-BDB8-3EB5D0682A5A","Southern","%","87.7"
"ALF01C01","Annual employment rate","2019","2019","475","40 - 44 years","-","Both sexes","40","Tertiary education (Levels 5-8)","C32761EB-7A21-4B95-8C7A-DB195C2955CE","Eastern and Midland","%","88.3"
"ALF01C01","Annual employment rate","2019","2019","475","40 - 44 years","-","Both sexes","99","Level of education - not stated","IE0","Ireland","%","77.9"
"ALF01C01","Annual employment rate","2019","2019","475","40 - 44 years","-","Both sexes","99","Level of education - not stated","811D29A4-1E05-4F4A-B61B-43DE64E07B29","Northern and Western","%","82.2"
"ALF01C01","Annual employment rate","2019","2019","475","40 - 44 years","-","Both sexes","99","Level of education - not stated","97227605-23D5-4B98-BDB8-3EB5D0682A5A","Southern","%","71.7"
"ALF01C01","Annual employment rate","2019","2019","475","40 - 44 years","-","Both sexes","99","Level of education - not stated","C32761EB-7A21-4B95-8C7A-DB195C2955CE","Eastern and Midland","%","79.8"
"ALF01C01","Annual employment rate","2019","2019","475","40 - 44 years","1","Male","-","Levels of Education (Levels  0-8)","IE0","Ireland","%","87.6"
"ALF01C01","Annual employment rate","2019","2019","475","40 - 44 years","1","Male","-","Levels of Education (Levels  0-8)","811D29A4-1E05-4F4A-B61B-43DE64E07B29","Northern and Western","%","86.4"
"ALF01C01","Annual employment rate","2019","2019","475","40 - 44 years","1","Male","-","Levels of Education (Levels  0-8)","97227605-23D5-4B98-BDB8-3EB5D0682A5A","Southern","%","87.5"
"ALF01C01","Annual employment rate","2019","2019","475","40 - 44 years","1","Male","-","Levels of Education (Levels  0-8)","C32761EB-7A21-4B95-8C7A-DB195C2955CE","Eastern and Midland","%","88.1"
"ALF01C01","Annual employment rate","2019","2019","475","40 - 44 years","1","Male","10","Less than primary (Level 0)","IE0","Ireland","%",""
"ALF01C01","Annual employment rate","2019","2019","475","40 - 44 years","1","Male","10","Less than primary (Level 0)","811D29A4-1E05-4F4A-B61B-43DE64E07B29","Northern and Western","%",""
"ALF01C01","Annual employment rate","2019","2019","475","40 - 44 years","1","Male","10","Less than primary (Level 0)","97227605-23D5-4B98-BDB8-3EB5D0682A5A","Southern","%",""
"ALF01C01","Annual employment rate","2019","2019","475","40 - 44 years","1","Male","10","Less than primary (Level 0)","C32761EB-7A21-4B95-8C7A-DB195C2955CE","Eastern and Midland","%",""
"ALF01C01","Annual employment rate","2019","2019","475","40 - 44 years","1","Male","20","Primary and lower secondary education (Levels 1-2)","IE0","Ireland","%","66.9"
"ALF01C01","Annual employment rate","2019","2019","475","40 - 44 years","1","Male","20","Primary and lower secondary education (Levels 1-2)","811D29A4-1E05-4F4A-B61B-43DE64E07B29","Northern and Western","%","66.6"
"ALF01C01","Annual employment rate","2019","2019","475","40 - 44 years","1","Male","20","Primary and lower secondary education (Levels 1-2)","97227605-23D5-4B98-BDB8-3EB5D0682A5A","Southern","%","65.1"
"ALF01C01","Annual employment rate","2019","2019","475","40 - 44 years","1","Male","20","Primary and lower secondary education (Levels 1-2)","C32761EB-7A21-4B95-8C7A-DB195C2955CE","Eastern and Midland","%","68.7"
"ALF01C01","Annual employment rate","2019","2019","475","40 - 44 years","1","Male","30","Upper secondary and post-secondary non-tertiary education (Levels 3 and 4)","IE0","Ireland","%","86.9"
"ALF01C01","Annual employment rate","2019","2019","475","40 - 44 years","1","Male","30","Upper secondary and post-secondary non-tertiary education (Levels 3 and 4)","811D29A4-1E05-4F4A-B61B-43DE64E07B29","Northern and Western","%","85.7"
"ALF01C01","Annual employment rate","2019","2019","475","40 - 44 years","1","Male","30","Upper secondary and post-secondary non-tertiary education (Levels 3 and 4)","97227605-23D5-4B98-BDB8-3EB5D0682A5A","Southern","%","89.2"
"ALF01C01","Annual employment rate","2019","2019","475","40 - 44 years","1","Male","30","Upper secondary and post-secondary non-tertiary education (Levels 3 and 4)","C32761EB-7A21-4B95-8C7A-DB195C2955CE","Eastern and Midland","%","85.5"
"ALF01C01","Annual employment rate","2019","2019","475","40 - 44 years","1","Male","40","Tertiary education (Levels 5-8)","IE0","Ireland","%","93.9"
"ALF01C01","Annual employment rate","2019","2019","475","40 - 44 years","1","Male","40","Tertiary education (Levels 5-8)","811D29A4-1E05-4F4A-B61B-43DE64E07B29","Northern and Western","%","95.4"
"ALF01C01","Annual employment rate","2019","2019","475","40 - 44 years","1","Male","40","Tertiary education (Levels 5-8)","97227605-23D5-4B98-BDB8-3EB5D0682A5A","Southern","%","93.4"
"ALF01C01","Annual employment rate","2019","2019","475","40 - 44 years","1","Male","40","Tertiary education (Levels 5-8)","C32761EB-7A21-4B95-8C7A-DB195C2955CE","Eastern and Midland","%","93.7"
"ALF01C01","Annual employment rate","2019","2019","475","40 - 44 years","1","Male","99","Level of education - not stated","IE0","Ireland","%","83.5"
"ALF01C01","Annual employment rate","2019","2019","475","40 - 44 years","1","Male","99","Level of education - not stated","811D29A4-1E05-4F4A-B61B-43DE64E07B29","Northern and Western","%","94.3"
"ALF01C01","Annual employment rate","2019","2019","475","40 - 44 years","1","Male","99","Level of education - not stated","97227605-23D5-4B98-BDB8-3EB5D0682A5A","Southern","%","78.4"
"ALF01C01","Annual employment rate","2019","2019","475","40 - 44 years","1","Male","99","Level of education - not stated","C32761EB-7A21-4B95-8C7A-DB195C2955CE","Eastern and Midland","%","82"
"ALF01C01","Annual employment rate","2019","2019","475","40 - 44 years","2","Female","-","Levels of Education (Levels  0-8)","IE0","Ireland","%","74.3"
"ALF01C01","Annual employment rate","2019","2019","475","40 - 44 years","2","Female","-","Levels of Education (Levels  0-8)","811D29A4-1E05-4F4A-B61B-43DE64E07B29","Northern and Western","%","73.2"
"ALF01C01","Annual employment rate","2019","2019","475","40 - 44 years","2","Female","-","Levels of Education (Levels  0-8)","97227605-23D5-4B98-BDB8-3EB5D0682A5A","Southern","%","72.7"
"ALF01C01","Annual employment rate","2019","2019","475","40 - 44 years","2","Female","-","Levels of Education (Levels  0-8)","C32761EB-7A21-4B95-8C7A-DB195C2955CE","Eastern and Midland","%","75.7"
"ALF01C01","Annual employment rate","2019","2019","475","40 - 44 years","2","Female","10","Less than primary (Level 0)","IE0","Ireland","%",""
"ALF01C01","Annual employment rate","2019","2019","475","40 - 44 years","2","Female","10","Less than primary (Level 0)","811D29A4-1E05-4F4A-B61B-43DE64E07B29","Northern and Western","%",""
"ALF01C01","Annual employment rate","2019","2019","475","40 - 44 years","2","Female","10","Less than primary (Level 0)","97227605-23D5-4B98-BDB8-3EB5D0682A5A","Southern","%",""
"ALF01C01","Annual employment rate","2019","2019","475","40 - 44 years","2","Female","10","Less than primary (Level 0)","C32761EB-7A21-4B95-8C7A-DB195C2955CE","Eastern and Midland","%",""
"ALF01C01","Annual employment rate","2019","2019","475","40 - 44 years","2","Female","20","Primary and lower secondary education (Levels 1-2)","IE0","Ireland","%","40"
"ALF01C01","Annual employment rate","2019","2019","475","40 - 44 years","2","Female","20","Primary and lower secondary education (Levels 1-2)","811D29A4-1E05-4F4A-B61B-43DE64E07B29","Northern and Western","%",""
"ALF01C01","Annual employment rate","2019","2019","475","40 - 44 years","2","Female","20","Primary and lower secondary education (Levels 1-2)","97227605-23D5-4B98-BDB8-3EB5D0682A5A","Southern","%","31.5"
"ALF01C01","Annual employment rate","2019","2019","475","40 - 44 years","2","Female","20","Primary and lower secondary education (Levels 1-2)","C32761EB-7A21-4B95-8C7A-DB195C2955CE","Eastern and Midland","%","47.4"
"ALF01C01","Annual employment rate","2019","2019","475","40 - 44 years","2","Female","30","Upper secondary and post-secondary non-tertiary education (Levels 3 and 4)","IE0","Ireland","%","67.1"
"ALF01C01","Annual employment rate","2019","2019","475","40 - 44 years","2","Female","30","Upper secondary and post-secondary non-tertiary education (Levels 3 and 4)","811D29A4-1E05-4F4A-B61B-43DE64E07B29","Northern and Western","%","68.5"
"ALF01C01","Annual employment rate","2019","2019","475","40 - 44 years","2","Female","30","Upper secondary and post-secondary non-tertiary education (Levels 3 and 4)","97227605-23D5-4B98-BDB8-3EB5D0682A5A","Southern","%","64.4"
"ALF01C01","Annual employment rate","2019","2019","475","40 - 44 years","2","Female","30","Upper secondary and post-secondary non-tertiary education (Levels 3 and 4)","C32761EB-7A21-4B95-8C7A-DB195C2955CE","Eastern and Midland","%","68.6"
"ALF01C01","Annual employment rate","2019","2019","475","40 - 44 years","2","Female","40","Tertiary education (Levels 5-8)","IE0","Ireland","%","83.7"
"ALF01C01","Annual employment rate","2019","2019","475","40 - 44 years","2","Female","40","Tertiary education (Levels 5-8)","811D29A4-1E05-4F4A-B61B-43DE64E07B29","Northern and Western","%","83.9"
"ALF01C01","Annual employment rate","2019","2019","475","40 - 44 years","2","Female","40","Tertiary education (Levels 5-8)","97227605-23D5-4B98-BDB8-3EB5D0682A5A","Southern","%","83.5"
"ALF01C01","Annual employment rate","2019","2019","475","40 - 44 years","2","Female","40","Tertiary education (Levels 5-8)","C32761EB-7A21-4B95-8C7A-DB195C2955CE","Eastern and Midland","%","83.7"
"ALF01C01","Annual employment rate","2019","2019","475","40 - 44 years","2","Female","99","Level of education - not stated","IE0","Ireland","%","70.5"
"ALF01C01","Annual employment rate","2019","2019","475","40 - 44 years","2","Female","99","Level of education - not stated","811D29A4-1E05-4F4A-B61B-43DE64E07B29","Northern and Western","%",""
"ALF01C01","Annual employment rate","2019","2019","475","40 - 44 years","2","Female","99","Level of education - not stated","97227605-23D5-4B98-BDB8-3EB5D0682A5A","Southern","%",""
"ALF01C01","Annual employment rate","2019","2019","475","40 - 44 years","2","Female","99","Level of education - not stated","C32761EB-7A21-4B95-8C7A-DB195C2955CE","Eastern and Midland","%","76.6"
"ALF01C01","Annual employment rate","2019","2019","495","45 - 49 years","-","Both sexes","-","Levels of Education (Levels  0-8)","IE0","Ireland","%","79.6"
"ALF01C01","Annual employment rate","2019","2019","495","45 - 49 years","-","Both sexes","-","Levels of Education (Levels  0-8)","811D29A4-1E05-4F4A-B61B-43DE64E07B29","Northern and Western","%","79.1"
"ALF01C01","Annual employment rate","2019","2019","495","45 - 49 years","-","Both sexes","-","Levels of Education (Levels  0-8)","97227605-23D5-4B98-BDB8-3EB5D0682A5A","Southern","%","78.9"
"ALF01C01","Annual employment rate","2019","2019","495","45 - 49 years","-","Both sexes","-","Levels of Education (Levels  0-8)","C32761EB-7A21-4B95-8C7A-DB195C2955CE","Eastern and Midland","%","80.1"
"ALF01C01","Annual employment rate","2019","2019","495","45 - 49 years","-","Both sexes","10","Less than primary (Level 0)","IE0","Ireland","%",""
"ALF01C01","Annual employment rate","2019","2019","495","45 - 49 years","-","Both sexes","10","Less than primary (Level 0)","811D29A4-1E05-4F4A-B61B-43DE64E07B29","Northern and Western","%",""
"ALF01C01","Annual employment rate","2019","2019","495","45 - 49 years","-","Both sexes","10","Less than primary (Level 0)","97227605-23D5-4B98-BDB8-3EB5D0682A5A","Southern","%",""
"ALF01C01","Annual employment rate","2019","2019","495","45 - 49 years","-","Both sexes","10","Less than primary (Level 0)","C32761EB-7A21-4B95-8C7A-DB195C2955CE","Eastern and Midland","%",""
"ALF01C01","Annual employment rate","2019","2019","495","45 - 49 years","-","Both sexes","20","Primary and lower secondary education (Levels 1-2)","IE0","Ireland","%","60"
"ALF01C01","Annual employment rate","2019","2019","495","45 - 49 years","-","Both sexes","20","Primary and lower secondary education (Levels 1-2)","811D29A4-1E05-4F4A-B61B-43DE64E07B29","Northern and Western","%","64.2"
"ALF01C01","Annual employment rate","2019","2019","495","45 - 49 years","-","Both sexes","20","Primary and lower secondary education (Levels 1-2)","97227605-23D5-4B98-BDB8-3EB5D0682A5A","Southern","%","58.3"
"ALF01C01","Annual employment rate","2019","2019","495","45 - 49 years","-","Both sexes","20","Primary and lower secondary education (Levels 1-2)","C32761EB-7A21-4B95-8C7A-DB195C2955CE","Eastern and Midland","%","59.4"
"ALF01C01","Annual employment rate","2019","2019","495","45 - 49 years","-","Both sexes","30","Upper secondary and post-secondary non-tertiary education (Levels 3 and 4)","IE0","Ireland","%","78.3"
"ALF01C01","Annual employment rate","2019","2019","495","45 - 49 years","-","Both sexes","30","Upper secondary and post-secondary non-tertiary education (Levels 3 and 4)","811D29A4-1E05-4F4A-B61B-43DE64E07B29","Northern and Western","%","76.6"
"ALF01C01","Annual employment rate","2019","2019","495","45 - 49 years","-","Both sexes","30","Upper secondary and post-secondary non-tertiary education (Levels 3 and 4)","97227605-23D5-4B98-BDB8-3EB5D0682A5A","Southern","%","79.7"
"ALF01C01","Annual employment rate","2019","2019","495","45 - 49 years","-","Both sexes","30","Upper secondary and post-secondary non-tertiary education (Levels 3 and 4)","C32761EB-7A21-4B95-8C7A-DB195C2955CE","Eastern and Midland","%","77.9"
"ALF01C01","Annual employment rate","2019","2019","495","45 - 49 years","-","Both sexes","40","Tertiary education (Levels 5-8)","IE0","Ireland","%","87.6"
"ALF01C01","Annual employment rate","2019","2019","495","45 - 49 years","-","Both sexes","40","Tertiary education (Levels 5-8)","811D29A4-1E05-4F4A-B61B-43DE64E07B29","Northern and Western","%","87.9"
"ALF01C01","Annual employment rate","2019","2019","495","45 - 49 years","-","Both sexes","40","Tertiary education (Levels 5-8)","97227605-23D5-4B98-BDB8-3EB5D0682A5A","Southern","%","87.9"
"ALF01C01","Annual employment rate","2019","2019","495","45 - 49 years","-","Both sexes","40","Tertiary education (Levels 5-8)","C32761EB-7A21-4B95-8C7A-DB195C2955CE","Eastern and Midland","%","87.4"
"ALF01C01","Annual employment rate","2019","2019","495","45 - 49 years","-","Both sexes","99","Level of education - not stated","IE0","Ireland","%","81.3"
"ALF01C01","Annual employment rate","2019","2019","495","45 - 49 years","-","Both sexes","99","Level of education - not stated","811D29A4-1E05-4F4A-B61B-43DE64E07B29","Northern and Western","%",""
"ALF01C01","Annual employment rate","2019","2019","495","45 - 49 years","-","Both sexes","99","Level of education - not stated","97227605-23D5-4B98-BDB8-3EB5D0682A5A","Southern","%","76.1"
"ALF01C01","Annual employment rate","2019","2019","495","45 - 49 years","-","Both sexes","99","Level of education - not stated","C32761EB-7A21-4B95-8C7A-DB195C2955CE","Eastern and Midland","%","83.4"
"ALF01C01","Annual employment rate","2019","2019","495","45 - 49 years","1","Male","-","Levels of Education (Levels  0-8)","IE0","Ireland","%","86.1"
"ALF01C01","Annual employment rate","2019","2019","495","45 - 49 years","1","Male","-","Levels of Education (Levels  0-8)","811D29A4-1E05-4F4A-B61B-43DE64E07B29","Northern and Western","%","84.5"
"ALF01C01","Annual employment rate","2019","2019","495","45 - 49 years","1","Male","-","Levels of Education (Levels  0-8)","97227605-23D5-4B98-BDB8-3EB5D0682A5A","Southern","%","85"
"ALF01C01","Annual employment rate","2019","2019","495","45 - 49 years","1","Male","-","Levels of Education (Levels  0-8)","C32761EB-7A21-4B95-8C7A-DB195C2955CE","Eastern and Midland","%","87.4"
"ALF01C01","Annual employment rate","2019","2019","495","45 - 49 years","1","Male","10","Less than primary (Level 0)","IE0","Ireland","%",""
"ALF01C01","Annual employment rate","2019","2019","495","45 - 49 years","1","Male","10","Less than primary (Level 0)","811D29A4-1E05-4F4A-B61B-43DE64E07B29","Northern and Western","%",""
"ALF01C01","Annual employment rate","2019","2019","495","45 - 49 years","1","Male","10","Less than primary (Level 0)","97227605-23D5-4B98-BDB8-3EB5D0682A5A","Southern","%",""
"ALF01C01","Annual employment rate","2019","2019","495","45 - 49 years","1","Male","10","Less than primary (Level 0)","C32761EB-7A21-4B95-8C7A-DB195C2955CE","Eastern and Midland","%",""
"ALF01C01","Annual employment rate","2019","2019","495","45 - 49 years","1","Male","20","Primary and lower secondary education (Levels 1-2)","IE0","Ireland","%","69.9"
"ALF01C01","Annual employment rate","2019","2019","495","45 - 49 years","1","Male","20","Primary and lower secondary education (Levels 1-2)","811D29A4-1E05-4F4A-B61B-43DE64E07B29","Northern and Western","%","72.7"
"ALF01C01","Annual employment rate","2019","2019","495","45 - 49 years","1","Male","20","Primary and lower secondary education (Levels 1-2)","97227605-23D5-4B98-BDB8-3EB5D0682A5A","Southern","%","66.5"
"ALF01C01","Annual employment rate","2019","2019","495","45 - 49 years","1","Male","20","Primary and lower secondary education (Levels 1-2)","C32761EB-7A21-4B95-8C7A-DB195C2955CE","Eastern and Midland","%","71.4"
"ALF01C01","Annual employment rate","2019","2019","495","45 - 49 years","1","Male","30","Upper secondary and post-secondary non-tertiary education (Levels 3 and 4)","IE0","Ireland","%","87.7"
"ALF01C01","Annual employment rate","2019","2019","495","45 - 49 years","1","Male","30","Upper secondary and post-secondary non-tertiary education (Levels 3 and 4)","811D29A4-1E05-4F4A-B61B-43DE64E07B29","Northern and Western","%","83.8"
"ALF01C01","Annual employment rate","2019","2019","495","45 - 49 years","1","Male","30","Upper secondary and post-secondary non-tertiary education (Levels 3 and 4)","97227605-23D5-4B98-BDB8-3EB5D0682A5A","Southern","%","88.5"
"ALF01C01","Annual employment rate","2019","2019","495","45 - 49 years","1","Male","30","Upper secondary and post-secondary non-tertiary education (Levels 3 and 4)","C32761EB-7A21-4B95-8C7A-DB195C2955CE","Eastern and Midland","%","88.5"
"ALF01C01","Annual employment rate","2019","2019","495","45 - 49 years","1","Male","40","Tertiary education (Levels 5-8)","IE0","Ireland","%","93.1"
"ALF01C01","Annual employment rate","2019","2019","495","45 - 49 years","1","Male","40","Tertiary education (Levels 5-8)","811D29A4-1E05-4F4A-B61B-43DE64E07B29","Northern and Western","%","94.4"
"ALF01C01","Annual employment rate","2019","2019","495","45 - 49 years","1","Male","40","Tertiary education (Levels 5-8)","97227605-23D5-4B98-BDB8-3EB5D0682A5A","Southern","%","93.4"
"ALF01C01","Annual employment rate","2019","2019","495","45 - 49 years","1","Male","40","Tertiary education (Levels 5-8)","C32761EB-7A21-4B95-8C7A-DB195C2955CE","Eastern and Midland","%","92.5"
"ALF01C01","Annual employment rate","2019","2019","495","45 - 49 years","1","Male","99","Level of education - not stated","IE0","Ireland","%","83.9"
"ALF01C01","Annual employment rate","2019","2019","495","45 - 49 years","1","Male","99","Level of education - not stated","811D29A4-1E05-4F4A-B61B-43DE64E07B29","Northern and Western","%",""
"ALF01C01","Annual employment rate","2019","2019","495","45 - 49 years","1","Male","99","Level of education - not stated","97227605-23D5-4B98-BDB8-3EB5D0682A5A","Southern","%","80.4"
"ALF01C01","Annual employment rate","2019","2019","495","45 - 49 years","1","Male","99","Level of education - not stated","C32761EB-7A21-4B95-8C7A-DB195C2955CE","Eastern and Midland","%","87.6"
"ALF01C01","Annual employment rate","2019","2019","495","45 - 49 years","2","Female","-","Levels of Education (Levels  0-8)","IE0","Ireland","%","73.1"
"ALF01C01","Annual employment rate","2019","2019","495","45 - 49 years","2","Female","-","Levels of Education (Levels  0-8)","811D29A4-1E05-4F4A-B61B-43DE64E07B29","Northern and Western","%","73.9"
"ALF01C01","Annual employment rate","2019","2019","495","45 - 49 years","2","Female","-","Levels of Education (Levels  0-8)","97227605-23D5-4B98-BDB8-3EB5D0682A5A","Southern","%","72.8"
"ALF01C01","Annual employment rate","2019","2019","495","45 - 49 years","2","Female","-","Levels of Education (Levels  0-8)","C32761EB-7A21-4B95-8C7A-DB195C2955CE","Eastern and Midland","%","72.9"
"ALF01C01","Annual employment rate","2019","2019","495","45 - 49 years","2","Female","10","Less than primary (Level 0)","IE0","Ireland","%",""
"ALF01C01","Annual employment rate","2019","2019","495","45 - 49 years","2","Female","10","Less than primary (Level 0)","811D29A4-1E05-4F4A-B61B-43DE64E07B29","Northern and Western","%",""
"ALF01C01","Annual employment rate","2019","2019","495","45 - 49 years","2","Female","10","Less than primary (Level 0)","97227605-23D5-4B98-BDB8-3EB5D0682A5A","Southern","%",""
"ALF01C01","Annual employment rate","2019","2019","495","45 - 49 years","2","Female","10","Less than primary (Level 0)","C32761EB-7A21-4B95-8C7A-DB195C2955CE","Eastern and Midland","%",""
"ALF01C01","Annual employment rate","2019","2019","495","45 - 49 years","2","Female","20","Primary and lower secondary education (Levels 1-2)","IE0","Ireland","%","44.5"
"ALF01C01","Annual employment rate","2019","2019","495","45 - 49 years","2","Female","20","Primary and lower secondary education (Levels 1-2)","811D29A4-1E05-4F4A-B61B-43DE64E07B29","Northern and Western","%","47"
"ALF01C01","Annual employment rate","2019","2019","495","45 - 49 years","2","Female","20","Primary and lower secondary education (Levels 1-2)","97227605-23D5-4B98-BDB8-3EB5D0682A5A","Southern","%","45.2"
"ALF01C01","Annual employment rate","2019","2019","495","45 - 49 years","2","Female","20","Primary and lower secondary education (Levels 1-2)","C32761EB-7A21-4B95-8C7A-DB195C2955CE","Eastern and Midland","%","42.9"
"ALF01C01","Annual employment rate","2019","2019","495","45 - 49 years","2","Female","30","Upper secondary and post-secondary non-tertiary education (Levels 3 and 4)","IE0","Ireland","%","68.9"
"ALF01C01","Annual employment rate","2019","2019","495","45 - 49 years","2","Female","30","Upper secondary and post-secondary non-tertiary education (Levels 3 and 4)","811D29A4-1E05-4F4A-B61B-43DE64E07B29","Northern and Western","%","69.5"
"ALF01C01","Annual employment rate","2019","2019","495","45 - 49 years","2","Female","30","Upper secondary and post-secondary non-tertiary education (Levels 3 and 4)","97227605-23D5-4B98-BDB8-3EB5D0682A5A","Southern","%","70.6"
"ALF01C01","Annual employment rate","2019","2019","495","45 - 49 years","2","Female","30","Upper secondary and post-secondary non-tertiary education (Levels 3 and 4)","C32761EB-7A21-4B95-8C7A-DB195C2955CE","Eastern and Midland","%","67.3"
"ALF01C01","Annual employment rate","2019","2019","495","45 - 49 years","2","Female","40","Tertiary education (Levels 5-8)","IE0","Ireland","%","83.1"
"ALF01C01","Annual employment rate","2019","2019","495","45 - 49 years","2","Female","40","Tertiary education (Levels 5-8)","811D29A4-1E05-4F4A-B61B-43DE64E07B29","Northern and Western","%","83.3"
"ALF01C01","Annual employment rate","2019","2019","495","45 - 49 years","2","Female","40","Tertiary education (Levels 5-8)","97227605-23D5-4B98-BDB8-3EB5D0682A5A","Southern","%","83.4"
"ALF01C01","Annual employment rate","2019","2019","495","45 - 49 years","2","Female","40","Tertiary education (Levels 5-8)","C32761EB-7A21-4B95-8C7A-DB195C2955CE","Eastern and Midland","%","82.9"
"ALF01C01","Annual employment rate","2019","2019","495","45 - 49 years","2","Female","99","Level of education - not stated","IE0","Ireland","%","78.5"
"ALF01C01","Annual employment rate","2019","2019","495","45 - 49 years","2","Female","99","Level of education - not stated","811D29A4-1E05-4F4A-B61B-43DE64E07B29","Northern and Western","%",""
"ALF01C01","Annual employment rate","2019","2019","495","45 - 49 years","2","Female","99","Level of education - not stated","97227605-23D5-4B98-BDB8-3EB5D0682A5A","Southern","%","71.2"
"ALF01C01","Annual employment rate","2019","2019","495","45 - 49 years","2","Female","99","Level of education - not stated","C32761EB-7A21-4B95-8C7A-DB195C2955CE","Eastern and Midland","%","78.8"
"ALF01C01","Annual employment rate","2019","2019","515","50 - 54 years","-","Both sexes","-","Levels of Education (Levels  0-8)","IE0","Ireland","%","76.4"
"ALF01C01","Annual employment rate","2019","2019","515","50 - 54 years","-","Both sexes","-","Levels of Education (Levels  0-8)","811D29A4-1E05-4F4A-B61B-43DE64E07B29","Northern and Western","%","77"
"ALF01C01","Annual employment rate","2019","2019","515","50 - 54 years","-","Both sexes","-","Levels of Education (Levels  0-8)","97227605-23D5-4B98-BDB8-3EB5D0682A5A","Southern","%","73.6"
"ALF01C01","Annual employment rate","2019","2019","515","50 - 54 years","-","Both sexes","-","Levels of Education (Levels  0-8)","C32761EB-7A21-4B95-8C7A-DB195C2955CE","Eastern and Midland","%","78.3"
"ALF01C01","Annual employment rate","2019","2019","515","50 - 54 years","-","Both sexes","10","Less than primary (Level 0)","IE0","Ireland","%",""
"ALF01C01","Annual employment rate","2019","2019","515","50 - 54 years","-","Both sexes","10","Less than primary (Level 0)","811D29A4-1E05-4F4A-B61B-43DE64E07B29","Northern and Western","%",""
"ALF01C01","Annual employment rate","2019","2019","515","50 - 54 years","-","Both sexes","10","Less than primary (Level 0)","97227605-23D5-4B98-BDB8-3EB5D0682A5A","Southern","%",""
"ALF01C01","Annual employment rate","2019","2019","515","50 - 54 years","-","Both sexes","10","Less than primary (Level 0)","C32761EB-7A21-4B95-8C7A-DB195C2955CE","Eastern and Midland","%",""
"ALF01C01","Annual employment rate","2019","2019","515","50 - 54 years","-","Both sexes","20","Primary and lower secondary education (Levels 1-2)","IE0","Ireland","%","58.3"
"ALF01C01","Annual employment rate","2019","2019","515","50 - 54 years","-","Both sexes","20","Primary and lower secondary education (Levels 1-2)","811D29A4-1E05-4F4A-B61B-43DE64E07B29","Northern and Western","%","61.3"
"ALF01C01","Annual employment rate","2019","2019","515","50 - 54 years","-","Both sexes","20","Primary and lower secondary education (Levels 1-2)","97227605-23D5-4B98-BDB8-3EB5D0682A5A","Southern","%","53.4"
"ALF01C01","Annual employment rate","2019","2019","515","50 - 54 years","-","Both sexes","20","Primary and lower secondary education (Levels 1-2)","C32761EB-7A21-4B95-8C7A-DB195C2955CE","Eastern and Midland","%","60.8"
"ALF01C01","Annual employment rate","2019","2019","515","50 - 54 years","-","Both sexes","30","Upper secondary and post-secondary non-tertiary education (Levels 3 and 4)","IE0","Ireland","%","76.2"
"ALF01C01","Annual employment rate","2019","2019","515","50 - 54 years","-","Both sexes","30","Upper secondary and post-secondary non-tertiary education (Levels 3 and 4)","811D29A4-1E05-4F4A-B61B-43DE64E07B29","Northern and Western","%","79.6"
"ALF01C01","Annual employment rate","2019","2019","515","50 - 54 years","-","Both sexes","30","Upper secondary and post-secondary non-tertiary education (Levels 3 and 4)","97227605-23D5-4B98-BDB8-3EB5D0682A5A","Southern","%","74.1"
"ALF01C01","Annual employment rate","2019","2019","515","50 - 54 years","-","Both sexes","30","Upper secondary and post-secondary non-tertiary education (Levels 3 and 4)","C32761EB-7A21-4B95-8C7A-DB195C2955CE","Eastern and Midland","%","76.4"
"ALF01C01","Annual employment rate","2019","2019","515","50 - 54 years","-","Both sexes","40","Tertiary education (Levels 5-8)","IE0","Ireland","%","87.1"
"ALF01C01","Annual employment rate","2019","2019","515","50 - 54 years","-","Both sexes","40","Tertiary education (Levels 5-8)","811D29A4-1E05-4F4A-B61B-43DE64E07B29","Northern and Western","%","86.1"
"ALF01C01","Annual employment rate","2019","2019","515","50 - 54 years","-","Both sexes","40","Tertiary education (Levels 5-8)","97227605-23D5-4B98-BDB8-3EB5D0682A5A","Southern","%","85.9"
"ALF01C01","Annual employment rate","2019","2019","515","50 - 54 years","-","Both sexes","40","Tertiary education (Levels 5-8)","C32761EB-7A21-4B95-8C7A-DB195C2955CE","Eastern and Midland","%","88.1"
"ALF01C01","Annual employment rate","2019","2019","515","50 - 54 years","-","Both sexes","99","Level of education - not stated","IE0","Ireland","%","70"
"ALF01C01","Annual employment rate","2019","2019","515","50 - 54 years","-","Both sexes","99","Level of education - not stated","811D29A4-1E05-4F4A-B61B-43DE64E07B29","Northern and Western","%","69.2"
"ALF01C01","Annual employment rate","2019","2019","515","50 - 54 years","-","Both sexes","99","Level of education - not stated","97227605-23D5-4B98-BDB8-3EB5D0682A5A","Southern","%","67.9"
"ALF01C01","Annual employment rate","2019","2019","515","50 - 54 years","-","Both sexes","99","Level of education - not stated","C32761EB-7A21-4B95-8C7A-DB195C2955CE","Eastern and Midland","%","73.2"
"ALF01C01","Annual employment rate","2019","2019","515","50 - 54 years","1","Male","-","Levels of Education (Levels  0-8)","IE0","Ireland","%","84.5"
"ALF01C01","Annual employment rate","2019","2019","515","50 - 54 years","1","Male","-","Levels of Education (Levels  0-8)","811D29A4-1E05-4F4A-B61B-43DE64E07B29","Northern and Western","%","86.4"
"ALF01C01","Annual employment rate","2019","2019","515","50 - 54 years","1","Male","-","Levels of Education (Levels  0-8)","97227605-23D5-4B98-BDB8-3EB5D0682A5A","Southern","%","82.5"
"ALF01C01","Annual employment rate","2019","2019","515","50 - 54 years","1","Male","-","Levels of Education (Levels  0-8)","C32761EB-7A21-4B95-8C7A-DB195C2955CE","Eastern and Midland","%","85.1"
"ALF01C01","Annual employment rate","2019","2019","515","50 - 54 years","1","Male","10","Less than primary (Level 0)","IE0","Ireland","%",""
"ALF01C01","Annual employment rate","2019","2019","515","50 - 54 years","1","Male","10","Less than primary (Level 0)","811D29A4-1E05-4F4A-B61B-43DE64E07B29","Northern and Western","%",""
"ALF01C01","Annual employment rate","2019","2019","515","50 - 54 years","1","Male","10","Less than primary (Level 0)","97227605-23D5-4B98-BDB8-3EB5D0682A5A","Southern","%",""
"ALF01C01","Annual employment rate","2019","2019","515","50 - 54 years","1","Male","10","Less than primary (Level 0)","C32761EB-7A21-4B95-8C7A-DB195C2955CE","Eastern and Midland","%",""
"ALF01C01","Annual employment rate","2019","2019","515","50 - 54 years","1","Male","20","Primary and lower secondary education (Levels 1-2)","IE0","Ireland","%","70.2"
"ALF01C01","Annual employment rate","2019","2019","515","50 - 54 years","1","Male","20","Primary and lower secondary education (Levels 1-2)","811D29A4-1E05-4F4A-B61B-43DE64E07B29","Northern and Western","%","73"
"ALF01C01","Annual employment rate","2019","2019","515","50 - 54 years","1","Male","20","Primary and lower secondary education (Levels 1-2)","97227605-23D5-4B98-BDB8-3EB5D0682A5A","Southern","%","67.9"
"ALF01C01","Annual employment rate","2019","2019","515","50 - 54 years","1","Male","20","Primary and lower secondary education (Levels 1-2)","C32761EB-7A21-4B95-8C7A-DB195C2955CE","Eastern and Midland","%","70.7"
"ALF01C01","Annual employment rate","2019","2019","515","50 - 54 years","1","Male","30","Upper secondary and post-secondary non-tertiary education (Levels 3 and 4)","IE0","Ireland","%","86.7"
"ALF01C01","Annual employment rate","2019","2019","515","50 - 54 years","1","Male","30","Upper secondary and post-secondary non-tertiary education (Levels 3 and 4)","811D29A4-1E05-4F4A-B61B-43DE64E07B29","Northern and Western","%","90.3"
"ALF01C01","Annual employment rate","2019","2019","515","50 - 54 years","1","Male","30","Upper secondary and post-secondary non-tertiary education (Levels 3 and 4)","97227605-23D5-4B98-BDB8-3EB5D0682A5A","Southern","%","86.7"
"ALF01C01","Annual employment rate","2019","2019","515","50 - 54 years","1","Male","30","Upper secondary and post-secondary non-tertiary education (Levels 3 and 4)","C32761EB-7A21-4B95-8C7A-DB195C2955CE","Eastern and Midland","%","84.9"
"ALF01C01","Annual employment rate","2019","2019","515","50 - 54 years","1","Male","40","Tertiary education (Levels 5-8)","IE0","Ireland","%","93"
"ALF01C01","Annual employment rate","2019","2019","515","50 - 54 years","1","Male","40","Tertiary education (Levels 5-8)","811D29A4-1E05-4F4A-B61B-43DE64E07B29","Northern and Western","%","94.6"
"ALF01C01","Annual employment rate","2019","2019","515","50 - 54 years","1","Male","40","Tertiary education (Levels 5-8)","97227605-23D5-4B98-BDB8-3EB5D0682A5A","Southern","%","91.6"
"ALF01C01","Annual employment rate","2019","2019","515","50 - 54 years","1","Male","40","Tertiary education (Levels 5-8)","C32761EB-7A21-4B95-8C7A-DB195C2955CE","Eastern and Midland","%","93.4"
"ALF01C01","Annual employment rate","2019","2019","515","50 - 54 years","1","Male","99","Level of education - not stated","IE0","Ireland","%","73"
"ALF01C01","Annual employment rate","2019","2019","515","50 - 54 years","1","Male","99","Level of education - not stated","811D29A4-1E05-4F4A-B61B-43DE64E07B29","Northern and Western","%",""
"ALF01C01","Annual employment rate","2019","2019","515","50 - 54 years","1","Male","99","Level of education - not stated","97227605-23D5-4B98-BDB8-3EB5D0682A5A","Southern","%","60.2"
"ALF01C01","Annual employment rate","2019","2019","515","50 - 54 years","1","Male","99","Level of education - not stated","C32761EB-7A21-4B95-8C7A-DB195C2955CE","Eastern and Midland","%","82.6"
"ALF01C01","Annual employment rate","2019","2019","515","50 - 54 years","2","Female","-","Levels of Education (Levels  0-8)","IE0","Ireland","%","68.5"
"ALF01C01","Annual employment rate","2019","2019","515","50 - 54 years","2","Female","-","Levels of Education (Levels  0-8)","811D29A4-1E05-4F4A-B61B-43DE64E07B29","Northern and Western","%","67.6"
"ALF01C01","Annual employment rate","2019","2019","515","50 - 54 years","2","Female","-","Levels of Education (Levels  0-8)","97227605-23D5-4B98-BDB8-3EB5D0682A5A","Southern","%","64.7"
"ALF01C01","Annual employment rate","2019","2019","515","50 - 54 years","2","Female","-","Levels of Education (Levels  0-8)","C32761EB-7A21-4B95-8C7A-DB195C2955CE","Eastern and Midland","%","71.5"
"ALF01C01","Annual employment rate","2019","2019","515","50 - 54 years","2","Female","10","Less than primary (Level 0)","IE0","Ireland","%",""
"ALF01C01","Annual employment rate","2019","2019","515","50 - 54 years","2","Female","10","Less than primary (Level 0)","811D29A4-1E05-4F4A-B61B-43DE64E07B29","Northern and Western","%",""
"ALF01C01","Annual employment rate","2019","2019","515","50 - 54 years","2","Female","10","Less than primary (Level 0)","97227605-23D5-4B98-BDB8-3EB5D0682A5A","Southern","%",""
"ALF01C01","Annual employment rate","2019","2019","515","50 - 54 years","2","Female","10","Less than primary (Level 0)","C32761EB-7A21-4B95-8C7A-DB195C2955CE","Eastern and Midland","%",""
"ALF01C01","Annual employment rate","2019","2019","515","50 - 54 years","2","Female","20","Primary and lower secondary education (Levels 1-2)","IE0","Ireland","%","40.4"
"ALF01C01","Annual employment rate","2019","2019","515","50 - 54 years","2","Female","20","Primary and lower secondary education (Levels 1-2)","811D29A4-1E05-4F4A-B61B-43DE64E07B29","Northern and Western","%","39.7"
"ALF01C01","Annual employment rate","2019","2019","515","50 - 54 years","2","Female","20","Primary and lower secondary education (Levels 1-2)","97227605-23D5-4B98-BDB8-3EB5D0682A5A","Southern","%","32"
"ALF01C01","Annual employment rate","2019","2019","515","50 - 54 years","2","Female","20","Primary and lower secondary education (Levels 1-2)","C32761EB-7A21-4B95-8C7A-DB195C2955CE","Eastern and Midland","%","47"
"ALF01C01","Annual employment rate","2019","2019","515","50 - 54 years","2","Female","30","Upper secondary and post-secondary non-tertiary education (Levels 3 and 4)","IE0","Ireland","%","67"
"ALF01C01","Annual employment rate","2019","2019","515","50 - 54 years","2","Female","30","Upper secondary and post-secondary non-tertiary education (Levels 3 and 4)","811D29A4-1E05-4F4A-B61B-43DE64E07B29","Northern and Western","%","68.1"
"ALF01C01","Annual employment rate","2019","2019","515","50 - 54 years","2","Female","30","Upper secondary and post-secondary non-tertiary education (Levels 3 and 4)","97227605-23D5-4B98-BDB8-3EB5D0682A5A","Southern","%","62.7"
"ALF01C01","Annual employment rate","2019","2019","515","50 - 54 years","2","Female","30","Upper secondary and post-secondary non-tertiary education (Levels 3 and 4)","C32761EB-7A21-4B95-8C7A-DB195C2955CE","Eastern and Midland","%","69.8"
"ALF01C01","Annual employment rate","2019","2019","515","50 - 54 years","2","Female","40","Tertiary education (Levels 5-8)","IE0","Ireland","%","81.8"
"ALF01C01","Annual employment rate","2019","2019","515","50 - 54 years","2","Female","40","Tertiary education (Levels 5-8)","811D29A4-1E05-4F4A-B61B-43DE64E07B29","Northern and Western","%","80.4"
"ALF01C01","Annual employment rate","2019","2019","515","50 - 54 years","2","Female","40","Tertiary education (Levels 5-8)","97227605-23D5-4B98-BDB8-3EB5D0682A5A","Southern","%","80.9"
"ALF01C01","Annual employment rate","2019","2019","515","50 - 54 years","2","Female","40","Tertiary education (Levels 5-8)","C32761EB-7A21-4B95-8C7A-DB195C2955CE","Eastern and Midland","%","82.9"
"ALF01C01","Annual employment rate","2019","2019","515","50 - 54 years","2","Female","99","Level of education - not stated","IE0","Ireland","%","66.9"
"ALF01C01","Annual employment rate","2019","2019","515","50 - 54 years","2","Female","99","Level of education - not stated","811D29A4-1E05-4F4A-B61B-43DE64E07B29","Northern and Western","%",""
"ALF01C01","Annual employment rate","2019","2019","515","50 - 54 years","2","Female","99","Level of education - not stated","97227605-23D5-4B98-BDB8-3EB5D0682A5A","Southern","%","75.6"
"ALF01C01","Annual employment rate","2019","2019","515","50 - 54 years","2","Female","99","Level of education - not stated","C32761EB-7A21-4B95-8C7A-DB195C2955CE","Eastern and Midland","%",""
"ALF01C01","Annual employment rate","2019","2019","530","55 - 59 years","-","Both sexes","-","Levels of Education (Levels  0-8)","IE0","Ireland","%","69.3"
"ALF01C01","Annual employment rate","2019","2019","530","55 - 59 years","-","Both sexes","-","Levels of Education (Levels  0-8)","811D29A4-1E05-4F4A-B61B-43DE64E07B29","Northern and Western","%","70.5"
"ALF01C01","Annual employment rate","2019","2019","530","55 - 59 years","-","Both sexes","-","Levels of Education (Levels  0-8)","97227605-23D5-4B98-BDB8-3EB5D0682A5A","Southern","%","66.4"
"ALF01C01","Annual employment rate","2019","2019","530","55 - 59 years","-","Both sexes","-","Levels of Education (Levels  0-8)","C32761EB-7A21-4B95-8C7A-DB195C2955CE","Eastern and Midland","%","71"
"ALF01C01","Annual employment rate","2019","2019","530","55 - 59 years","-","Both sexes","10","Less than primary (Level 0)","IE0","Ireland","%",""
"ALF01C01","Annual employment rate","2019","2019","530","55 - 59 years","-","Both sexes","10","Less than primary (Level 0)","811D29A4-1E05-4F4A-B61B-43DE64E07B29","Northern and Western","%",""
"ALF01C01","Annual employment rate","2019","2019","530","55 - 59 years","-","Both sexes","10","Less than primary (Level 0)","97227605-23D5-4B98-BDB8-3EB5D0682A5A","Southern","%",""
"ALF01C01","Annual employment rate","2019","2019","530","55 - 59 years","-","Both sexes","10","Less than primary (Level 0)","C32761EB-7A21-4B95-8C7A-DB195C2955CE","Eastern and Midland","%",""
"ALF01C01","Annual employment rate","2019","2019","530","55 - 59 years","-","Both sexes","20","Primary and lower secondary education (Levels 1-2)","IE0","Ireland","%","56.1"
"ALF01C01","Annual employment rate","2019","2019","530","55 - 59 years","-","Both sexes","20","Primary and lower secondary education (Levels 1-2)","811D29A4-1E05-4F4A-B61B-43DE64E07B29","Northern and Western","%","59.2"
"ALF01C01","Annual employment rate","2019","2019","530","55 - 59 years","-","Both sexes","20","Primary and lower secondary education (Levels 1-2)","97227605-23D5-4B98-BDB8-3EB5D0682A5A","Southern","%","54"
"ALF01C01","Annual employment rate","2019","2019","530","55 - 59 years","-","Both sexes","20","Primary and lower secondary education (Levels 1-2)","C32761EB-7A21-4B95-8C7A-DB195C2955CE","Eastern and Midland","%","56.5"
"ALF01C01","Annual employment rate","2019","2019","530","55 - 59 years","-","Both sexes","30","Upper secondary and post-secondary non-tertiary education (Levels 3 and 4)","IE0","Ireland","%","70.5"
"ALF01C01","Annual employment rate","2019","2019","530","55 - 59 years","-","Both sexes","30","Upper secondary and post-secondary non-tertiary education (Levels 3 and 4)","811D29A4-1E05-4F4A-B61B-43DE64E07B29","Northern and Western","%","74.2"
"ALF01C01","Annual employment rate","2019","2019","530","55 - 59 years","-","Both sexes","30","Upper secondary and post-secondary non-tertiary education (Levels 3 and 4)","97227605-23D5-4B98-BDB8-3EB5D0682A5A","Southern","%","68.6"
"ALF01C01","Annual employment rate","2019","2019","530","55 - 59 years","-","Both sexes","30","Upper secondary and post-secondary non-tertiary education (Levels 3 and 4)","C32761EB-7A21-4B95-8C7A-DB195C2955CE","Eastern and Midland","%","70.4"
"ALF01C01","Annual employment rate","2019","2019","530","55 - 59 years","-","Both sexes","40","Tertiary education (Levels 5-8)","IE0","Ireland","%","79.4"
"ALF01C01","Annual employment rate","2019","2019","530","55 - 59 years","-","Both sexes","40","Tertiary education (Levels 5-8)","811D29A4-1E05-4F4A-B61B-43DE64E07B29","Northern and Western","%","77.4"
"ALF01C01","Annual employment rate","2019","2019","530","55 - 59 years","-","Both sexes","40","Tertiary education (Levels 5-8)","97227605-23D5-4B98-BDB8-3EB5D0682A5A","Southern","%","76.1"
"ALF01C01","Annual employment rate","2019","2019","530","55 - 59 years","-","Both sexes","40","Tertiary education (Levels 5-8)","C32761EB-7A21-4B95-8C7A-DB195C2955CE","Eastern and Midland","%","82.4"
"ALF01C01","Annual employment rate","2019","2019","530","55 - 59 years","-","Both sexes","99","Level of education - not stated","IE0","Ireland","%","64.9"
"ALF01C01","Annual employment rate","2019","2019","530","55 - 59 years","-","Both sexes","99","Level of education - not stated","811D29A4-1E05-4F4A-B61B-43DE64E07B29","Northern and Western","%",""
"ALF01C01","Annual employment rate","2019","2019","530","55 - 59 years","-","Both sexes","99","Level of education - not stated","97227605-23D5-4B98-BDB8-3EB5D0682A5A","Southern","%","52.9"
"ALF01C01","Annual employment rate","2019","2019","530","55 - 59 years","-","Both sexes","99","Level of education - not stated","C32761EB-7A21-4B95-8C7A-DB195C2955CE","Eastern and Midland","%","74.6"
"ALF01C01","Annual employment rate","2019","2019","530","55 - 59 years","1","Male","-","Levels of Education (Levels  0-8)","IE0","Ireland","%","77.8"
"ALF01C01","Annual employment rate","2019","2019","530","55 - 59 years","1","Male","-","Levels of Education (Levels  0-8)","811D29A4-1E05-4F4A-B61B-43DE64E07B29","Northern and Western","%","77.2"
"ALF01C01","Annual employment rate","2019","2019","530","55 - 59 years","1","Male","-","Levels of Education (Levels  0-8)","97227605-23D5-4B98-BDB8-3EB5D0682A5A","Southern","%","74.4"
"ALF01C01","Annual employment rate","2019","2019","530","55 - 59 years","1","Male","-","Levels of Education (Levels  0-8)","C32761EB-7A21-4B95-8C7A-DB195C2955CE","Eastern and Midland","%","80.7"
"ALF01C01","Annual employment rate","2019","2019","530","55 - 59 years","1","Male","10","Less than primary (Level 0)","IE0","Ireland","%",""
"ALF01C01","Annual employment rate","2019","2019","530","55 - 59 years","1","Male","10","Less than primary (Level 0)","811D29A4-1E05-4F4A-B61B-43DE64E07B29","Northern and Western","%",""
"ALF01C01","Annual employment rate","2019","2019","530","55 - 59 years","1","Male","10","Less than primary (Level 0)","97227605-23D5-4B98-BDB8-3EB5D0682A5A","Southern","%",""
"ALF01C01","Annual employment rate","2019","2019","530","55 - 59 years","1","Male","10","Less than primary (Level 0)","C32761EB-7A21-4B95-8C7A-DB195C2955CE","Eastern and Midland","%",""
"ALF01C01","Annual employment rate","2019","2019","530","55 - 59 years","1","Male","20","Primary and lower secondary education (Levels 1-2)","IE0","Ireland","%","68.4"
"ALF01C01","Annual employment rate","2019","2019","530","55 - 59 years","1","Male","20","Primary and lower secondary education (Levels 1-2)","811D29A4-1E05-4F4A-B61B-43DE64E07B29","Northern and Western","%","68.9"
"ALF01C01","Annual employment rate","2019","2019","530","55 - 59 years","1","Male","20","Primary and lower secondary education (Levels 1-2)","97227605-23D5-4B98-BDB8-3EB5D0682A5A","Southern","%","64.9"
"ALF01C01","Annual employment rate","2019","2019","530","55 - 59 years","1","Male","20","Primary and lower secondary education (Levels 1-2)","C32761EB-7A21-4B95-8C7A-DB195C2955CE","Eastern and Midland","%","71.2"
"ALF01C01","Annual employment rate","2019","2019","530","55 - 59 years","1","Male","30","Upper secondary and post-secondary non-tertiary education (Levels 3 and 4)","IE0","Ireland","%","79.6"
"ALF01C01","Annual employment rate","2019","2019","530","55 - 59 years","1","Male","30","Upper secondary and post-secondary non-tertiary education (Levels 3 and 4)","811D29A4-1E05-4F4A-B61B-43DE64E07B29","Northern and Western","%","83.6"
"ALF01C01","Annual employment rate","2019","2019","530","55 - 59 years","1","Male","30","Upper secondary and post-secondary non-tertiary education (Levels 3 and 4)","97227605-23D5-4B98-BDB8-3EB5D0682A5A","Southern","%","79.1"
"ALF01C01","Annual employment rate","2019","2019","530","55 - 59 years","1","Male","30","Upper secondary and post-secondary non-tertiary education (Levels 3 and 4)","C32761EB-7A21-4B95-8C7A-DB195C2955CE","Eastern and Midland","%","78.4"
"ALF01C01","Annual employment rate","2019","2019","530","55 - 59 years","1","Male","40","Tertiary education (Levels 5-8)","IE0","Ireland","%","85.2"
"ALF01C01","Annual employment rate","2019","2019","530","55 - 59 years","1","Male","40","Tertiary education (Levels 5-8)","811D29A4-1E05-4F4A-B61B-43DE64E07B29","Northern and Western","%","81.9"
"ALF01C01","Annual employment rate","2019","2019","530","55 - 59 years","1","Male","40","Tertiary education (Levels 5-8)","97227605-23D5-4B98-BDB8-3EB5D0682A5A","Southern","%","79.3"
"ALF01C01","Annual employment rate","2019","2019","530","55 - 59 years","1","Male","40","Tertiary education (Levels 5-8)","C32761EB-7A21-4B95-8C7A-DB195C2955CE","Eastern and Midland","%","89.8"
"ALF01C01","Annual employment rate","2019","2019","530","55 - 59 years","1","Male","99","Level of education - not stated","IE0","Ireland","%","74.7"
"ALF01C01","Annual employment rate","2019","2019","530","55 - 59 years","1","Male","99","Level of education - not stated","811D29A4-1E05-4F4A-B61B-43DE64E07B29","Northern and Western","%",""
"ALF01C01","Annual employment rate","2019","2019","530","55 - 59 years","1","Male","99","Level of education - not stated","97227605-23D5-4B98-BDB8-3EB5D0682A5A","Southern","%",""
"ALF01C01","Annual employment rate","2019","2019","530","55 - 59 years","1","Male","99","Level of education - not stated","C32761EB-7A21-4B95-8C7A-DB195C2955CE","Eastern and Midland","%","78"
"ALF01C01","Annual employment rate","2019","2019","530","55 - 59 years","2","Female","-","Levels of Education (Levels  0-8)","IE0","Ireland","%","61"
"ALF01C01","Annual employment rate","2019","2019","530","55 - 59 years","2","Female","-","Levels of Education (Levels  0-8)","811D29A4-1E05-4F4A-B61B-43DE64E07B29","Northern and Western","%","64"
"ALF01C01","Annual employment rate","2019","2019","530","55 - 59 years","2","Female","-","Levels of Education (Levels  0-8)","97227605-23D5-4B98-BDB8-3EB5D0682A5A","Southern","%","58.5"
"ALF01C01","Annual employment rate","2019","2019","530","55 - 59 years","2","Female","-","Levels of Education (Levels  0-8)","C32761EB-7A21-4B95-8C7A-DB195C2955CE","Eastern and Midland","%","61.7"
"ALF01C01","Annual employment rate","2019","2019","530","55 - 59 years","2","Female","10","Less than primary (Level 0)","IE0","Ireland","%",""
"ALF01C01","Annual employment rate","2019","2019","530","55 - 59 years","2","Female","10","Less than primary (Level 0)","811D29A4-1E05-4F4A-B61B-43DE64E07B29","Northern and Western","%",""
"ALF01C01","Annual employment rate","2019","2019","530","55 - 59 years","2","Female","10","Less than primary (Level 0)","97227605-23D5-4B98-BDB8-3EB5D0682A5A","Southern","%",""
"ALF01C01","Annual employment rate","2019","2019","530","55 - 59 years","2","Female","10","Less than primary (Level 0)","C32761EB-7A21-4B95-8C7A-DB195C2955CE","Eastern and Midland","%",""
"ALF01C01","Annual employment rate","2019","2019","530","55 - 59 years","2","Female","20","Primary and lower secondary education (Levels 1-2)","IE0","Ireland","%","40.7"
"ALF01C01","Annual employment rate","2019","2019","530","55 - 59 years","2","Female","20","Primary and lower secondary education (Levels 1-2)","811D29A4-1E05-4F4A-B61B-43DE64E07B29","Northern and Western","%","41.6"
"ALF01C01","Annual employment rate","2019","2019","530","55 - 59 years","2","Female","20","Primary and lower secondary education (Levels 1-2)","97227605-23D5-4B98-BDB8-3EB5D0682A5A","Southern","%","40.4"
"ALF01C01","Annual employment rate","2019","2019","530","55 - 59 years","2","Female","20","Primary and lower secondary education (Levels 1-2)","C32761EB-7A21-4B95-8C7A-DB195C2955CE","Eastern and Midland","%","40.7"
"ALF01C01","Annual employment rate","2019","2019","530","55 - 59 years","2","Female","30","Upper secondary and post-secondary non-tertiary education (Levels 3 and 4)","IE0","Ireland","%","62.9"
"ALF01C01","Annual employment rate","2019","2019","530","55 - 59 years","2","Female","30","Upper secondary and post-secondary non-tertiary education (Levels 3 and 4)","811D29A4-1E05-4F4A-B61B-43DE64E07B29","Northern and Western","%","67.1"
"ALF01C01","Annual employment rate","2019","2019","530","55 - 59 years","2","Female","30","Upper secondary and post-secondary non-tertiary education (Levels 3 and 4)","97227605-23D5-4B98-BDB8-3EB5D0682A5A","Southern","%","58.7"
"ALF01C01","Annual employment rate","2019","2019","530","55 - 59 years","2","Female","30","Upper secondary and post-secondary non-tertiary education (Levels 3 and 4)","C32761EB-7A21-4B95-8C7A-DB195C2955CE","Eastern and Midland","%","64.1"
"ALF01C01","Annual employment rate","2019","2019","530","55 - 59 years","2","Female","40","Tertiary education (Levels 5-8)","IE0","Ireland","%","74.1"
"ALF01C01","Annual employment rate","2019","2019","530","55 - 59 years","2","Female","40","Tertiary education (Levels 5-8)","811D29A4-1E05-4F4A-B61B-43DE64E07B29","Northern and Western","%","74"
"ALF01C01","Annual employment rate","2019","2019","530","55 - 59 years","2","Female","40","Tertiary education (Levels 5-8)","97227605-23D5-4B98-BDB8-3EB5D0682A5A","Southern","%","73.4"
"ALF01C01","Annual employment rate","2019","2019","530","55 - 59 years","2","Female","40","Tertiary education (Levels 5-8)","C32761EB-7A21-4B95-8C7A-DB195C2955CE","Eastern and Midland","%","74.6"
"ALF01C01","Annual employment rate","2019","2019","530","55 - 59 years","2","Female","99","Level of education - not stated","IE0","Ireland","%","53.4"
"ALF01C01","Annual employment rate","2019","2019","530","55 - 59 years","2","Female","99","Level of education - not stated","811D29A4-1E05-4F4A-B61B-43DE64E07B29","Northern and Western","%",""
"ALF01C01","Annual employment rate","2019","2019","530","55 - 59 years","2","Female","99","Level of education - not stated","97227605-23D5-4B98-BDB8-3EB5D0682A5A","Southern","%",""
"ALF01C01","Annual employment rate","2019","2019","530","55 - 59 years","2","Female","99","Level of education - not stated","C32761EB-7A21-4B95-8C7A-DB195C2955CE","Eastern and Midland","%",""
"ALF01C01","Annual employment rate","2019","2019","550","60 - 64 years","-","Both sexes","-","Levels of Education (Levels  0-8)","IE0","Ireland","%","53.2"
"ALF01C01","Annual employment rate","2019","2019","550","60 - 64 years","-","Both sexes","-","Levels of Education (Levels  0-8)","811D29A4-1E05-4F4A-B61B-43DE64E07B29","Northern and Western","%","55.5"
"ALF01C01","Annual employment rate","2019","2019","550","60 - 64 years","-","Both sexes","-","Levels of Education (Levels  0-8)","97227605-23D5-4B98-BDB8-3EB5D0682A5A","Southern","%","50.1"
"ALF01C01","Annual employment rate","2019","2019","550","60 - 64 years","-","Both sexes","-","Levels of Education (Levels  0-8)","C32761EB-7A21-4B95-8C7A-DB195C2955CE","Eastern and Midland","%","54.5"
"ALF01C01","Annual employment rate","2019","2019","550","60 - 64 years","-","Both sexes","10","Less than primary (Level 0)","IE0","Ireland","%",""
"ALF01C01","Annual employment rate","2019","2019","550","60 - 64 years","-","Both sexes","10","Less than primary (Level 0)","811D29A4-1E05-4F4A-B61B-43DE64E07B29","Northern and Western","%",""
"ALF01C01","Annual employment rate","2019","2019","550","60 - 64 years","-","Both sexes","10","Less than primary (Level 0)","97227605-23D5-4B98-BDB8-3EB5D0682A5A","Southern","%",""
"ALF01C01","Annual employment rate","2019","2019","550","60 - 64 years","-","Both sexes","10","Less than primary (Level 0)","C32761EB-7A21-4B95-8C7A-DB195C2955CE","Eastern and Midland","%",""
"ALF01C01","Annual employment rate","2019","2019","550","60 - 64 years","-","Both sexes","20","Primary and lower secondary education (Levels 1-2)","IE0","Ireland","%","45.3"
"ALF01C01","Annual employment rate","2019","2019","550","60 - 64 years","-","Both sexes","20","Primary and lower secondary education (Levels 1-2)","811D29A4-1E05-4F4A-B61B-43DE64E07B29","Northern and Western","%","51.3"
"ALF01C01","Annual employment rate","2019","2019","550","60 - 64 years","-","Both sexes","20","Primary and lower secondary education (Levels 1-2)","97227605-23D5-4B98-BDB8-3EB5D0682A5A","Southern","%","42.2"
"ALF01C01","Annual employment rate","2019","2019","550","60 - 64 years","-","Both sexes","20","Primary and lower secondary education (Levels 1-2)","C32761EB-7A21-4B95-8C7A-DB195C2955CE","Eastern and Midland","%","44.8"
"ALF01C01","Annual employment rate","2019","2019","550","60 - 64 years","-","Both sexes","30","Upper secondary and post-secondary non-tertiary education (Levels 3 and 4)","IE0","Ireland","%","57"
"ALF01C01","Annual employment rate","2019","2019","550","60 - 64 years","-","Both sexes","30","Upper secondary and post-secondary non-tertiary education (Levels 3 and 4)","811D29A4-1E05-4F4A-B61B-43DE64E07B29","Northern and Western","%","60.1"
"ALF01C01","Annual employment rate","2019","2019","550","60 - 64 years","-","Both sexes","30","Upper secondary and post-secondary non-tertiary education (Levels 3 and 4)","97227605-23D5-4B98-BDB8-3EB5D0682A5A","Southern","%","55.7"
"ALF01C01","Annual employment rate","2019","2019","550","60 - 64 years","-","Both sexes","30","Upper secondary and post-secondary non-tertiary education (Levels 3 and 4)","C32761EB-7A21-4B95-8C7A-DB195C2955CE","Eastern and Midland","%","56.5"
"ALF01C01","Annual employment rate","2019","2019","550","60 - 64 years","-","Both sexes","40","Tertiary education (Levels 5-8)","IE0","Ireland","%","58.7"
"ALF01C01","Annual employment rate","2019","2019","550","60 - 64 years","-","Both sexes","40","Tertiary education (Levels 5-8)","811D29A4-1E05-4F4A-B61B-43DE64E07B29","Northern and Western","%","55"
"ALF01C01","Annual employment rate","2019","2019","550","60 - 64 years","-","Both sexes","40","Tertiary education (Levels 5-8)","97227605-23D5-4B98-BDB8-3EB5D0682A5A","Southern","%","54.3"
"ALF01C01","Annual employment rate","2019","2019","550","60 - 64 years","-","Both sexes","40","Tertiary education (Levels 5-8)","C32761EB-7A21-4B95-8C7A-DB195C2955CE","Eastern and Midland","%","62.6"
"ALF01C01","Annual employment rate","2019","2019","550","60 - 64 years","-","Both sexes","99","Level of education - not stated","IE0","Ireland","%","46.9"
"ALF01C01","Annual employment rate","2019","2019","550","60 - 64 years","-","Both sexes","99","Level of education - not stated","811D29A4-1E05-4F4A-B61B-43DE64E07B29","Northern and Western","%",""
"ALF01C01","Annual employment rate","2019","2019","550","60 - 64 years","-","Both sexes","99","Level of education - not stated","97227605-23D5-4B98-BDB8-3EB5D0682A5A","Southern","%","40.1"
"ALF01C01","Annual employment rate","2019","2019","550","60 - 64 years","-","Both sexes","99","Level of education - not stated","C32761EB-7A21-4B95-8C7A-DB195C2955CE","Eastern and Midland","%","50.8"
"ALF01C01","Annual employment rate","2019","2019","550","60 - 64 years","1","Male","-","Levels of Education (Levels  0-8)","IE0","Ireland","%","60.8"
"ALF01C01","Annual employment rate","2019","2019","550","60 - 64 years","1","Male","-","Levels of Education (Levels  0-8)","811D29A4-1E05-4F4A-B61B-43DE64E07B29","Northern and Western","%","63.4"
"ALF01C01","Annual employment rate","2019","2019","550","60 - 64 years","1","Male","-","Levels of Education (Levels  0-8)","97227605-23D5-4B98-BDB8-3EB5D0682A5A","Southern","%","59.4"
"ALF01C01","Annual employment rate","2019","2019","550","60 - 64 years","1","Male","-","Levels of Education (Levels  0-8)","C32761EB-7A21-4B95-8C7A-DB195C2955CE","Eastern and Midland","%","60.9"
"ALF01C01","Annual employment rate","2019","2019","550","60 - 64 years","1","Male","10","Less than primary (Level 0)","IE0","Ireland","%",""
"ALF01C01","Annual employment rate","2019","2019","550","60 - 64 years","1","Male","10","Less than primary (Level 0)","811D29A4-1E05-4F4A-B61B-43DE64E07B29","Northern and Western","%",""
"ALF01C01","Annual employment rate","2019","2019","550","60 - 64 years","1","Male","10","Less than primary (Level 0)","97227605-23D5-4B98-BDB8-3EB5D0682A5A","Southern","%",""
"ALF01C01","Annual employment rate","2019","2019","550","60 - 64 years","1","Male","10","Less than primary (Level 0)","C32761EB-7A21-4B95-8C7A-DB195C2955CE","Eastern and Midland","%",""
"ALF01C01","Annual employment rate","2019","2019","550","60 - 64 years","1","Male","20","Primary and lower secondary education (Levels 1-2)","IE0","Ireland","%","56.1"
"ALF01C01","Annual employment rate","2019","2019","550","60 - 64 years","1","Male","20","Primary and lower secondary education (Levels 1-2)","811D29A4-1E05-4F4A-B61B-43DE64E07B29","Northern and Western","%","63.3"
"ALF01C01","Annual employment rate","2019","2019","550","60 - 64 years","1","Male","20","Primary and lower secondary education (Levels 1-2)","97227605-23D5-4B98-BDB8-3EB5D0682A5A","Southern","%","53.6"
"ALF01C01","Annual employment rate","2019","2019","550","60 - 64 years","1","Male","20","Primary and lower secondary education (Levels 1-2)","C32761EB-7A21-4B95-8C7A-DB195C2955CE","Eastern and Midland","%","54.1"
"ALF01C01","Annual employment rate","2019","2019","550","60 - 64 years","1","Male","30","Upper secondary and post-secondary non-tertiary education (Levels 3 and 4)","IE0","Ireland","%","64.5"
"ALF01C01","Annual employment rate","2019","2019","550","60 - 64 years","1","Male","30","Upper secondary and post-secondary non-tertiary education (Levels 3 and 4)","811D29A4-1E05-4F4A-B61B-43DE64E07B29","Northern and Western","%","69"
"ALF01C01","Annual employment rate","2019","2019","550","60 - 64 years","1","Male","30","Upper secondary and post-secondary non-tertiary education (Levels 3 and 4)","97227605-23D5-4B98-BDB8-3EB5D0682A5A","Southern","%","64.7"
"ALF01C01","Annual employment rate","2019","2019","550","60 - 64 years","1","Male","30","Upper secondary and post-secondary non-tertiary education (Levels 3 and 4)","C32761EB-7A21-4B95-8C7A-DB195C2955CE","Eastern and Midland","%","62.2"
"ALF01C01","Annual employment rate","2019","2019","550","60 - 64 years","1","Male","40","Tertiary education (Levels 5-8)","IE0","Ireland","%","62.8"
"ALF01C01","Annual employment rate","2019","2019","550","60 - 64 years","1","Male","40","Tertiary education (Levels 5-8)","811D29A4-1E05-4F4A-B61B-43DE64E07B29","Northern and Western","%","54.7"
"ALF01C01","Annual employment rate","2019","2019","550","60 - 64 years","1","Male","40","Tertiary education (Levels 5-8)","97227605-23D5-4B98-BDB8-3EB5D0682A5A","Southern","%","60.8"
"ALF01C01","Annual employment rate","2019","2019","550","60 - 64 years","1","Male","40","Tertiary education (Levels 5-8)","C32761EB-7A21-4B95-8C7A-DB195C2955CE","Eastern and Midland","%","66.4"
"ALF01C01","Annual employment rate","2019","2019","550","60 - 64 years","1","Male","99","Level of education - not stated","IE0","Ireland","%","68.1"
"ALF01C01","Annual employment rate","2019","2019","550","60 - 64 years","1","Male","99","Level of education - not stated","811D29A4-1E05-4F4A-B61B-43DE64E07B29","Northern and Western","%",""
"ALF01C01","Annual employment rate","2019","2019","550","60 - 64 years","1","Male","99","Level of education - not stated","97227605-23D5-4B98-BDB8-3EB5D0682A5A","Southern","%",""
"ALF01C01","Annual employment rate","2019","2019","550","60 - 64 years","1","Male","99","Level of education - not stated","C32761EB-7A21-4B95-8C7A-DB195C2955CE","Eastern and Midland","%",""
"ALF01C01","Annual employment rate","2019","2019","550","60 - 64 years","2","Female","-","Levels of Education (Levels  0-8)","IE0","Ireland","%","45.7"
"ALF01C01","Annual employment rate","2019","2019","550","60 - 64 years","2","Female","-","Levels of Education (Levels  0-8)","811D29A4-1E05-4F4A-B61B-43DE64E07B29","Northern and Western","%","47.7"
"ALF01C01","Annual employment rate","2019","2019","550","60 - 64 years","2","Female","-","Levels of Education (Levels  0-8)","97227605-23D5-4B98-BDB8-3EB5D0682A5A","Southern","%","40.7"
"ALF01C01","Annual employment rate","2019","2019","550","60 - 64 years","2","Female","-","Levels of Education (Levels  0-8)","C32761EB-7A21-4B95-8C7A-DB195C2955CE","Eastern and Midland","%","48.5"
"ALF01C01","Annual employment rate","2019","2019","550","60 - 64 years","2","Female","10","Less than primary (Level 0)","IE0","Ireland","%",""
"ALF01C01","Annual employment rate","2019","2019","550","60 - 64 years","2","Female","10","Less than primary (Level 0)","811D29A4-1E05-4F4A-B61B-43DE64E07B29","Northern and Western","%",""
"ALF01C01","Annual employment rate","2019","2019","550","60 - 64 years","2","Female","10","Less than primary (Level 0)","97227605-23D5-4B98-BDB8-3EB5D0682A5A","Southern","%",""
"ALF01C01","Annual employment rate","2019","2019","550","60 - 64 years","2","Female","10","Less than primary (Level 0)","C32761EB-7A21-4B95-8C7A-DB195C2955CE","Eastern and Midland","%",""
"ALF01C01","Annual employment rate","2019","2019","550","60 - 64 years","2","Female","20","Primary and lower secondary education (Levels 1-2)","IE0","Ireland","%","31.9"
"ALF01C01","Annual employment rate","2019","2019","550","60 - 64 years","2","Female","20","Primary and lower secondary education (Levels 1-2)","811D29A4-1E05-4F4A-B61B-43DE64E07B29","Northern and Western","%","31.5"
"ALF01C01","Annual employment rate","2019","2019","550","60 - 64 years","2","Female","20","Primary and lower secondary education (Levels 1-2)","97227605-23D5-4B98-BDB8-3EB5D0682A5A","Southern","%","28.6"
"ALF01C01","Annual employment rate","2019","2019","550","60 - 64 years","2","Female","20","Primary and lower secondary education (Levels 1-2)","C32761EB-7A21-4B95-8C7A-DB195C2955CE","Eastern and Midland","%","34.7"
"ALF01C01","Annual employment rate","2019","2019","550","60 - 64 years","2","Female","30","Upper secondary and post-secondary non-tertiary education (Levels 3 and 4)","IE0","Ireland","%","50.1"
"ALF01C01","Annual employment rate","2019","2019","550","60 - 64 years","2","Female","30","Upper secondary and post-secondary non-tertiary education (Levels 3 and 4)","811D29A4-1E05-4F4A-B61B-43DE64E07B29","Northern and Western","%","53.7"
"ALF01C01","Annual employment rate","2019","2019","550","60 - 64 years","2","Female","30","Upper secondary and post-secondary non-tertiary education (Levels 3 and 4)","97227605-23D5-4B98-BDB8-3EB5D0682A5A","Southern","%","46.2"
"ALF01C01","Annual employment rate","2019","2019","550","60 - 64 years","2","Female","30","Upper secondary and post-secondary non-tertiary education (Levels 3 and 4)","C32761EB-7A21-4B95-8C7A-DB195C2955CE","Eastern and Midland","%","51.3"
"ALF01C01","Annual employment rate","2019","2019","550","60 - 64 years","2","Female","40","Tertiary education (Levels 5-8)","IE0","Ireland","%","55.2"
"ALF01C01","Annual employment rate","2019","2019","550","60 - 64 years","2","Female","40","Tertiary education (Levels 5-8)","811D29A4-1E05-4F4A-B61B-43DE64E07B29","Northern and Western","%","55.2"
"ALF01C01","Annual employment rate","2019","2019","550","60 - 64 years","2","Female","40","Tertiary education (Levels 5-8)","97227605-23D5-4B98-BDB8-3EB5D0682A5A","Southern","%","49.2"
"ALF01C01","Annual employment rate","2019","2019","550","60 - 64 years","2","Female","40","Tertiary education (Levels 5-8)","C32761EB-7A21-4B95-8C7A-DB195C2955CE","Eastern and Midland","%","59.3"
"ALF01C01","Annual employment rate","2019","2019","550","60 - 64 years","2","Female","99","Level of education - not stated","IE0","Ireland","%",""
"ALF01C01","Annual employment rate","2019","2019","550","60 - 64 years","2","Female","99","Level of education - not stated","811D29A4-1E05-4F4A-B61B-43DE64E07B29","Northern and Western","%",""
"ALF01C01","Annual employment rate","2019","2019","550","60 - 64 years","2","Female","99","Level of education - not stated","97227605-23D5-4B98-BDB8-3EB5D0682A5A","Southern","%",""
"ALF01C01","Annual employment rate","2019","2019","550","60 - 64 years","2","Female","99","Level of education - not stated","C32761EB-7A21-4B95-8C7A-DB195C2955CE","Eastern and Midland","%",""
"ALF01C01","Annual employment rate","2020","2020","-","All ages","-","Both sexes","-","Levels of Education (Levels  0-8)","IE0","Ireland","%","72"
"ALF01C01","Annual employment rate","2020","2020","-","All ages","-","Both sexes","-","Levels of Education (Levels  0-8)","811D29A4-1E05-4F4A-B61B-43DE64E07B29","Northern and Western","%","70.9"
"ALF01C01","Annual employment rate","2020","2020","-","All ages","-","Both sexes","-","Levels of Education (Levels  0-8)","97227605-23D5-4B98-BDB8-3EB5D0682A5A","Southern","%","70.7"
"ALF01C01","Annual employment rate","2020","2020","-","All ages","-","Both sexes","-","Levels of Education (Levels  0-8)","C32761EB-7A21-4B95-8C7A-DB195C2955CE","Eastern and Midland","%","73.2"
"ALF01C01","Annual employment rate","2020","2020","-","All ages","-","Both sexes","10","Less than primary (Level 0)","IE0","Ireland","%",""
"ALF01C01","Annual employment rate","2020","2020","-","All ages","-","Both sexes","10","Less than primary (Level 0)","811D29A4-1E05-4F4A-B61B-43DE64E07B29","Northern and Western","%",""
"ALF01C01","Annual employment rate","2020","2020","-","All ages","-","Both sexes","10","Less than primary (Level 0)","97227605-23D5-4B98-BDB8-3EB5D0682A5A","Southern","%",""
"ALF01C01","Annual employment rate","2020","2020","-","All ages","-","Both sexes","10","Less than primary (Level 0)","C32761EB-7A21-4B95-8C7A-DB195C2955CE","Eastern and Midland","%",""
"ALF01C01","Annual employment rate","2020","2020","-","All ages","-","Both sexes","20","Primary and lower secondary education (Levels 1-2)","IE0","Ireland","%","50.4"
"ALF01C01","Annual employment rate","2020","2020","-","All ages","-","Both sexes","20","Primary and lower secondary education (Levels 1-2)","811D29A4-1E05-4F4A-B61B-43DE64E07B29","Northern and Western","%","54.3"
"ALF01C01","Annual employment rate","2020","2020","-","All ages","-","Both sexes","20","Primary and lower secondary education (Levels 1-2)","97227605-23D5-4B98-BDB8-3EB5D0682A5A","Southern","%","49"
"ALF01C01","Annual employment rate","2020","2020","-","All ages","-","Both sexes","20","Primary and lower secondary education (Levels 1-2)","C32761EB-7A21-4B95-8C7A-DB195C2955CE","Eastern and Midland","%","50.1"
"ALF01C01","Annual employment rate","2020","2020","-","All ages","-","Both sexes","30","Upper secondary and post-secondary non-tertiary education (Levels 3 and 4)","IE0","Ireland","%","66.8"
"ALF01C01","Annual employment rate","2020","2020","-","All ages","-","Both sexes","30","Upper secondary and post-secondary non-tertiary education (Levels 3 and 4)","811D29A4-1E05-4F4A-B61B-43DE64E07B29","Northern and Western","%","66.3"
"ALF01C01","Annual employment rate","2020","2020","-","All ages","-","Both sexes","30","Upper secondary and post-secondary non-tertiary education (Levels 3 and 4)","97227605-23D5-4B98-BDB8-3EB5D0682A5A","Southern","%","66.6"
"ALF01C01","Annual employment rate","2020","2020","-","All ages","-","Both sexes","30","Upper secondary and post-secondary non-tertiary education (Levels 3 and 4)","C32761EB-7A21-4B95-8C7A-DB195C2955CE","Eastern and Midland","%","67.2"
"ALF01C01","Annual employment rate","2020","2020","-","All ages","-","Both sexes","40","Tertiary education (Levels 5-8)","IE0","Ireland","%","82.7"
"ALF01C01","Annual employment rate","2020","2020","-","All ages","-","Both sexes","40","Tertiary education (Levels 5-8)","811D29A4-1E05-4F4A-B61B-43DE64E07B29","Northern and Western","%","80.9"
"ALF01C01","Annual employment rate","2020","2020","-","All ages","-","Both sexes","40","Tertiary education (Levels 5-8)","97227605-23D5-4B98-BDB8-3EB5D0682A5A","Southern","%","82.5"
"ALF01C01","Annual employment rate","2020","2020","-","All ages","-","Both sexes","40","Tertiary education (Levels 5-8)","C32761EB-7A21-4B95-8C7A-DB195C2955CE","Eastern and Midland","%","83.3"
"ALF01C01","Annual employment rate","2020","2020","-","All ages","-","Both sexes","99","Level of education - not stated","IE0","Ireland","%","69.3"
"ALF01C01","Annual employment rate","2020","2020","-","All ages","-","Both sexes","99","Level of education - not stated","811D29A4-1E05-4F4A-B61B-43DE64E07B29","Northern and Western","%","67.2"
"ALF01C01","Annual employment rate","2020","2020","-","All ages","-","Both sexes","99","Level of education - not stated","97227605-23D5-4B98-BDB8-3EB5D0682A5A","Southern","%","67.4"
"ALF01C01","Annual employment rate","2020","2020","-","All ages","-","Both sexes","99","Level of education - not stated","C32761EB-7A21-4B95-8C7A-DB195C2955CE","Eastern and Midland","%","71.5"
"ALF01C01","Annual employment rate","2020","2020","-","All ages","1","Male","-","Levels of Education (Levels  0-8)","IE0","Ireland","%","78.5"
"ALF01C01","Annual employment rate","2020","2020","-","All ages","1","Male","-","Levels of Education (Levels  0-8)","811D29A4-1E05-4F4A-B61B-43DE64E07B29","Northern and Western","%","77.4"
"ALF01C01","Annual employment rate","2020","2020","-","All ages","1","Male","-","Levels of Education (Levels  0-8)","97227605-23D5-4B98-BDB8-3EB5D0682A5A","Southern","%","76.9"
"ALF01C01","Annual employment rate","2020","2020","-","All ages","1","Male","-","Levels of Education (Levels  0-8)","C32761EB-7A21-4B95-8C7A-DB195C2955CE","Eastern and Midland","%","79.8"
"ALF01C01","Annual employment rate","2020","2020","-","All ages","1","Male","10","Less than primary (Level 0)","IE0","Ireland","%",""
"ALF01C01","Annual employment rate","2020","2020","-","All ages","1","Male","10","Less than primary (Level 0)","811D29A4-1E05-4F4A-B61B-43DE64E07B29","Northern and Western","%",""
"ALF01C01","Annual employment rate","2020","2020","-","All ages","1","Male","10","Less than primary (Level 0)","97227605-23D5-4B98-BDB8-3EB5D0682A5A","Southern","%",""
"ALF01C01","Annual employment rate","2020","2020","-","All ages","1","Male","10","Less than primary (Level 0)","C32761EB-7A21-4B95-8C7A-DB195C2955CE","Eastern and Midland","%",""
"ALF01C01","Annual employment rate","2020","2020","-","All ages","1","Male","20","Primary and lower secondary education (Levels 1-2)","IE0","Ireland","%","61.8"
"ALF01C01","Annual employment rate","2020","2020","-","All ages","1","Male","20","Primary and lower secondary education (Levels 1-2)","811D29A4-1E05-4F4A-B61B-43DE64E07B29","Northern and Western","%","66.5"
"ALF01C01","Annual employment rate","2020","2020","-","All ages","1","Male","20","Primary and lower secondary education (Levels 1-2)","97227605-23D5-4B98-BDB8-3EB5D0682A5A","Southern","%","60.6"
"ALF01C01","Annual employment rate","2020","2020","-","All ages","1","Male","20","Primary and lower secondary education (Levels 1-2)","C32761EB-7A21-4B95-8C7A-DB195C2955CE","Eastern and Midland","%","60.8"
"ALF01C01","Annual employment rate","2020","2020","-","All ages","1","Male","30","Upper secondary and post-secondary non-tertiary education (Levels 3 and 4)","IE0","Ireland","%","75.7"
"ALF01C01","Annual employment rate","2020","2020","-","All ages","1","Male","30","Upper secondary and post-secondary non-tertiary education (Levels 3 and 4)","811D29A4-1E05-4F4A-B61B-43DE64E07B29","Northern and Western","%","75.4"
"ALF01C01","Annual employment rate","2020","2020","-","All ages","1","Male","30","Upper secondary and post-secondary non-tertiary education (Levels 3 and 4)","97227605-23D5-4B98-BDB8-3EB5D0682A5A","Southern","%","75.2"
"ALF01C01","Annual employment rate","2020","2020","-","All ages","1","Male","30","Upper secondary and post-secondary non-tertiary education (Levels 3 and 4)","C32761EB-7A21-4B95-8C7A-DB195C2955CE","Eastern and Midland","%","76.3"
"ALF01C01","Annual employment rate","2020","2020","-","All ages","1","Male","40","Tertiary education (Levels 5-8)","IE0","Ireland","%","87.5"
"ALF01C01","Annual employment rate","2020","2020","-","All ages","1","Male","40","Tertiary education (Levels 5-8)","811D29A4-1E05-4F4A-B61B-43DE64E07B29","Northern and Western","%","85.3"
"ALF01C01","Annual employment rate","2020","2020","-","All ages","1","Male","40","Tertiary education (Levels 5-8)","97227605-23D5-4B98-BDB8-3EB5D0682A5A","Southern","%","87.2"
"ALF01C01","Annual employment rate","2020","2020","-","All ages","1","Male","40","Tertiary education (Levels 5-8)","C32761EB-7A21-4B95-8C7A-DB195C2955CE","Eastern and Midland","%","88.2"
"ALF01C01","Annual employment rate","2020","2020","-","All ages","1","Male","99","Level of education - not stated","IE0","Ireland","%","75.2"
"ALF01C01","Annual employment rate","2020","2020","-","All ages","1","Male","99","Level of education - not stated","811D29A4-1E05-4F4A-B61B-43DE64E07B29","Northern and Western","%","73.5"
"ALF01C01","Annual employment rate","2020","2020","-","All ages","1","Male","99","Level of education - not stated","97227605-23D5-4B98-BDB8-3EB5D0682A5A","Southern","%","71.8"
"ALF01C01","Annual employment rate","2020","2020","-","All ages","1","Male","99","Level of education - not stated","C32761EB-7A21-4B95-8C7A-DB195C2955CE","Eastern and Midland","%","78.4"
"ALF01C01","Annual employment rate","2020","2020","-","All ages","2","Female","-","Levels of Education (Levels  0-8)","IE0","Ireland","%","65.7"
"ALF01C01","Annual employment rate","2020","2020","-","All ages","2","Female","-","Levels of Education (Levels  0-8)","811D29A4-1E05-4F4A-B61B-43DE64E07B29","Northern and Western","%","64.6"
"ALF01C01","Annual employment rate","2020","2020","-","All ages","2","Female","-","Levels of Education (Levels  0-8)","97227605-23D5-4B98-BDB8-3EB5D0682A5A","Southern","%","64.6"
"ALF01C01","Annual employment rate","2020","2020","-","All ages","2","Female","-","Levels of Education (Levels  0-8)","C32761EB-7A21-4B95-8C7A-DB195C2955CE","Eastern and Midland","%","66.8"
"ALF01C01","Annual employment rate","2020","2020","-","All ages","2","Female","10","Less than primary (Level 0)","IE0","Ireland","%",""
"ALF01C01","Annual employment rate","2020","2020","-","All ages","2","Female","10","Less than primary (Level 0)","811D29A4-1E05-4F4A-B61B-43DE64E07B29","Northern and Western","%",""
"ALF01C01","Annual employment rate","2020","2020","-","All ages","2","Female","10","Less than primary (Level 0)","97227605-23D5-4B98-BDB8-3EB5D0682A5A","Southern","%",""
"ALF01C01","Annual employment rate","2020","2020","-","All ages","2","Female","10","Less than primary (Level 0)","C32761EB-7A21-4B95-8C7A-DB195C2955CE","Eastern and Midland","%",""
"ALF01C01","Annual employment rate","2020","2020","-","All ages","2","Female","20","Primary and lower secondary education (Levels 1-2)","IE0","Ireland","%","34.8"
"ALF01C01","Annual employment rate","2020","2020","-","All ages","2","Female","20","Primary and lower secondary education (Levels 1-2)","811D29A4-1E05-4F4A-B61B-43DE64E07B29","Northern and Western","%","32.8"
"ALF01C01","Annual employment rate","2020","2020","-","All ages","2","Female","20","Primary and lower secondary education (Levels 1-2)","97227605-23D5-4B98-BDB8-3EB5D0682A5A","Southern","%","32.3"
"ALF01C01","Annual employment rate","2020","2020","-","All ages","2","Female","20","Primary and lower secondary education (Levels 1-2)","C32761EB-7A21-4B95-8C7A-DB195C2955CE","Eastern and Midland","%","37.2"
"ALF01C01","Annual employment rate","2020","2020","-","All ages","2","Female","30","Upper secondary and post-secondary non-tertiary education (Levels 3 and 4)","IE0","Ireland","%","57.5"
"ALF01C01","Annual employment rate","2020","2020","-","All ages","2","Female","30","Upper secondary and post-secondary non-tertiary education (Levels 3 and 4)","811D29A4-1E05-4F4A-B61B-43DE64E07B29","Northern and Western","%","56.9"
"ALF01C01","Annual employment rate","2020","2020","-","All ages","2","Female","30","Upper secondary and post-secondary non-tertiary education (Levels 3 and 4)","97227605-23D5-4B98-BDB8-3EB5D0682A5A","Southern","%","57.2"
"ALF01C01","Annual employment rate","2020","2020","-","All ages","2","Female","30","Upper secondary and post-secondary non-tertiary education (Levels 3 and 4)","C32761EB-7A21-4B95-8C7A-DB195C2955CE","Eastern and Midland","%","58"
"ALF01C01","Annual employment rate","2020","2020","-","All ages","2","Female","40","Tertiary education (Levels 5-8)","IE0","Ireland","%","78.7"
"ALF01C01","Annual employment rate","2020","2020","-","All ages","2","Female","40","Tertiary education (Levels 5-8)","811D29A4-1E05-4F4A-B61B-43DE64E07B29","Northern and Western","%","77.6"
"ALF01C01","Annual employment rate","2020","2020","-","All ages","2","Female","40","Tertiary education (Levels 5-8)","97227605-23D5-4B98-BDB8-3EB5D0682A5A","Southern","%","78.8"
"ALF01C01","Annual employment rate","2020","2020","-","All ages","2","Female","40","Tertiary education (Levels 5-8)","C32761EB-7A21-4B95-8C7A-DB195C2955CE","Eastern and Midland","%","79"
"ALF01C01","Annual employment rate","2020","2020","-","All ages","2","Female","99","Level of education - not stated","IE0","Ireland","%","62.6"
"ALF01C01","Annual employment rate","2020","2020","-","All ages","2","Female","99","Level of education - not stated","811D29A4-1E05-4F4A-B61B-43DE64E07B29","Northern and Western","%","58.6"
"ALF01C01","Annual employment rate","2020","2020","-","All ages","2","Female","99","Level of education - not stated","97227605-23D5-4B98-BDB8-3EB5D0682A5A","Southern","%","63.2"
"ALF01C01","Annual employment rate","2020","2020","-","All ages","2","Female","99","Level of education - not stated","C32761EB-7A21-4B95-8C7A-DB195C2955CE","Eastern and Midland","%","63.5"
"ALF01C01","Annual employment rate","2020","2020","365","20 - 24 years","-","Both sexes","-","Levels of Education (Levels  0-8)","IE0","Ireland","%","56.5"
"ALF01C01","Annual employment rate","2020","2020","365","20 - 24 years","-","Both sexes","-","Levels of Education (Levels  0-8)","811D29A4-1E05-4F4A-B61B-43DE64E07B29","Northern and Western","%","50.1"
"ALF01C01","Annual employment rate","2020","2020","365","20 - 24 years","-","Both sexes","-","Levels of Education (Levels  0-8)","97227605-23D5-4B98-BDB8-3EB5D0682A5A","Southern","%","56.5"
"ALF01C01","Annual employment rate","2020","2020","365","20 - 24 years","-","Both sexes","-","Levels of Education (Levels  0-8)","C32761EB-7A21-4B95-8C7A-DB195C2955CE","Eastern and Midland","%","58.6"
"ALF01C01","Annual employment rate","2020","2020","365","20 - 24 years","-","Both sexes","10","Less than primary (Level 0)","IE0","Ireland","%",""
"ALF01C01","Annual employment rate","2020","2020","365","20 - 24 years","-","Both sexes","10","Less than primary (Level 0)","811D29A4-1E05-4F4A-B61B-43DE64E07B29","Northern and Western","%",""
"ALF01C01","Annual employment rate","2020","2020","365","20 - 24 years","-","Both sexes","10","Less than primary (Level 0)","97227605-23D5-4B98-BDB8-3EB5D0682A5A","Southern","%",""
"ALF01C01","Annual employment rate","2020","2020","365","20 - 24 years","-","Both sexes","10","Less than primary (Level 0)","C32761EB-7A21-4B95-8C7A-DB195C2955CE","Eastern and Midland","%",""
"ALF01C01","Annual employment rate","2020","2020","365","20 - 24 years","-","Both sexes","20","Primary and lower secondary education (Levels 1-2)","IE0","Ireland","%","31.9"
"ALF01C01","Annual employment rate","2020","2020","365","20 - 24 years","-","Both sexes","20","Primary and lower secondary education (Levels 1-2)","811D29A4-1E05-4F4A-B61B-43DE64E07B29","Northern and Western","%",""
"ALF01C01","Annual employment rate","2020","2020","365","20 - 24 years","-","Both sexes","20","Primary and lower secondary education (Levels 1-2)","97227605-23D5-4B98-BDB8-3EB5D0682A5A","Southern","%",""
"ALF01C01","Annual employment rate","2020","2020","365","20 - 24 years","-","Both sexes","20","Primary and lower secondary education (Levels 1-2)","C32761EB-7A21-4B95-8C7A-DB195C2955CE","Eastern and Midland","%","34.8"
"ALF01C01","Annual employment rate","2020","2020","365","20 - 24 years","-","Both sexes","30","Upper secondary and post-secondary non-tertiary education (Levels 3 and 4)","IE0","Ireland","%","52.2"
"ALF01C01","Annual employment rate","2020","2020","365","20 - 24 years","-","Both sexes","30","Upper secondary and post-secondary non-tertiary education (Levels 3 and 4)","811D29A4-1E05-4F4A-B61B-43DE64E07B29","Northern and Western","%","46.9"
"ALF01C01","Annual employment rate","2020","2020","365","20 - 24 years","-","Both sexes","30","Upper secondary and post-secondary non-tertiary education (Levels 3 and 4)","97227605-23D5-4B98-BDB8-3EB5D0682A5A","Southern","%","52.8"
"ALF01C01","Annual employment rate","2020","2020","365","20 - 24 years","-","Both sexes","30","Upper secondary and post-secondary non-tertiary education (Levels 3 and 4)","C32761EB-7A21-4B95-8C7A-DB195C2955CE","Eastern and Midland","%","53.6"
"ALF01C01","Annual employment rate","2020","2020","365","20 - 24 years","-","Both sexes","40","Tertiary education (Levels 5-8)","IE0","Ireland","%","71.6"
"ALF01C01","Annual employment rate","2020","2020","365","20 - 24 years","-","Both sexes","40","Tertiary education (Levels 5-8)","811D29A4-1E05-4F4A-B61B-43DE64E07B29","Northern and Western","%","64.3"
"ALF01C01","Annual employment rate","2020","2020","365","20 - 24 years","-","Both sexes","40","Tertiary education (Levels 5-8)","97227605-23D5-4B98-BDB8-3EB5D0682A5A","Southern","%","71.3"
"ALF01C01","Annual employment rate","2020","2020","365","20 - 24 years","-","Both sexes","40","Tertiary education (Levels 5-8)","C32761EB-7A21-4B95-8C7A-DB195C2955CE","Eastern and Midland","%","73.9"
"ALF01C01","Annual employment rate","2020","2020","365","20 - 24 years","-","Both sexes","99","Level of education - not stated","IE0","Ireland","%","62.3"
"ALF01C01","Annual employment rate","2020","2020","365","20 - 24 years","-","Both sexes","99","Level of education - not stated","811D29A4-1E05-4F4A-B61B-43DE64E07B29","Northern and Western","%",""
"ALF01C01","Annual employment rate","2020","2020","365","20 - 24 years","-","Both sexes","99","Level of education - not stated","97227605-23D5-4B98-BDB8-3EB5D0682A5A","Southern","%","70.6"
"ALF01C01","Annual employment rate","2020","2020","365","20 - 24 years","-","Both sexes","99","Level of education - not stated","C32761EB-7A21-4B95-8C7A-DB195C2955CE","Eastern and Midland","%","57.9"
"ALF01C01","Annual employment rate","2020","2020","365","20 - 24 years","1","Male","-","Levels of Education (Levels  0-8)","IE0","Ireland","%","56.7"
"ALF01C01","Annual employment rate","2020","2020","365","20 - 24 years","1","Male","-","Levels of Education (Levels  0-8)","811D29A4-1E05-4F4A-B61B-43DE64E07B29","Northern and Western","%","52"
"ALF01C01","Annual employment rate","2020","2020","365","20 - 24 years","1","Male","-","Levels of Education (Levels  0-8)","97227605-23D5-4B98-BDB8-3EB5D0682A5A","Southern","%","53.4"
"ALF01C01","Annual employment rate","2020","2020","365","20 - 24 years","1","Male","-","Levels of Education (Levels  0-8)","C32761EB-7A21-4B95-8C7A-DB195C2955CE","Eastern and Midland","%","60.3"
"ALF01C01","Annual employment rate","2020","2020","365","20 - 24 years","1","Male","10","Less than primary (Level 0)","IE0","Ireland","%",""
"ALF01C01","Annual employment rate","2020","2020","365","20 - 24 years","1","Male","10","Less than primary (Level 0)","811D29A4-1E05-4F4A-B61B-43DE64E07B29","Northern and Western","%",""
"ALF01C01","Annual employment rate","2020","2020","365","20 - 24 years","1","Male","10","Less than primary (Level 0)","97227605-23D5-4B98-BDB8-3EB5D0682A5A","Southern","%",""
"ALF01C01","Annual employment rate","2020","2020","365","20 - 24 years","1","Male","10","Less than primary (Level 0)","C32761EB-7A21-4B95-8C7A-DB195C2955CE","Eastern and Midland","%",""
"ALF01C01","Annual employment rate","2020","2020","365","20 - 24 years","1","Male","20","Primary and lower secondary education (Levels 1-2)","IE0","Ireland","%","31.4"
"ALF01C01","Annual employment rate","2020","2020","365","20 - 24 years","1","Male","20","Primary and lower secondary education (Levels 1-2)","811D29A4-1E05-4F4A-B61B-43DE64E07B29","Northern and Western","%",""
"ALF01C01","Annual employment rate","2020","2020","365","20 - 24 years","1","Male","20","Primary and lower secondary education (Levels 1-2)","97227605-23D5-4B98-BDB8-3EB5D0682A5A","Southern","%",""
"ALF01C01","Annual employment rate","2020","2020","365","20 - 24 years","1","Male","20","Primary and lower secondary education (Levels 1-2)","C32761EB-7A21-4B95-8C7A-DB195C2955CE","Eastern and Midland","%",""
"ALF01C01","Annual employment rate","2020","2020","365","20 - 24 years","1","Male","30","Upper secondary and post-secondary non-tertiary education (Levels 3 and 4)","IE0","Ireland","%","54.2"
"ALF01C01","Annual employment rate","2020","2020","365","20 - 24 years","1","Male","30","Upper secondary and post-secondary non-tertiary education (Levels 3 and 4)","811D29A4-1E05-4F4A-B61B-43DE64E07B29","Northern and Western","%","51.8"
"ALF01C01","Annual employment rate","2020","2020","365","20 - 24 years","1","Male","30","Upper secondary and post-secondary non-tertiary education (Levels 3 and 4)","97227605-23D5-4B98-BDB8-3EB5D0682A5A","Southern","%","51.1"
"ALF01C01","Annual employment rate","2020","2020","365","20 - 24 years","1","Male","30","Upper secondary and post-secondary non-tertiary education (Levels 3 and 4)","C32761EB-7A21-4B95-8C7A-DB195C2955CE","Eastern and Midland","%","57.2"
"ALF01C01","Annual employment rate","2020","2020","365","20 - 24 years","1","Male","40","Tertiary education (Levels 5-8)","IE0","Ireland","%","69.8"
"ALF01C01","Annual employment rate","2020","2020","365","20 - 24 years","1","Male","40","Tertiary education (Levels 5-8)","811D29A4-1E05-4F4A-B61B-43DE64E07B29","Northern and Western","%","58.8"
"ALF01C01","Annual employment rate","2020","2020","365","20 - 24 years","1","Male","40","Tertiary education (Levels 5-8)","97227605-23D5-4B98-BDB8-3EB5D0682A5A","Southern","%","69.5"
"ALF01C01","Annual employment rate","2020","2020","365","20 - 24 years","1","Male","40","Tertiary education (Levels 5-8)","C32761EB-7A21-4B95-8C7A-DB195C2955CE","Eastern and Midland","%","72.7"
"ALF01C01","Annual employment rate","2020","2020","365","20 - 24 years","1","Male","99","Level of education - not stated","IE0","Ireland","%",""
"ALF01C01","Annual employment rate","2020","2020","365","20 - 24 years","1","Male","99","Level of education - not stated","811D29A4-1E05-4F4A-B61B-43DE64E07B29","Northern and Western","%",""
"ALF01C01","Annual employment rate","2020","2020","365","20 - 24 years","1","Male","99","Level of education - not stated","97227605-23D5-4B98-BDB8-3EB5D0682A5A","Southern","%",""
"ALF01C01","Annual employment rate","2020","2020","365","20 - 24 years","1","Male","99","Level of education - not stated","C32761EB-7A21-4B95-8C7A-DB195C2955CE","Eastern and Midland","%",""
"ALF01C01","Annual employment rate","2020","2020","365","20 - 24 years","2","Female","-","Levels of Education (Levels  0-8)","IE0","Ireland","%","56.3"
"ALF01C01","Annual employment rate","2020","2020","365","20 - 24 years","2","Female","-","Levels of Education (Levels  0-8)","811D29A4-1E05-4F4A-B61B-43DE64E07B29","Northern and Western","%","48.2"
"ALF01C01","Annual employment rate","2020","2020","365","20 - 24 years","2","Female","-","Levels of Education (Levels  0-8)","97227605-23D5-4B98-BDB8-3EB5D0682A5A","Southern","%","59.6"
"ALF01C01","Annual employment rate","2020","2020","365","20 - 24 years","2","Female","-","Levels of Education (Levels  0-8)","C32761EB-7A21-4B95-8C7A-DB195C2955CE","Eastern and Midland","%","56.9"
"ALF01C01","Annual employment rate","2020","2020","365","20 - 24 years","2","Female","10","Less than primary (Level 0)","IE0","Ireland","%",""
"ALF01C01","Annual employment rate","2020","2020","365","20 - 24 years","2","Female","10","Less than primary (Level 0)","811D29A4-1E05-4F4A-B61B-43DE64E07B29","Northern and Western","%",""
"ALF01C01","Annual employment rate","2020","2020","365","20 - 24 years","2","Female","10","Less than primary (Level 0)","97227605-23D5-4B98-BDB8-3EB5D0682A5A","Southern","%",""
"ALF01C01","Annual employment rate","2020","2020","365","20 - 24 years","2","Female","10","Less than primary (Level 0)","C32761EB-7A21-4B95-8C7A-DB195C2955CE","Eastern and Midland","%",""
"ALF01C01","Annual employment rate","2020","2020","365","20 - 24 years","2","Female","20","Primary and lower secondary education (Levels 1-2)","IE0","Ireland","%","32.4"
"ALF01C01","Annual employment rate","2020","2020","365","20 - 24 years","2","Female","20","Primary and lower secondary education (Levels 1-2)","811D29A4-1E05-4F4A-B61B-43DE64E07B29","Northern and Western","%",""
"ALF01C01","Annual employment rate","2020","2020","365","20 - 24 years","2","Female","20","Primary and lower secondary education (Levels 1-2)","97227605-23D5-4B98-BDB8-3EB5D0682A5A","Southern","%",""
"ALF01C01","Annual employment rate","2020","2020","365","20 - 24 years","2","Female","20","Primary and lower secondary education (Levels 1-2)","C32761EB-7A21-4B95-8C7A-DB195C2955CE","Eastern and Midland","%",""
"ALF01C01","Annual employment rate","2020","2020","365","20 - 24 years","2","Female","30","Upper secondary and post-secondary non-tertiary education (Levels 3 and 4)","IE0","Ireland","%","49.7"
"ALF01C01","Annual employment rate","2020","2020","365","20 - 24 years","2","Female","30","Upper secondary and post-secondary non-tertiary education (Levels 3 and 4)","811D29A4-1E05-4F4A-B61B-43DE64E07B29","Northern and Western","%","41"
"ALF01C01","Annual employment rate","2020","2020","365","20 - 24 years","2","Female","30","Upper secondary and post-secondary non-tertiary education (Levels 3 and 4)","97227605-23D5-4B98-BDB8-3EB5D0682A5A","Southern","%","54.8"
"ALF01C01","Annual employment rate","2020","2020","365","20 - 24 years","2","Female","30","Upper secondary and post-secondary non-tertiary education (Levels 3 and 4)","C32761EB-7A21-4B95-8C7A-DB195C2955CE","Eastern and Midland","%","49.3"
"ALF01C01","Annual employment rate","2020","2020","365","20 - 24 years","2","Female","40","Tertiary education (Levels 5-8)","IE0","Ireland","%","73.1"
"ALF01C01","Annual employment rate","2020","2020","365","20 - 24 years","2","Female","40","Tertiary education (Levels 5-8)","811D29A4-1E05-4F4A-B61B-43DE64E07B29","Northern and Western","%","68"
"ALF01C01","Annual employment rate","2020","2020","365","20 - 24 years","2","Female","40","Tertiary education (Levels 5-8)","97227605-23D5-4B98-BDB8-3EB5D0682A5A","Southern","%","72.8"
"ALF01C01","Annual employment rate","2020","2020","365","20 - 24 years","2","Female","40","Tertiary education (Levels 5-8)","C32761EB-7A21-4B95-8C7A-DB195C2955CE","Eastern and Midland","%","74.9"
"ALF01C01","Annual employment rate","2020","2020","365","20 - 24 years","2","Female","99","Level of education - not stated","IE0","Ireland","%","62.8"
"ALF01C01","Annual employment rate","2020","2020","365","20 - 24 years","2","Female","99","Level of education - not stated","811D29A4-1E05-4F4A-B61B-43DE64E07B29","Northern and Western","%",""
"ALF01C01","Annual employment rate","2020","2020","365","20 - 24 years","2","Female","99","Level of education - not stated","97227605-23D5-4B98-BDB8-3EB5D0682A5A","Southern","%",""
"ALF01C01","Annual employment rate","2020","2020","365","20 - 24 years","2","Female","99","Level of education - not stated","C32761EB-7A21-4B95-8C7A-DB195C2955CE","Eastern and Midland","%",""
"ALF01C01","Annual employment rate","2020","2020","410","25 - 29 years","-","Both sexes","-","Levels of Education (Levels  0-8)","IE0","Ireland","%","74.4"
"ALF01C01","Annual employment rate","2020","2020","410","25 - 29 years","-","Both sexes","-","Levels of Education (Levels  0-8)","811D29A4-1E05-4F4A-B61B-43DE64E07B29","Northern and Western","%","70"
"ALF01C01","Annual employment rate","2020","2020","410","25 - 29 years","-","Both sexes","-","Levels of Education (Levels  0-8)","97227605-23D5-4B98-BDB8-3EB5D0682A5A","Southern","%","73.6"
"ALF01C01","Annual employment rate","2020","2020","410","25 - 29 years","-","Both sexes","-","Levels of Education (Levels  0-8)","C32761EB-7A21-4B95-8C7A-DB195C2955CE","Eastern and Midland","%","76.1"
"ALF01C01","Annual employment rate","2020","2020","410","25 - 29 years","-","Both sexes","10","Less than primary (Level 0)","IE0","Ireland","%",""
"ALF01C01","Annual employment rate","2020","2020","410","25 - 29 years","-","Both sexes","10","Less than primary (Level 0)","811D29A4-1E05-4F4A-B61B-43DE64E07B29","Northern and Western","%",""
"ALF01C01","Annual employment rate","2020","2020","410","25 - 29 years","-","Both sexes","10","Less than primary (Level 0)","97227605-23D5-4B98-BDB8-3EB5D0682A5A","Southern","%",""
"ALF01C01","Annual employment rate","2020","2020","410","25 - 29 years","-","Both sexes","10","Less than primary (Level 0)","C32761EB-7A21-4B95-8C7A-DB195C2955CE","Eastern and Midland","%",""
"ALF01C01","Annual employment rate","2020","2020","410","25 - 29 years","-","Both sexes","20","Primary and lower secondary education (Levels 1-2)","IE0","Ireland","%","32.1"
"ALF01C01","Annual employment rate","2020","2020","410","25 - 29 years","-","Both sexes","20","Primary and lower secondary education (Levels 1-2)","811D29A4-1E05-4F4A-B61B-43DE64E07B29","Northern and Western","%",""
"ALF01C01","Annual employment rate","2020","2020","410","25 - 29 years","-","Both sexes","20","Primary and lower secondary education (Levels 1-2)","97227605-23D5-4B98-BDB8-3EB5D0682A5A","Southern","%",""
"ALF01C01","Annual employment rate","2020","2020","410","25 - 29 years","-","Both sexes","20","Primary and lower secondary education (Levels 1-2)","C32761EB-7A21-4B95-8C7A-DB195C2955CE","Eastern and Midland","%","32.1"
"ALF01C01","Annual employment rate","2020","2020","410","25 - 29 years","-","Both sexes","30","Upper secondary and post-secondary non-tertiary education (Levels 3 and 4)","IE0","Ireland","%","66.9"
"ALF01C01","Annual employment rate","2020","2020","410","25 - 29 years","-","Both sexes","30","Upper secondary and post-secondary non-tertiary education (Levels 3 and 4)","811D29A4-1E05-4F4A-B61B-43DE64E07B29","Northern and Western","%","65.6"
"ALF01C01","Annual employment rate","2020","2020","410","25 - 29 years","-","Both sexes","30","Upper secondary and post-secondary non-tertiary education (Levels 3 and 4)","97227605-23D5-4B98-BDB8-3EB5D0682A5A","Southern","%","67.3"
"ALF01C01","Annual employment rate","2020","2020","410","25 - 29 years","-","Both sexes","30","Upper secondary and post-secondary non-tertiary education (Levels 3 and 4)","C32761EB-7A21-4B95-8C7A-DB195C2955CE","Eastern and Midland","%","67"
"ALF01C01","Annual employment rate","2020","2020","410","25 - 29 years","-","Both sexes","40","Tertiary education (Levels 5-8)","IE0","Ireland","%","82.5"
"ALF01C01","Annual employment rate","2020","2020","410","25 - 29 years","-","Both sexes","40","Tertiary education (Levels 5-8)","811D29A4-1E05-4F4A-B61B-43DE64E07B29","Northern and Western","%","76.2"
"ALF01C01","Annual employment rate","2020","2020","410","25 - 29 years","-","Both sexes","40","Tertiary education (Levels 5-8)","97227605-23D5-4B98-BDB8-3EB5D0682A5A","Southern","%","82.5"
"ALF01C01","Annual employment rate","2020","2020","410","25 - 29 years","-","Both sexes","40","Tertiary education (Levels 5-8)","C32761EB-7A21-4B95-8C7A-DB195C2955CE","Eastern and Midland","%","84.1"
"ALF01C01","Annual employment rate","2020","2020","410","25 - 29 years","-","Both sexes","99","Level of education - not stated","IE0","Ireland","%","79.7"
"ALF01C01","Annual employment rate","2020","2020","410","25 - 29 years","-","Both sexes","99","Level of education - not stated","811D29A4-1E05-4F4A-B61B-43DE64E07B29","Northern and Western","%",""
"ALF01C01","Annual employment rate","2020","2020","410","25 - 29 years","-","Both sexes","99","Level of education - not stated","97227605-23D5-4B98-BDB8-3EB5D0682A5A","Southern","%","73.9"
"ALF01C01","Annual employment rate","2020","2020","410","25 - 29 years","-","Both sexes","99","Level of education - not stated","C32761EB-7A21-4B95-8C7A-DB195C2955CE","Eastern and Midland","%","85.2"
"ALF01C01","Annual employment rate","2020","2020","410","25 - 29 years","1","Male","-","Levels of Education (Levels  0-8)","IE0","Ireland","%","78"
"ALF01C01","Annual employment rate","2020","2020","410","25 - 29 years","1","Male","-","Levels of Education (Levels  0-8)","811D29A4-1E05-4F4A-B61B-43DE64E07B29","Northern and Western","%","72.6"
"ALF01C01","Annual employment rate","2020","2020","410","25 - 29 years","1","Male","-","Levels of Education (Levels  0-8)","97227605-23D5-4B98-BDB8-3EB5D0682A5A","Southern","%","77.2"
"ALF01C01","Annual employment rate","2020","2020","410","25 - 29 years","1","Male","-","Levels of Education (Levels  0-8)","C32761EB-7A21-4B95-8C7A-DB195C2955CE","Eastern and Midland","%","80.1"
"ALF01C01","Annual employment rate","2020","2020","410","25 - 29 years","1","Male","10","Less than primary (Level 0)","IE0","Ireland","%",""
"ALF01C01","Annual employment rate","2020","2020","410","25 - 29 years","1","Male","10","Less than primary (Level 0)","811D29A4-1E05-4F4A-B61B-43DE64E07B29","Northern and Western","%",""
"ALF01C01","Annual employment rate","2020","2020","410","25 - 29 years","1","Male","10","Less than primary (Level 0)","97227605-23D5-4B98-BDB8-3EB5D0682A5A","Southern","%",""
"ALF01C01","Annual employment rate","2020","2020","410","25 - 29 years","1","Male","10","Less than primary (Level 0)","C32761EB-7A21-4B95-8C7A-DB195C2955CE","Eastern and Midland","%",""
"ALF01C01","Annual employment rate","2020","2020","410","25 - 29 years","1","Male","20","Primary and lower secondary education (Levels 1-2)","IE0","Ireland","%","40.9"
"ALF01C01","Annual employment rate","2020","2020","410","25 - 29 years","1","Male","20","Primary and lower secondary education (Levels 1-2)","811D29A4-1E05-4F4A-B61B-43DE64E07B29","Northern and Western","%",""
"ALF01C01","Annual employment rate","2020","2020","410","25 - 29 years","1","Male","20","Primary and lower secondary education (Levels 1-2)","97227605-23D5-4B98-BDB8-3EB5D0682A5A","Southern","%",""
"ALF01C01","Annual employment rate","2020","2020","410","25 - 29 years","1","Male","20","Primary and lower secondary education (Levels 1-2)","C32761EB-7A21-4B95-8C7A-DB195C2955CE","Eastern and Midland","%",""
"ALF01C01","Annual employment rate","2020","2020","410","25 - 29 years","1","Male","30","Upper secondary and post-secondary non-tertiary education (Levels 3 and 4)","IE0","Ireland","%","74.8"
"ALF01C01","Annual employment rate","2020","2020","410","25 - 29 years","1","Male","30","Upper secondary and post-secondary non-tertiary education (Levels 3 and 4)","811D29A4-1E05-4F4A-B61B-43DE64E07B29","Northern and Western","%","73.6"
"ALF01C01","Annual employment rate","2020","2020","410","25 - 29 years","1","Male","30","Upper secondary and post-secondary non-tertiary education (Levels 3 and 4)","97227605-23D5-4B98-BDB8-3EB5D0682A5A","Southern","%","72.1"
"ALF01C01","Annual employment rate","2020","2020","410","25 - 29 years","1","Male","30","Upper secondary and post-secondary non-tertiary education (Levels 3 and 4)","C32761EB-7A21-4B95-8C7A-DB195C2955CE","Eastern and Midland","%","77.1"
"ALF01C01","Annual employment rate","2020","2020","410","25 - 29 years","1","Male","40","Tertiary education (Levels 5-8)","IE0","Ireland","%","84.4"
"ALF01C01","Annual employment rate","2020","2020","410","25 - 29 years","1","Male","40","Tertiary education (Levels 5-8)","811D29A4-1E05-4F4A-B61B-43DE64E07B29","Northern and Western","%","74.7"
"ALF01C01","Annual employment rate","2020","2020","410","25 - 29 years","1","Male","40","Tertiary education (Levels 5-8)","97227605-23D5-4B98-BDB8-3EB5D0682A5A","Southern","%","86.7"
"ALF01C01","Annual employment rate","2020","2020","410","25 - 29 years","1","Male","40","Tertiary education (Levels 5-8)","C32761EB-7A21-4B95-8C7A-DB195C2955CE","Eastern and Midland","%","85.6"
"ALF01C01","Annual employment rate","2020","2020","410","25 - 29 years","1","Male","99","Level of education - not stated","IE0","Ireland","%","82.1"
"ALF01C01","Annual employment rate","2020","2020","410","25 - 29 years","1","Male","99","Level of education - not stated","811D29A4-1E05-4F4A-B61B-43DE64E07B29","Northern and Western","%",""
"ALF01C01","Annual employment rate","2020","2020","410","25 - 29 years","1","Male","99","Level of education - not stated","97227605-23D5-4B98-BDB8-3EB5D0682A5A","Southern","%",""
"ALF01C01","Annual employment rate","2020","2020","410","25 - 29 years","1","Male","99","Level of education - not stated","C32761EB-7A21-4B95-8C7A-DB195C2955CE","Eastern and Midland","%","86.4"
"ALF01C01","Annual employment rate","2020","2020","410","25 - 29 years","2","Female","-","Levels of Education (Levels  0-8)","IE0","Ireland","%","70.7"
"ALF01C01","Annual employment rate","2020","2020","410","25 - 29 years","2","Female","-","Levels of Education (Levels  0-8)","811D29A4-1E05-4F4A-B61B-43DE64E07B29","Northern and Western","%","67.3"
"ALF01C01","Annual employment rate","2020","2020","410","25 - 29 years","2","Female","-","Levels of Education (Levels  0-8)","97227605-23D5-4B98-BDB8-3EB5D0682A5A","Southern","%","69.9"
"ALF01C01","Annual employment rate","2020","2020","410","25 - 29 years","2","Female","-","Levels of Education (Levels  0-8)","C32761EB-7A21-4B95-8C7A-DB195C2955CE","Eastern and Midland","%","72.1"
"ALF01C01","Annual employment rate","2020","2020","410","25 - 29 years","2","Female","10","Less than primary (Level 0)","IE0","Ireland","%",""
"ALF01C01","Annual employment rate","2020","2020","410","25 - 29 years","2","Female","10","Less than primary (Level 0)","811D29A4-1E05-4F4A-B61B-43DE64E07B29","Northern and Western","%",""
"ALF01C01","Annual employment rate","2020","2020","410","25 - 29 years","2","Female","10","Less than primary (Level 0)","97227605-23D5-4B98-BDB8-3EB5D0682A5A","Southern","%",""
"ALF01C01","Annual employment rate","2020","2020","410","25 - 29 years","2","Female","10","Less than primary (Level 0)","C32761EB-7A21-4B95-8C7A-DB195C2955CE","Eastern and Midland","%",""
"ALF01C01","Annual employment rate","2020","2020","410","25 - 29 years","2","Female","20","Primary and lower secondary education (Levels 1-2)","IE0","Ireland","%",""
"ALF01C01","Annual employment rate","2020","2020","410","25 - 29 years","2","Female","20","Primary and lower secondary education (Levels 1-2)","811D29A4-1E05-4F4A-B61B-43DE64E07B29","Northern and Western","%",""
"ALF01C01","Annual employment rate","2020","2020","410","25 - 29 years","2","Female","20","Primary and lower secondary education (Levels 1-2)","97227605-23D5-4B98-BDB8-3EB5D0682A5A","Southern","%",""
"ALF01C01","Annual employment rate","2020","2020","410","25 - 29 years","2","Female","20","Primary and lower secondary education (Levels 1-2)","C32761EB-7A21-4B95-8C7A-DB195C2955CE","Eastern and Midland","%",""
"ALF01C01","Annual employment rate","2020","2020","410","25 - 29 years","2","Female","30","Upper secondary and post-secondary non-tertiary education (Levels 3 and 4)","IE0","Ireland","%","57.1"
"ALF01C01","Annual employment rate","2020","2020","410","25 - 29 years","2","Female","30","Upper secondary and post-secondary non-tertiary education (Levels 3 and 4)","811D29A4-1E05-4F4A-B61B-43DE64E07B29","Northern and Western","%","52.7"
"ALF01C01","Annual employment rate","2020","2020","410","25 - 29 years","2","Female","30","Upper secondary and post-secondary non-tertiary education (Levels 3 and 4)","97227605-23D5-4B98-BDB8-3EB5D0682A5A","Southern","%","61.1"
"ALF01C01","Annual employment rate","2020","2020","410","25 - 29 years","2","Female","30","Upper secondary and post-secondary non-tertiary education (Levels 3 and 4)","C32761EB-7A21-4B95-8C7A-DB195C2955CE","Eastern and Midland","%","55.6"
"ALF01C01","Annual employment rate","2020","2020","410","25 - 29 years","2","Female","40","Tertiary education (Levels 5-8)","IE0","Ireland","%","80.8"
"ALF01C01","Annual employment rate","2020","2020","410","25 - 29 years","2","Female","40","Tertiary education (Levels 5-8)","811D29A4-1E05-4F4A-B61B-43DE64E07B29","Northern and Western","%","77.3"
"ALF01C01","Annual employment rate","2020","2020","410","25 - 29 years","2","Female","40","Tertiary education (Levels 5-8)","97227605-23D5-4B98-BDB8-3EB5D0682A5A","Southern","%","78.7"
"ALF01C01","Annual employment rate","2020","2020","410","25 - 29 years","2","Female","40","Tertiary education (Levels 5-8)","C32761EB-7A21-4B95-8C7A-DB195C2955CE","Eastern and Midland","%","82.8"
"ALF01C01","Annual employment rate","2020","2020","410","25 - 29 years","2","Female","99","Level of education - not stated","IE0","Ireland","%","77.1"
"ALF01C01","Annual employment rate","2020","2020","410","25 - 29 years","2","Female","99","Level of education - not stated","811D29A4-1E05-4F4A-B61B-43DE64E07B29","Northern and Western","%",""
"ALF01C01","Annual employment rate","2020","2020","410","25 - 29 years","2","Female","99","Level of education - not stated","97227605-23D5-4B98-BDB8-3EB5D0682A5A","Southern","%",""
"ALF01C01","Annual employment rate","2020","2020","410","25 - 29 years","2","Female","99","Level of education - not stated","C32761EB-7A21-4B95-8C7A-DB195C2955CE","Eastern and Midland","%","83.6"
"ALF01C01","Annual employment rate","2020","2020","440","30 - 34 years","-","Both sexes","-","Levels of Education (Levels  0-8)","IE0","Ireland","%","77.7"
"ALF01C01","Annual employment rate","2020","2020","440","30 - 34 years","-","Both sexes","-","Levels of Education (Levels  0-8)","811D29A4-1E05-4F4A-B61B-43DE64E07B29","Northern and Western","%","74.9"
"ALF01C01","Annual employment rate","2020","2020","440","30 - 34 years","-","Both sexes","-","Levels of Education (Levels  0-8)","97227605-23D5-4B98-BDB8-3EB5D0682A5A","Southern","%","77.5"
"ALF01C01","Annual employment rate","2020","2020","440","30 - 34 years","-","Both sexes","-","Levels of Education (Levels  0-8)","C32761EB-7A21-4B95-8C7A-DB195C2955CE","Eastern and Midland","%","78.5"
"ALF01C01","Annual employment rate","2020","2020","440","30 - 34 years","-","Both sexes","10","Less than primary (Level 0)","IE0","Ireland","%",""
"ALF01C01","Annual employment rate","2020","2020","440","30 - 34 years","-","Both sexes","10","Less than primary (Level 0)","811D29A4-1E05-4F4A-B61B-43DE64E07B29","Northern and Western","%",""
"ALF01C01","Annual employment rate","2020","2020","440","30 - 34 years","-","Both sexes","10","Less than primary (Level 0)","97227605-23D5-4B98-BDB8-3EB5D0682A5A","Southern","%",""
"ALF01C01","Annual employment rate","2020","2020","440","30 - 34 years","-","Both sexes","10","Less than primary (Level 0)","C32761EB-7A21-4B95-8C7A-DB195C2955CE","Eastern and Midland","%",""
"ALF01C01","Annual employment rate","2020","2020","440","30 - 34 years","-","Both sexes","20","Primary and lower secondary education (Levels 1-2)","IE0","Ireland","%","51.3"
"ALF01C01","Annual employment rate","2020","2020","440","30 - 34 years","-","Both sexes","20","Primary and lower secondary education (Levels 1-2)","811D29A4-1E05-4F4A-B61B-43DE64E07B29","Northern and Western","%",""
"ALF01C01","Annual employment rate","2020","2020","440","30 - 34 years","-","Both sexes","20","Primary and lower secondary education (Levels 1-2)","97227605-23D5-4B98-BDB8-3EB5D0682A5A","Southern","%","51.4"
"ALF01C01","Annual employment rate","2020","2020","440","30 - 34 years","-","Both sexes","20","Primary and lower secondary education (Levels 1-2)","C32761EB-7A21-4B95-8C7A-DB195C2955CE","Eastern and Midland","%","50.5"
"ALF01C01","Annual employment rate","2020","2020","440","30 - 34 years","-","Both sexes","30","Upper secondary and post-secondary non-tertiary education (Levels 3 and 4)","IE0","Ireland","%","68.6"
"ALF01C01","Annual employment rate","2020","2020","440","30 - 34 years","-","Both sexes","30","Upper secondary and post-secondary non-tertiary education (Levels 3 and 4)","811D29A4-1E05-4F4A-B61B-43DE64E07B29","Northern and Western","%","67.4"
"ALF01C01","Annual employment rate","2020","2020","440","30 - 34 years","-","Both sexes","30","Upper secondary and post-secondary non-tertiary education (Levels 3 and 4)","97227605-23D5-4B98-BDB8-3EB5D0682A5A","Southern","%","68.3"
"ALF01C01","Annual employment rate","2020","2020","440","30 - 34 years","-","Both sexes","30","Upper secondary and post-secondary non-tertiary education (Levels 3 and 4)","C32761EB-7A21-4B95-8C7A-DB195C2955CE","Eastern and Midland","%","69.2"
"ALF01C01","Annual employment rate","2020","2020","440","30 - 34 years","-","Both sexes","40","Tertiary education (Levels 5-8)","IE0","Ireland","%","86.9"
"ALF01C01","Annual employment rate","2020","2020","440","30 - 34 years","-","Both sexes","40","Tertiary education (Levels 5-8)","811D29A4-1E05-4F4A-B61B-43DE64E07B29","Northern and Western","%","84.1"
"ALF01C01","Annual employment rate","2020","2020","440","30 - 34 years","-","Both sexes","40","Tertiary education (Levels 5-8)","97227605-23D5-4B98-BDB8-3EB5D0682A5A","Southern","%","88.2"
"ALF01C01","Annual employment rate","2020","2020","440","30 - 34 years","-","Both sexes","40","Tertiary education (Levels 5-8)","C32761EB-7A21-4B95-8C7A-DB195C2955CE","Eastern and Midland","%","86.8"
"ALF01C01","Annual employment rate","2020","2020","440","30 - 34 years","-","Both sexes","99","Level of education - not stated","IE0","Ireland","%","71.1"
"ALF01C01","Annual employment rate","2020","2020","440","30 - 34 years","-","Both sexes","99","Level of education - not stated","811D29A4-1E05-4F4A-B61B-43DE64E07B29","Northern and Western","%",""
"ALF01C01","Annual employment rate","2020","2020","440","30 - 34 years","-","Both sexes","99","Level of education - not stated","97227605-23D5-4B98-BDB8-3EB5D0682A5A","Southern","%","65.4"
"ALF01C01","Annual employment rate","2020","2020","440","30 - 34 years","-","Both sexes","99","Level of education - not stated","C32761EB-7A21-4B95-8C7A-DB195C2955CE","Eastern and Midland","%","77.2"
"ALF01C01","Annual employment rate","2020","2020","440","30 - 34 years","1","Male","-","Levels of Education (Levels  0-8)","IE0","Ireland","%","85.4"
"ALF01C01","Annual employment rate","2020","2020","440","30 - 34 years","1","Male","-","Levels of Education (Levels  0-8)","811D29A4-1E05-4F4A-B61B-43DE64E07B29","Northern and Western","%","82"
"ALF01C01","Annual employment rate","2020","2020","440","30 - 34 years","1","Male","-","Levels of Education (Levels  0-8)","97227605-23D5-4B98-BDB8-3EB5D0682A5A","Southern","%","86"
"ALF01C01","Annual employment rate","2020","2020","440","30 - 34 years","1","Male","-","Levels of Education (Levels  0-8)","C32761EB-7A21-4B95-8C7A-DB195C2955CE","Eastern and Midland","%","85.9"
"ALF01C01","Annual employment rate","2020","2020","440","30 - 34 years","1","Male","10","Less than primary (Level 0)","IE0","Ireland","%",""
"ALF01C01","Annual employment rate","2020","2020","440","30 - 34 years","1","Male","10","Less than primary (Level 0)","811D29A4-1E05-4F4A-B61B-43DE64E07B29","Northern and Western","%",""
"ALF01C01","Annual employment rate","2020","2020","440","30 - 34 years","1","Male","10","Less than primary (Level 0)","97227605-23D5-4B98-BDB8-3EB5D0682A5A","Southern","%",""
"ALF01C01","Annual employment rate","2020","2020","440","30 - 34 years","1","Male","10","Less than primary (Level 0)","C32761EB-7A21-4B95-8C7A-DB195C2955CE","Eastern and Midland","%",""
"ALF01C01","Annual employment rate","2020","2020","440","30 - 34 years","1","Male","20","Primary and lower secondary education (Levels 1-2)","IE0","Ireland","%","61.5"
"ALF01C01","Annual employment rate","2020","2020","440","30 - 34 years","1","Male","20","Primary and lower secondary education (Levels 1-2)","811D29A4-1E05-4F4A-B61B-43DE64E07B29","Northern and Western","%",""
"ALF01C01","Annual employment rate","2020","2020","440","30 - 34 years","1","Male","20","Primary and lower secondary education (Levels 1-2)","97227605-23D5-4B98-BDB8-3EB5D0682A5A","Southern","%","63.4"
"ALF01C01","Annual employment rate","2020","2020","440","30 - 34 years","1","Male","20","Primary and lower secondary education (Levels 1-2)","C32761EB-7A21-4B95-8C7A-DB195C2955CE","Eastern and Midland","%","58.3"
"ALF01C01","Annual employment rate","2020","2020","440","30 - 34 years","1","Male","30","Upper secondary and post-secondary non-tertiary education (Levels 3 and 4)","IE0","Ireland","%","82.7"
"ALF01C01","Annual employment rate","2020","2020","440","30 - 34 years","1","Male","30","Upper secondary and post-secondary non-tertiary education (Levels 3 and 4)","811D29A4-1E05-4F4A-B61B-43DE64E07B29","Northern and Western","%","77.3"
"ALF01C01","Annual employment rate","2020","2020","440","30 - 34 years","1","Male","30","Upper secondary and post-secondary non-tertiary education (Levels 3 and 4)","97227605-23D5-4B98-BDB8-3EB5D0682A5A","Southern","%","84.9"
"ALF01C01","Annual employment rate","2020","2020","440","30 - 34 years","1","Male","30","Upper secondary and post-secondary non-tertiary education (Levels 3 and 4)","C32761EB-7A21-4B95-8C7A-DB195C2955CE","Eastern and Midland","%","83.2"
"ALF01C01","Annual employment rate","2020","2020","440","30 - 34 years","1","Male","40","Tertiary education (Levels 5-8)","IE0","Ireland","%","92.2"
"ALF01C01","Annual employment rate","2020","2020","440","30 - 34 years","1","Male","40","Tertiary education (Levels 5-8)","811D29A4-1E05-4F4A-B61B-43DE64E07B29","Northern and Western","%","90.2"
"ALF01C01","Annual employment rate","2020","2020","440","30 - 34 years","1","Male","40","Tertiary education (Levels 5-8)","97227605-23D5-4B98-BDB8-3EB5D0682A5A","Southern","%","92"
"ALF01C01","Annual employment rate","2020","2020","440","30 - 34 years","1","Male","40","Tertiary education (Levels 5-8)","C32761EB-7A21-4B95-8C7A-DB195C2955CE","Eastern and Midland","%","92.8"
"ALF01C01","Annual employment rate","2020","2020","440","30 - 34 years","1","Male","99","Level of education - not stated","IE0","Ireland","%","75"
"ALF01C01","Annual employment rate","2020","2020","440","30 - 34 years","1","Male","99","Level of education - not stated","811D29A4-1E05-4F4A-B61B-43DE64E07B29","Northern and Western","%",""
"ALF01C01","Annual employment rate","2020","2020","440","30 - 34 years","1","Male","99","Level of education - not stated","97227605-23D5-4B98-BDB8-3EB5D0682A5A","Southern","%",""
"ALF01C01","Annual employment rate","2020","2020","440","30 - 34 years","1","Male","99","Level of education - not stated","C32761EB-7A21-4B95-8C7A-DB195C2955CE","Eastern and Midland","%","78.3"
"ALF01C01","Annual employment rate","2020","2020","440","30 - 34 years","2","Female","-","Levels of Education (Levels  0-8)","IE0","Ireland","%","70.4"
"ALF01C01","Annual employment rate","2020","2020","440","30 - 34 years","2","Female","-","Levels of Education (Levels  0-8)","811D29A4-1E05-4F4A-B61B-43DE64E07B29","Northern and Western","%","68.3"
"ALF01C01","Annual employment rate","2020","2020","440","30 - 34 years","2","Female","-","Levels of Education (Levels  0-8)","97227605-23D5-4B98-BDB8-3EB5D0682A5A","Southern","%","69.3"
"ALF01C01","Annual employment rate","2020","2020","440","30 - 34 years","2","Female","-","Levels of Education (Levels  0-8)","C32761EB-7A21-4B95-8C7A-DB195C2955CE","Eastern and Midland","%","71.6"
"ALF01C01","Annual employment rate","2020","2020","440","30 - 34 years","2","Female","10","Less than primary (Level 0)","IE0","Ireland","%",""
"ALF01C01","Annual employment rate","2020","2020","440","30 - 34 years","2","Female","10","Less than primary (Level 0)","811D29A4-1E05-4F4A-B61B-43DE64E07B29","Northern and Western","%",""
"ALF01C01","Annual employment rate","2020","2020","440","30 - 34 years","2","Female","10","Less than primary (Level 0)","97227605-23D5-4B98-BDB8-3EB5D0682A5A","Southern","%",""
"ALF01C01","Annual employment rate","2020","2020","440","30 - 34 years","2","Female","10","Less than primary (Level 0)","C32761EB-7A21-4B95-8C7A-DB195C2955CE","Eastern and Midland","%",""
"ALF01C01","Annual employment rate","2020","2020","440","30 - 34 years","2","Female","20","Primary and lower secondary education (Levels 1-2)","IE0","Ireland","%","35.1"
"ALF01C01","Annual employment rate","2020","2020","440","30 - 34 years","2","Female","20","Primary and lower secondary education (Levels 1-2)","811D29A4-1E05-4F4A-B61B-43DE64E07B29","Northern and Western","%",""
"ALF01C01","Annual employment rate","2020","2020","440","30 - 34 years","2","Female","20","Primary and lower secondary education (Levels 1-2)","97227605-23D5-4B98-BDB8-3EB5D0682A5A","Southern","%",""
"ALF01C01","Annual employment rate","2020","2020","440","30 - 34 years","2","Female","20","Primary and lower secondary education (Levels 1-2)","C32761EB-7A21-4B95-8C7A-DB195C2955CE","Eastern and Midland","%","38.4"
"ALF01C01","Annual employment rate","2020","2020","440","30 - 34 years","2","Female","30","Upper secondary and post-secondary non-tertiary education (Levels 3 and 4)","IE0","Ireland","%","54.2"
"ALF01C01","Annual employment rate","2020","2020","440","30 - 34 years","2","Female","30","Upper secondary and post-secondary non-tertiary education (Levels 3 and 4)","811D29A4-1E05-4F4A-B61B-43DE64E07B29","Northern and Western","%","57.4"
"ALF01C01","Annual employment rate","2020","2020","440","30 - 34 years","2","Female","30","Upper secondary and post-secondary non-tertiary education (Levels 3 and 4)","97227605-23D5-4B98-BDB8-3EB5D0682A5A","Southern","%","50.4"
"ALF01C01","Annual employment rate","2020","2020","440","30 - 34 years","2","Female","30","Upper secondary and post-secondary non-tertiary education (Levels 3 and 4)","C32761EB-7A21-4B95-8C7A-DB195C2955CE","Eastern and Midland","%","55.5"
"ALF01C01","Annual employment rate","2020","2020","440","30 - 34 years","2","Female","40","Tertiary education (Levels 5-8)","IE0","Ireland","%","82.4"
"ALF01C01","Annual employment rate","2020","2020","440","30 - 34 years","2","Female","40","Tertiary education (Levels 5-8)","811D29A4-1E05-4F4A-B61B-43DE64E07B29","Northern and Western","%","79.4"
"ALF01C01","Annual employment rate","2020","2020","440","30 - 34 years","2","Female","40","Tertiary education (Levels 5-8)","97227605-23D5-4B98-BDB8-3EB5D0682A5A","Southern","%","85.1"
"ALF01C01","Annual employment rate","2020","2020","440","30 - 34 years","2","Female","40","Tertiary education (Levels 5-8)","C32761EB-7A21-4B95-8C7A-DB195C2955CE","Eastern and Midland","%","81.8"
"ALF01C01","Annual employment rate","2020","2020","440","30 - 34 years","2","Female","99","Level of education - not stated","IE0","Ireland","%","66.3"
"ALF01C01","Annual employment rate","2020","2020","440","30 - 34 years","2","Female","99","Level of education - not stated","811D29A4-1E05-4F4A-B61B-43DE64E07B29","Northern and Western","%",""
"ALF01C01","Annual employment rate","2020","2020","440","30 - 34 years","2","Female","99","Level of education - not stated","97227605-23D5-4B98-BDB8-3EB5D0682A5A","Southern","%",""
"ALF01C01","Annual employment rate","2020","2020","440","30 - 34 years","2","Female","99","Level of education - not stated","C32761EB-7A21-4B95-8C7A-DB195C2955CE","Eastern and Midland","%",""
"ALF01C01","Annual employment rate","2020","2020","460","35 - 39 years","-","Both sexes","-","Levels of Education (Levels  0-8)","IE0","Ireland","%","78.1"
"ALF01C01","Annual employment rate","2020","2020","460","35 - 39 years","-","Both sexes","-","Levels of Education (Levels  0-8)","811D29A4-1E05-4F4A-B61B-43DE64E07B29","Northern and Western","%","77.8"
"ALF01C01","Annual employment rate","2020","2020","460","35 - 39 years","-","Both sexes","-","Levels of Education (Levels  0-8)","97227605-23D5-4B98-BDB8-3EB5D0682A5A","Southern","%","76.9"
"ALF01C01","Annual employment rate","2020","2020","460","35 - 39 years","-","Both sexes","-","Levels of Education (Levels  0-8)","C32761EB-7A21-4B95-8C7A-DB195C2955CE","Eastern and Midland","%","78.8"
"ALF01C01","Annual employment rate","2020","2020","460","35 - 39 years","-","Both sexes","10","Less than primary (Level 0)","IE0","Ireland","%",""
"ALF01C01","Annual employment rate","2020","2020","460","35 - 39 years","-","Both sexes","10","Less than primary (Level 0)","811D29A4-1E05-4F4A-B61B-43DE64E07B29","Northern and Western","%",""
"ALF01C01","Annual employment rate","2020","2020","460","35 - 39 years","-","Both sexes","10","Less than primary (Level 0)","97227605-23D5-4B98-BDB8-3EB5D0682A5A","Southern","%",""
"ALF01C01","Annual employment rate","2020","2020","460","35 - 39 years","-","Both sexes","10","Less than primary (Level 0)","C32761EB-7A21-4B95-8C7A-DB195C2955CE","Eastern and Midland","%",""
"ALF01C01","Annual employment rate","2020","2020","460","35 - 39 years","-","Both sexes","20","Primary and lower secondary education (Levels 1-2)","IE0","Ireland","%","49.4"
"ALF01C01","Annual employment rate","2020","2020","460","35 - 39 years","-","Both sexes","20","Primary and lower secondary education (Levels 1-2)","811D29A4-1E05-4F4A-B61B-43DE64E07B29","Northern and Western","%","37.9"
"ALF01C01","Annual employment rate","2020","2020","460","35 - 39 years","-","Both sexes","20","Primary and lower secondary education (Levels 1-2)","97227605-23D5-4B98-BDB8-3EB5D0682A5A","Southern","%","51"
"ALF01C01","Annual employment rate","2020","2020","460","35 - 39 years","-","Both sexes","20","Primary and lower secondary education (Levels 1-2)","C32761EB-7A21-4B95-8C7A-DB195C2955CE","Eastern and Midland","%","50.8"
"ALF01C01","Annual employment rate","2020","2020","460","35 - 39 years","-","Both sexes","30","Upper secondary and post-secondary non-tertiary education (Levels 3 and 4)","IE0","Ireland","%","72.6"
"ALF01C01","Annual employment rate","2020","2020","460","35 - 39 years","-","Both sexes","30","Upper secondary and post-secondary non-tertiary education (Levels 3 and 4)","811D29A4-1E05-4F4A-B61B-43DE64E07B29","Northern and Western","%","75.2"
"ALF01C01","Annual employment rate","2020","2020","460","35 - 39 years","-","Both sexes","30","Upper secondary and post-secondary non-tertiary education (Levels 3 and 4)","97227605-23D5-4B98-BDB8-3EB5D0682A5A","Southern","%","72.4"
"ALF01C01","Annual employment rate","2020","2020","460","35 - 39 years","-","Both sexes","30","Upper secondary and post-secondary non-tertiary education (Levels 3 and 4)","C32761EB-7A21-4B95-8C7A-DB195C2955CE","Eastern and Midland","%","71.9"
"ALF01C01","Annual employment rate","2020","2020","460","35 - 39 years","-","Both sexes","40","Tertiary education (Levels 5-8)","IE0","Ireland","%","86.2"
"ALF01C01","Annual employment rate","2020","2020","460","35 - 39 years","-","Both sexes","40","Tertiary education (Levels 5-8)","811D29A4-1E05-4F4A-B61B-43DE64E07B29","Northern and Western","%","84.3"
"ALF01C01","Annual employment rate","2020","2020","460","35 - 39 years","-","Both sexes","40","Tertiary education (Levels 5-8)","97227605-23D5-4B98-BDB8-3EB5D0682A5A","Southern","%","86"
"ALF01C01","Annual employment rate","2020","2020","460","35 - 39 years","-","Both sexes","40","Tertiary education (Levels 5-8)","C32761EB-7A21-4B95-8C7A-DB195C2955CE","Eastern and Midland","%","86.9"
"ALF01C01","Annual employment rate","2020","2020","460","35 - 39 years","-","Both sexes","99","Level of education - not stated","IE0","Ireland","%","73"
"ALF01C01","Annual employment rate","2020","2020","460","35 - 39 years","-","Both sexes","99","Level of education - not stated","811D29A4-1E05-4F4A-B61B-43DE64E07B29","Northern and Western","%",""
"ALF01C01","Annual employment rate","2020","2020","460","35 - 39 years","-","Both sexes","99","Level of education - not stated","97227605-23D5-4B98-BDB8-3EB5D0682A5A","Southern","%","78.6"
"ALF01C01","Annual employment rate","2020","2020","460","35 - 39 years","-","Both sexes","99","Level of education - not stated","C32761EB-7A21-4B95-8C7A-DB195C2955CE","Eastern and Midland","%","67.1"
"ALF01C01","Annual employment rate","2020","2020","460","35 - 39 years","1","Male","-","Levels of Education (Levels  0-8)","IE0","Ireland","%","86.2"
"ALF01C01","Annual employment rate","2020","2020","460","35 - 39 years","1","Male","-","Levels of Education (Levels  0-8)","811D29A4-1E05-4F4A-B61B-43DE64E07B29","Northern and Western","%","83.1"
"ALF01C01","Annual employment rate","2020","2020","460","35 - 39 years","1","Male","-","Levels of Education (Levels  0-8)","97227605-23D5-4B98-BDB8-3EB5D0682A5A","Southern","%","84.6"
"ALF01C01","Annual employment rate","2020","2020","460","35 - 39 years","1","Male","-","Levels of Education (Levels  0-8)","C32761EB-7A21-4B95-8C7A-DB195C2955CE","Eastern and Midland","%","88"
"ALF01C01","Annual employment rate","2020","2020","460","35 - 39 years","1","Male","10","Less than primary (Level 0)","IE0","Ireland","%",""
"ALF01C01","Annual employment rate","2020","2020","460","35 - 39 years","1","Male","10","Less than primary (Level 0)","811D29A4-1E05-4F4A-B61B-43DE64E07B29","Northern and Western","%",""
"ALF01C01","Annual employment rate","2020","2020","460","35 - 39 years","1","Male","10","Less than primary (Level 0)","97227605-23D5-4B98-BDB8-3EB5D0682A5A","Southern","%",""
"ALF01C01","Annual employment rate","2020","2020","460","35 - 39 years","1","Male","10","Less than primary (Level 0)","C32761EB-7A21-4B95-8C7A-DB195C2955CE","Eastern and Midland","%",""
"ALF01C01","Annual employment rate","2020","2020","460","35 - 39 years","1","Male","20","Primary and lower secondary education (Levels 1-2)","IE0","Ireland","%","62.2"
"ALF01C01","Annual employment rate","2020","2020","460","35 - 39 years","1","Male","20","Primary and lower secondary education (Levels 1-2)","811D29A4-1E05-4F4A-B61B-43DE64E07B29","Northern and Western","%",""
"ALF01C01","Annual employment rate","2020","2020","460","35 - 39 years","1","Male","20","Primary and lower secondary education (Levels 1-2)","97227605-23D5-4B98-BDB8-3EB5D0682A5A","Southern","%","59.8"
"ALF01C01","Annual employment rate","2020","2020","460","35 - 39 years","1","Male","20","Primary and lower secondary education (Levels 1-2)","C32761EB-7A21-4B95-8C7A-DB195C2955CE","Eastern and Midland","%","67.3"
"ALF01C01","Annual employment rate","2020","2020","460","35 - 39 years","1","Male","30","Upper secondary and post-secondary non-tertiary education (Levels 3 and 4)","IE0","Ireland","%","86"
"ALF01C01","Annual employment rate","2020","2020","460","35 - 39 years","1","Male","30","Upper secondary and post-secondary non-tertiary education (Levels 3 and 4)","811D29A4-1E05-4F4A-B61B-43DE64E07B29","Northern and Western","%","81.1"
"ALF01C01","Annual employment rate","2020","2020","460","35 - 39 years","1","Male","30","Upper secondary and post-secondary non-tertiary education (Levels 3 and 4)","97227605-23D5-4B98-BDB8-3EB5D0682A5A","Southern","%","85.6"
"ALF01C01","Annual employment rate","2020","2020","460","35 - 39 years","1","Male","30","Upper secondary and post-secondary non-tertiary education (Levels 3 and 4)","C32761EB-7A21-4B95-8C7A-DB195C2955CE","Eastern and Midland","%","88.4"
"ALF01C01","Annual employment rate","2020","2020","460","35 - 39 years","1","Male","40","Tertiary education (Levels 5-8)","IE0","Ireland","%","91.9"
"ALF01C01","Annual employment rate","2020","2020","460","35 - 39 years","1","Male","40","Tertiary education (Levels 5-8)","811D29A4-1E05-4F4A-B61B-43DE64E07B29","Northern and Western","%","90.4"
"ALF01C01","Annual employment rate","2020","2020","460","35 - 39 years","1","Male","40","Tertiary education (Levels 5-8)","97227605-23D5-4B98-BDB8-3EB5D0682A5A","Southern","%","91.9"
"ALF01C01","Annual employment rate","2020","2020","460","35 - 39 years","1","Male","40","Tertiary education (Levels 5-8)","C32761EB-7A21-4B95-8C7A-DB195C2955CE","Eastern and Midland","%","92.4"
"ALF01C01","Annual employment rate","2020","2020","460","35 - 39 years","1","Male","99","Level of education - not stated","IE0","Ireland","%","79"
"ALF01C01","Annual employment rate","2020","2020","460","35 - 39 years","1","Male","99","Level of education - not stated","811D29A4-1E05-4F4A-B61B-43DE64E07B29","Northern and Western","%",""
"ALF01C01","Annual employment rate","2020","2020","460","35 - 39 years","1","Male","99","Level of education - not stated","97227605-23D5-4B98-BDB8-3EB5D0682A5A","Southern","%","84"
"ALF01C01","Annual employment rate","2020","2020","460","35 - 39 years","1","Male","99","Level of education - not stated","C32761EB-7A21-4B95-8C7A-DB195C2955CE","Eastern and Midland","%",""
"ALF01C01","Annual employment rate","2020","2020","460","35 - 39 years","2","Female","-","Levels of Education (Levels  0-8)","IE0","Ireland","%","70.5"
"ALF01C01","Annual employment rate","2020","2020","460","35 - 39 years","2","Female","-","Levels of Education (Levels  0-8)","811D29A4-1E05-4F4A-B61B-43DE64E07B29","Northern and Western","%","73.1"
"ALF01C01","Annual employment rate","2020","2020","460","35 - 39 years","2","Female","-","Levels of Education (Levels  0-8)","97227605-23D5-4B98-BDB8-3EB5D0682A5A","Southern","%","69.8"
"ALF01C01","Annual employment rate","2020","2020","460","35 - 39 years","2","Female","-","Levels of Education (Levels  0-8)","C32761EB-7A21-4B95-8C7A-DB195C2955CE","Eastern and Midland","%","70.2"
"ALF01C01","Annual employment rate","2020","2020","460","35 - 39 years","2","Female","10","Less than primary (Level 0)","IE0","Ireland","%",""
"ALF01C01","Annual employment rate","2020","2020","460","35 - 39 years","2","Female","10","Less than primary (Level 0)","811D29A4-1E05-4F4A-B61B-43DE64E07B29","Northern and Western","%",""
"ALF01C01","Annual employment rate","2020","2020","460","35 - 39 years","2","Female","10","Less than primary (Level 0)","97227605-23D5-4B98-BDB8-3EB5D0682A5A","Southern","%",""
"ALF01C01","Annual employment rate","2020","2020","460","35 - 39 years","2","Female","10","Less than primary (Level 0)","C32761EB-7A21-4B95-8C7A-DB195C2955CE","Eastern and Midland","%",""
"ALF01C01","Annual employment rate","2020","2020","460","35 - 39 years","2","Female","20","Primary and lower secondary education (Levels 1-2)","IE0","Ireland","%","31.8"
"ALF01C01","Annual employment rate","2020","2020","460","35 - 39 years","2","Female","20","Primary and lower secondary education (Levels 1-2)","811D29A4-1E05-4F4A-B61B-43DE64E07B29","Northern and Western","%",""
"ALF01C01","Annual employment rate","2020","2020","460","35 - 39 years","2","Female","20","Primary and lower secondary education (Levels 1-2)","97227605-23D5-4B98-BDB8-3EB5D0682A5A","Southern","%","37.4"
"ALF01C01","Annual employment rate","2020","2020","460","35 - 39 years","2","Female","20","Primary and lower secondary education (Levels 1-2)","C32761EB-7A21-4B95-8C7A-DB195C2955CE","Eastern and Midland","%","28.7"
"ALF01C01","Annual employment rate","2020","2020","460","35 - 39 years","2","Female","30","Upper secondary and post-secondary non-tertiary education (Levels 3 and 4)","IE0","Ireland","%","58.1"
"ALF01C01","Annual employment rate","2020","2020","460","35 - 39 years","2","Female","30","Upper secondary and post-secondary non-tertiary education (Levels 3 and 4)","811D29A4-1E05-4F4A-B61B-43DE64E07B29","Northern and Western","%","67.4"
"ALF01C01","Annual employment rate","2020","2020","460","35 - 39 years","2","Female","30","Upper secondary and post-secondary non-tertiary education (Levels 3 and 4)","97227605-23D5-4B98-BDB8-3EB5D0682A5A","Southern","%","56.7"
"ALF01C01","Annual employment rate","2020","2020","460","35 - 39 years","2","Female","30","Upper secondary and post-secondary non-tertiary education (Levels 3 and 4)","C32761EB-7A21-4B95-8C7A-DB195C2955CE","Eastern and Midland","%","56.1"
"ALF01C01","Annual employment rate","2020","2020","460","35 - 39 years","2","Female","40","Tertiary education (Levels 5-8)","IE0","Ireland","%","81.7"
"ALF01C01","Annual employment rate","2020","2020","460","35 - 39 years","2","Female","40","Tertiary education (Levels 5-8)","811D29A4-1E05-4F4A-B61B-43DE64E07B29","Northern and Western","%","80.3"
"ALF01C01","Annual employment rate","2020","2020","460","35 - 39 years","2","Female","40","Tertiary education (Levels 5-8)","97227605-23D5-4B98-BDB8-3EB5D0682A5A","Southern","%","81.9"
"ALF01C01","Annual employment rate","2020","2020","460","35 - 39 years","2","Female","40","Tertiary education (Levels 5-8)","C32761EB-7A21-4B95-8C7A-DB195C2955CE","Eastern and Midland","%","82.1"
"ALF01C01","Annual employment rate","2020","2020","460","35 - 39 years","2","Female","99","Level of education - not stated","IE0","Ireland","%","66.4"
"ALF01C01","Annual employment rate","2020","2020","460","35 - 39 years","2","Female","99","Level of education - not stated","811D29A4-1E05-4F4A-B61B-43DE64E07B29","Northern and Western","%",""
"ALF01C01","Annual employment rate","2020","2020","460","35 - 39 years","2","Female","99","Level of education - not stated","97227605-23D5-4B98-BDB8-3EB5D0682A5A","Southern","%",""
"ALF01C01","Annual employment rate","2020","2020","460","35 - 39 years","2","Female","99","Level of education - not stated","C32761EB-7A21-4B95-8C7A-DB195C2955CE","Eastern and Midland","%",""
"ALF01C01","Annual employment rate","2020","2020","475","40 - 44 years","-","Both sexes","-","Levels of Education (Levels  0-8)","IE0","Ireland","%","79.2"
"ALF01C01","Annual employment rate","2020","2020","475","40 - 44 years","-","Both sexes","-","Levels of Education (Levels  0-8)","811D29A4-1E05-4F4A-B61B-43DE64E07B29","Northern and Western","%","79.3"
"ALF01C01","Annual employment rate","2020","2020","475","40 - 44 years","-","Both sexes","-","Levels of Education (Levels  0-8)","97227605-23D5-4B98-BDB8-3EB5D0682A5A","Southern","%","77.8"
"ALF01C01","Annual employment rate","2020","2020","475","40 - 44 years","-","Both sexes","-","Levels of Education (Levels  0-8)","C32761EB-7A21-4B95-8C7A-DB195C2955CE","Eastern and Midland","%","80"
"ALF01C01","Annual employment rate","2020","2020","475","40 - 44 years","-","Both sexes","10","Less than primary (Level 0)","IE0","Ireland","%",""
"ALF01C01","Annual employment rate","2020","2020","475","40 - 44 years","-","Both sexes","10","Less than primary (Level 0)","811D29A4-1E05-4F4A-B61B-43DE64E07B29","Northern and Western","%",""
"ALF01C01","Annual employment rate","2020","2020","475","40 - 44 years","-","Both sexes","10","Less than primary (Level 0)","97227605-23D5-4B98-BDB8-3EB5D0682A5A","Southern","%",""
"ALF01C01","Annual employment rate","2020","2020","475","40 - 44 years","-","Both sexes","10","Less than primary (Level 0)","C32761EB-7A21-4B95-8C7A-DB195C2955CE","Eastern and Midland","%",""
"ALF01C01","Annual employment rate","2020","2020","475","40 - 44 years","-","Both sexes","20","Primary and lower secondary education (Levels 1-2)","IE0","Ireland","%","54.3"
"ALF01C01","Annual employment rate","2020","2020","475","40 - 44 years","-","Both sexes","20","Primary and lower secondary education (Levels 1-2)","811D29A4-1E05-4F4A-B61B-43DE64E07B29","Northern and Western","%","65.9"
"ALF01C01","Annual employment rate","2020","2020","475","40 - 44 years","-","Both sexes","20","Primary and lower secondary education (Levels 1-2)","97227605-23D5-4B98-BDB8-3EB5D0682A5A","Southern","%","55.3"
"ALF01C01","Annual employment rate","2020","2020","475","40 - 44 years","-","Both sexes","20","Primary and lower secondary education (Levels 1-2)","C32761EB-7A21-4B95-8C7A-DB195C2955CE","Eastern and Midland","%","49.7"
"ALF01C01","Annual employment rate","2020","2020","475","40 - 44 years","-","Both sexes","30","Upper secondary and post-secondary non-tertiary education (Levels 3 and 4)","IE0","Ireland","%","75.7"
"ALF01C01","Annual employment rate","2020","2020","475","40 - 44 years","-","Both sexes","30","Upper secondary and post-secondary non-tertiary education (Levels 3 and 4)","811D29A4-1E05-4F4A-B61B-43DE64E07B29","Northern and Western","%","73"
"ALF01C01","Annual employment rate","2020","2020","475","40 - 44 years","-","Both sexes","30","Upper secondary and post-secondary non-tertiary education (Levels 3 and 4)","97227605-23D5-4B98-BDB8-3EB5D0682A5A","Southern","%","76.5"
"ALF01C01","Annual employment rate","2020","2020","475","40 - 44 years","-","Both sexes","30","Upper secondary and post-secondary non-tertiary education (Levels 3 and 4)","C32761EB-7A21-4B95-8C7A-DB195C2955CE","Eastern and Midland","%","76.1"
"ALF01C01","Annual employment rate","2020","2020","475","40 - 44 years","-","Both sexes","40","Tertiary education (Levels 5-8)","IE0","Ireland","%","85.7"
"ALF01C01","Annual employment rate","2020","2020","475","40 - 44 years","-","Both sexes","40","Tertiary education (Levels 5-8)","811D29A4-1E05-4F4A-B61B-43DE64E07B29","Northern and Western","%","86.2"
"ALF01C01","Annual employment rate","2020","2020","475","40 - 44 years","-","Both sexes","40","Tertiary education (Levels 5-8)","97227605-23D5-4B98-BDB8-3EB5D0682A5A","Southern","%","83.8"
"ALF01C01","Annual employment rate","2020","2020","475","40 - 44 years","-","Both sexes","40","Tertiary education (Levels 5-8)","C32761EB-7A21-4B95-8C7A-DB195C2955CE","Eastern and Midland","%","86.6"
"ALF01C01","Annual employment rate","2020","2020","475","40 - 44 years","-","Both sexes","99","Level of education - not stated","IE0","Ireland","%","70.6"
"ALF01C01","Annual employment rate","2020","2020","475","40 - 44 years","-","Both sexes","99","Level of education - not stated","811D29A4-1E05-4F4A-B61B-43DE64E07B29","Northern and Western","%","76.3"
"ALF01C01","Annual employment rate","2020","2020","475","40 - 44 years","-","Both sexes","99","Level of education - not stated","97227605-23D5-4B98-BDB8-3EB5D0682A5A","Southern","%","67.6"
"ALF01C01","Annual employment rate","2020","2020","475","40 - 44 years","-","Both sexes","99","Level of education - not stated","C32761EB-7A21-4B95-8C7A-DB195C2955CE","Eastern and Midland","%","71.1"
"ALF01C01","Annual employment rate","2020","2020","475","40 - 44 years","1","Male","-","Levels of Education (Levels  0-8)","IE0","Ireland","%","87.1"
"ALF01C01","Annual employment rate","2020","2020","475","40 - 44 years","1","Male","-","Levels of Education (Levels  0-8)","811D29A4-1E05-4F4A-B61B-43DE64E07B29","Northern and Western","%","88.3"
"ALF01C01","Annual employment rate","2020","2020","475","40 - 44 years","1","Male","-","Levels of Education (Levels  0-8)","97227605-23D5-4B98-BDB8-3EB5D0682A5A","Southern","%","86.8"
"ALF01C01","Annual employment rate","2020","2020","475","40 - 44 years","1","Male","-","Levels of Education (Levels  0-8)","C32761EB-7A21-4B95-8C7A-DB195C2955CE","Eastern and Midland","%","87"
"ALF01C01","Annual employment rate","2020","2020","475","40 - 44 years","1","Male","10","Less than primary (Level 0)","IE0","Ireland","%",""
"ALF01C01","Annual employment rate","2020","2020","475","40 - 44 years","1","Male","10","Less than primary (Level 0)","811D29A4-1E05-4F4A-B61B-43DE64E07B29","Northern and Western","%",""
"ALF01C01","Annual employment rate","2020","2020","475","40 - 44 years","1","Male","10","Less than primary (Level 0)","97227605-23D5-4B98-BDB8-3EB5D0682A5A","Southern","%",""
"ALF01C01","Annual employment rate","2020","2020","475","40 - 44 years","1","Male","10","Less than primary (Level 0)","C32761EB-7A21-4B95-8C7A-DB195C2955CE","Eastern and Midland","%",""
"ALF01C01","Annual employment rate","2020","2020","475","40 - 44 years","1","Male","20","Primary and lower secondary education (Levels 1-2)","IE0","Ireland","%","65.1"
"ALF01C01","Annual employment rate","2020","2020","475","40 - 44 years","1","Male","20","Primary and lower secondary education (Levels 1-2)","811D29A4-1E05-4F4A-B61B-43DE64E07B29","Northern and Western","%","74.8"
"ALF01C01","Annual employment rate","2020","2020","475","40 - 44 years","1","Male","20","Primary and lower secondary education (Levels 1-2)","97227605-23D5-4B98-BDB8-3EB5D0682A5A","Southern","%","68.7"
"ALF01C01","Annual employment rate","2020","2020","475","40 - 44 years","1","Male","20","Primary and lower secondary education (Levels 1-2)","C32761EB-7A21-4B95-8C7A-DB195C2955CE","Eastern and Midland","%","57.3"
"ALF01C01","Annual employment rate","2020","2020","475","40 - 44 years","1","Male","30","Upper secondary and post-secondary non-tertiary education (Levels 3 and 4)","IE0","Ireland","%","86.6"
"ALF01C01","Annual employment rate","2020","2020","475","40 - 44 years","1","Male","30","Upper secondary and post-secondary non-tertiary education (Levels 3 and 4)","811D29A4-1E05-4F4A-B61B-43DE64E07B29","Northern and Western","%","86.4"
"ALF01C01","Annual employment rate","2020","2020","475","40 - 44 years","1","Male","30","Upper secondary and post-secondary non-tertiary education (Levels 3 and 4)","97227605-23D5-4B98-BDB8-3EB5D0682A5A","Southern","%","89.1"
"ALF01C01","Annual employment rate","2020","2020","475","40 - 44 years","1","Male","30","Upper secondary and post-secondary non-tertiary education (Levels 3 and 4)","C32761EB-7A21-4B95-8C7A-DB195C2955CE","Eastern and Midland","%","84.8"
"ALF01C01","Annual employment rate","2020","2020","475","40 - 44 years","1","Male","40","Tertiary education (Levels 5-8)","IE0","Ireland","%","92.4"
"ALF01C01","Annual employment rate","2020","2020","475","40 - 44 years","1","Male","40","Tertiary education (Levels 5-8)","811D29A4-1E05-4F4A-B61B-43DE64E07B29","Northern and Western","%","93.5"
"ALF01C01","Annual employment rate","2020","2020","475","40 - 44 years","1","Male","40","Tertiary education (Levels 5-8)","97227605-23D5-4B98-BDB8-3EB5D0682A5A","Southern","%","91.1"
"ALF01C01","Annual employment rate","2020","2020","475","40 - 44 years","1","Male","40","Tertiary education (Levels 5-8)","C32761EB-7A21-4B95-8C7A-DB195C2955CE","Eastern and Midland","%","92.8"
"ALF01C01","Annual employment rate","2020","2020","475","40 - 44 years","1","Male","99","Level of education - not stated","IE0","Ireland","%","80.2"
"ALF01C01","Annual employment rate","2020","2020","475","40 - 44 years","1","Male","99","Level of education - not stated","811D29A4-1E05-4F4A-B61B-43DE64E07B29","Northern and Western","%",""
"ALF01C01","Annual employment rate","2020","2020","475","40 - 44 years","1","Male","99","Level of education - not stated","97227605-23D5-4B98-BDB8-3EB5D0682A5A","Southern","%","75.9"
"ALF01C01","Annual employment rate","2020","2020","475","40 - 44 years","1","Male","99","Level of education - not stated","C32761EB-7A21-4B95-8C7A-DB195C2955CE","Eastern and Midland","%","79.7"
"ALF01C01","Annual employment rate","2020","2020","475","40 - 44 years","2","Female","-","Levels of Education (Levels  0-8)","IE0","Ireland","%","71.5"
"ALF01C01","Annual employment rate","2020","2020","475","40 - 44 years","2","Female","-","Levels of Education (Levels  0-8)","811D29A4-1E05-4F4A-B61B-43DE64E07B29","Northern and Western","%","70.8"
"ALF01C01","Annual employment rate","2020","2020","475","40 - 44 years","2","Female","-","Levels of Education (Levels  0-8)","97227605-23D5-4B98-BDB8-3EB5D0682A5A","Southern","%","69"
"ALF01C01","Annual employment rate","2020","2020","475","40 - 44 years","2","Female","-","Levels of Education (Levels  0-8)","C32761EB-7A21-4B95-8C7A-DB195C2955CE","Eastern and Midland","%","73.3"
"ALF01C01","Annual employment rate","2020","2020","475","40 - 44 years","2","Female","10","Less than primary (Level 0)","IE0","Ireland","%",""
"ALF01C01","Annual employment rate","2020","2020","475","40 - 44 years","2","Female","10","Less than primary (Level 0)","811D29A4-1E05-4F4A-B61B-43DE64E07B29","Northern and Western","%",""
"ALF01C01","Annual employment rate","2020","2020","475","40 - 44 years","2","Female","10","Less than primary (Level 0)","97227605-23D5-4B98-BDB8-3EB5D0682A5A","Southern","%",""
"ALF01C01","Annual employment rate","2020","2020","475","40 - 44 years","2","Female","10","Less than primary (Level 0)","C32761EB-7A21-4B95-8C7A-DB195C2955CE","Eastern and Midland","%",""
"ALF01C01","Annual employment rate","2020","2020","475","40 - 44 years","2","Female","20","Primary and lower secondary education (Levels 1-2)","IE0","Ireland","%","40.1"
"ALF01C01","Annual employment rate","2020","2020","475","40 - 44 years","2","Female","20","Primary and lower secondary education (Levels 1-2)","811D29A4-1E05-4F4A-B61B-43DE64E07B29","Northern and Western","%",""
"ALF01C01","Annual employment rate","2020","2020","475","40 - 44 years","2","Female","20","Primary and lower secondary education (Levels 1-2)","97227605-23D5-4B98-BDB8-3EB5D0682A5A","Southern","%","33.6"
"ALF01C01","Annual employment rate","2020","2020","475","40 - 44 years","2","Female","20","Primary and lower secondary education (Levels 1-2)","C32761EB-7A21-4B95-8C7A-DB195C2955CE","Eastern and Midland","%","42.5"
"ALF01C01","Annual employment rate","2020","2020","475","40 - 44 years","2","Female","30","Upper secondary and post-secondary non-tertiary education (Levels 3 and 4)","IE0","Ireland","%","62.5"
"ALF01C01","Annual employment rate","2020","2020","475","40 - 44 years","2","Female","30","Upper secondary and post-secondary non-tertiary education (Levels 3 and 4)","811D29A4-1E05-4F4A-B61B-43DE64E07B29","Northern and Western","%","55.1"
"ALF01C01","Annual employment rate","2020","2020","475","40 - 44 years","2","Female","30","Upper secondary and post-secondary non-tertiary education (Levels 3 and 4)","97227605-23D5-4B98-BDB8-3EB5D0682A5A","Southern","%","61.1"
"ALF01C01","Annual employment rate","2020","2020","475","40 - 44 years","2","Female","30","Upper secondary and post-secondary non-tertiary education (Levels 3 and 4)","C32761EB-7A21-4B95-8C7A-DB195C2955CE","Eastern and Midland","%","66"
"ALF01C01","Annual employment rate","2020","2020","475","40 - 44 years","2","Female","40","Tertiary education (Levels 5-8)","IE0","Ireland","%","80.4"
"ALF01C01","Annual employment rate","2020","2020","475","40 - 44 years","2","Female","40","Tertiary education (Levels 5-8)","811D29A4-1E05-4F4A-B61B-43DE64E07B29","Northern and Western","%","81.4"
"ALF01C01","Annual employment rate","2020","2020","475","40 - 44 years","2","Female","40","Tertiary education (Levels 5-8)","97227605-23D5-4B98-BDB8-3EB5D0682A5A","Southern","%","78.5"
"ALF01C01","Annual employment rate","2020","2020","475","40 - 44 years","2","Female","40","Tertiary education (Levels 5-8)","C32761EB-7A21-4B95-8C7A-DB195C2955CE","Eastern and Midland","%","81.3"
"ALF01C01","Annual employment rate","2020","2020","475","40 - 44 years","2","Female","99","Level of education - not stated","IE0","Ireland","%","57.4"
"ALF01C01","Annual employment rate","2020","2020","475","40 - 44 years","2","Female","99","Level of education - not stated","811D29A4-1E05-4F4A-B61B-43DE64E07B29","Northern and Western","%",""
"ALF01C01","Annual employment rate","2020","2020","475","40 - 44 years","2","Female","99","Level of education - not stated","97227605-23D5-4B98-BDB8-3EB5D0682A5A","Southern","%",""
"ALF01C01","Annual employment rate","2020","2020","475","40 - 44 years","2","Female","99","Level of education - not stated","C32761EB-7A21-4B95-8C7A-DB195C2955CE","Eastern and Midland","%",""
"ALF01C01","Annual employment rate","2020","2020","495","45 - 49 years","-","Both sexes","-","Levels of Education (Levels  0-8)","IE0","Ireland","%","78.9"
"ALF01C01","Annual employment rate","2020","2020","495","45 - 49 years","-","Both sexes","-","Levels of Education (Levels  0-8)","811D29A4-1E05-4F4A-B61B-43DE64E07B29","Northern and Western","%","79.8"
"ALF01C01","Annual employment rate","2020","2020","495","45 - 49 years","-","Both sexes","-","Levels of Education (Levels  0-8)","97227605-23D5-4B98-BDB8-3EB5D0682A5A","Southern","%","78.7"
"ALF01C01","Annual employment rate","2020","2020","495","45 - 49 years","-","Both sexes","-","Levels of Education (Levels  0-8)","C32761EB-7A21-4B95-8C7A-DB195C2955CE","Eastern and Midland","%","78.8"
"ALF01C01","Annual employment rate","2020","2020","495","45 - 49 years","-","Both sexes","10","Less than primary (Level 0)","IE0","Ireland","%",""
"ALF01C01","Annual employment rate","2020","2020","495","45 - 49 years","-","Both sexes","10","Less than primary (Level 0)","811D29A4-1E05-4F4A-B61B-43DE64E07B29","Northern and Western","%",""
"ALF01C01","Annual employment rate","2020","2020","495","45 - 49 years","-","Both sexes","10","Less than primary (Level 0)","97227605-23D5-4B98-BDB8-3EB5D0682A5A","Southern","%",""
"ALF01C01","Annual employment rate","2020","2020","495","45 - 49 years","-","Both sexes","10","Less than primary (Level 0)","C32761EB-7A21-4B95-8C7A-DB195C2955CE","Eastern and Midland","%",""
"ALF01C01","Annual employment rate","2020","2020","495","45 - 49 years","-","Both sexes","20","Primary and lower secondary education (Levels 1-2)","IE0","Ireland","%","58.7"
"ALF01C01","Annual employment rate","2020","2020","495","45 - 49 years","-","Both sexes","20","Primary and lower secondary education (Levels 1-2)","811D29A4-1E05-4F4A-B61B-43DE64E07B29","Northern and Western","%","59.8"
"ALF01C01","Annual employment rate","2020","2020","495","45 - 49 years","-","Both sexes","20","Primary and lower secondary education (Levels 1-2)","97227605-23D5-4B98-BDB8-3EB5D0682A5A","Southern","%","61.2"
"ALF01C01","Annual employment rate","2020","2020","495","45 - 49 years","-","Both sexes","20","Primary and lower secondary education (Levels 1-2)","C32761EB-7A21-4B95-8C7A-DB195C2955CE","Eastern and Midland","%","56.5"
"ALF01C01","Annual employment rate","2020","2020","495","45 - 49 years","-","Both sexes","30","Upper secondary and post-secondary non-tertiary education (Levels 3 and 4)","IE0","Ireland","%","76"
"ALF01C01","Annual employment rate","2020","2020","495","45 - 49 years","-","Both sexes","30","Upper secondary and post-secondary non-tertiary education (Levels 3 and 4)","811D29A4-1E05-4F4A-B61B-43DE64E07B29","Northern and Western","%","77.4"
"ALF01C01","Annual employment rate","2020","2020","495","45 - 49 years","-","Both sexes","30","Upper secondary and post-secondary non-tertiary education (Levels 3 and 4)","97227605-23D5-4B98-BDB8-3EB5D0682A5A","Southern","%","74.1"
"ALF01C01","Annual employment rate","2020","2020","495","45 - 49 years","-","Both sexes","30","Upper secondary and post-secondary non-tertiary education (Levels 3 and 4)","C32761EB-7A21-4B95-8C7A-DB195C2955CE","Eastern and Midland","%","76.9"
"ALF01C01","Annual employment rate","2020","2020","495","45 - 49 years","-","Both sexes","40","Tertiary education (Levels 5-8)","IE0","Ireland","%","86.4"
"ALF01C01","Annual employment rate","2020","2020","495","45 - 49 years","-","Both sexes","40","Tertiary education (Levels 5-8)","811D29A4-1E05-4F4A-B61B-43DE64E07B29","Northern and Western","%","87.8"
"ALF01C01","Annual employment rate","2020","2020","495","45 - 49 years","-","Both sexes","40","Tertiary education (Levels 5-8)","97227605-23D5-4B98-BDB8-3EB5D0682A5A","Southern","%","88.2"
"ALF01C01","Annual employment rate","2020","2020","495","45 - 49 years","-","Both sexes","40","Tertiary education (Levels 5-8)","C32761EB-7A21-4B95-8C7A-DB195C2955CE","Eastern and Midland","%","85"
"ALF01C01","Annual employment rate","2020","2020","495","45 - 49 years","-","Both sexes","99","Level of education - not stated","IE0","Ireland","%","75.6"
"ALF01C01","Annual employment rate","2020","2020","495","45 - 49 years","-","Both sexes","99","Level of education - not stated","811D29A4-1E05-4F4A-B61B-43DE64E07B29","Northern and Western","%","72.2"
"ALF01C01","Annual employment rate","2020","2020","495","45 - 49 years","-","Both sexes","99","Level of education - not stated","97227605-23D5-4B98-BDB8-3EB5D0682A5A","Southern","%","73.5"
"ALF01C01","Annual employment rate","2020","2020","495","45 - 49 years","-","Both sexes","99","Level of education - not stated","C32761EB-7A21-4B95-8C7A-DB195C2955CE","Eastern and Midland","%","79.9"
"ALF01C01","Annual employment rate","2020","2020","495","45 - 49 years","1","Male","-","Levels of Education (Levels  0-8)","IE0","Ireland","%","86.7"
"ALF01C01","Annual employment rate","2020","2020","495","45 - 49 years","1","Male","-","Levels of Education (Levels  0-8)","811D29A4-1E05-4F4A-B61B-43DE64E07B29","Northern and Western","%","86.8"
"ALF01C01","Annual employment rate","2020","2020","495","45 - 49 years","1","Male","-","Levels of Education (Levels  0-8)","97227605-23D5-4B98-BDB8-3EB5D0682A5A","Southern","%","86.7"
"ALF01C01","Annual employment rate","2020","2020","495","45 - 49 years","1","Male","-","Levels of Education (Levels  0-8)","C32761EB-7A21-4B95-8C7A-DB195C2955CE","Eastern and Midland","%","86.6"
"ALF01C01","Annual employment rate","2020","2020","495","45 - 49 years","1","Male","10","Less than primary (Level 0)","IE0","Ireland","%",""
"ALF01C01","Annual employment rate","2020","2020","495","45 - 49 years","1","Male","10","Less than primary (Level 0)","811D29A4-1E05-4F4A-B61B-43DE64E07B29","Northern and Western","%",""
"ALF01C01","Annual employment rate","2020","2020","495","45 - 49 years","1","Male","10","Less than primary (Level 0)","97227605-23D5-4B98-BDB8-3EB5D0682A5A","Southern","%",""
"ALF01C01","Annual employment rate","2020","2020","495","45 - 49 years","1","Male","10","Less than primary (Level 0)","C32761EB-7A21-4B95-8C7A-DB195C2955CE","Eastern and Midland","%",""
"ALF01C01","Annual employment rate","2020","2020","495","45 - 49 years","1","Male","20","Primary and lower secondary education (Levels 1-2)","IE0","Ireland","%","69.3"
"ALF01C01","Annual employment rate","2020","2020","495","45 - 49 years","1","Male","20","Primary and lower secondary education (Levels 1-2)","811D29A4-1E05-4F4A-B61B-43DE64E07B29","Northern and Western","%","73.6"
"ALF01C01","Annual employment rate","2020","2020","495","45 - 49 years","1","Male","20","Primary and lower secondary education (Levels 1-2)","97227605-23D5-4B98-BDB8-3EB5D0682A5A","Southern","%","73"
"ALF01C01","Annual employment rate","2020","2020","495","45 - 49 years","1","Male","20","Primary and lower secondary education (Levels 1-2)","C32761EB-7A21-4B95-8C7A-DB195C2955CE","Eastern and Midland","%","64.5"
"ALF01C01","Annual employment rate","2020","2020","495","45 - 49 years","1","Male","30","Upper secondary and post-secondary non-tertiary education (Levels 3 and 4)","IE0","Ireland","%","87"
"ALF01C01","Annual employment rate","2020","2020","495","45 - 49 years","1","Male","30","Upper secondary and post-secondary non-tertiary education (Levels 3 and 4)","811D29A4-1E05-4F4A-B61B-43DE64E07B29","Northern and Western","%","88.4"
"ALF01C01","Annual employment rate","2020","2020","495","45 - 49 years","1","Male","30","Upper secondary and post-secondary non-tertiary education (Levels 3 and 4)","97227605-23D5-4B98-BDB8-3EB5D0682A5A","Southern","%","85.8"
"ALF01C01","Annual employment rate","2020","2020","495","45 - 49 years","1","Male","30","Upper secondary and post-secondary non-tertiary education (Levels 3 and 4)","C32761EB-7A21-4B95-8C7A-DB195C2955CE","Eastern and Midland","%","87.5"
"ALF01C01","Annual employment rate","2020","2020","495","45 - 49 years","1","Male","40","Tertiary education (Levels 5-8)","IE0","Ireland","%","93.1"
"ALF01C01","Annual employment rate","2020","2020","495","45 - 49 years","1","Male","40","Tertiary education (Levels 5-8)","811D29A4-1E05-4F4A-B61B-43DE64E07B29","Northern and Western","%","93.3"
"ALF01C01","Annual employment rate","2020","2020","495","45 - 49 years","1","Male","40","Tertiary education (Levels 5-8)","97227605-23D5-4B98-BDB8-3EB5D0682A5A","Southern","%","94.4"
"ALF01C01","Annual employment rate","2020","2020","495","45 - 49 years","1","Male","40","Tertiary education (Levels 5-8)","C32761EB-7A21-4B95-8C7A-DB195C2955CE","Eastern and Midland","%","92.4"
"ALF01C01","Annual employment rate","2020","2020","495","45 - 49 years","1","Male","99","Level of education - not stated","IE0","Ireland","%","76.3"
"ALF01C01","Annual employment rate","2020","2020","495","45 - 49 years","1","Male","99","Level of education - not stated","811D29A4-1E05-4F4A-B61B-43DE64E07B29","Northern and Western","%",""
"ALF01C01","Annual employment rate","2020","2020","495","45 - 49 years","1","Male","99","Level of education - not stated","97227605-23D5-4B98-BDB8-3EB5D0682A5A","Southern","%","75.9"
"ALF01C01","Annual employment rate","2020","2020","495","45 - 49 years","1","Male","99","Level of education - not stated","C32761EB-7A21-4B95-8C7A-DB195C2955CE","Eastern and Midland","%","84.3"
"ALF01C01","Annual employment rate","2020","2020","495","45 - 49 years","2","Female","-","Levels of Education (Levels  0-8)","IE0","Ireland","%","71.3"
"ALF01C01","Annual employment rate","2020","2020","495","45 - 49 years","2","Female","-","Levels of Education (Levels  0-8)","811D29A4-1E05-4F4A-B61B-43DE64E07B29","Northern and Western","%","73.1"
"ALF01C01","Annual employment rate","2020","2020","495","45 - 49 years","2","Female","-","Levels of Education (Levels  0-8)","97227605-23D5-4B98-BDB8-3EB5D0682A5A","Southern","%","70.7"
"ALF01C01","Annual employment rate","2020","2020","495","45 - 49 years","2","Female","-","Levels of Education (Levels  0-8)","C32761EB-7A21-4B95-8C7A-DB195C2955CE","Eastern and Midland","%","71.1"
"ALF01C01","Annual employment rate","2020","2020","495","45 - 49 years","2","Female","10","Less than primary (Level 0)","IE0","Ireland","%",""
"ALF01C01","Annual employment rate","2020","2020","495","45 - 49 years","2","Female","10","Less than primary (Level 0)","811D29A4-1E05-4F4A-B61B-43DE64E07B29","Northern and Western","%",""
"ALF01C01","Annual employment rate","2020","2020","495","45 - 49 years","2","Female","10","Less than primary (Level 0)","97227605-23D5-4B98-BDB8-3EB5D0682A5A","Southern","%",""
"ALF01C01","Annual employment rate","2020","2020","495","45 - 49 years","2","Female","10","Less than primary (Level 0)","C32761EB-7A21-4B95-8C7A-DB195C2955CE","Eastern and Midland","%",""
"ALF01C01","Annual employment rate","2020","2020","495","45 - 49 years","2","Female","20","Primary and lower secondary education (Levels 1-2)","IE0","Ireland","%","42.8"
"ALF01C01","Annual employment rate","2020","2020","495","45 - 49 years","2","Female","20","Primary and lower secondary education (Levels 1-2)","811D29A4-1E05-4F4A-B61B-43DE64E07B29","Northern and Western","%",""
"ALF01C01","Annual employment rate","2020","2020","495","45 - 49 years","2","Female","20","Primary and lower secondary education (Levels 1-2)","97227605-23D5-4B98-BDB8-3EB5D0682A5A","Southern","%","41.9"
"ALF01C01","Annual employment rate","2020","2020","495","45 - 49 years","2","Female","20","Primary and lower secondary education (Levels 1-2)","C32761EB-7A21-4B95-8C7A-DB195C2955CE","Eastern and Midland","%","46.4"
"ALF01C01","Annual employment rate","2020","2020","495","45 - 49 years","2","Female","30","Upper secondary and post-secondary non-tertiary education (Levels 3 and 4)","IE0","Ireland","%","64.8"
"ALF01C01","Annual employment rate","2020","2020","495","45 - 49 years","2","Female","30","Upper secondary and post-secondary non-tertiary education (Levels 3 and 4)","811D29A4-1E05-4F4A-B61B-43DE64E07B29","Northern and Western","%","68.1"
"ALF01C01","Annual employment rate","2020","2020","495","45 - 49 years","2","Female","30","Upper secondary and post-secondary non-tertiary education (Levels 3 and 4)","97227605-23D5-4B98-BDB8-3EB5D0682A5A","Southern","%","61.3"
"ALF01C01","Annual employment rate","2020","2020","495","45 - 49 years","2","Female","30","Upper secondary and post-secondary non-tertiary education (Levels 3 and 4)","C32761EB-7A21-4B95-8C7A-DB195C2955CE","Eastern and Midland","%","66.1"
"ALF01C01","Annual employment rate","2020","2020","495","45 - 49 years","2","Female","40","Tertiary education (Levels 5-8)","IE0","Ireland","%","80.6"
"ALF01C01","Annual employment rate","2020","2020","495","45 - 49 years","2","Female","40","Tertiary education (Levels 5-8)","811D29A4-1E05-4F4A-B61B-43DE64E07B29","Northern and Western","%","83.2"
"ALF01C01","Annual employment rate","2020","2020","495","45 - 49 years","2","Female","40","Tertiary education (Levels 5-8)","97227605-23D5-4B98-BDB8-3EB5D0682A5A","Southern","%","83.2"
"ALF01C01","Annual employment rate","2020","2020","495","45 - 49 years","2","Female","40","Tertiary education (Levels 5-8)","C32761EB-7A21-4B95-8C7A-DB195C2955CE","Eastern and Midland","%","78.3"
"ALF01C01","Annual employment rate","2020","2020","495","45 - 49 years","2","Female","99","Level of education - not stated","IE0","Ireland","%","74.6"
"ALF01C01","Annual employment rate","2020","2020","495","45 - 49 years","2","Female","99","Level of education - not stated","811D29A4-1E05-4F4A-B61B-43DE64E07B29","Northern and Western","%",""
"ALF01C01","Annual employment rate","2020","2020","495","45 - 49 years","2","Female","99","Level of education - not stated","97227605-23D5-4B98-BDB8-3EB5D0682A5A","Southern","%","71"
"ALF01C01","Annual employment rate","2020","2020","495","45 - 49 years","2","Female","99","Level of education - not stated","C32761EB-7A21-4B95-8C7A-DB195C2955CE","Eastern and Midland","%",""
"ALF01C01","Annual employment rate","2020","2020","515","50 - 54 years","-","Both sexes","-","Levels of Education (Levels  0-8)","IE0","Ireland","%","75.2"
"ALF01C01","Annual employment rate","2020","2020","515","50 - 54 years","-","Both sexes","-","Levels of Education (Levels  0-8)","811D29A4-1E05-4F4A-B61B-43DE64E07B29","Northern and Western","%","77.5"
"ALF01C01","Annual employment rate","2020","2020","515","50 - 54 years","-","Both sexes","-","Levels of Education (Levels  0-8)","97227605-23D5-4B98-BDB8-3EB5D0682A5A","Southern","%","73.8"
"ALF01C01","Annual employment rate","2020","2020","515","50 - 54 years","-","Both sexes","-","Levels of Education (Levels  0-8)","C32761EB-7A21-4B95-8C7A-DB195C2955CE","Eastern and Midland","%","75.4"
"ALF01C01","Annual employment rate","2020","2020","515","50 - 54 years","-","Both sexes","10","Less than primary (Level 0)","IE0","Ireland","%",""
"ALF01C01","Annual employment rate","2020","2020","515","50 - 54 years","-","Both sexes","10","Less than primary (Level 0)","811D29A4-1E05-4F4A-B61B-43DE64E07B29","Northern and Western","%",""
"ALF01C01","Annual employment rate","2020","2020","515","50 - 54 years","-","Both sexes","10","Less than primary (Level 0)","97227605-23D5-4B98-BDB8-3EB5D0682A5A","Southern","%",""
"ALF01C01","Annual employment rate","2020","2020","515","50 - 54 years","-","Both sexes","10","Less than primary (Level 0)","C32761EB-7A21-4B95-8C7A-DB195C2955CE","Eastern and Midland","%",""
"ALF01C01","Annual employment rate","2020","2020","515","50 - 54 years","-","Both sexes","20","Primary and lower secondary education (Levels 1-2)","IE0","Ireland","%","58.1"
"ALF01C01","Annual employment rate","2020","2020","515","50 - 54 years","-","Both sexes","20","Primary and lower secondary education (Levels 1-2)","811D29A4-1E05-4F4A-B61B-43DE64E07B29","Northern and Western","%","59.8"
"ALF01C01","Annual employment rate","2020","2020","515","50 - 54 years","-","Both sexes","20","Primary and lower secondary education (Levels 1-2)","97227605-23D5-4B98-BDB8-3EB5D0682A5A","Southern","%","55.7"
"ALF01C01","Annual employment rate","2020","2020","515","50 - 54 years","-","Both sexes","20","Primary and lower secondary education (Levels 1-2)","C32761EB-7A21-4B95-8C7A-DB195C2955CE","Eastern and Midland","%","59.4"
"ALF01C01","Annual employment rate","2020","2020","515","50 - 54 years","-","Both sexes","30","Upper secondary and post-secondary non-tertiary education (Levels 3 and 4)","IE0","Ireland","%","72.6"
"ALF01C01","Annual employment rate","2020","2020","515","50 - 54 years","-","Both sexes","30","Upper secondary and post-secondary non-tertiary education (Levels 3 and 4)","811D29A4-1E05-4F4A-B61B-43DE64E07B29","Northern and Western","%","75.9"
"ALF01C01","Annual employment rate","2020","2020","515","50 - 54 years","-","Both sexes","30","Upper secondary and post-secondary non-tertiary education (Levels 3 and 4)","97227605-23D5-4B98-BDB8-3EB5D0682A5A","Southern","%","71.3"
"ALF01C01","Annual employment rate","2020","2020","515","50 - 54 years","-","Both sexes","30","Upper secondary and post-secondary non-tertiary education (Levels 3 and 4)","C32761EB-7A21-4B95-8C7A-DB195C2955CE","Eastern and Midland","%","72.2"
"ALF01C01","Annual employment rate","2020","2020","515","50 - 54 years","-","Both sexes","40","Tertiary education (Levels 5-8)","IE0","Ireland","%","85.5"
"ALF01C01","Annual employment rate","2020","2020","515","50 - 54 years","-","Both sexes","40","Tertiary education (Levels 5-8)","811D29A4-1E05-4F4A-B61B-43DE64E07B29","Northern and Western","%","88.1"
"ALF01C01","Annual employment rate","2020","2020","515","50 - 54 years","-","Both sexes","40","Tertiary education (Levels 5-8)","97227605-23D5-4B98-BDB8-3EB5D0682A5A","Southern","%","87.2"
"ALF01C01","Annual employment rate","2020","2020","515","50 - 54 years","-","Both sexes","40","Tertiary education (Levels 5-8)","C32761EB-7A21-4B95-8C7A-DB195C2955CE","Eastern and Midland","%","83.6"
"ALF01C01","Annual employment rate","2020","2020","515","50 - 54 years","-","Both sexes","99","Level of education - not stated","IE0","Ireland","%","66.4"
"ALF01C01","Annual employment rate","2020","2020","515","50 - 54 years","-","Both sexes","99","Level of education - not stated","811D29A4-1E05-4F4A-B61B-43DE64E07B29","Northern and Western","%",""
"ALF01C01","Annual employment rate","2020","2020","515","50 - 54 years","-","Both sexes","99","Level of education - not stated","97227605-23D5-4B98-BDB8-3EB5D0682A5A","Southern","%","61.6"
"ALF01C01","Annual employment rate","2020","2020","515","50 - 54 years","-","Both sexes","99","Level of education - not stated","C32761EB-7A21-4B95-8C7A-DB195C2955CE","Eastern and Midland","%","71.5"
"ALF01C01","Annual employment rate","2020","2020","515","50 - 54 years","1","Male","-","Levels of Education (Levels  0-8)","IE0","Ireland","%","81.9"
"ALF01C01","Annual employment rate","2020","2020","515","50 - 54 years","1","Male","-","Levels of Education (Levels  0-8)","811D29A4-1E05-4F4A-B61B-43DE64E07B29","Northern and Western","%","83.3"
"ALF01C01","Annual employment rate","2020","2020","515","50 - 54 years","1","Male","-","Levels of Education (Levels  0-8)","97227605-23D5-4B98-BDB8-3EB5D0682A5A","Southern","%","80.1"
"ALF01C01","Annual employment rate","2020","2020","515","50 - 54 years","1","Male","-","Levels of Education (Levels  0-8)","C32761EB-7A21-4B95-8C7A-DB195C2955CE","Eastern and Midland","%","82.7"
"ALF01C01","Annual employment rate","2020","2020","515","50 - 54 years","1","Male","10","Less than primary (Level 0)","IE0","Ireland","%",""
"ALF01C01","Annual employment rate","2020","2020","515","50 - 54 years","1","Male","10","Less than primary (Level 0)","811D29A4-1E05-4F4A-B61B-43DE64E07B29","Northern and Western","%",""
"ALF01C01","Annual employment rate","2020","2020","515","50 - 54 years","1","Male","10","Less than primary (Level 0)","97227605-23D5-4B98-BDB8-3EB5D0682A5A","Southern","%",""
"ALF01C01","Annual employment rate","2020","2020","515","50 - 54 years","1","Male","10","Less than primary (Level 0)","C32761EB-7A21-4B95-8C7A-DB195C2955CE","Eastern and Midland","%",""
"ALF01C01","Annual employment rate","2020","2020","515","50 - 54 years","1","Male","20","Primary and lower secondary education (Levels 1-2)","IE0","Ireland","%","69.6"
"ALF01C01","Annual employment rate","2020","2020","515","50 - 54 years","1","Male","20","Primary and lower secondary education (Levels 1-2)","811D29A4-1E05-4F4A-B61B-43DE64E07B29","Northern and Western","%","71.4"
"ALF01C01","Annual employment rate","2020","2020","515","50 - 54 years","1","Male","20","Primary and lower secondary education (Levels 1-2)","97227605-23D5-4B98-BDB8-3EB5D0682A5A","Southern","%","69.2"
"ALF01C01","Annual employment rate","2020","2020","515","50 - 54 years","1","Male","20","Primary and lower secondary education (Levels 1-2)","C32761EB-7A21-4B95-8C7A-DB195C2955CE","Eastern and Midland","%","69.1"
"ALF01C01","Annual employment rate","2020","2020","515","50 - 54 years","1","Male","30","Upper secondary and post-secondary non-tertiary education (Levels 3 and 4)","IE0","Ireland","%","82.1"
"ALF01C01","Annual employment rate","2020","2020","515","50 - 54 years","1","Male","30","Upper secondary and post-secondary non-tertiary education (Levels 3 and 4)","811D29A4-1E05-4F4A-B61B-43DE64E07B29","Northern and Western","%","89.3"
"ALF01C01","Annual employment rate","2020","2020","515","50 - 54 years","1","Male","30","Upper secondary and post-secondary non-tertiary education (Levels 3 and 4)","97227605-23D5-4B98-BDB8-3EB5D0682A5A","Southern","%","78.9"
"ALF01C01","Annual employment rate","2020","2020","515","50 - 54 years","1","Male","30","Upper secondary and post-secondary non-tertiary education (Levels 3 and 4)","C32761EB-7A21-4B95-8C7A-DB195C2955CE","Eastern and Midland","%","82"
"ALF01C01","Annual employment rate","2020","2020","515","50 - 54 years","1","Male","40","Tertiary education (Levels 5-8)","IE0","Ireland","%","89.4"
"ALF01C01","Annual employment rate","2020","2020","515","50 - 54 years","1","Male","40","Tertiary education (Levels 5-8)","811D29A4-1E05-4F4A-B61B-43DE64E07B29","Northern and Western","%","87.2"
"ALF01C01","Annual employment rate","2020","2020","515","50 - 54 years","1","Male","40","Tertiary education (Levels 5-8)","97227605-23D5-4B98-BDB8-3EB5D0682A5A","Southern","%","90.9"
"ALF01C01","Annual employment rate","2020","2020","515","50 - 54 years","1","Male","40","Tertiary education (Levels 5-8)","C32761EB-7A21-4B95-8C7A-DB195C2955CE","Eastern and Midland","%","89.3"
"ALF01C01","Annual employment rate","2020","2020","515","50 - 54 years","1","Male","99","Level of education - not stated","IE0","Ireland","%","76.8"
"ALF01C01","Annual employment rate","2020","2020","515","50 - 54 years","1","Male","99","Level of education - not stated","811D29A4-1E05-4F4A-B61B-43DE64E07B29","Northern and Western","%",""
"ALF01C01","Annual employment rate","2020","2020","515","50 - 54 years","1","Male","99","Level of education - not stated","97227605-23D5-4B98-BDB8-3EB5D0682A5A","Southern","%",""
"ALF01C01","Annual employment rate","2020","2020","515","50 - 54 years","1","Male","99","Level of education - not stated","C32761EB-7A21-4B95-8C7A-DB195C2955CE","Eastern and Midland","%","81.7"
"ALF01C01","Annual employment rate","2020","2020","515","50 - 54 years","2","Female","-","Levels of Education (Levels  0-8)","IE0","Ireland","%","68.6"
"ALF01C01","Annual employment rate","2020","2020","515","50 - 54 years","2","Female","-","Levels of Education (Levels  0-8)","811D29A4-1E05-4F4A-B61B-43DE64E07B29","Northern and Western","%","71.7"
"ALF01C01","Annual employment rate","2020","2020","515","50 - 54 years","2","Female","-","Levels of Education (Levels  0-8)","97227605-23D5-4B98-BDB8-3EB5D0682A5A","Southern","%","67.4"
"ALF01C01","Annual employment rate","2020","2020","515","50 - 54 years","2","Female","-","Levels of Education (Levels  0-8)","C32761EB-7A21-4B95-8C7A-DB195C2955CE","Eastern and Midland","%","68.2"
"ALF01C01","Annual employment rate","2020","2020","515","50 - 54 years","2","Female","10","Less than primary (Level 0)","IE0","Ireland","%",""
"ALF01C01","Annual employment rate","2020","2020","515","50 - 54 years","2","Female","10","Less than primary (Level 0)","811D29A4-1E05-4F4A-B61B-43DE64E07B29","Northern and Western","%",""
"ALF01C01","Annual employment rate","2020","2020","515","50 - 54 years","2","Female","10","Less than primary (Level 0)","97227605-23D5-4B98-BDB8-3EB5D0682A5A","Southern","%",""
"ALF01C01","Annual employment rate","2020","2020","515","50 - 54 years","2","Female","10","Less than primary (Level 0)","C32761EB-7A21-4B95-8C7A-DB195C2955CE","Eastern and Midland","%",""
"ALF01C01","Annual employment rate","2020","2020","515","50 - 54 years","2","Female","20","Primary and lower secondary education (Levels 1-2)","IE0","Ireland","%","38.7"
"ALF01C01","Annual employment rate","2020","2020","515","50 - 54 years","2","Female","20","Primary and lower secondary education (Levels 1-2)","811D29A4-1E05-4F4A-B61B-43DE64E07B29","Northern and Western","%","39.3"
"ALF01C01","Annual employment rate","2020","2020","515","50 - 54 years","2","Female","20","Primary and lower secondary education (Levels 1-2)","97227605-23D5-4B98-BDB8-3EB5D0682A5A","Southern","%","30.9"
"ALF01C01","Annual employment rate","2020","2020","515","50 - 54 years","2","Female","20","Primary and lower secondary education (Levels 1-2)","C32761EB-7A21-4B95-8C7A-DB195C2955CE","Eastern and Midland","%","44.6"
"ALF01C01","Annual employment rate","2020","2020","515","50 - 54 years","2","Female","30","Upper secondary and post-secondary non-tertiary education (Levels 3 and 4)","IE0","Ireland","%","64"
"ALF01C01","Annual employment rate","2020","2020","515","50 - 54 years","2","Female","30","Upper secondary and post-secondary non-tertiary education (Levels 3 and 4)","811D29A4-1E05-4F4A-B61B-43DE64E07B29","Northern and Western","%","64.9"
"ALF01C01","Annual employment rate","2020","2020","515","50 - 54 years","2","Female","30","Upper secondary and post-secondary non-tertiary education (Levels 3 and 4)","97227605-23D5-4B98-BDB8-3EB5D0682A5A","Southern","%","63.4"
"ALF01C01","Annual employment rate","2020","2020","515","50 - 54 years","2","Female","30","Upper secondary and post-secondary non-tertiary education (Levels 3 and 4)","C32761EB-7A21-4B95-8C7A-DB195C2955CE","Eastern and Midland","%","64.1"
"ALF01C01","Annual employment rate","2020","2020","515","50 - 54 years","2","Female","40","Tertiary education (Levels 5-8)","IE0","Ireland","%","82.1"
"ALF01C01","Annual employment rate","2020","2020","515","50 - 54 years","2","Female","40","Tertiary education (Levels 5-8)","811D29A4-1E05-4F4A-B61B-43DE64E07B29","Northern and Western","%","88.9"
"ALF01C01","Annual employment rate","2020","2020","515","50 - 54 years","2","Female","40","Tertiary education (Levels 5-8)","97227605-23D5-4B98-BDB8-3EB5D0682A5A","Southern","%","84.4"
"ALF01C01","Annual employment rate","2020","2020","515","50 - 54 years","2","Female","40","Tertiary education (Levels 5-8)","C32761EB-7A21-4B95-8C7A-DB195C2955CE","Eastern and Midland","%","78.3"
"ALF01C01","Annual employment rate","2020","2020","515","50 - 54 years","2","Female","99","Level of education - not stated","IE0","Ireland","%","54.8"
"ALF01C01","Annual employment rate","2020","2020","515","50 - 54 years","2","Female","99","Level of education - not stated","811D29A4-1E05-4F4A-B61B-43DE64E07B29","Northern and Western","%",""
"ALF01C01","Annual employment rate","2020","2020","515","50 - 54 years","2","Female","99","Level of education - not stated","97227605-23D5-4B98-BDB8-3EB5D0682A5A","Southern","%",""
"ALF01C01","Annual employment rate","2020","2020","515","50 - 54 years","2","Female","99","Level of education - not stated","C32761EB-7A21-4B95-8C7A-DB195C2955CE","Eastern and Midland","%",""
"ALF01C01","Annual employment rate","2020","2020","530","55 - 59 years","-","Both sexes","-","Levels of Education (Levels  0-8)","IE0","Ireland","%","68.2"
"ALF01C01","Annual employment rate","2020","2020","530","55 - 59 years","-","Both sexes","-","Levels of Education (Levels  0-8)","811D29A4-1E05-4F4A-B61B-43DE64E07B29","Northern and Western","%","67"
"ALF01C01","Annual employment rate","2020","2020","530","55 - 59 years","-","Both sexes","-","Levels of Education (Levels  0-8)","97227605-23D5-4B98-BDB8-3EB5D0682A5A","Southern","%","65.5"
"ALF01C01","Annual employment rate","2020","2020","530","55 - 59 years","-","Both sexes","-","Levels of Education (Levels  0-8)","C32761EB-7A21-4B95-8C7A-DB195C2955CE","Eastern and Midland","%","70.6"
"ALF01C01","Annual employment rate","2020","2020","530","55 - 59 years","-","Both sexes","10","Less than primary (Level 0)","IE0","Ireland","%",""
"ALF01C01","Annual employment rate","2020","2020","530","55 - 59 years","-","Both sexes","10","Less than primary (Level 0)","811D29A4-1E05-4F4A-B61B-43DE64E07B29","Northern and Western","%",""
"ALF01C01","Annual employment rate","2020","2020","530","55 - 59 years","-","Both sexes","10","Less than primary (Level 0)","97227605-23D5-4B98-BDB8-3EB5D0682A5A","Southern","%",""
"ALF01C01","Annual employment rate","2020","2020","530","55 - 59 years","-","Both sexes","10","Less than primary (Level 0)","C32761EB-7A21-4B95-8C7A-DB195C2955CE","Eastern and Midland","%",""
"ALF01C01","Annual employment rate","2020","2020","530","55 - 59 years","-","Both sexes","20","Primary and lower secondary education (Levels 1-2)","IE0","Ireland","%","54.2"
"ALF01C01","Annual employment rate","2020","2020","530","55 - 59 years","-","Both sexes","20","Primary and lower secondary education (Levels 1-2)","811D29A4-1E05-4F4A-B61B-43DE64E07B29","Northern and Western","%","60"
"ALF01C01","Annual employment rate","2020","2020","530","55 - 59 years","-","Both sexes","20","Primary and lower secondary education (Levels 1-2)","97227605-23D5-4B98-BDB8-3EB5D0682A5A","Southern","%","50.8"
"ALF01C01","Annual employment rate","2020","2020","530","55 - 59 years","-","Both sexes","20","Primary and lower secondary education (Levels 1-2)","C32761EB-7A21-4B95-8C7A-DB195C2955CE","Eastern and Midland","%","54.8"
"ALF01C01","Annual employment rate","2020","2020","530","55 - 59 years","-","Both sexes","30","Upper secondary and post-secondary non-tertiary education (Levels 3 and 4)","IE0","Ireland","%","68.1"
"ALF01C01","Annual employment rate","2020","2020","530","55 - 59 years","-","Both sexes","30","Upper secondary and post-secondary non-tertiary education (Levels 3 and 4)","811D29A4-1E05-4F4A-B61B-43DE64E07B29","Northern and Western","%","66.6"
"ALF01C01","Annual employment rate","2020","2020","530","55 - 59 years","-","Both sexes","30","Upper secondary and post-secondary non-tertiary education (Levels 3 and 4)","97227605-23D5-4B98-BDB8-3EB5D0682A5A","Southern","%","65.6"
"ALF01C01","Annual employment rate","2020","2020","530","55 - 59 years","-","Both sexes","30","Upper secondary and post-secondary non-tertiary education (Levels 3 and 4)","C32761EB-7A21-4B95-8C7A-DB195C2955CE","Eastern and Midland","%","70.5"
"ALF01C01","Annual employment rate","2020","2020","530","55 - 59 years","-","Both sexes","40","Tertiary education (Levels 5-8)","IE0","Ireland","%","78.6"
"ALF01C01","Annual employment rate","2020","2020","530","55 - 59 years","-","Both sexes","40","Tertiary education (Levels 5-8)","811D29A4-1E05-4F4A-B61B-43DE64E07B29","Northern and Western","%","72.6"
"ALF01C01","Annual employment rate","2020","2020","530","55 - 59 years","-","Both sexes","40","Tertiary education (Levels 5-8)","97227605-23D5-4B98-BDB8-3EB5D0682A5A","Southern","%","77.7"
"ALF01C01","Annual employment rate","2020","2020","530","55 - 59 years","-","Both sexes","40","Tertiary education (Levels 5-8)","C32761EB-7A21-4B95-8C7A-DB195C2955CE","Eastern and Midland","%","81.4"
"ALF01C01","Annual employment rate","2020","2020","530","55 - 59 years","-","Both sexes","99","Level of education - not stated","IE0","Ireland","%","64.9"
"ALF01C01","Annual employment rate","2020","2020","530","55 - 59 years","-","Both sexes","99","Level of education - not stated","811D29A4-1E05-4F4A-B61B-43DE64E07B29","Northern and Western","%",""
"ALF01C01","Annual employment rate","2020","2020","530","55 - 59 years","-","Both sexes","99","Level of education - not stated","97227605-23D5-4B98-BDB8-3EB5D0682A5A","Southern","%","55.4"
"ALF01C01","Annual employment rate","2020","2020","530","55 - 59 years","-","Both sexes","99","Level of education - not stated","C32761EB-7A21-4B95-8C7A-DB195C2955CE","Eastern and Midland","%","70.2"
"ALF01C01","Annual employment rate","2020","2020","530","55 - 59 years","1","Male","-","Levels of Education (Levels  0-8)","IE0","Ireland","%","75"
"ALF01C01","Annual employment rate","2020","2020","530","55 - 59 years","1","Male","-","Levels of Education (Levels  0-8)","811D29A4-1E05-4F4A-B61B-43DE64E07B29","Northern and Western","%","75.3"
"ALF01C01","Annual employment rate","2020","2020","530","55 - 59 years","1","Male","-","Levels of Education (Levels  0-8)","97227605-23D5-4B98-BDB8-3EB5D0682A5A","Southern","%","72.7"
"ALF01C01","Annual employment rate","2020","2020","530","55 - 59 years","1","Male","-","Levels of Education (Levels  0-8)","C32761EB-7A21-4B95-8C7A-DB195C2955CE","Eastern and Midland","%","76.6"
"ALF01C01","Annual employment rate","2020","2020","530","55 - 59 years","1","Male","10","Less than primary (Level 0)","IE0","Ireland","%",""
"ALF01C01","Annual employment rate","2020","2020","530","55 - 59 years","1","Male","10","Less than primary (Level 0)","811D29A4-1E05-4F4A-B61B-43DE64E07B29","Northern and Western","%",""
"ALF01C01","Annual employment rate","2020","2020","530","55 - 59 years","1","Male","10","Less than primary (Level 0)","97227605-23D5-4B98-BDB8-3EB5D0682A5A","Southern","%",""
"ALF01C01","Annual employment rate","2020","2020","530","55 - 59 years","1","Male","10","Less than primary (Level 0)","C32761EB-7A21-4B95-8C7A-DB195C2955CE","Eastern and Midland","%",""
"ALF01C01","Annual employment rate","2020","2020","530","55 - 59 years","1","Male","20","Primary and lower secondary education (Levels 1-2)","IE0","Ireland","%","66.6"
"ALF01C01","Annual employment rate","2020","2020","530","55 - 59 years","1","Male","20","Primary and lower secondary education (Levels 1-2)","811D29A4-1E05-4F4A-B61B-43DE64E07B29","Northern and Western","%","69.5"
"ALF01C01","Annual employment rate","2020","2020","530","55 - 59 years","1","Male","20","Primary and lower secondary education (Levels 1-2)","97227605-23D5-4B98-BDB8-3EB5D0682A5A","Southern","%","63.5"
"ALF01C01","Annual employment rate","2020","2020","530","55 - 59 years","1","Male","20","Primary and lower secondary education (Levels 1-2)","C32761EB-7A21-4B95-8C7A-DB195C2955CE","Eastern and Midland","%","67.9"
"ALF01C01","Annual employment rate","2020","2020","530","55 - 59 years","1","Male","30","Upper secondary and post-secondary non-tertiary education (Levels 3 and 4)","IE0","Ireland","%","74.5"
"ALF01C01","Annual employment rate","2020","2020","530","55 - 59 years","1","Male","30","Upper secondary and post-secondary non-tertiary education (Levels 3 and 4)","811D29A4-1E05-4F4A-B61B-43DE64E07B29","Northern and Western","%","74.1"
"ALF01C01","Annual employment rate","2020","2020","530","55 - 59 years","1","Male","30","Upper secondary and post-secondary non-tertiary education (Levels 3 and 4)","97227605-23D5-4B98-BDB8-3EB5D0682A5A","Southern","%","74.5"
"ALF01C01","Annual employment rate","2020","2020","530","55 - 59 years","1","Male","30","Upper secondary and post-secondary non-tertiary education (Levels 3 and 4)","C32761EB-7A21-4B95-8C7A-DB195C2955CE","Eastern and Midland","%","74.8"
"ALF01C01","Annual employment rate","2020","2020","530","55 - 59 years","1","Male","40","Tertiary education (Levels 5-8)","IE0","Ireland","%","83"
"ALF01C01","Annual employment rate","2020","2020","530","55 - 59 years","1","Male","40","Tertiary education (Levels 5-8)","811D29A4-1E05-4F4A-B61B-43DE64E07B29","Northern and Western","%","83.4"
"ALF01C01","Annual employment rate","2020","2020","530","55 - 59 years","1","Male","40","Tertiary education (Levels 5-8)","97227605-23D5-4B98-BDB8-3EB5D0682A5A","Southern","%","81"
"ALF01C01","Annual employment rate","2020","2020","530","55 - 59 years","1","Male","40","Tertiary education (Levels 5-8)","C32761EB-7A21-4B95-8C7A-DB195C2955CE","Eastern and Midland","%","84.3"
"ALF01C01","Annual employment rate","2020","2020","530","55 - 59 years","1","Male","99","Level of education - not stated","IE0","Ireland","%","73"
"ALF01C01","Annual employment rate","2020","2020","530","55 - 59 years","1","Male","99","Level of education - not stated","811D29A4-1E05-4F4A-B61B-43DE64E07B29","Northern and Western","%",""
"ALF01C01","Annual employment rate","2020","2020","530","55 - 59 years","1","Male","99","Level of education - not stated","97227605-23D5-4B98-BDB8-3EB5D0682A5A","Southern","%",""
"ALF01C01","Annual employment rate","2020","2020","530","55 - 59 years","1","Male","99","Level of education - not stated","C32761EB-7A21-4B95-8C7A-DB195C2955CE","Eastern and Midland","%",""
"ALF01C01","Annual employment rate","2020","2020","530","55 - 59 years","2","Female","-","Levels of Education (Levels  0-8)","IE0","Ireland","%","61.5"
"ALF01C01","Annual employment rate","2020","2020","530","55 - 59 years","2","Female","-","Levels of Education (Levels  0-8)","811D29A4-1E05-4F4A-B61B-43DE64E07B29","Northern and Western","%","58.9"
"ALF01C01","Annual employment rate","2020","2020","530","55 - 59 years","2","Female","-","Levels of Education (Levels  0-8)","97227605-23D5-4B98-BDB8-3EB5D0682A5A","Southern","%","58.4"
"ALF01C01","Annual employment rate","2020","2020","530","55 - 59 years","2","Female","-","Levels of Education (Levels  0-8)","C32761EB-7A21-4B95-8C7A-DB195C2955CE","Eastern and Midland","%","64.9"
"ALF01C01","Annual employment rate","2020","2020","530","55 - 59 years","2","Female","10","Less than primary (Level 0)","IE0","Ireland","%",""
"ALF01C01","Annual employment rate","2020","2020","530","55 - 59 years","2","Female","10","Less than primary (Level 0)","811D29A4-1E05-4F4A-B61B-43DE64E07B29","Northern and Western","%",""
"ALF01C01","Annual employment rate","2020","2020","530","55 - 59 years","2","Female","10","Less than primary (Level 0)","97227605-23D5-4B98-BDB8-3EB5D0682A5A","Southern","%",""
"ALF01C01","Annual employment rate","2020","2020","530","55 - 59 years","2","Female","10","Less than primary (Level 0)","C32761EB-7A21-4B95-8C7A-DB195C2955CE","Eastern and Midland","%",""
"ALF01C01","Annual employment rate","2020","2020","530","55 - 59 years","2","Female","20","Primary and lower secondary education (Levels 1-2)","IE0","Ireland","%","37.5"
"ALF01C01","Annual employment rate","2020","2020","530","55 - 59 years","2","Female","20","Primary and lower secondary education (Levels 1-2)","811D29A4-1E05-4F4A-B61B-43DE64E07B29","Northern and Western","%","39.4"
"ALF01C01","Annual employment rate","2020","2020","530","55 - 59 years","2","Female","20","Primary and lower secondary education (Levels 1-2)","97227605-23D5-4B98-BDB8-3EB5D0682A5A","Southern","%","34.5"
"ALF01C01","Annual employment rate","2020","2020","530","55 - 59 years","2","Female","20","Primary and lower secondary education (Levels 1-2)","C32761EB-7A21-4B95-8C7A-DB195C2955CE","Eastern and Midland","%","39.5"
"ALF01C01","Annual employment rate","2020","2020","530","55 - 59 years","2","Female","30","Upper secondary and post-secondary non-tertiary education (Levels 3 and 4)","IE0","Ireland","%","62.7"
"ALF01C01","Annual employment rate","2020","2020","530","55 - 59 years","2","Female","30","Upper secondary and post-secondary non-tertiary education (Levels 3 and 4)","811D29A4-1E05-4F4A-B61B-43DE64E07B29","Northern and Western","%","61"
"ALF01C01","Annual employment rate","2020","2020","530","55 - 59 years","2","Female","30","Upper secondary and post-secondary non-tertiary education (Levels 3 and 4)","97227605-23D5-4B98-BDB8-3EB5D0682A5A","Southern","%","57.3"
"ALF01C01","Annual employment rate","2020","2020","530","55 - 59 years","2","Female","30","Upper secondary and post-secondary non-tertiary education (Levels 3 and 4)","C32761EB-7A21-4B95-8C7A-DB195C2955CE","Eastern and Midland","%","67"
"ALF01C01","Annual employment rate","2020","2020","530","55 - 59 years","2","Female","40","Tertiary education (Levels 5-8)","IE0","Ireland","%","74.7"
"ALF01C01","Annual employment rate","2020","2020","530","55 - 59 years","2","Female","40","Tertiary education (Levels 5-8)","811D29A4-1E05-4F4A-B61B-43DE64E07B29","Northern and Western","%","64.4"
"ALF01C01","Annual employment rate","2020","2020","530","55 - 59 years","2","Female","40","Tertiary education (Levels 5-8)","97227605-23D5-4B98-BDB8-3EB5D0682A5A","Southern","%","74.9"
"ALF01C01","Annual employment rate","2020","2020","530","55 - 59 years","2","Female","40","Tertiary education (Levels 5-8)","C32761EB-7A21-4B95-8C7A-DB195C2955CE","Eastern and Midland","%","78.5"
"ALF01C01","Annual employment rate","2020","2020","530","55 - 59 years","2","Female","99","Level of education - not stated","IE0","Ireland","%","55.8"
"ALF01C01","Annual employment rate","2020","2020","530","55 - 59 years","2","Female","99","Level of education - not stated","811D29A4-1E05-4F4A-B61B-43DE64E07B29","Northern and Western","%",""
"ALF01C01","Annual employment rate","2020","2020","530","55 - 59 years","2","Female","99","Level of education - not stated","97227605-23D5-4B98-BDB8-3EB5D0682A5A","Southern","%",""
"ALF01C01","Annual employment rate","2020","2020","530","55 - 59 years","2","Female","99","Level of education - not stated","C32761EB-7A21-4B95-8C7A-DB195C2955CE","Eastern and Midland","%",""
"ALF01C01","Annual employment rate","2020","2020","550","60 - 64 years","-","Both sexes","-","Levels of Education (Levels  0-8)","IE0","Ireland","%","51.8"
"ALF01C01","Annual employment rate","2020","2020","550","60 - 64 years","-","Both sexes","-","Levels of Education (Levels  0-8)","811D29A4-1E05-4F4A-B61B-43DE64E07B29","Northern and Western","%","55.3"
"ALF01C01","Annual employment rate","2020","2020","550","60 - 64 years","-","Both sexes","-","Levels of Education (Levels  0-8)","97227605-23D5-4B98-BDB8-3EB5D0682A5A","Southern","%","50"
"ALF01C01","Annual employment rate","2020","2020","550","60 - 64 years","-","Both sexes","-","Levels of Education (Levels  0-8)","C32761EB-7A21-4B95-8C7A-DB195C2955CE","Eastern and Midland","%","51.7"
"ALF01C01","Annual employment rate","2020","2020","550","60 - 64 years","-","Both sexes","10","Less than primary (Level 0)","IE0","Ireland","%",""
"ALF01C01","Annual employment rate","2020","2020","550","60 - 64 years","-","Both sexes","10","Less than primary (Level 0)","811D29A4-1E05-4F4A-B61B-43DE64E07B29","Northern and Western","%",""
"ALF01C01","Annual employment rate","2020","2020","550","60 - 64 years","-","Both sexes","10","Less than primary (Level 0)","97227605-23D5-4B98-BDB8-3EB5D0682A5A","Southern","%",""
"ALF01C01","Annual employment rate","2020","2020","550","60 - 64 years","-","Both sexes","10","Less than primary (Level 0)","C32761EB-7A21-4B95-8C7A-DB195C2955CE","Eastern and Midland","%",""
"ALF01C01","Annual employment rate","2020","2020","550","60 - 64 years","-","Both sexes","20","Primary and lower secondary education (Levels 1-2)","IE0","Ireland","%","42.7"
"ALF01C01","Annual employment rate","2020","2020","550","60 - 64 years","-","Both sexes","20","Primary and lower secondary education (Levels 1-2)","811D29A4-1E05-4F4A-B61B-43DE64E07B29","Northern and Western","%","50.4"
"ALF01C01","Annual employment rate","2020","2020","550","60 - 64 years","-","Both sexes","20","Primary and lower secondary education (Levels 1-2)","97227605-23D5-4B98-BDB8-3EB5D0682A5A","Southern","%","38"
"ALF01C01","Annual employment rate","2020","2020","550","60 - 64 years","-","Both sexes","20","Primary and lower secondary education (Levels 1-2)","C32761EB-7A21-4B95-8C7A-DB195C2955CE","Eastern and Midland","%","42.9"
"ALF01C01","Annual employment rate","2020","2020","550","60 - 64 years","-","Both sexes","30","Upper secondary and post-secondary non-tertiary education (Levels 3 and 4)","IE0","Ireland","%","55"
"ALF01C01","Annual employment rate","2020","2020","550","60 - 64 years","-","Both sexes","30","Upper secondary and post-secondary non-tertiary education (Levels 3 and 4)","811D29A4-1E05-4F4A-B61B-43DE64E07B29","Northern and Western","%","57.9"
"ALF01C01","Annual employment rate","2020","2020","550","60 - 64 years","-","Both sexes","30","Upper secondary and post-secondary non-tertiary education (Levels 3 and 4)","97227605-23D5-4B98-BDB8-3EB5D0682A5A","Southern","%","56.2"
"ALF01C01","Annual employment rate","2020","2020","550","60 - 64 years","-","Both sexes","30","Upper secondary and post-secondary non-tertiary education (Levels 3 and 4)","C32761EB-7A21-4B95-8C7A-DB195C2955CE","Eastern and Midland","%","52.4"
"ALF01C01","Annual employment rate","2020","2020","550","60 - 64 years","-","Both sexes","40","Tertiary education (Levels 5-8)","IE0","Ireland","%","59.1"
"ALF01C01","Annual employment rate","2020","2020","550","60 - 64 years","-","Both sexes","40","Tertiary education (Levels 5-8)","811D29A4-1E05-4F4A-B61B-43DE64E07B29","Northern and Western","%","59.5"
"ALF01C01","Annual employment rate","2020","2020","550","60 - 64 years","-","Both sexes","40","Tertiary education (Levels 5-8)","97227605-23D5-4B98-BDB8-3EB5D0682A5A","Southern","%","56.6"
"ALF01C01","Annual employment rate","2020","2020","550","60 - 64 years","-","Both sexes","40","Tertiary education (Levels 5-8)","C32761EB-7A21-4B95-8C7A-DB195C2955CE","Eastern and Midland","%","60.5"
"ALF01C01","Annual employment rate","2020","2020","550","60 - 64 years","-","Both sexes","99","Level of education - not stated","IE0","Ireland","%","43.4"
"ALF01C01","Annual employment rate","2020","2020","550","60 - 64 years","-","Both sexes","99","Level of education - not stated","811D29A4-1E05-4F4A-B61B-43DE64E07B29","Northern and Western","%",""
"ALF01C01","Annual employment rate","2020","2020","550","60 - 64 years","-","Both sexes","99","Level of education - not stated","97227605-23D5-4B98-BDB8-3EB5D0682A5A","Southern","%","47.7"
"ALF01C01","Annual employment rate","2020","2020","550","60 - 64 years","-","Both sexes","99","Level of education - not stated","C32761EB-7A21-4B95-8C7A-DB195C2955CE","Eastern and Midland","%","40.4"
"ALF01C01","Annual employment rate","2020","2020","550","60 - 64 years","1","Male","-","Levels of Education (Levels  0-8)","IE0","Ireland","%","61.2"
"ALF01C01","Annual employment rate","2020","2020","550","60 - 64 years","1","Male","-","Levels of Education (Levels  0-8)","811D29A4-1E05-4F4A-B61B-43DE64E07B29","Northern and Western","%","67.3"
"ALF01C01","Annual employment rate","2020","2020","550","60 - 64 years","1","Male","-","Levels of Education (Levels  0-8)","97227605-23D5-4B98-BDB8-3EB5D0682A5A","Southern","%","57.8"
"ALF01C01","Annual employment rate","2020","2020","550","60 - 64 years","1","Male","-","Levels of Education (Levels  0-8)","C32761EB-7A21-4B95-8C7A-DB195C2955CE","Eastern and Midland","%","61.2"
"ALF01C01","Annual employment rate","2020","2020","550","60 - 64 years","1","Male","10","Less than primary (Level 0)","IE0","Ireland","%",""
"ALF01C01","Annual employment rate","2020","2020","550","60 - 64 years","1","Male","10","Less than primary (Level 0)","811D29A4-1E05-4F4A-B61B-43DE64E07B29","Northern and Western","%",""
"ALF01C01","Annual employment rate","2020","2020","550","60 - 64 years","1","Male","10","Less than primary (Level 0)","97227605-23D5-4B98-BDB8-3EB5D0682A5A","Southern","%",""
"ALF01C01","Annual employment rate","2020","2020","550","60 - 64 years","1","Male","10","Less than primary (Level 0)","C32761EB-7A21-4B95-8C7A-DB195C2955CE","Eastern and Midland","%",""
"ALF01C01","Annual employment rate","2020","2020","550","60 - 64 years","1","Male","20","Primary and lower secondary education (Levels 1-2)","IE0","Ireland","%","54.3"
"ALF01C01","Annual employment rate","2020","2020","550","60 - 64 years","1","Male","20","Primary and lower secondary education (Levels 1-2)","811D29A4-1E05-4F4A-B61B-43DE64E07B29","Northern and Western","%","64"
"ALF01C01","Annual employment rate","2020","2020","550","60 - 64 years","1","Male","20","Primary and lower secondary education (Levels 1-2)","97227605-23D5-4B98-BDB8-3EB5D0682A5A","Southern","%","48.5"
"ALF01C01","Annual employment rate","2020","2020","550","60 - 64 years","1","Male","20","Primary and lower secondary education (Levels 1-2)","C32761EB-7A21-4B95-8C7A-DB195C2955CE","Eastern and Midland","%","54.3"
"ALF01C01","Annual employment rate","2020","2020","550","60 - 64 years","1","Male","30","Upper secondary and post-secondary non-tertiary education (Levels 3 and 4)","IE0","Ireland","%","65.2"
"ALF01C01","Annual employment rate","2020","2020","550","60 - 64 years","1","Male","30","Upper secondary and post-secondary non-tertiary education (Levels 3 and 4)","811D29A4-1E05-4F4A-B61B-43DE64E07B29","Northern and Western","%","70.9"
"ALF01C01","Annual employment rate","2020","2020","550","60 - 64 years","1","Male","30","Upper secondary and post-secondary non-tertiary education (Levels 3 and 4)","97227605-23D5-4B98-BDB8-3EB5D0682A5A","Southern","%","65.2"
"ALF01C01","Annual employment rate","2020","2020","550","60 - 64 years","1","Male","30","Upper secondary and post-secondary non-tertiary education (Levels 3 and 4)","C32761EB-7A21-4B95-8C7A-DB195C2955CE","Eastern and Midland","%","62.5"
"ALF01C01","Annual employment rate","2020","2020","550","60 - 64 years","1","Male","40","Tertiary education (Levels 5-8)","IE0","Ireland","%","66.3"
"ALF01C01","Annual employment rate","2020","2020","550","60 - 64 years","1","Male","40","Tertiary education (Levels 5-8)","811D29A4-1E05-4F4A-B61B-43DE64E07B29","Northern and Western","%","68.8"
"ALF01C01","Annual employment rate","2020","2020","550","60 - 64 years","1","Male","40","Tertiary education (Levels 5-8)","97227605-23D5-4B98-BDB8-3EB5D0682A5A","Southern","%","62.2"
"ALF01C01","Annual employment rate","2020","2020","550","60 - 64 years","1","Male","40","Tertiary education (Levels 5-8)","C32761EB-7A21-4B95-8C7A-DB195C2955CE","Eastern and Midland","%","68"
"ALF01C01","Annual employment rate","2020","2020","550","60 - 64 years","1","Male","99","Level of education - not stated","IE0","Ireland","%","53.3"
"ALF01C01","Annual employment rate","2020","2020","550","60 - 64 years","1","Male","99","Level of education - not stated","811D29A4-1E05-4F4A-B61B-43DE64E07B29","Northern and Western","%",""
"ALF01C01","Annual employment rate","2020","2020","550","60 - 64 years","1","Male","99","Level of education - not stated","97227605-23D5-4B98-BDB8-3EB5D0682A5A","Southern","%",""
"ALF01C01","Annual employment rate","2020","2020","550","60 - 64 years","1","Male","99","Level of education - not stated","C32761EB-7A21-4B95-8C7A-DB195C2955CE","Eastern and Midland","%",""
"ALF01C01","Annual employment rate","2020","2020","550","60 - 64 years","2","Female","-","Levels of Education (Levels  0-8)","IE0","Ireland","%","42.7"
"ALF01C01","Annual employment rate","2020","2020","550","60 - 64 years","2","Female","-","Levels of Education (Levels  0-8)","811D29A4-1E05-4F4A-B61B-43DE64E07B29","Northern and Western","%","43.5"
"ALF01C01","Annual employment rate","2020","2020","550","60 - 64 years","2","Female","-","Levels of Education (Levels  0-8)","97227605-23D5-4B98-BDB8-3EB5D0682A5A","Southern","%","42"
"ALF01C01","Annual employment rate","2020","2020","550","60 - 64 years","2","Female","-","Levels of Education (Levels  0-8)","C32761EB-7A21-4B95-8C7A-DB195C2955CE","Eastern and Midland","%","42.7"
"ALF01C01","Annual employment rate","2020","2020","550","60 - 64 years","2","Female","10","Less than primary (Level 0)","IE0","Ireland","%",""
"ALF01C01","Annual employment rate","2020","2020","550","60 - 64 years","2","Female","10","Less than primary (Level 0)","811D29A4-1E05-4F4A-B61B-43DE64E07B29","Northern and Western","%",""
"ALF01C01","Annual employment rate","2020","2020","550","60 - 64 years","2","Female","10","Less than primary (Level 0)","97227605-23D5-4B98-BDB8-3EB5D0682A5A","Southern","%",""
"ALF01C01","Annual employment rate","2020","2020","550","60 - 64 years","2","Female","10","Less than primary (Level 0)","C32761EB-7A21-4B95-8C7A-DB195C2955CE","Eastern and Midland","%",""
"ALF01C01","Annual employment rate","2020","2020","550","60 - 64 years","2","Female","20","Primary and lower secondary education (Levels 1-2)","IE0","Ireland","%","28.6"
"ALF01C01","Annual employment rate","2020","2020","550","60 - 64 years","2","Female","20","Primary and lower secondary education (Levels 1-2)","811D29A4-1E05-4F4A-B61B-43DE64E07B29","Northern and Western","%","30.6"
"ALF01C01","Annual employment rate","2020","2020","550","60 - 64 years","2","Female","20","Primary and lower secondary education (Levels 1-2)","97227605-23D5-4B98-BDB8-3EB5D0682A5A","Southern","%","24.3"
"ALF01C01","Annual employment rate","2020","2020","550","60 - 64 years","2","Female","20","Primary and lower secondary education (Levels 1-2)","C32761EB-7A21-4B95-8C7A-DB195C2955CE","Eastern and Midland","%","30.8"
"ALF01C01","Annual employment rate","2020","2020","550","60 - 64 years","2","Female","30","Upper secondary and post-secondary non-tertiary education (Levels 3 and 4)","IE0","Ireland","%","45.9"
"ALF01C01","Annual employment rate","2020","2020","550","60 - 64 years","2","Female","30","Upper secondary and post-secondary non-tertiary education (Levels 3 and 4)","811D29A4-1E05-4F4A-B61B-43DE64E07B29","Northern and Western","%","47.4"
"ALF01C01","Annual employment rate","2020","2020","550","60 - 64 years","2","Female","30","Upper secondary and post-secondary non-tertiary education (Levels 3 and 4)","97227605-23D5-4B98-BDB8-3EB5D0682A5A","Southern","%","47.8"
"ALF01C01","Annual employment rate","2020","2020","550","60 - 64 years","2","Female","30","Upper secondary and post-secondary non-tertiary education (Levels 3 and 4)","C32761EB-7A21-4B95-8C7A-DB195C2955CE","Eastern and Midland","%","43.6"
"ALF01C01","Annual employment rate","2020","2020","550","60 - 64 years","2","Female","40","Tertiary education (Levels 5-8)","IE0","Ireland","%","52.8"
"ALF01C01","Annual employment rate","2020","2020","550","60 - 64 years","2","Female","40","Tertiary education (Levels 5-8)","811D29A4-1E05-4F4A-B61B-43DE64E07B29","Northern and Western","%","52.1"
"ALF01C01","Annual employment rate","2020","2020","550","60 - 64 years","2","Female","40","Tertiary education (Levels 5-8)","97227605-23D5-4B98-BDB8-3EB5D0682A5A","Southern","%","52.1"
"ALF01C01","Annual employment rate","2020","2020","550","60 - 64 years","2","Female","40","Tertiary education (Levels 5-8)","C32761EB-7A21-4B95-8C7A-DB195C2955CE","Eastern and Midland","%","53.6"
"ALF01C01","Annual employment rate","2020","2020","550","60 - 64 years","2","Female","99","Level of education - not stated","IE0","Ireland","%","34.8"
"ALF01C01","Annual employment rate","2020","2020","550","60 - 64 years","2","Female","99","Level of education - not stated","811D29A4-1E05-4F4A-B61B-43DE64E07B29","Northern and Western","%",""
"ALF01C01","Annual employment rate","2020","2020","550","60 - 64 years","2","Female","99","Level of education - not stated","97227605-23D5-4B98-BDB8-3EB5D0682A5A","Southern","%",""
"ALF01C01","Annual employment rate","2020","2020","550","60 - 64 years","2","Female","99","Level of education - not stated","C32761EB-7A21-4B95-8C7A-DB195C2955CE","Eastern and Midland","%",""
"ALF01C01","Annual employment rate","2021","2021","-","All ages","-","Both sexes","-","Levels of Education (Levels  0-8)","IE0","Ireland","%","74.9"
"ALF01C01","Annual employment rate","2021","2021","-","All ages","-","Both sexes","-","Levels of Education (Levels  0-8)","811D29A4-1E05-4F4A-B61B-43DE64E07B29","Northern and Western","%","76"
"ALF01C01","Annual employment rate","2021","2021","-","All ages","-","Both sexes","-","Levels of Education (Levels  0-8)","97227605-23D5-4B98-BDB8-3EB5D0682A5A","Southern","%","72.9"
"ALF01C01","Annual employment rate","2021","2021","-","All ages","-","Both sexes","-","Levels of Education (Levels  0-8)","C32761EB-7A21-4B95-8C7A-DB195C2955CE","Eastern and Midland","%","75.9"
"ALF01C01","Annual employment rate","2021","2021","-","All ages","-","Both sexes","10","Less than primary (Level 0)","IE0","Ireland","%",""
"ALF01C01","Annual employment rate","2021","2021","-","All ages","-","Both sexes","10","Less than primary (Level 0)","811D29A4-1E05-4F4A-B61B-43DE64E07B29","Northern and Western","%",""
"ALF01C01","Annual employment rate","2021","2021","-","All ages","-","Both sexes","10","Less than primary (Level 0)","97227605-23D5-4B98-BDB8-3EB5D0682A5A","Southern","%",""
"ALF01C01","Annual employment rate","2021","2021","-","All ages","-","Both sexes","10","Less than primary (Level 0)","C32761EB-7A21-4B95-8C7A-DB195C2955CE","Eastern and Midland","%",""
"ALF01C01","Annual employment rate","2021","2021","-","All ages","-","Both sexes","20","Primary and lower secondary education (Levels 1-2)","IE0","Ireland","%","52.1"
"ALF01C01","Annual employment rate","2021","2021","-","All ages","-","Both sexes","20","Primary and lower secondary education (Levels 1-2)","811D29A4-1E05-4F4A-B61B-43DE64E07B29","Northern and Western","%","57.3"
"ALF01C01","Annual employment rate","2021","2021","-","All ages","-","Both sexes","20","Primary and lower secondary education (Levels 1-2)","97227605-23D5-4B98-BDB8-3EB5D0682A5A","Southern","%","48.2"
"ALF01C01","Annual employment rate","2021","2021","-","All ages","-","Both sexes","20","Primary and lower secondary education (Levels 1-2)","C32761EB-7A21-4B95-8C7A-DB195C2955CE","Eastern and Midland","%","52.9"
"ALF01C01","Annual employment rate","2021","2021","-","All ages","-","Both sexes","30","Upper secondary and post-secondary non-tertiary education (Levels 3 and 4)","IE0","Ireland","%","69.7"
"ALF01C01","Annual employment rate","2021","2021","-","All ages","-","Both sexes","30","Upper secondary and post-secondary non-tertiary education (Levels 3 and 4)","811D29A4-1E05-4F4A-B61B-43DE64E07B29","Northern and Western","%","71.1"
"ALF01C01","Annual employment rate","2021","2021","-","All ages","-","Both sexes","30","Upper secondary and post-secondary non-tertiary education (Levels 3 and 4)","97227605-23D5-4B98-BDB8-3EB5D0682A5A","Southern","%","69.9"
"ALF01C01","Annual employment rate","2021","2021","-","All ages","-","Both sexes","30","Upper secondary and post-secondary non-tertiary education (Levels 3 and 4)","C32761EB-7A21-4B95-8C7A-DB195C2955CE","Eastern and Midland","%","69"
"ALF01C01","Annual employment rate","2021","2021","-","All ages","-","Both sexes","40","Tertiary education (Levels 5-8)","IE0","Ireland","%","85.2"
"ALF01C01","Annual employment rate","2021","2021","-","All ages","-","Both sexes","40","Tertiary education (Levels 5-8)","811D29A4-1E05-4F4A-B61B-43DE64E07B29","Northern and Western","%","86.1"
"ALF01C01","Annual employment rate","2021","2021","-","All ages","-","Both sexes","40","Tertiary education (Levels 5-8)","97227605-23D5-4B98-BDB8-3EB5D0682A5A","Southern","%","83.8"
"ALF01C01","Annual employment rate","2021","2021","-","All ages","-","Both sexes","40","Tertiary education (Levels 5-8)","C32761EB-7A21-4B95-8C7A-DB195C2955CE","Eastern and Midland","%","85.7"
"ALF01C01","Annual employment rate","2021","2021","-","All ages","-","Both sexes","99","Level of education - not stated","IE0","Ireland","%","63.9"
"ALF01C01","Annual employment rate","2021","2021","-","All ages","-","Both sexes","99","Level of education - not stated","811D29A4-1E05-4F4A-B61B-43DE64E07B29","Northern and Western","%","76.3"
"ALF01C01","Annual employment rate","2021","2021","-","All ages","-","Both sexes","99","Level of education - not stated","97227605-23D5-4B98-BDB8-3EB5D0682A5A","Southern","%","57"
"ALF01C01","Annual employment rate","2021","2021","-","All ages","-","Both sexes","99","Level of education - not stated","C32761EB-7A21-4B95-8C7A-DB195C2955CE","Eastern and Midland","%","63.7"
"ALF01C01","Annual employment rate","2021","2021","-","All ages","1","Male","-","Levels of Education (Levels  0-8)","IE0","Ireland","%","80.1"
"ALF01C01","Annual employment rate","2021","2021","-","All ages","1","Male","-","Levels of Education (Levels  0-8)","811D29A4-1E05-4F4A-B61B-43DE64E07B29","Northern and Western","%","82.4"
"ALF01C01","Annual employment rate","2021","2021","-","All ages","1","Male","-","Levels of Education (Levels  0-8)","97227605-23D5-4B98-BDB8-3EB5D0682A5A","Southern","%","78.2"
"ALF01C01","Annual employment rate","2021","2021","-","All ages","1","Male","-","Levels of Education (Levels  0-8)","C32761EB-7A21-4B95-8C7A-DB195C2955CE","Eastern and Midland","%","80.6"
"ALF01C01","Annual employment rate","2021","2021","-","All ages","1","Male","10","Less than primary (Level 0)","IE0","Ireland","%",""
"ALF01C01","Annual employment rate","2021","2021","-","All ages","1","Male","10","Less than primary (Level 0)","811D29A4-1E05-4F4A-B61B-43DE64E07B29","Northern and Western","%",""
"ALF01C01","Annual employment rate","2021","2021","-","All ages","1","Male","10","Less than primary (Level 0)","97227605-23D5-4B98-BDB8-3EB5D0682A5A","Southern","%",""
"ALF01C01","Annual employment rate","2021","2021","-","All ages","1","Male","10","Less than primary (Level 0)","C32761EB-7A21-4B95-8C7A-DB195C2955CE","Eastern and Midland","%",""
"ALF01C01","Annual employment rate","2021","2021","-","All ages","1","Male","20","Primary and lower secondary education (Levels 1-2)","IE0","Ireland","%","64.6"
"ALF01C01","Annual employment rate","2021","2021","-","All ages","1","Male","20","Primary and lower secondary education (Levels 1-2)","811D29A4-1E05-4F4A-B61B-43DE64E07B29","Northern and Western","%","69.3"
"ALF01C01","Annual employment rate","2021","2021","-","All ages","1","Male","20","Primary and lower secondary education (Levels 1-2)","97227605-23D5-4B98-BDB8-3EB5D0682A5A","Southern","%","60.2"
"ALF01C01","Annual employment rate","2021","2021","-","All ages","1","Male","20","Primary and lower secondary education (Levels 1-2)","C32761EB-7A21-4B95-8C7A-DB195C2955CE","Eastern and Midland","%","65.9"
"ALF01C01","Annual employment rate","2021","2021","-","All ages","1","Male","30","Upper secondary and post-secondary non-tertiary education (Levels 3 and 4)","IE0","Ireland","%","77.3"
"ALF01C01","Annual employment rate","2021","2021","-","All ages","1","Male","30","Upper secondary and post-secondary non-tertiary education (Levels 3 and 4)","811D29A4-1E05-4F4A-B61B-43DE64E07B29","Northern and Western","%","80.6"
"ALF01C01","Annual employment rate","2021","2021","-","All ages","1","Male","30","Upper secondary and post-secondary non-tertiary education (Levels 3 and 4)","97227605-23D5-4B98-BDB8-3EB5D0682A5A","Southern","%","77.4"
"ALF01C01","Annual employment rate","2021","2021","-","All ages","1","Male","30","Upper secondary and post-secondary non-tertiary education (Levels 3 and 4)","C32761EB-7A21-4B95-8C7A-DB195C2955CE","Eastern and Midland","%","76.1"
"ALF01C01","Annual employment rate","2021","2021","-","All ages","1","Male","40","Tertiary education (Levels 5-8)","IE0","Ireland","%","88.7"
"ALF01C01","Annual employment rate","2021","2021","-","All ages","1","Male","40","Tertiary education (Levels 5-8)","811D29A4-1E05-4F4A-B61B-43DE64E07B29","Northern and Western","%","90.1"
"ALF01C01","Annual employment rate","2021","2021","-","All ages","1","Male","40","Tertiary education (Levels 5-8)","97227605-23D5-4B98-BDB8-3EB5D0682A5A","Southern","%","88.1"
"ALF01C01","Annual employment rate","2021","2021","-","All ages","1","Male","40","Tertiary education (Levels 5-8)","C32761EB-7A21-4B95-8C7A-DB195C2955CE","Eastern and Midland","%","88.7"
"ALF01C01","Annual employment rate","2021","2021","-","All ages","1","Male","99","Level of education - not stated","IE0","Ireland","%","63.8"
"ALF01C01","Annual employment rate","2021","2021","-","All ages","1","Male","99","Level of education - not stated","811D29A4-1E05-4F4A-B61B-43DE64E07B29","Northern and Western","%",""
"ALF01C01","Annual employment rate","2021","2021","-","All ages","1","Male","99","Level of education - not stated","97227605-23D5-4B98-BDB8-3EB5D0682A5A","Southern","%","52.8"
"ALF01C01","Annual employment rate","2021","2021","-","All ages","1","Male","99","Level of education - not stated","C32761EB-7A21-4B95-8C7A-DB195C2955CE","Eastern and Midland","%","62.8"
"ALF01C01","Annual employment rate","2021","2021","-","All ages","2","Female","-","Levels of Education (Levels  0-8)","IE0","Ireland","%","69.9"
"ALF01C01","Annual employment rate","2021","2021","-","All ages","2","Female","-","Levels of Education (Levels  0-8)","811D29A4-1E05-4F4A-B61B-43DE64E07B29","Northern and Western","%","69.7"
"ALF01C01","Annual employment rate","2021","2021","-","All ages","2","Female","-","Levels of Education (Levels  0-8)","97227605-23D5-4B98-BDB8-3EB5D0682A5A","Southern","%","67.7"
"ALF01C01","Annual employment rate","2021","2021","-","All ages","2","Female","-","Levels of Education (Levels  0-8)","C32761EB-7A21-4B95-8C7A-DB195C2955CE","Eastern and Midland","%","71.3"
"ALF01C01","Annual employment rate","2021","2021","-","All ages","2","Female","10","Less than primary (Level 0)","IE0","Ireland","%",""
"ALF01C01","Annual employment rate","2021","2021","-","All ages","2","Female","10","Less than primary (Level 0)","811D29A4-1E05-4F4A-B61B-43DE64E07B29","Northern and Western","%",""
"ALF01C01","Annual employment rate","2021","2021","-","All ages","2","Female","10","Less than primary (Level 0)","97227605-23D5-4B98-BDB8-3EB5D0682A5A","Southern","%",""
"ALF01C01","Annual employment rate","2021","2021","-","All ages","2","Female","10","Less than primary (Level 0)","C32761EB-7A21-4B95-8C7A-DB195C2955CE","Eastern and Midland","%",""
"ALF01C01","Annual employment rate","2021","2021","-","All ages","2","Female","20","Primary and lower secondary education (Levels 1-2)","IE0","Ireland","%","33"
"ALF01C01","Annual employment rate","2021","2021","-","All ages","2","Female","20","Primary and lower secondary education (Levels 1-2)","811D29A4-1E05-4F4A-B61B-43DE64E07B29","Northern and Western","%","33.5"
"ALF01C01","Annual employment rate","2021","2021","-","All ages","2","Female","20","Primary and lower secondary education (Levels 1-2)","97227605-23D5-4B98-BDB8-3EB5D0682A5A","Southern","%","28.5"
"ALF01C01","Annual employment rate","2021","2021","-","All ages","2","Female","20","Primary and lower secondary education (Levels 1-2)","C32761EB-7A21-4B95-8C7A-DB195C2955CE","Eastern and Midland","%","35.7"
"ALF01C01","Annual employment rate","2021","2021","-","All ages","2","Female","30","Upper secondary and post-secondary non-tertiary education (Levels 3 and 4)","IE0","Ireland","%","61.7"
"ALF01C01","Annual employment rate","2021","2021","-","All ages","2","Female","30","Upper secondary and post-secondary non-tertiary education (Levels 3 and 4)","811D29A4-1E05-4F4A-B61B-43DE64E07B29","Northern and Western","%","61.5"
"ALF01C01","Annual employment rate","2021","2021","-","All ages","2","Female","30","Upper secondary and post-secondary non-tertiary education (Levels 3 and 4)","97227605-23D5-4B98-BDB8-3EB5D0682A5A","Southern","%","61.9"
"ALF01C01","Annual employment rate","2021","2021","-","All ages","2","Female","30","Upper secondary and post-secondary non-tertiary education (Levels 3 and 4)","C32761EB-7A21-4B95-8C7A-DB195C2955CE","Eastern and Midland","%","61.6"
"ALF01C01","Annual employment rate","2021","2021","-","All ages","2","Female","40","Tertiary education (Levels 5-8)","IE0","Ireland","%","82.2"
"ALF01C01","Annual employment rate","2021","2021","-","All ages","2","Female","40","Tertiary education (Levels 5-8)","811D29A4-1E05-4F4A-B61B-43DE64E07B29","Northern and Western","%","83"
"ALF01C01","Annual employment rate","2021","2021","-","All ages","2","Female","40","Tertiary education (Levels 5-8)","97227605-23D5-4B98-BDB8-3EB5D0682A5A","Southern","%","80.2"
"ALF01C01","Annual employment rate","2021","2021","-","All ages","2","Female","40","Tertiary education (Levels 5-8)","C32761EB-7A21-4B95-8C7A-DB195C2955CE","Eastern and Midland","%","83.1"
"ALF01C01","Annual employment rate","2021","2021","-","All ages","2","Female","99","Level of education - not stated","IE0","Ireland","%","64"
"ALF01C01","Annual employment rate","2021","2021","-","All ages","2","Female","99","Level of education - not stated","811D29A4-1E05-4F4A-B61B-43DE64E07B29","Northern and Western","%",""
"ALF01C01","Annual employment rate","2021","2021","-","All ages","2","Female","99","Level of education - not stated","97227605-23D5-4B98-BDB8-3EB5D0682A5A","Southern","%","60.6"
"ALF01C01","Annual employment rate","2021","2021","-","All ages","2","Female","99","Level of education - not stated","C32761EB-7A21-4B95-8C7A-DB195C2955CE","Eastern and Midland","%","65.2"
"ALF01C01","Annual employment rate","2021","2021","365","20 - 24 years","-","Both sexes","-","Levels of Education (Levels  0-8)","IE0","Ireland","%","64.4"
"ALF01C01","Annual employment rate","2021","2021","365","20 - 24 years","-","Both sexes","-","Levels of Education (Levels  0-8)","811D29A4-1E05-4F4A-B61B-43DE64E07B29","Northern and Western","%","69.6"
"ALF01C01","Annual employment rate","2021","2021","365","20 - 24 years","-","Both sexes","-","Levels of Education (Levels  0-8)","97227605-23D5-4B98-BDB8-3EB5D0682A5A","Southern","%","62.9"
"ALF01C01","Annual employment rate","2021","2021","365","20 - 24 years","-","Both sexes","-","Levels of Education (Levels  0-8)","C32761EB-7A21-4B95-8C7A-DB195C2955CE","Eastern and Midland","%","63.7"
"ALF01C01","Annual employment rate","2021","2021","365","20 - 24 years","-","Both sexes","10","Less than primary (Level 0)","IE0","Ireland","%",""
"ALF01C01","Annual employment rate","2021","2021","365","20 - 24 years","-","Both sexes","10","Less than primary (Level 0)","811D29A4-1E05-4F4A-B61B-43DE64E07B29","Northern and Western","%",""
"ALF01C01","Annual employment rate","2021","2021","365","20 - 24 years","-","Both sexes","10","Less than primary (Level 0)","97227605-23D5-4B98-BDB8-3EB5D0682A5A","Southern","%",""
"ALF01C01","Annual employment rate","2021","2021","365","20 - 24 years","-","Both sexes","10","Less than primary (Level 0)","C32761EB-7A21-4B95-8C7A-DB195C2955CE","Eastern and Midland","%",""
"ALF01C01","Annual employment rate","2021","2021","365","20 - 24 years","-","Both sexes","20","Primary and lower secondary education (Levels 1-2)","IE0","Ireland","%",""
"ALF01C01","Annual employment rate","2021","2021","365","20 - 24 years","-","Both sexes","20","Primary and lower secondary education (Levels 1-2)","811D29A4-1E05-4F4A-B61B-43DE64E07B29","Northern and Western","%",""
"ALF01C01","Annual employment rate","2021","2021","365","20 - 24 years","-","Both sexes","20","Primary and lower secondary education (Levels 1-2)","97227605-23D5-4B98-BDB8-3EB5D0682A5A","Southern","%",""
"ALF01C01","Annual employment rate","2021","2021","365","20 - 24 years","-","Both sexes","20","Primary and lower secondary education (Levels 1-2)","C32761EB-7A21-4B95-8C7A-DB195C2955CE","Eastern and Midland","%",""
"ALF01C01","Annual employment rate","2021","2021","365","20 - 24 years","-","Both sexes","30","Upper secondary and post-secondary non-tertiary education (Levels 3 and 4)","IE0","Ireland","%","60.8"
"ALF01C01","Annual employment rate","2021","2021","365","20 - 24 years","-","Both sexes","30","Upper secondary and post-secondary non-tertiary education (Levels 3 and 4)","811D29A4-1E05-4F4A-B61B-43DE64E07B29","Northern and Western","%","67.9"
"ALF01C01","Annual employment rate","2021","2021","365","20 - 24 years","-","Both sexes","30","Upper secondary and post-secondary non-tertiary education (Levels 3 and 4)","97227605-23D5-4B98-BDB8-3EB5D0682A5A","Southern","%","61.6"
"ALF01C01","Annual employment rate","2021","2021","365","20 - 24 years","-","Both sexes","30","Upper secondary and post-secondary non-tertiary education (Levels 3 and 4)","C32761EB-7A21-4B95-8C7A-DB195C2955CE","Eastern and Midland","%","57.9"
"ALF01C01","Annual employment rate","2021","2021","365","20 - 24 years","-","Both sexes","40","Tertiary education (Levels 5-8)","IE0","Ireland","%","75.7"
"ALF01C01","Annual employment rate","2021","2021","365","20 - 24 years","-","Both sexes","40","Tertiary education (Levels 5-8)","811D29A4-1E05-4F4A-B61B-43DE64E07B29","Northern and Western","%","77.4"
"ALF01C01","Annual employment rate","2021","2021","365","20 - 24 years","-","Both sexes","40","Tertiary education (Levels 5-8)","97227605-23D5-4B98-BDB8-3EB5D0682A5A","Southern","%","68.6"
"ALF01C01","Annual employment rate","2021","2021","365","20 - 24 years","-","Both sexes","40","Tertiary education (Levels 5-8)","C32761EB-7A21-4B95-8C7A-DB195C2955CE","Eastern and Midland","%","78.9"
"ALF01C01","Annual employment rate","2021","2021","365","20 - 24 years","-","Both sexes","99","Level of education - not stated","IE0","Ireland","%",""
"ALF01C01","Annual employment rate","2021","2021","365","20 - 24 years","-","Both sexes","99","Level of education - not stated","811D29A4-1E05-4F4A-B61B-43DE64E07B29","Northern and Western","%",""
"ALF01C01","Annual employment rate","2021","2021","365","20 - 24 years","-","Both sexes","99","Level of education - not stated","97227605-23D5-4B98-BDB8-3EB5D0682A5A","Southern","%",""
"ALF01C01","Annual employment rate","2021","2021","365","20 - 24 years","-","Both sexes","99","Level of education - not stated","C32761EB-7A21-4B95-8C7A-DB195C2955CE","Eastern and Midland","%",""
"ALF01C01","Annual employment rate","2021","2021","365","20 - 24 years","1","Male","-","Levels of Education (Levels  0-8)","IE0","Ireland","%","64.7"
"ALF01C01","Annual employment rate","2021","2021","365","20 - 24 years","1","Male","-","Levels of Education (Levels  0-8)","811D29A4-1E05-4F4A-B61B-43DE64E07B29","Northern and Western","%","69.3"
"ALF01C01","Annual employment rate","2021","2021","365","20 - 24 years","1","Male","-","Levels of Education (Levels  0-8)","97227605-23D5-4B98-BDB8-3EB5D0682A5A","Southern","%","64.1"
"ALF01C01","Annual employment rate","2021","2021","365","20 - 24 years","1","Male","-","Levels of Education (Levels  0-8)","C32761EB-7A21-4B95-8C7A-DB195C2955CE","Eastern and Midland","%","63.5"
"ALF01C01","Annual employment rate","2021","2021","365","20 - 24 years","1","Male","10","Less than primary (Level 0)","IE0","Ireland","%",""
"ALF01C01","Annual employment rate","2021","2021","365","20 - 24 years","1","Male","10","Less than primary (Level 0)","811D29A4-1E05-4F4A-B61B-43DE64E07B29","Northern and Western","%",""
"ALF01C01","Annual employment rate","2021","2021","365","20 - 24 years","1","Male","10","Less than primary (Level 0)","97227605-23D5-4B98-BDB8-3EB5D0682A5A","Southern","%",""
"ALF01C01","Annual employment rate","2021","2021","365","20 - 24 years","1","Male","10","Less than primary (Level 0)","C32761EB-7A21-4B95-8C7A-DB195C2955CE","Eastern and Midland","%",""
"ALF01C01","Annual employment rate","2021","2021","365","20 - 24 years","1","Male","20","Primary and lower secondary education (Levels 1-2)","IE0","Ireland","%",""
"ALF01C01","Annual employment rate","2021","2021","365","20 - 24 years","1","Male","20","Primary and lower secondary education (Levels 1-2)","811D29A4-1E05-4F4A-B61B-43DE64E07B29","Northern and Western","%",""
"ALF01C01","Annual employment rate","2021","2021","365","20 - 24 years","1","Male","20","Primary and lower secondary education (Levels 1-2)","97227605-23D5-4B98-BDB8-3EB5D0682A5A","Southern","%",""
"ALF01C01","Annual employment rate","2021","2021","365","20 - 24 years","1","Male","20","Primary and lower secondary education (Levels 1-2)","C32761EB-7A21-4B95-8C7A-DB195C2955CE","Eastern and Midland","%",""
"ALF01C01","Annual employment rate","2021","2021","365","20 - 24 years","1","Male","30","Upper secondary and post-secondary non-tertiary education (Levels 3 and 4)","IE0","Ireland","%","64.3"
"ALF01C01","Annual employment rate","2021","2021","365","20 - 24 years","1","Male","30","Upper secondary and post-secondary non-tertiary education (Levels 3 and 4)","811D29A4-1E05-4F4A-B61B-43DE64E07B29","Northern and Western","%","70.8"
"ALF01C01","Annual employment rate","2021","2021","365","20 - 24 years","1","Male","30","Upper secondary and post-secondary non-tertiary education (Levels 3 and 4)","97227605-23D5-4B98-BDB8-3EB5D0682A5A","Southern","%","65.8"
"ALF01C01","Annual employment rate","2021","2021","365","20 - 24 years","1","Male","30","Upper secondary and post-secondary non-tertiary education (Levels 3 and 4)","C32761EB-7A21-4B95-8C7A-DB195C2955CE","Eastern and Midland","%","61"
"ALF01C01","Annual employment rate","2021","2021","365","20 - 24 years","1","Male","40","Tertiary education (Levels 5-8)","IE0","Ireland","%","71.6"
"ALF01C01","Annual employment rate","2021","2021","365","20 - 24 years","1","Male","40","Tertiary education (Levels 5-8)","811D29A4-1E05-4F4A-B61B-43DE64E07B29","Northern and Western","%",""
"ALF01C01","Annual employment rate","2021","2021","365","20 - 24 years","1","Male","40","Tertiary education (Levels 5-8)","97227605-23D5-4B98-BDB8-3EB5D0682A5A","Southern","%","63.9"
"ALF01C01","Annual employment rate","2021","2021","365","20 - 24 years","1","Male","40","Tertiary education (Levels 5-8)","C32761EB-7A21-4B95-8C7A-DB195C2955CE","Eastern and Midland","%","75.3"
"ALF01C01","Annual employment rate","2021","2021","365","20 - 24 years","1","Male","99","Level of education - not stated","IE0","Ireland","%",""
"ALF01C01","Annual employment rate","2021","2021","365","20 - 24 years","1","Male","99","Level of education - not stated","811D29A4-1E05-4F4A-B61B-43DE64E07B29","Northern and Western","%",""
"ALF01C01","Annual employment rate","2021","2021","365","20 - 24 years","1","Male","99","Level of education - not stated","97227605-23D5-4B98-BDB8-3EB5D0682A5A","Southern","%",""
"ALF01C01","Annual employment rate","2021","2021","365","20 - 24 years","1","Male","99","Level of education - not stated","C32761EB-7A21-4B95-8C7A-DB195C2955CE","Eastern and Midland","%",""
"ALF01C01","Annual employment rate","2021","2021","365","20 - 24 years","2","Female","-","Levels of Education (Levels  0-8)","IE0","Ireland","%","64.2"
"ALF01C01","Annual employment rate","2021","2021","365","20 - 24 years","2","Female","-","Levels of Education (Levels  0-8)","811D29A4-1E05-4F4A-B61B-43DE64E07B29","Northern and Western","%","69.9"
"ALF01C01","Annual employment rate","2021","2021","365","20 - 24 years","2","Female","-","Levels of Education (Levels  0-8)","97227605-23D5-4B98-BDB8-3EB5D0682A5A","Southern","%","61.5"
"ALF01C01","Annual employment rate","2021","2021","365","20 - 24 years","2","Female","-","Levels of Education (Levels  0-8)","C32761EB-7A21-4B95-8C7A-DB195C2955CE","Eastern and Midland","%","63.9"
"ALF01C01","Annual employment rate","2021","2021","365","20 - 24 years","2","Female","10","Less than primary (Level 0)","IE0","Ireland","%",""
"ALF01C01","Annual employment rate","2021","2021","365","20 - 24 years","2","Female","10","Less than primary (Level 0)","811D29A4-1E05-4F4A-B61B-43DE64E07B29","Northern and Western","%",""
"ALF01C01","Annual employment rate","2021","2021","365","20 - 24 years","2","Female","10","Less than primary (Level 0)","97227605-23D5-4B98-BDB8-3EB5D0682A5A","Southern","%",""
"ALF01C01","Annual employment rate","2021","2021","365","20 - 24 years","2","Female","10","Less than primary (Level 0)","C32761EB-7A21-4B95-8C7A-DB195C2955CE","Eastern and Midland","%",""
"ALF01C01","Annual employment rate","2021","2021","365","20 - 24 years","2","Female","20","Primary and lower secondary education (Levels 1-2)","IE0","Ireland","%",""
"ALF01C01","Annual employment rate","2021","2021","365","20 - 24 years","2","Female","20","Primary and lower secondary education (Levels 1-2)","811D29A4-1E05-4F4A-B61B-43DE64E07B29","Northern and Western","%",""
"ALF01C01","Annual employment rate","2021","2021","365","20 - 24 years","2","Female","20","Primary and lower secondary education (Levels 1-2)","97227605-23D5-4B98-BDB8-3EB5D0682A5A","Southern","%",""
"ALF01C01","Annual employment rate","2021","2021","365","20 - 24 years","2","Female","20","Primary and lower secondary education (Levels 1-2)","C32761EB-7A21-4B95-8C7A-DB195C2955CE","Eastern and Midland","%",""
"ALF01C01","Annual employment rate","2021","2021","365","20 - 24 years","2","Female","30","Upper secondary and post-secondary non-tertiary education (Levels 3 and 4)","IE0","Ireland","%","56.7"
"ALF01C01","Annual employment rate","2021","2021","365","20 - 24 years","2","Female","30","Upper secondary and post-secondary non-tertiary education (Levels 3 and 4)","811D29A4-1E05-4F4A-B61B-43DE64E07B29","Northern and Western","%",""
"ALF01C01","Annual employment rate","2021","2021","365","20 - 24 years","2","Female","30","Upper secondary and post-secondary non-tertiary education (Levels 3 and 4)","97227605-23D5-4B98-BDB8-3EB5D0682A5A","Southern","%","57.1"
"ALF01C01","Annual employment rate","2021","2021","365","20 - 24 years","2","Female","30","Upper secondary and post-secondary non-tertiary education (Levels 3 and 4)","C32761EB-7A21-4B95-8C7A-DB195C2955CE","Eastern and Midland","%","54.5"
"ALF01C01","Annual employment rate","2021","2021","365","20 - 24 years","2","Female","40","Tertiary education (Levels 5-8)","IE0","Ireland","%","78.7"
"ALF01C01","Annual employment rate","2021","2021","365","20 - 24 years","2","Female","40","Tertiary education (Levels 5-8)","811D29A4-1E05-4F4A-B61B-43DE64E07B29","Northern and Western","%",""
"ALF01C01","Annual employment rate","2021","2021","365","20 - 24 years","2","Female","40","Tertiary education (Levels 5-8)","97227605-23D5-4B98-BDB8-3EB5D0682A5A","Southern","%","72.2"
"ALF01C01","Annual employment rate","2021","2021","365","20 - 24 years","2","Female","40","Tertiary education (Levels 5-8)","C32761EB-7A21-4B95-8C7A-DB195C2955CE","Eastern and Midland","%","81.9"
"ALF01C01","Annual employment rate","2021","2021","365","20 - 24 years","2","Female","99","Level of education - not stated","IE0","Ireland","%",""
"ALF01C01","Annual employment rate","2021","2021","365","20 - 24 years","2","Female","99","Level of education - not stated","811D29A4-1E05-4F4A-B61B-43DE64E07B29","Northern and Western","%",""
"ALF01C01","Annual employment rate","2021","2021","365","20 - 24 years","2","Female","99","Level of education - not stated","97227605-23D5-4B98-BDB8-3EB5D0682A5A","Southern","%",""
"ALF01C01","Annual employment rate","2021","2021","365","20 - 24 years","2","Female","99","Level of education - not stated","C32761EB-7A21-4B95-8C7A-DB195C2955CE","Eastern and Midland","%",""
"ALF01C01","Annual employment rate","2021","2021","410","25 - 29 years","-","Both sexes","-","Levels of Education (Levels  0-8)","IE0","Ireland","%","78.6"
"ALF01C01","Annual employment rate","2021","2021","410","25 - 29 years","-","Both sexes","-","Levels of Education (Levels  0-8)","811D29A4-1E05-4F4A-B61B-43DE64E07B29","Northern and Western","%","70.9"
"ALF01C01","Annual employment rate","2021","2021","410","25 - 29 years","-","Both sexes","-","Levels of Education (Levels  0-8)","97227605-23D5-4B98-BDB8-3EB5D0682A5A","Southern","%","76.9"
"ALF01C01","Annual employment rate","2021","2021","410","25 - 29 years","-","Both sexes","-","Levels of Education (Levels  0-8)","C32761EB-7A21-4B95-8C7A-DB195C2955CE","Eastern and Midland","%","81.6"
"ALF01C01","Annual employment rate","2021","2021","410","25 - 29 years","-","Both sexes","10","Less than primary (Level 0)","IE0","Ireland","%",""
"ALF01C01","Annual employment rate","2021","2021","410","25 - 29 years","-","Both sexes","10","Less than primary (Level 0)","811D29A4-1E05-4F4A-B61B-43DE64E07B29","Northern and Western","%",""
"ALF01C01","Annual employment rate","2021","2021","410","25 - 29 years","-","Both sexes","10","Less than primary (Level 0)","97227605-23D5-4B98-BDB8-3EB5D0682A5A","Southern","%",""
"ALF01C01","Annual employment rate","2021","2021","410","25 - 29 years","-","Both sexes","10","Less than primary (Level 0)","C32761EB-7A21-4B95-8C7A-DB195C2955CE","Eastern and Midland","%",""
"ALF01C01","Annual employment rate","2021","2021","410","25 - 29 years","-","Both sexes","20","Primary and lower secondary education (Levels 1-2)","IE0","Ireland","%",""
"ALF01C01","Annual employment rate","2021","2021","410","25 - 29 years","-","Both sexes","20","Primary and lower secondary education (Levels 1-2)","811D29A4-1E05-4F4A-B61B-43DE64E07B29","Northern and Western","%",""
"ALF01C01","Annual employment rate","2021","2021","410","25 - 29 years","-","Both sexes","20","Primary and lower secondary education (Levels 1-2)","97227605-23D5-4B98-BDB8-3EB5D0682A5A","Southern","%",""
"ALF01C01","Annual employment rate","2021","2021","410","25 - 29 years","-","Both sexes","20","Primary and lower secondary education (Levels 1-2)","C32761EB-7A21-4B95-8C7A-DB195C2955CE","Eastern and Midland","%",""
"ALF01C01","Annual employment rate","2021","2021","410","25 - 29 years","-","Both sexes","30","Upper secondary and post-secondary non-tertiary education (Levels 3 and 4)","IE0","Ireland","%","69.1"
"ALF01C01","Annual employment rate","2021","2021","410","25 - 29 years","-","Both sexes","30","Upper secondary and post-secondary non-tertiary education (Levels 3 and 4)","811D29A4-1E05-4F4A-B61B-43DE64E07B29","Northern and Western","%",""
"ALF01C01","Annual employment rate","2021","2021","410","25 - 29 years","-","Both sexes","30","Upper secondary and post-secondary non-tertiary education (Levels 3 and 4)","97227605-23D5-4B98-BDB8-3EB5D0682A5A","Southern","%","73.1"
"ALF01C01","Annual employment rate","2021","2021","410","25 - 29 years","-","Both sexes","30","Upper secondary and post-secondary non-tertiary education (Levels 3 and 4)","C32761EB-7A21-4B95-8C7A-DB195C2955CE","Eastern and Midland","%","67.5"
"ALF01C01","Annual employment rate","2021","2021","410","25 - 29 years","-","Both sexes","40","Tertiary education (Levels 5-8)","IE0","Ireland","%","89"
"ALF01C01","Annual employment rate","2021","2021","410","25 - 29 years","-","Both sexes","40","Tertiary education (Levels 5-8)","811D29A4-1E05-4F4A-B61B-43DE64E07B29","Northern and Western","%","80"
"ALF01C01","Annual employment rate","2021","2021","410","25 - 29 years","-","Both sexes","40","Tertiary education (Levels 5-8)","97227605-23D5-4B98-BDB8-3EB5D0682A5A","Southern","%","88.4"
"ALF01C01","Annual employment rate","2021","2021","410","25 - 29 years","-","Both sexes","40","Tertiary education (Levels 5-8)","C32761EB-7A21-4B95-8C7A-DB195C2955CE","Eastern and Midland","%","91.1"
"ALF01C01","Annual employment rate","2021","2021","410","25 - 29 years","-","Both sexes","99","Level of education - not stated","IE0","Ireland","%",""
"ALF01C01","Annual employment rate","2021","2021","410","25 - 29 years","-","Both sexes","99","Level of education - not stated","811D29A4-1E05-4F4A-B61B-43DE64E07B29","Northern and Western","%",""
"ALF01C01","Annual employment rate","2021","2021","410","25 - 29 years","-","Both sexes","99","Level of education - not stated","97227605-23D5-4B98-BDB8-3EB5D0682A5A","Southern","%",""
"ALF01C01","Annual employment rate","2021","2021","410","25 - 29 years","-","Both sexes","99","Level of education - not stated","C32761EB-7A21-4B95-8C7A-DB195C2955CE","Eastern and Midland","%",""
"ALF01C01","Annual employment rate","2021","2021","410","25 - 29 years","1","Male","-","Levels of Education (Levels  0-8)","IE0","Ireland","%","81.5"
"ALF01C01","Annual employment rate","2021","2021","410","25 - 29 years","1","Male","-","Levels of Education (Levels  0-8)","811D29A4-1E05-4F4A-B61B-43DE64E07B29","Northern and Western","%","80.9"
"ALF01C01","Annual employment rate","2021","2021","410","25 - 29 years","1","Male","-","Levels of Education (Levels  0-8)","97227605-23D5-4B98-BDB8-3EB5D0682A5A","Southern","%","82.2"
"ALF01C01","Annual employment rate","2021","2021","410","25 - 29 years","1","Male","-","Levels of Education (Levels  0-8)","C32761EB-7A21-4B95-8C7A-DB195C2955CE","Eastern and Midland","%","81.2"
"ALF01C01","Annual employment rate","2021","2021","410","25 - 29 years","1","Male","10","Less than primary (Level 0)","IE0","Ireland","%",""
"ALF01C01","Annual employment rate","2021","2021","410","25 - 29 years","1","Male","10","Less than primary (Level 0)","811D29A4-1E05-4F4A-B61B-43DE64E07B29","Northern and Western","%",""
"ALF01C01","Annual employment rate","2021","2021","410","25 - 29 years","1","Male","10","Less than primary (Level 0)","97227605-23D5-4B98-BDB8-3EB5D0682A5A","Southern","%",""
"ALF01C01","Annual employment rate","2021","2021","410","25 - 29 years","1","Male","10","Less than primary (Level 0)","C32761EB-7A21-4B95-8C7A-DB195C2955CE","Eastern and Midland","%",""
"ALF01C01","Annual employment rate","2021","2021","410","25 - 29 years","1","Male","20","Primary and lower secondary education (Levels 1-2)","IE0","Ireland","%",""
"ALF01C01","Annual employment rate","2021","2021","410","25 - 29 years","1","Male","20","Primary and lower secondary education (Levels 1-2)","811D29A4-1E05-4F4A-B61B-43DE64E07B29","Northern and Western","%",""
"ALF01C01","Annual employment rate","2021","2021","410","25 - 29 years","1","Male","20","Primary and lower secondary education (Levels 1-2)","97227605-23D5-4B98-BDB8-3EB5D0682A5A","Southern","%",""
"ALF01C01","Annual employment rate","2021","2021","410","25 - 29 years","1","Male","20","Primary and lower secondary education (Levels 1-2)","C32761EB-7A21-4B95-8C7A-DB195C2955CE","Eastern and Midland","%",""
"ALF01C01","Annual employment rate","2021","2021","410","25 - 29 years","1","Male","30","Upper secondary and post-secondary non-tertiary education (Levels 3 and 4)","IE0","Ireland","%","73.4"
"ALF01C01","Annual employment rate","2021","2021","410","25 - 29 years","1","Male","30","Upper secondary and post-secondary non-tertiary education (Levels 3 and 4)","811D29A4-1E05-4F4A-B61B-43DE64E07B29","Northern and Western","%",""
"ALF01C01","Annual employment rate","2021","2021","410","25 - 29 years","1","Male","30","Upper secondary and post-secondary non-tertiary education (Levels 3 and 4)","97227605-23D5-4B98-BDB8-3EB5D0682A5A","Southern","%","75.3"
"ALF01C01","Annual employment rate","2021","2021","410","25 - 29 years","1","Male","30","Upper secondary and post-secondary non-tertiary education (Levels 3 and 4)","C32761EB-7A21-4B95-8C7A-DB195C2955CE","Eastern and Midland","%","69.2"
"ALF01C01","Annual employment rate","2021","2021","410","25 - 29 years","1","Male","40","Tertiary education (Levels 5-8)","IE0","Ireland","%","90.6"
"ALF01C01","Annual employment rate","2021","2021","410","25 - 29 years","1","Male","40","Tertiary education (Levels 5-8)","811D29A4-1E05-4F4A-B61B-43DE64E07B29","Northern and Western","%",""
"ALF01C01","Annual employment rate","2021","2021","410","25 - 29 years","1","Male","40","Tertiary education (Levels 5-8)","97227605-23D5-4B98-BDB8-3EB5D0682A5A","Southern","%","95.8"
"ALF01C01","Annual employment rate","2021","2021","410","25 - 29 years","1","Male","40","Tertiary education (Levels 5-8)","C32761EB-7A21-4B95-8C7A-DB195C2955CE","Eastern and Midland","%","90.8"
"ALF01C01","Annual employment rate","2021","2021","410","25 - 29 years","1","Male","99","Level of education - not stated","IE0","Ireland","%",""
"ALF01C01","Annual employment rate","2021","2021","410","25 - 29 years","1","Male","99","Level of education - not stated","811D29A4-1E05-4F4A-B61B-43DE64E07B29","Northern and Western","%",""
"ALF01C01","Annual employment rate","2021","2021","410","25 - 29 years","1","Male","99","Level of education - not stated","97227605-23D5-4B98-BDB8-3EB5D0682A5A","Southern","%",""
"ALF01C01","Annual employment rate","2021","2021","410","25 - 29 years","1","Male","99","Level of education - not stated","C32761EB-7A21-4B95-8C7A-DB195C2955CE","Eastern and Midland","%",""
"ALF01C01","Annual employment rate","2021","2021","410","25 - 29 years","2","Female","-","Levels of Education (Levels  0-8)","IE0","Ireland","%","75.6"
"ALF01C01","Annual employment rate","2021","2021","410","25 - 29 years","2","Female","-","Levels of Education (Levels  0-8)","811D29A4-1E05-4F4A-B61B-43DE64E07B29","Northern and Western","%","60.5"
"ALF01C01","Annual employment rate","2021","2021","410","25 - 29 years","2","Female","-","Levels of Education (Levels  0-8)","97227605-23D5-4B98-BDB8-3EB5D0682A5A","Southern","%","71.4"
"ALF01C01","Annual employment rate","2021","2021","410","25 - 29 years","2","Female","-","Levels of Education (Levels  0-8)","C32761EB-7A21-4B95-8C7A-DB195C2955CE","Eastern and Midland","%","81.9"
"ALF01C01","Annual employment rate","2021","2021","410","25 - 29 years","2","Female","10","Less than primary (Level 0)","IE0","Ireland","%",""
"ALF01C01","Annual employment rate","2021","2021","410","25 - 29 years","2","Female","10","Less than primary (Level 0)","811D29A4-1E05-4F4A-B61B-43DE64E07B29","Northern and Western","%",""
"ALF01C01","Annual employment rate","2021","2021","410","25 - 29 years","2","Female","10","Less than primary (Level 0)","97227605-23D5-4B98-BDB8-3EB5D0682A5A","Southern","%",""
"ALF01C01","Annual employment rate","2021","2021","410","25 - 29 years","2","Female","10","Less than primary (Level 0)","C32761EB-7A21-4B95-8C7A-DB195C2955CE","Eastern and Midland","%",""
"ALF01C01","Annual employment rate","2021","2021","410","25 - 29 years","2","Female","20","Primary and lower secondary education (Levels 1-2)","IE0","Ireland","%",""
"ALF01C01","Annual employment rate","2021","2021","410","25 - 29 years","2","Female","20","Primary and lower secondary education (Levels 1-2)","811D29A4-1E05-4F4A-B61B-43DE64E07B29","Northern and Western","%",""
"ALF01C01","Annual employment rate","2021","2021","410","25 - 29 years","2","Female","20","Primary and lower secondary education (Levels 1-2)","97227605-23D5-4B98-BDB8-3EB5D0682A5A","Southern","%",""
"ALF01C01","Annual employment rate","2021","2021","410","25 - 29 years","2","Female","20","Primary and lower secondary education (Levels 1-2)","C32761EB-7A21-4B95-8C7A-DB195C2955CE","Eastern and Midland","%",""
"ALF01C01","Annual employment rate","2021","2021","410","25 - 29 years","2","Female","30","Upper secondary and post-secondary non-tertiary education (Levels 3 and 4)","IE0","Ireland","%","63.5"
"ALF01C01","Annual employment rate","2021","2021","410","25 - 29 years","2","Female","30","Upper secondary and post-secondary non-tertiary education (Levels 3 and 4)","811D29A4-1E05-4F4A-B61B-43DE64E07B29","Northern and Western","%",""
"ALF01C01","Annual employment rate","2021","2021","410","25 - 29 years","2","Female","30","Upper secondary and post-secondary non-tertiary education (Levels 3 and 4)","97227605-23D5-4B98-BDB8-3EB5D0682A5A","Southern","%",""
"ALF01C01","Annual employment rate","2021","2021","410","25 - 29 years","2","Female","30","Upper secondary and post-secondary non-tertiary education (Levels 3 and 4)","C32761EB-7A21-4B95-8C7A-DB195C2955CE","Eastern and Midland","%",""
"ALF01C01","Annual employment rate","2021","2021","410","25 - 29 years","2","Female","40","Tertiary education (Levels 5-8)","IE0","Ireland","%","87.5"
"ALF01C01","Annual employment rate","2021","2021","410","25 - 29 years","2","Female","40","Tertiary education (Levels 5-8)","811D29A4-1E05-4F4A-B61B-43DE64E07B29","Northern and Western","%",""
"ALF01C01","Annual employment rate","2021","2021","410","25 - 29 years","2","Female","40","Tertiary education (Levels 5-8)","97227605-23D5-4B98-BDB8-3EB5D0682A5A","Southern","%","82"
"ALF01C01","Annual employment rate","2021","2021","410","25 - 29 years","2","Female","40","Tertiary education (Levels 5-8)","C32761EB-7A21-4B95-8C7A-DB195C2955CE","Eastern and Midland","%","91.4"
"ALF01C01","Annual employment rate","2021","2021","410","25 - 29 years","2","Female","99","Level of education - not stated","IE0","Ireland","%",""
"ALF01C01","Annual employment rate","2021","2021","410","25 - 29 years","2","Female","99","Level of education - not stated","811D29A4-1E05-4F4A-B61B-43DE64E07B29","Northern and Western","%",""
"ALF01C01","Annual employment rate","2021","2021","410","25 - 29 years","2","Female","99","Level of education - not stated","97227605-23D5-4B98-BDB8-3EB5D0682A5A","Southern","%",""
"ALF01C01","Annual employment rate","2021","2021","410","25 - 29 years","2","Female","99","Level of education - not stated","C32761EB-7A21-4B95-8C7A-DB195C2955CE","Eastern and Midland","%",""
"ALF01C01","Annual employment rate","2021","2021","440","30 - 34 years","-","Both sexes","-","Levels of Education (Levels  0-8)","IE0","Ireland","%","81.4"
"ALF01C01","Annual employment rate","2021","2021","440","30 - 34 years","-","Both sexes","-","Levels of Education (Levels  0-8)","811D29A4-1E05-4F4A-B61B-43DE64E07B29","Northern and Western","%","83.5"
"ALF01C01","Annual employment rate","2021","2021","440","30 - 34 years","-","Both sexes","-","Levels of Education (Levels  0-8)","97227605-23D5-4B98-BDB8-3EB5D0682A5A","Southern","%","79.9"
"ALF01C01","Annual employment rate","2021","2021","440","30 - 34 years","-","Both sexes","-","Levels of Education (Levels  0-8)","C32761EB-7A21-4B95-8C7A-DB195C2955CE","Eastern and Midland","%","81.5"
"ALF01C01","Annual employment rate","2021","2021","440","30 - 34 years","-","Both sexes","10","Less than primary (Level 0)","IE0","Ireland","%",""
"ALF01C01","Annual employment rate","2021","2021","440","30 - 34 years","-","Both sexes","10","Less than primary (Level 0)","811D29A4-1E05-4F4A-B61B-43DE64E07B29","Northern and Western","%",""
"ALF01C01","Annual employment rate","2021","2021","440","30 - 34 years","-","Both sexes","10","Less than primary (Level 0)","97227605-23D5-4B98-BDB8-3EB5D0682A5A","Southern","%",""
"ALF01C01","Annual employment rate","2021","2021","440","30 - 34 years","-","Both sexes","10","Less than primary (Level 0)","C32761EB-7A21-4B95-8C7A-DB195C2955CE","Eastern and Midland","%",""
"ALF01C01","Annual employment rate","2021","2021","440","30 - 34 years","-","Both sexes","20","Primary and lower secondary education (Levels 1-2)","IE0","Ireland","%",""
"ALF01C01","Annual employment rate","2021","2021","440","30 - 34 years","-","Both sexes","20","Primary and lower secondary education (Levels 1-2)","811D29A4-1E05-4F4A-B61B-43DE64E07B29","Northern and Western","%",""
"ALF01C01","Annual employment rate","2021","2021","440","30 - 34 years","-","Both sexes","20","Primary and lower secondary education (Levels 1-2)","97227605-23D5-4B98-BDB8-3EB5D0682A5A","Southern","%",""
"ALF01C01","Annual employment rate","2021","2021","440","30 - 34 years","-","Both sexes","20","Primary and lower secondary education (Levels 1-2)","C32761EB-7A21-4B95-8C7A-DB195C2955CE","Eastern and Midland","%",""
"ALF01C01","Annual employment rate","2021","2021","440","30 - 34 years","-","Both sexes","30","Upper secondary and post-secondary non-tertiary education (Levels 3 and 4)","IE0","Ireland","%","73.6"
"ALF01C01","Annual employment rate","2021","2021","440","30 - 34 years","-","Both sexes","30","Upper secondary and post-secondary non-tertiary education (Levels 3 and 4)","811D29A4-1E05-4F4A-B61B-43DE64E07B29","Northern and Western","%","72.7"
"ALF01C01","Annual employment rate","2021","2021","440","30 - 34 years","-","Both sexes","30","Upper secondary and post-secondary non-tertiary education (Levels 3 and 4)","97227605-23D5-4B98-BDB8-3EB5D0682A5A","Southern","%","78.7"
"ALF01C01","Annual employment rate","2021","2021","440","30 - 34 years","-","Both sexes","30","Upper secondary and post-secondary non-tertiary education (Levels 3 and 4)","C32761EB-7A21-4B95-8C7A-DB195C2955CE","Eastern and Midland","%","71"
"ALF01C01","Annual employment rate","2021","2021","440","30 - 34 years","-","Both sexes","40","Tertiary education (Levels 5-8)","IE0","Ireland","%","87.8"
"ALF01C01","Annual employment rate","2021","2021","440","30 - 34 years","-","Both sexes","40","Tertiary education (Levels 5-8)","811D29A4-1E05-4F4A-B61B-43DE64E07B29","Northern and Western","%","94.3"
"ALF01C01","Annual employment rate","2021","2021","440","30 - 34 years","-","Both sexes","40","Tertiary education (Levels 5-8)","97227605-23D5-4B98-BDB8-3EB5D0682A5A","Southern","%","87.7"
"ALF01C01","Annual employment rate","2021","2021","440","30 - 34 years","-","Both sexes","40","Tertiary education (Levels 5-8)","C32761EB-7A21-4B95-8C7A-DB195C2955CE","Eastern and Midland","%","86.3"
"ALF01C01","Annual employment rate","2021","2021","440","30 - 34 years","-","Both sexes","99","Level of education - not stated","IE0","Ireland","%",""
"ALF01C01","Annual employment rate","2021","2021","440","30 - 34 years","-","Both sexes","99","Level of education - not stated","811D29A4-1E05-4F4A-B61B-43DE64E07B29","Northern and Western","%",""
"ALF01C01","Annual employment rate","2021","2021","440","30 - 34 years","-","Both sexes","99","Level of education - not stated","97227605-23D5-4B98-BDB8-3EB5D0682A5A","Southern","%",""
"ALF01C01","Annual employment rate","2021","2021","440","30 - 34 years","-","Both sexes","99","Level of education - not stated","C32761EB-7A21-4B95-8C7A-DB195C2955CE","Eastern and Midland","%",""
"ALF01C01","Annual employment rate","2021","2021","440","30 - 34 years","1","Male","-","Levels of Education (Levels  0-8)","IE0","Ireland","%","85.4"
"ALF01C01","Annual employment rate","2021","2021","440","30 - 34 years","1","Male","-","Levels of Education (Levels  0-8)","811D29A4-1E05-4F4A-B61B-43DE64E07B29","Northern and Western","%","95.8"
"ALF01C01","Annual employment rate","2021","2021","440","30 - 34 years","1","Male","-","Levels of Education (Levels  0-8)","97227605-23D5-4B98-BDB8-3EB5D0682A5A","Southern","%","81.1"
"ALF01C01","Annual employment rate","2021","2021","440","30 - 34 years","1","Male","-","Levels of Education (Levels  0-8)","C32761EB-7A21-4B95-8C7A-DB195C2955CE","Eastern and Midland","%","84.9"
"ALF01C01","Annual employment rate","2021","2021","440","30 - 34 years","1","Male","10","Less than primary (Level 0)","IE0","Ireland","%",""
"ALF01C01","Annual employment rate","2021","2021","440","30 - 34 years","1","Male","10","Less than primary (Level 0)","811D29A4-1E05-4F4A-B61B-43DE64E07B29","Northern and Western","%",""
"ALF01C01","Annual employment rate","2021","2021","440","30 - 34 years","1","Male","10","Less than primary (Level 0)","97227605-23D5-4B98-BDB8-3EB5D0682A5A","Southern","%",""
"ALF01C01","Annual employment rate","2021","2021","440","30 - 34 years","1","Male","10","Less than primary (Level 0)","C32761EB-7A21-4B95-8C7A-DB195C2955CE","Eastern and Midland","%",""
"ALF01C01","Annual employment rate","2021","2021","440","30 - 34 years","1","Male","20","Primary and lower secondary education (Levels 1-2)","IE0","Ireland","%",""
"ALF01C01","Annual employment rate","2021","2021","440","30 - 34 years","1","Male","20","Primary and lower secondary education (Levels 1-2)","811D29A4-1E05-4F4A-B61B-43DE64E07B29","Northern and Western","%",""
"ALF01C01","Annual employment rate","2021","2021","440","30 - 34 years","1","Male","20","Primary and lower secondary education (Levels 1-2)","97227605-23D5-4B98-BDB8-3EB5D0682A5A","Southern","%",""
"ALF01C01","Annual employment rate","2021","2021","440","30 - 34 years","1","Male","20","Primary and lower secondary education (Levels 1-2)","C32761EB-7A21-4B95-8C7A-DB195C2955CE","Eastern and Midland","%",""
"ALF01C01","Annual employment rate","2021","2021","440","30 - 34 years","1","Male","30","Upper secondary and post-secondary non-tertiary education (Levels 3 and 4)","IE0","Ireland","%","82.8"
"ALF01C01","Annual employment rate","2021","2021","440","30 - 34 years","1","Male","30","Upper secondary and post-secondary non-tertiary education (Levels 3 and 4)","811D29A4-1E05-4F4A-B61B-43DE64E07B29","Northern and Western","%",""
"ALF01C01","Annual employment rate","2021","2021","440","30 - 34 years","1","Male","30","Upper secondary and post-secondary non-tertiary education (Levels 3 and 4)","97227605-23D5-4B98-BDB8-3EB5D0682A5A","Southern","%","80.3"
"ALF01C01","Annual employment rate","2021","2021","440","30 - 34 years","1","Male","30","Upper secondary and post-secondary non-tertiary education (Levels 3 and 4)","C32761EB-7A21-4B95-8C7A-DB195C2955CE","Eastern and Midland","%","78.7"
"ALF01C01","Annual employment rate","2021","2021","440","30 - 34 years","1","Male","40","Tertiary education (Levels 5-8)","IE0","Ireland","%","90.4"
"ALF01C01","Annual employment rate","2021","2021","440","30 - 34 years","1","Male","40","Tertiary education (Levels 5-8)","811D29A4-1E05-4F4A-B61B-43DE64E07B29","Northern and Western","%","100"
"ALF01C01","Annual employment rate","2021","2021","440","30 - 34 years","1","Male","40","Tertiary education (Levels 5-8)","97227605-23D5-4B98-BDB8-3EB5D0682A5A","Southern","%","91"
"ALF01C01","Annual employment rate","2021","2021","440","30 - 34 years","1","Male","40","Tertiary education (Levels 5-8)","C32761EB-7A21-4B95-8C7A-DB195C2955CE","Eastern and Midland","%","87.7"
"ALF01C01","Annual employment rate","2021","2021","440","30 - 34 years","1","Male","99","Level of education - not stated","IE0","Ireland","%",""
"ALF01C01","Annual employment rate","2021","2021","440","30 - 34 years","1","Male","99","Level of education - not stated","811D29A4-1E05-4F4A-B61B-43DE64E07B29","Northern and Western","%",""
"ALF01C01","Annual employment rate","2021","2021","440","30 - 34 years","1","Male","99","Level of education - not stated","97227605-23D5-4B98-BDB8-3EB5D0682A5A","Southern","%",""
"ALF01C01","Annual employment rate","2021","2021","440","30 - 34 years","1","Male","99","Level of education - not stated","C32761EB-7A21-4B95-8C7A-DB195C2955CE","Eastern and Midland","%",""
"ALF01C01","Annual employment rate","2021","2021","440","30 - 34 years","2","Female","-","Levels of Education (Levels  0-8)","IE0","Ireland","%","77.6"
"ALF01C01","Annual employment rate","2021","2021","440","30 - 34 years","2","Female","-","Levels of Education (Levels  0-8)","811D29A4-1E05-4F4A-B61B-43DE64E07B29","Northern and Western","%","72"
"ALF01C01","Annual employment rate","2021","2021","440","30 - 34 years","2","Female","-","Levels of Education (Levels  0-8)","97227605-23D5-4B98-BDB8-3EB5D0682A5A","Southern","%","78.8"
"ALF01C01","Annual employment rate","2021","2021","440","30 - 34 years","2","Female","-","Levels of Education (Levels  0-8)","C32761EB-7A21-4B95-8C7A-DB195C2955CE","Eastern and Midland","%","78.4"
"ALF01C01","Annual employment rate","2021","2021","440","30 - 34 years","2","Female","10","Less than primary (Level 0)","IE0","Ireland","%",""
"ALF01C01","Annual employment rate","2021","2021","440","30 - 34 years","2","Female","10","Less than primary (Level 0)","811D29A4-1E05-4F4A-B61B-43DE64E07B29","Northern and Western","%",""
"ALF01C01","Annual employment rate","2021","2021","440","30 - 34 years","2","Female","10","Less than primary (Level 0)","97227605-23D5-4B98-BDB8-3EB5D0682A5A","Southern","%",""
"ALF01C01","Annual employment rate","2021","2021","440","30 - 34 years","2","Female","10","Less than primary (Level 0)","C32761EB-7A21-4B95-8C7A-DB195C2955CE","Eastern and Midland","%",""
"ALF01C01","Annual employment rate","2021","2021","440","30 - 34 years","2","Female","20","Primary and lower secondary education (Levels 1-2)","IE0","Ireland","%",""
"ALF01C01","Annual employment rate","2021","2021","440","30 - 34 years","2","Female","20","Primary and lower secondary education (Levels 1-2)","811D29A4-1E05-4F4A-B61B-43DE64E07B29","Northern and Western","%",""
"ALF01C01","Annual employment rate","2021","2021","440","30 - 34 years","2","Female","20","Primary and lower secondary education (Levels 1-2)","97227605-23D5-4B98-BDB8-3EB5D0682A5A","Southern","%",""
"ALF01C01","Annual employment rate","2021","2021","440","30 - 34 years","2","Female","20","Primary and lower secondary education (Levels 1-2)","C32761EB-7A21-4B95-8C7A-DB195C2955CE","Eastern and Midland","%",""
"ALF01C01","Annual employment rate","2021","2021","440","30 - 34 years","2","Female","30","Upper secondary and post-secondary non-tertiary education (Levels 3 and 4)","IE0","Ireland","%","65.3"
"ALF01C01","Annual employment rate","2021","2021","440","30 - 34 years","2","Female","30","Upper secondary and post-secondary non-tertiary education (Levels 3 and 4)","811D29A4-1E05-4F4A-B61B-43DE64E07B29","Northern and Western","%",""
"ALF01C01","Annual employment rate","2021","2021","440","30 - 34 years","2","Female","30","Upper secondary and post-secondary non-tertiary education (Levels 3 and 4)","97227605-23D5-4B98-BDB8-3EB5D0682A5A","Southern","%",""
"ALF01C01","Annual employment rate","2021","2021","440","30 - 34 years","2","Female","30","Upper secondary and post-secondary non-tertiary education (Levels 3 and 4)","C32761EB-7A21-4B95-8C7A-DB195C2955CE","Eastern and Midland","%","64.1"
"ALF01C01","Annual employment rate","2021","2021","440","30 - 34 years","2","Female","40","Tertiary education (Levels 5-8)","IE0","Ireland","%","85.5"
"ALF01C01","Annual employment rate","2021","2021","440","30 - 34 years","2","Female","40","Tertiary education (Levels 5-8)","811D29A4-1E05-4F4A-B61B-43DE64E07B29","Northern and Western","%","89"
"ALF01C01","Annual employment rate","2021","2021","440","30 - 34 years","2","Female","40","Tertiary education (Levels 5-8)","97227605-23D5-4B98-BDB8-3EB5D0682A5A","Southern","%","84.8"
"ALF01C01","Annual employment rate","2021","2021","440","30 - 34 years","2","Female","40","Tertiary education (Levels 5-8)","C32761EB-7A21-4B95-8C7A-DB195C2955CE","Eastern and Midland","%","84.9"
"ALF01C01","Annual employment rate","2021","2021","440","30 - 34 years","2","Female","99","Level of education - not stated","IE0","Ireland","%",""
"ALF01C01","Annual employment rate","2021","2021","440","30 - 34 years","2","Female","99","Level of education - not stated","811D29A4-1E05-4F4A-B61B-43DE64E07B29","Northern and Western","%",""
"ALF01C01","Annual employment rate","2021","2021","440","30 - 34 years","2","Female","99","Level of education - not stated","97227605-23D5-4B98-BDB8-3EB5D0682A5A","Southern","%",""
"ALF01C01","Annual employment rate","2021","2021","440","30 - 34 years","2","Female","99","Level of education - not stated","C32761EB-7A21-4B95-8C7A-DB195C2955CE","Eastern and Midland","%",""
"ALF01C01","Annual employment rate","2021","2021","460","35 - 39 years","-","Both sexes","-","Levels of Education (Levels  0-8)","IE0","Ireland","%","80.4"
"ALF01C01","Annual employment rate","2021","2021","460","35 - 39 years","-","Both sexes","-","Levels of Education (Levels  0-8)","811D29A4-1E05-4F4A-B61B-43DE64E07B29","Northern and Western","%","80.7"
"ALF01C01","Annual employment rate","2021","2021","460","35 - 39 years","-","Both sexes","-","Levels of Education (Levels  0-8)","97227605-23D5-4B98-BDB8-3EB5D0682A5A","Southern","%","79.3"
"ALF01C01","Annual employment rate","2021","2021","460","35 - 39 years","-","Both sexes","-","Levels of Education (Levels  0-8)","C32761EB-7A21-4B95-8C7A-DB195C2955CE","Eastern and Midland","%","81"
"ALF01C01","Annual employment rate","2021","2021","460","35 - 39 years","-","Both sexes","10","Less than primary (Level 0)","IE0","Ireland","%",""
"ALF01C01","Annual employment rate","2021","2021","460","35 - 39 years","-","Both sexes","10","Less than primary (Level 0)","811D29A4-1E05-4F4A-B61B-43DE64E07B29","Northern and Western","%",""
"ALF01C01","Annual employment rate","2021","2021","460","35 - 39 years","-","Both sexes","10","Less than primary (Level 0)","97227605-23D5-4B98-BDB8-3EB5D0682A5A","Southern","%",""
"ALF01C01","Annual employment rate","2021","2021","460","35 - 39 years","-","Both sexes","10","Less than primary (Level 0)","C32761EB-7A21-4B95-8C7A-DB195C2955CE","Eastern and Midland","%",""
"ALF01C01","Annual employment rate","2021","2021","460","35 - 39 years","-","Both sexes","20","Primary and lower secondary education (Levels 1-2)","IE0","Ireland","%","64.2"
"ALF01C01","Annual employment rate","2021","2021","460","35 - 39 years","-","Both sexes","20","Primary and lower secondary education (Levels 1-2)","811D29A4-1E05-4F4A-B61B-43DE64E07B29","Northern and Western","%",""
"ALF01C01","Annual employment rate","2021","2021","460","35 - 39 years","-","Both sexes","20","Primary and lower secondary education (Levels 1-2)","97227605-23D5-4B98-BDB8-3EB5D0682A5A","Southern","%",""
"ALF01C01","Annual employment rate","2021","2021","460","35 - 39 years","-","Both sexes","20","Primary and lower secondary education (Levels 1-2)","C32761EB-7A21-4B95-8C7A-DB195C2955CE","Eastern and Midland","%",""
"ALF01C01","Annual employment rate","2021","2021","460","35 - 39 years","-","Both sexes","30","Upper secondary and post-secondary non-tertiary education (Levels 3 and 4)","IE0","Ireland","%","72.7"
"ALF01C01","Annual employment rate","2021","2021","460","35 - 39 years","-","Both sexes","30","Upper secondary and post-secondary non-tertiary education (Levels 3 and 4)","811D29A4-1E05-4F4A-B61B-43DE64E07B29","Northern and Western","%","72.5"
"ALF01C01","Annual employment rate","2021","2021","460","35 - 39 years","-","Both sexes","30","Upper secondary and post-secondary non-tertiary education (Levels 3 and 4)","97227605-23D5-4B98-BDB8-3EB5D0682A5A","Southern","%","72"
"ALF01C01","Annual employment rate","2021","2021","460","35 - 39 years","-","Both sexes","30","Upper secondary and post-secondary non-tertiary education (Levels 3 and 4)","C32761EB-7A21-4B95-8C7A-DB195C2955CE","Eastern and Midland","%","73.3"
"ALF01C01","Annual employment rate","2021","2021","460","35 - 39 years","-","Both sexes","40","Tertiary education (Levels 5-8)","IE0","Ireland","%","87.9"
"ALF01C01","Annual employment rate","2021","2021","460","35 - 39 years","-","Both sexes","40","Tertiary education (Levels 5-8)","811D29A4-1E05-4F4A-B61B-43DE64E07B29","Northern and Western","%","86.5"
"ALF01C01","Annual employment rate","2021","2021","460","35 - 39 years","-","Both sexes","40","Tertiary education (Levels 5-8)","97227605-23D5-4B98-BDB8-3EB5D0682A5A","Southern","%","87.6"
"ALF01C01","Annual employment rate","2021","2021","460","35 - 39 years","-","Both sexes","40","Tertiary education (Levels 5-8)","C32761EB-7A21-4B95-8C7A-DB195C2955CE","Eastern and Midland","%","88.4"
"ALF01C01","Annual employment rate","2021","2021","460","35 - 39 years","-","Both sexes","99","Level of education - not stated","IE0","Ireland","%","71"
"ALF01C01","Annual employment rate","2021","2021","460","35 - 39 years","-","Both sexes","99","Level of education - not stated","811D29A4-1E05-4F4A-B61B-43DE64E07B29","Northern and Western","%",""
"ALF01C01","Annual employment rate","2021","2021","460","35 - 39 years","-","Both sexes","99","Level of education - not stated","97227605-23D5-4B98-BDB8-3EB5D0682A5A","Southern","%",""
"ALF01C01","Annual employment rate","2021","2021","460","35 - 39 years","-","Both sexes","99","Level of education - not stated","C32761EB-7A21-4B95-8C7A-DB195C2955CE","Eastern and Midland","%",""
"ALF01C01","Annual employment rate","2021","2021","460","35 - 39 years","1","Male","-","Levels of Education (Levels  0-8)","IE0","Ireland","%","87.4"
"ALF01C01","Annual employment rate","2021","2021","460","35 - 39 years","1","Male","-","Levels of Education (Levels  0-8)","811D29A4-1E05-4F4A-B61B-43DE64E07B29","Northern and Western","%","89.1"
"ALF01C01","Annual employment rate","2021","2021","460","35 - 39 years","1","Male","-","Levels of Education (Levels  0-8)","97227605-23D5-4B98-BDB8-3EB5D0682A5A","Southern","%","86.7"
"ALF01C01","Annual employment rate","2021","2021","460","35 - 39 years","1","Male","-","Levels of Education (Levels  0-8)","C32761EB-7A21-4B95-8C7A-DB195C2955CE","Eastern and Midland","%","87.4"
"ALF01C01","Annual employment rate","2021","2021","460","35 - 39 years","1","Male","10","Less than primary (Level 0)","IE0","Ireland","%",""
"ALF01C01","Annual employment rate","2021","2021","460","35 - 39 years","1","Male","10","Less than primary (Level 0)","811D29A4-1E05-4F4A-B61B-43DE64E07B29","Northern and Western","%",""
"ALF01C01","Annual employment rate","2021","2021","460","35 - 39 years","1","Male","10","Less than primary (Level 0)","97227605-23D5-4B98-BDB8-3EB5D0682A5A","Southern","%",""
"ALF01C01","Annual employment rate","2021","2021","460","35 - 39 years","1","Male","10","Less than primary (Level 0)","C32761EB-7A21-4B95-8C7A-DB195C2955CE","Eastern and Midland","%",""
"ALF01C01","Annual employment rate","2021","2021","460","35 - 39 years","1","Male","20","Primary and lower secondary education (Levels 1-2)","IE0","Ireland","%","77"
"ALF01C01","Annual employment rate","2021","2021","460","35 - 39 years","1","Male","20","Primary and lower secondary education (Levels 1-2)","811D29A4-1E05-4F4A-B61B-43DE64E07B29","Northern and Western","%",""
"ALF01C01","Annual employment rate","2021","2021","460","35 - 39 years","1","Male","20","Primary and lower secondary education (Levels 1-2)","97227605-23D5-4B98-BDB8-3EB5D0682A5A","Southern","%",""
"ALF01C01","Annual employment rate","2021","2021","460","35 - 39 years","1","Male","20","Primary and lower secondary education (Levels 1-2)","C32761EB-7A21-4B95-8C7A-DB195C2955CE","Eastern and Midland","%",""
"ALF01C01","Annual employment rate","2021","2021","460","35 - 39 years","1","Male","30","Upper secondary and post-secondary non-tertiary education (Levels 3 and 4)","IE0","Ireland","%","84.2"
"ALF01C01","Annual employment rate","2021","2021","460","35 - 39 years","1","Male","30","Upper secondary and post-secondary non-tertiary education (Levels 3 and 4)","811D29A4-1E05-4F4A-B61B-43DE64E07B29","Northern and Western","%",""
"ALF01C01","Annual employment rate","2021","2021","460","35 - 39 years","1","Male","30","Upper secondary and post-secondary non-tertiary education (Levels 3 and 4)","97227605-23D5-4B98-BDB8-3EB5D0682A5A","Southern","%","81.2"
"ALF01C01","Annual employment rate","2021","2021","460","35 - 39 years","1","Male","30","Upper secondary and post-secondary non-tertiary education (Levels 3 and 4)","C32761EB-7A21-4B95-8C7A-DB195C2955CE","Eastern and Midland","%","86.8"
"ALF01C01","Annual employment rate","2021","2021","460","35 - 39 years","1","Male","40","Tertiary education (Levels 5-8)","IE0","Ireland","%","93.6"
"ALF01C01","Annual employment rate","2021","2021","460","35 - 39 years","1","Male","40","Tertiary education (Levels 5-8)","811D29A4-1E05-4F4A-B61B-43DE64E07B29","Northern and Western","%","94.3"
"ALF01C01","Annual employment rate","2021","2021","460","35 - 39 years","1","Male","40","Tertiary education (Levels 5-8)","97227605-23D5-4B98-BDB8-3EB5D0682A5A","Southern","%","93.3"
"ALF01C01","Annual employment rate","2021","2021","460","35 - 39 years","1","Male","40","Tertiary education (Levels 5-8)","C32761EB-7A21-4B95-8C7A-DB195C2955CE","Eastern and Midland","%","93.6"
"ALF01C01","Annual employment rate","2021","2021","460","35 - 39 years","1","Male","99","Level of education - not stated","IE0","Ireland","%",""
"ALF01C01","Annual employment rate","2021","2021","460","35 - 39 years","1","Male","99","Level of education - not stated","811D29A4-1E05-4F4A-B61B-43DE64E07B29","Northern and Western","%",""
"ALF01C01","Annual employment rate","2021","2021","460","35 - 39 years","1","Male","99","Level of education - not stated","97227605-23D5-4B98-BDB8-3EB5D0682A5A","Southern","%",""
"ALF01C01","Annual employment rate","2021","2021","460","35 - 39 years","1","Male","99","Level of education - not stated","C32761EB-7A21-4B95-8C7A-DB195C2955CE","Eastern and Midland","%",""
"ALF01C01","Annual employment rate","2021","2021","460","35 - 39 years","2","Female","-","Levels of Education (Levels  0-8)","IE0","Ireland","%","73.9"
"ALF01C01","Annual employment rate","2021","2021","460","35 - 39 years","2","Female","-","Levels of Education (Levels  0-8)","811D29A4-1E05-4F4A-B61B-43DE64E07B29","Northern and Western","%","73.1"
"ALF01C01","Annual employment rate","2021","2021","460","35 - 39 years","2","Female","-","Levels of Education (Levels  0-8)","97227605-23D5-4B98-BDB8-3EB5D0682A5A","Southern","%","72.5"
"ALF01C01","Annual employment rate","2021","2021","460","35 - 39 years","2","Female","-","Levels of Education (Levels  0-8)","C32761EB-7A21-4B95-8C7A-DB195C2955CE","Eastern and Midland","%","75"
"ALF01C01","Annual employment rate","2021","2021","460","35 - 39 years","2","Female","10","Less than primary (Level 0)","IE0","Ireland","%",""
"ALF01C01","Annual employment rate","2021","2021","460","35 - 39 years","2","Female","10","Less than primary (Level 0)","811D29A4-1E05-4F4A-B61B-43DE64E07B29","Northern and Western","%",""
"ALF01C01","Annual employment rate","2021","2021","460","35 - 39 years","2","Female","10","Less than primary (Level 0)","97227605-23D5-4B98-BDB8-3EB5D0682A5A","Southern","%",""
"ALF01C01","Annual employment rate","2021","2021","460","35 - 39 years","2","Female","10","Less than primary (Level 0)","C32761EB-7A21-4B95-8C7A-DB195C2955CE","Eastern and Midland","%",""
"ALF01C01","Annual employment rate","2021","2021","460","35 - 39 years","2","Female","20","Primary and lower secondary education (Levels 1-2)","IE0","Ireland","%",""
"ALF01C01","Annual employment rate","2021","2021","460","35 - 39 years","2","Female","20","Primary and lower secondary education (Levels 1-2)","811D29A4-1E05-4F4A-B61B-43DE64E07B29","Northern and Western","%",""
"ALF01C01","Annual employment rate","2021","2021","460","35 - 39 years","2","Female","20","Primary and lower secondary education (Levels 1-2)","97227605-23D5-4B98-BDB8-3EB5D0682A5A","Southern","%",""
"ALF01C01","Annual employment rate","2021","2021","460","35 - 39 years","2","Female","20","Primary and lower secondary education (Levels 1-2)","C32761EB-7A21-4B95-8C7A-DB195C2955CE","Eastern and Midland","%",""
"ALF01C01","Annual employment rate","2021","2021","460","35 - 39 years","2","Female","30","Upper secondary and post-secondary non-tertiary education (Levels 3 and 4)","IE0","Ireland","%","61.4"
"ALF01C01","Annual employment rate","2021","2021","460","35 - 39 years","2","Female","30","Upper secondary and post-secondary non-tertiary education (Levels 3 and 4)","811D29A4-1E05-4F4A-B61B-43DE64E07B29","Northern and Western","%",""
"ALF01C01","Annual employment rate","2021","2021","460","35 - 39 years","2","Female","30","Upper secondary and post-secondary non-tertiary education (Levels 3 and 4)","97227605-23D5-4B98-BDB8-3EB5D0682A5A","Southern","%","62.4"
"ALF01C01","Annual employment rate","2021","2021","460","35 - 39 years","2","Female","30","Upper secondary and post-secondary non-tertiary education (Levels 3 and 4)","C32761EB-7A21-4B95-8C7A-DB195C2955CE","Eastern and Midland","%","59.7"
"ALF01C01","Annual employment rate","2021","2021","460","35 - 39 years","2","Female","40","Tertiary education (Levels 5-8)","IE0","Ireland","%","83.7"
"ALF01C01","Annual employment rate","2021","2021","460","35 - 39 years","2","Female","40","Tertiary education (Levels 5-8)","811D29A4-1E05-4F4A-B61B-43DE64E07B29","Northern and Western","%","81.3"
"ALF01C01","Annual employment rate","2021","2021","460","35 - 39 years","2","Female","40","Tertiary education (Levels 5-8)","97227605-23D5-4B98-BDB8-3EB5D0682A5A","Southern","%","83.2"
"ALF01C01","Annual employment rate","2021","2021","460","35 - 39 years","2","Female","40","Tertiary education (Levels 5-8)","C32761EB-7A21-4B95-8C7A-DB195C2955CE","Eastern and Midland","%","84.7"
"ALF01C01","Annual employment rate","2021","2021","460","35 - 39 years","2","Female","99","Level of education - not stated","IE0","Ireland","%",""
"ALF01C01","Annual employment rate","2021","2021","460","35 - 39 years","2","Female","99","Level of education - not stated","811D29A4-1E05-4F4A-B61B-43DE64E07B29","Northern and Western","%",""
"ALF01C01","Annual employment rate","2021","2021","460","35 - 39 years","2","Female","99","Level of education - not stated","97227605-23D5-4B98-BDB8-3EB5D0682A5A","Southern","%",""
"ALF01C01","Annual employment rate","2021","2021","460","35 - 39 years","2","Female","99","Level of education - not stated","C32761EB-7A21-4B95-8C7A-DB195C2955CE","Eastern and Midland","%",""
"ALF01C01","Annual employment rate","2021","2021","475","40 - 44 years","-","Both sexes","-","Levels of Education (Levels  0-8)","IE0","Ireland","%","82"
"ALF01C01","Annual employment rate","2021","2021","475","40 - 44 years","-","Both sexes","-","Levels of Education (Levels  0-8)","811D29A4-1E05-4F4A-B61B-43DE64E07B29","Northern and Western","%","80"
"ALF01C01","Annual employment rate","2021","2021","475","40 - 44 years","-","Both sexes","-","Levels of Education (Levels  0-8)","97227605-23D5-4B98-BDB8-3EB5D0682A5A","Southern","%","80.7"
"ALF01C01","Annual employment rate","2021","2021","475","40 - 44 years","-","Both sexes","-","Levels of Education (Levels  0-8)","C32761EB-7A21-4B95-8C7A-DB195C2955CE","Eastern and Midland","%","83.4"
"ALF01C01","Annual employment rate","2021","2021","475","40 - 44 years","-","Both sexes","10","Less than primary (Level 0)","IE0","Ireland","%",""
"ALF01C01","Annual employment rate","2021","2021","475","40 - 44 years","-","Both sexes","10","Less than primary (Level 0)","811D29A4-1E05-4F4A-B61B-43DE64E07B29","Northern and Western","%",""
"ALF01C01","Annual employment rate","2021","2021","475","40 - 44 years","-","Both sexes","10","Less than primary (Level 0)","97227605-23D5-4B98-BDB8-3EB5D0682A5A","Southern","%",""
"ALF01C01","Annual employment rate","2021","2021","475","40 - 44 years","-","Both sexes","10","Less than primary (Level 0)","C32761EB-7A21-4B95-8C7A-DB195C2955CE","Eastern and Midland","%",""
"ALF01C01","Annual employment rate","2021","2021","475","40 - 44 years","-","Both sexes","20","Primary and lower secondary education (Levels 1-2)","IE0","Ireland","%","54.3"
"ALF01C01","Annual employment rate","2021","2021","475","40 - 44 years","-","Both sexes","20","Primary and lower secondary education (Levels 1-2)","811D29A4-1E05-4F4A-B61B-43DE64E07B29","Northern and Western","%",""
"ALF01C01","Annual employment rate","2021","2021","475","40 - 44 years","-","Both sexes","20","Primary and lower secondary education (Levels 1-2)","97227605-23D5-4B98-BDB8-3EB5D0682A5A","Southern","%",""
"ALF01C01","Annual employment rate","2021","2021","475","40 - 44 years","-","Both sexes","20","Primary and lower secondary education (Levels 1-2)","C32761EB-7A21-4B95-8C7A-DB195C2955CE","Eastern and Midland","%",""
"ALF01C01","Annual employment rate","2021","2021","475","40 - 44 years","-","Both sexes","30","Upper secondary and post-secondary non-tertiary education (Levels 3 and 4)","IE0","Ireland","%","77.8"
"ALF01C01","Annual employment rate","2021","2021","475","40 - 44 years","-","Both sexes","30","Upper secondary and post-secondary non-tertiary education (Levels 3 and 4)","811D29A4-1E05-4F4A-B61B-43DE64E07B29","Northern and Western","%","75"
"ALF01C01","Annual employment rate","2021","2021","475","40 - 44 years","-","Both sexes","30","Upper secondary and post-secondary non-tertiary education (Levels 3 and 4)","97227605-23D5-4B98-BDB8-3EB5D0682A5A","Southern","%","77.2"
"ALF01C01","Annual employment rate","2021","2021","475","40 - 44 years","-","Both sexes","30","Upper secondary and post-secondary non-tertiary education (Levels 3 and 4)","C32761EB-7A21-4B95-8C7A-DB195C2955CE","Eastern and Midland","%","79.3"
"ALF01C01","Annual employment rate","2021","2021","475","40 - 44 years","-","Both sexes","40","Tertiary education (Levels 5-8)","IE0","Ireland","%","88.8"
"ALF01C01","Annual employment rate","2021","2021","475","40 - 44 years","-","Both sexes","40","Tertiary education (Levels 5-8)","811D29A4-1E05-4F4A-B61B-43DE64E07B29","Northern and Western","%","90.5"
"ALF01C01","Annual employment rate","2021","2021","475","40 - 44 years","-","Both sexes","40","Tertiary education (Levels 5-8)","97227605-23D5-4B98-BDB8-3EB5D0682A5A","Southern","%","86.4"
"ALF01C01","Annual employment rate","2021","2021","475","40 - 44 years","-","Both sexes","40","Tertiary education (Levels 5-8)","C32761EB-7A21-4B95-8C7A-DB195C2955CE","Eastern and Midland","%","89.6"
"ALF01C01","Annual employment rate","2021","2021","475","40 - 44 years","-","Both sexes","99","Level of education - not stated","IE0","Ireland","%","73.4"
"ALF01C01","Annual employment rate","2021","2021","475","40 - 44 years","-","Both sexes","99","Level of education - not stated","811D29A4-1E05-4F4A-B61B-43DE64E07B29","Northern and Western","%",""
"ALF01C01","Annual employment rate","2021","2021","475","40 - 44 years","-","Both sexes","99","Level of education - not stated","97227605-23D5-4B98-BDB8-3EB5D0682A5A","Southern","%",""
"ALF01C01","Annual employment rate","2021","2021","475","40 - 44 years","-","Both sexes","99","Level of education - not stated","C32761EB-7A21-4B95-8C7A-DB195C2955CE","Eastern and Midland","%",""
"ALF01C01","Annual employment rate","2021","2021","475","40 - 44 years","1","Male","-","Levels of Education (Levels  0-8)","IE0","Ireland","%","88.6"
"ALF01C01","Annual employment rate","2021","2021","475","40 - 44 years","1","Male","-","Levels of Education (Levels  0-8)","811D29A4-1E05-4F4A-B61B-43DE64E07B29","Northern and Western","%","85.7"
"ALF01C01","Annual employment rate","2021","2021","475","40 - 44 years","1","Male","-","Levels of Education (Levels  0-8)","97227605-23D5-4B98-BDB8-3EB5D0682A5A","Southern","%","85.9"
"ALF01C01","Annual employment rate","2021","2021","475","40 - 44 years","1","Male","-","Levels of Education (Levels  0-8)","C32761EB-7A21-4B95-8C7A-DB195C2955CE","Eastern and Midland","%","91.3"
"ALF01C01","Annual employment rate","2021","2021","475","40 - 44 years","1","Male","10","Less than primary (Level 0)","IE0","Ireland","%",""
"ALF01C01","Annual employment rate","2021","2021","475","40 - 44 years","1","Male","10","Less than primary (Level 0)","811D29A4-1E05-4F4A-B61B-43DE64E07B29","Northern and Western","%",""
"ALF01C01","Annual employment rate","2021","2021","475","40 - 44 years","1","Male","10","Less than primary (Level 0)","97227605-23D5-4B98-BDB8-3EB5D0682A5A","Southern","%",""
"ALF01C01","Annual employment rate","2021","2021","475","40 - 44 years","1","Male","10","Less than primary (Level 0)","C32761EB-7A21-4B95-8C7A-DB195C2955CE","Eastern and Midland","%",""
"ALF01C01","Annual employment rate","2021","2021","475","40 - 44 years","1","Male","20","Primary and lower secondary education (Levels 1-2)","IE0","Ireland","%","65.3"
"ALF01C01","Annual employment rate","2021","2021","475","40 - 44 years","1","Male","20","Primary and lower secondary education (Levels 1-2)","811D29A4-1E05-4F4A-B61B-43DE64E07B29","Northern and Western","%",""
"ALF01C01","Annual employment rate","2021","2021","475","40 - 44 years","1","Male","20","Primary and lower secondary education (Levels 1-2)","97227605-23D5-4B98-BDB8-3EB5D0682A5A","Southern","%",""
"ALF01C01","Annual employment rate","2021","2021","475","40 - 44 years","1","Male","20","Primary and lower secondary education (Levels 1-2)","C32761EB-7A21-4B95-8C7A-DB195C2955CE","Eastern and Midland","%",""
"ALF01C01","Annual employment rate","2021","2021","475","40 - 44 years","1","Male","30","Upper secondary and post-secondary non-tertiary education (Levels 3 and 4)","IE0","Ireland","%","88.6"
"ALF01C01","Annual employment rate","2021","2021","475","40 - 44 years","1","Male","30","Upper secondary and post-secondary non-tertiary education (Levels 3 and 4)","811D29A4-1E05-4F4A-B61B-43DE64E07B29","Northern and Western","%","85.5"
"ALF01C01","Annual employment rate","2021","2021","475","40 - 44 years","1","Male","30","Upper secondary and post-secondary non-tertiary education (Levels 3 and 4)","97227605-23D5-4B98-BDB8-3EB5D0682A5A","Southern","%","90.7"
"ALF01C01","Annual employment rate","2021","2021","475","40 - 44 years","1","Male","30","Upper secondary and post-secondary non-tertiary education (Levels 3 and 4)","C32761EB-7A21-4B95-8C7A-DB195C2955CE","Eastern and Midland","%","87.9"
"ALF01C01","Annual employment rate","2021","2021","475","40 - 44 years","1","Male","40","Tertiary education (Levels 5-8)","IE0","Ireland","%","93.9"
"ALF01C01","Annual employment rate","2021","2021","475","40 - 44 years","1","Male","40","Tertiary education (Levels 5-8)","811D29A4-1E05-4F4A-B61B-43DE64E07B29","Northern and Western","%","96.1"
"ALF01C01","Annual employment rate","2021","2021","475","40 - 44 years","1","Male","40","Tertiary education (Levels 5-8)","97227605-23D5-4B98-BDB8-3EB5D0682A5A","Southern","%","87.9"
"ALF01C01","Annual employment rate","2021","2021","475","40 - 44 years","1","Male","40","Tertiary education (Levels 5-8)","C32761EB-7A21-4B95-8C7A-DB195C2955CE","Eastern and Midland","%","96.2"
"ALF01C01","Annual employment rate","2021","2021","475","40 - 44 years","1","Male","99","Level of education - not stated","IE0","Ireland","%",""
"ALF01C01","Annual employment rate","2021","2021","475","40 - 44 years","1","Male","99","Level of education - not stated","811D29A4-1E05-4F4A-B61B-43DE64E07B29","Northern and Western","%",""
"ALF01C01","Annual employment rate","2021","2021","475","40 - 44 years","1","Male","99","Level of education - not stated","97227605-23D5-4B98-BDB8-3EB5D0682A5A","Southern","%",""
"ALF01C01","Annual employment rate","2021","2021","475","40 - 44 years","1","Male","99","Level of education - not stated","C32761EB-7A21-4B95-8C7A-DB195C2955CE","Eastern and Midland","%",""
"ALF01C01","Annual employment rate","2021","2021","475","40 - 44 years","2","Female","-","Levels of Education (Levels  0-8)","IE0","Ireland","%","75.6"
"ALF01C01","Annual employment rate","2021","2021","475","40 - 44 years","2","Female","-","Levels of Education (Levels  0-8)","811D29A4-1E05-4F4A-B61B-43DE64E07B29","Northern and Western","%","74.6"
"ALF01C01","Annual employment rate","2021","2021","475","40 - 44 years","2","Female","-","Levels of Education (Levels  0-8)","97227605-23D5-4B98-BDB8-3EB5D0682A5A","Southern","%","75.8"
"ALF01C01","Annual employment rate","2021","2021","475","40 - 44 years","2","Female","-","Levels of Education (Levels  0-8)","C32761EB-7A21-4B95-8C7A-DB195C2955CE","Eastern and Midland","%","75.9"
"ALF01C01","Annual employment rate","2021","2021","475","40 - 44 years","2","Female","10","Less than primary (Level 0)","IE0","Ireland","%",""
"ALF01C01","Annual employment rate","2021","2021","475","40 - 44 years","2","Female","10","Less than primary (Level 0)","811D29A4-1E05-4F4A-B61B-43DE64E07B29","Northern and Western","%",""
"ALF01C01","Annual employment rate","2021","2021","475","40 - 44 years","2","Female","10","Less than primary (Level 0)","97227605-23D5-4B98-BDB8-3EB5D0682A5A","Southern","%",""
"ALF01C01","Annual employment rate","2021","2021","475","40 - 44 years","2","Female","10","Less than primary (Level 0)","C32761EB-7A21-4B95-8C7A-DB195C2955CE","Eastern and Midland","%",""
"ALF01C01","Annual employment rate","2021","2021","475","40 - 44 years","2","Female","20","Primary and lower secondary education (Levels 1-2)","IE0","Ireland","%",""
"ALF01C01","Annual employment rate","2021","2021","475","40 - 44 years","2","Female","20","Primary and lower secondary education (Levels 1-2)","811D29A4-1E05-4F4A-B61B-43DE64E07B29","Northern and Western","%",""
"ALF01C01","Annual employment rate","2021","2021","475","40 - 44 years","2","Female","20","Primary and lower secondary education (Levels 1-2)","97227605-23D5-4B98-BDB8-3EB5D0682A5A","Southern","%",""
"ALF01C01","Annual employment rate","2021","2021","475","40 - 44 years","2","Female","20","Primary and lower secondary education (Levels 1-2)","C32761EB-7A21-4B95-8C7A-DB195C2955CE","Eastern and Midland","%",""
"ALF01C01","Annual employment rate","2021","2021","475","40 - 44 years","2","Female","30","Upper secondary and post-secondary non-tertiary education (Levels 3 and 4)","IE0","Ireland","%","65.9"
"ALF01C01","Annual employment rate","2021","2021","475","40 - 44 years","2","Female","30","Upper secondary and post-secondary non-tertiary education (Levels 3 and 4)","811D29A4-1E05-4F4A-B61B-43DE64E07B29","Northern and Western","%","63.8"
"ALF01C01","Annual employment rate","2021","2021","475","40 - 44 years","2","Female","30","Upper secondary and post-secondary non-tertiary education (Levels 3 and 4)","97227605-23D5-4B98-BDB8-3EB5D0682A5A","Southern","%","61.8"
"ALF01C01","Annual employment rate","2021","2021","475","40 - 44 years","2","Female","30","Upper secondary and post-secondary non-tertiary education (Levels 3 and 4)","C32761EB-7A21-4B95-8C7A-DB195C2955CE","Eastern and Midland","%","70.3"
"ALF01C01","Annual employment rate","2021","2021","475","40 - 44 years","2","Female","40","Tertiary education (Levels 5-8)","IE0","Ireland","%","84.6"
"ALF01C01","Annual employment rate","2021","2021","475","40 - 44 years","2","Female","40","Tertiary education (Levels 5-8)","811D29A4-1E05-4F4A-B61B-43DE64E07B29","Northern and Western","%","86.3"
"ALF01C01","Annual employment rate","2021","2021","475","40 - 44 years","2","Female","40","Tertiary education (Levels 5-8)","97227605-23D5-4B98-BDB8-3EB5D0682A5A","Southern","%","85.3"
"ALF01C01","Annual employment rate","2021","2021","475","40 - 44 years","2","Female","40","Tertiary education (Levels 5-8)","C32761EB-7A21-4B95-8C7A-DB195C2955CE","Eastern and Midland","%","83.8"
"ALF01C01","Annual employment rate","2021","2021","475","40 - 44 years","2","Female","99","Level of education - not stated","IE0","Ireland","%",""
"ALF01C01","Annual employment rate","2021","2021","475","40 - 44 years","2","Female","99","Level of education - not stated","811D29A4-1E05-4F4A-B61B-43DE64E07B29","Northern and Western","%",""
"ALF01C01","Annual employment rate","2021","2021","475","40 - 44 years","2","Female","99","Level of education - not stated","97227605-23D5-4B98-BDB8-3EB5D0682A5A","Southern","%",""
"ALF01C01","Annual employment rate","2021","2021","475","40 - 44 years","2","Female","99","Level of education - not stated","C32761EB-7A21-4B95-8C7A-DB195C2955CE","Eastern and Midland","%",""
"ALF01C01","Annual employment rate","2021","2021","495","45 - 49 years","-","Both sexes","-","Levels of Education (Levels  0-8)","IE0","Ireland","%","79.9"
"ALF01C01","Annual employment rate","2021","2021","495","45 - 49 years","-","Both sexes","-","Levels of Education (Levels  0-8)","811D29A4-1E05-4F4A-B61B-43DE64E07B29","Northern and Western","%","79.8"
"ALF01C01","Annual employment rate","2021","2021","495","45 - 49 years","-","Both sexes","-","Levels of Education (Levels  0-8)","97227605-23D5-4B98-BDB8-3EB5D0682A5A","Southern","%","80.5"
"ALF01C01","Annual employment rate","2021","2021","495","45 - 49 years","-","Both sexes","-","Levels of Education (Levels  0-8)","C32761EB-7A21-4B95-8C7A-DB195C2955CE","Eastern and Midland","%","79.6"
"ALF01C01","Annual employment rate","2021","2021","495","45 - 49 years","-","Both sexes","10","Less than primary (Level 0)","IE0","Ireland","%",""
"ALF01C01","Annual employment rate","2021","2021","495","45 - 49 years","-","Both sexes","10","Less than primary (Level 0)","811D29A4-1E05-4F4A-B61B-43DE64E07B29","Northern and Western","%",""
"ALF01C01","Annual employment rate","2021","2021","495","45 - 49 years","-","Both sexes","10","Less than primary (Level 0)","97227605-23D5-4B98-BDB8-3EB5D0682A5A","Southern","%",""
"ALF01C01","Annual employment rate","2021","2021","495","45 - 49 years","-","Both sexes","10","Less than primary (Level 0)","C32761EB-7A21-4B95-8C7A-DB195C2955CE","Eastern and Midland","%",""
"ALF01C01","Annual employment rate","2021","2021","495","45 - 49 years","-","Both sexes","20","Primary and lower secondary education (Levels 1-2)","IE0","Ireland","%","53.2"
"ALF01C01","Annual employment rate","2021","2021","495","45 - 49 years","-","Both sexes","20","Primary and lower secondary education (Levels 1-2)","811D29A4-1E05-4F4A-B61B-43DE64E07B29","Northern and Western","%",""
"ALF01C01","Annual employment rate","2021","2021","495","45 - 49 years","-","Both sexes","20","Primary and lower secondary education (Levels 1-2)","97227605-23D5-4B98-BDB8-3EB5D0682A5A","Southern","%","55"
"ALF01C01","Annual employment rate","2021","2021","495","45 - 49 years","-","Both sexes","20","Primary and lower secondary education (Levels 1-2)","C32761EB-7A21-4B95-8C7A-DB195C2955CE","Eastern and Midland","%","48"
"ALF01C01","Annual employment rate","2021","2021","495","45 - 49 years","-","Both sexes","30","Upper secondary and post-secondary non-tertiary education (Levels 3 and 4)","IE0","Ireland","%","75.8"
"ALF01C01","Annual employment rate","2021","2021","495","45 - 49 years","-","Both sexes","30","Upper secondary and post-secondary non-tertiary education (Levels 3 and 4)","811D29A4-1E05-4F4A-B61B-43DE64E07B29","Northern and Western","%","72.4"
"ALF01C01","Annual employment rate","2021","2021","495","45 - 49 years","-","Both sexes","30","Upper secondary and post-secondary non-tertiary education (Levels 3 and 4)","97227605-23D5-4B98-BDB8-3EB5D0682A5A","Southern","%","77.9"
"ALF01C01","Annual employment rate","2021","2021","495","45 - 49 years","-","Both sexes","30","Upper secondary and post-secondary non-tertiary education (Levels 3 and 4)","C32761EB-7A21-4B95-8C7A-DB195C2955CE","Eastern and Midland","%","75.4"
"ALF01C01","Annual employment rate","2021","2021","495","45 - 49 years","-","Both sexes","40","Tertiary education (Levels 5-8)","IE0","Ireland","%","88.3"
"ALF01C01","Annual employment rate","2021","2021","495","45 - 49 years","-","Both sexes","40","Tertiary education (Levels 5-8)","811D29A4-1E05-4F4A-B61B-43DE64E07B29","Northern and Western","%","89.2"
"ALF01C01","Annual employment rate","2021","2021","495","45 - 49 years","-","Both sexes","40","Tertiary education (Levels 5-8)","97227605-23D5-4B98-BDB8-3EB5D0682A5A","Southern","%","88.9"
"ALF01C01","Annual employment rate","2021","2021","495","45 - 49 years","-","Both sexes","40","Tertiary education (Levels 5-8)","C32761EB-7A21-4B95-8C7A-DB195C2955CE","Eastern and Midland","%","87.7"
"ALF01C01","Annual employment rate","2021","2021","495","45 - 49 years","-","Both sexes","99","Level of education - not stated","IE0","Ireland","%","69"
"ALF01C01","Annual employment rate","2021","2021","495","45 - 49 years","-","Both sexes","99","Level of education - not stated","811D29A4-1E05-4F4A-B61B-43DE64E07B29","Northern and Western","%",""
"ALF01C01","Annual employment rate","2021","2021","495","45 - 49 years","-","Both sexes","99","Level of education - not stated","97227605-23D5-4B98-BDB8-3EB5D0682A5A","Southern","%",""
"ALF01C01","Annual employment rate","2021","2021","495","45 - 49 years","-","Both sexes","99","Level of education - not stated","C32761EB-7A21-4B95-8C7A-DB195C2955CE","Eastern and Midland","%",""
"ALF01C01","Annual employment rate","2021","2021","495","45 - 49 years","1","Male","-","Levels of Education (Levels  0-8)","IE0","Ireland","%","85.3"
"ALF01C01","Annual employment rate","2021","2021","495","45 - 49 years","1","Male","-","Levels of Education (Levels  0-8)","811D29A4-1E05-4F4A-B61B-43DE64E07B29","Northern and Western","%","87"
"ALF01C01","Annual employment rate","2021","2021","495","45 - 49 years","1","Male","-","Levels of Education (Levels  0-8)","97227605-23D5-4B98-BDB8-3EB5D0682A5A","Southern","%","85.7"
"ALF01C01","Annual employment rate","2021","2021","495","45 - 49 years","1","Male","-","Levels of Education (Levels  0-8)","C32761EB-7A21-4B95-8C7A-DB195C2955CE","Eastern and Midland","%","84.5"
"ALF01C01","Annual employment rate","2021","2021","495","45 - 49 years","1","Male","10","Less than primary (Level 0)","IE0","Ireland","%",""
"ALF01C01","Annual employment rate","2021","2021","495","45 - 49 years","1","Male","10","Less than primary (Level 0)","811D29A4-1E05-4F4A-B61B-43DE64E07B29","Northern and Western","%",""
"ALF01C01","Annual employment rate","2021","2021","495","45 - 49 years","1","Male","10","Less than primary (Level 0)","97227605-23D5-4B98-BDB8-3EB5D0682A5A","Southern","%",""
"ALF01C01","Annual employment rate","2021","2021","495","45 - 49 years","1","Male","10","Less than primary (Level 0)","C32761EB-7A21-4B95-8C7A-DB195C2955CE","Eastern and Midland","%",""
"ALF01C01","Annual employment rate","2021","2021","495","45 - 49 years","1","Male","20","Primary and lower secondary education (Levels 1-2)","IE0","Ireland","%","65.3"
"ALF01C01","Annual employment rate","2021","2021","495","45 - 49 years","1","Male","20","Primary and lower secondary education (Levels 1-2)","811D29A4-1E05-4F4A-B61B-43DE64E07B29","Northern and Western","%",""
"ALF01C01","Annual employment rate","2021","2021","495","45 - 49 years","1","Male","20","Primary and lower secondary education (Levels 1-2)","97227605-23D5-4B98-BDB8-3EB5D0682A5A","Southern","%",""
"ALF01C01","Annual employment rate","2021","2021","495","45 - 49 years","1","Male","20","Primary and lower secondary education (Levels 1-2)","C32761EB-7A21-4B95-8C7A-DB195C2955CE","Eastern and Midland","%",""
"ALF01C01","Annual employment rate","2021","2021","495","45 - 49 years","1","Male","30","Upper secondary and post-secondary non-tertiary education (Levels 3 and 4)","IE0","Ireland","%","86.5"
"ALF01C01","Annual employment rate","2021","2021","495","45 - 49 years","1","Male","30","Upper secondary and post-secondary non-tertiary education (Levels 3 and 4)","811D29A4-1E05-4F4A-B61B-43DE64E07B29","Northern and Western","%","87.5"
"ALF01C01","Annual employment rate","2021","2021","495","45 - 49 years","1","Male","30","Upper secondary and post-secondary non-tertiary education (Levels 3 and 4)","97227605-23D5-4B98-BDB8-3EB5D0682A5A","Southern","%","87"
"ALF01C01","Annual employment rate","2021","2021","495","45 - 49 years","1","Male","30","Upper secondary and post-secondary non-tertiary education (Levels 3 and 4)","C32761EB-7A21-4B95-8C7A-DB195C2955CE","Eastern and Midland","%","85.8"
"ALF01C01","Annual employment rate","2021","2021","495","45 - 49 years","1","Male","40","Tertiary education (Levels 5-8)","IE0","Ireland","%","90.7"
"ALF01C01","Annual employment rate","2021","2021","495","45 - 49 years","1","Male","40","Tertiary education (Levels 5-8)","811D29A4-1E05-4F4A-B61B-43DE64E07B29","Northern and Western","%","86.6"
"ALF01C01","Annual employment rate","2021","2021","495","45 - 49 years","1","Male","40","Tertiary education (Levels 5-8)","97227605-23D5-4B98-BDB8-3EB5D0682A5A","Southern","%","94.5"
"ALF01C01","Annual employment rate","2021","2021","495","45 - 49 years","1","Male","40","Tertiary education (Levels 5-8)","C32761EB-7A21-4B95-8C7A-DB195C2955CE","Eastern and Midland","%","89.9"
"ALF01C01","Annual employment rate","2021","2021","495","45 - 49 years","1","Male","99","Level of education - not stated","IE0","Ireland","%",""
"ALF01C01","Annual employment rate","2021","2021","495","45 - 49 years","1","Male","99","Level of education - not stated","811D29A4-1E05-4F4A-B61B-43DE64E07B29","Northern and Western","%",""
"ALF01C01","Annual employment rate","2021","2021","495","45 - 49 years","1","Male","99","Level of education - not stated","97227605-23D5-4B98-BDB8-3EB5D0682A5A","Southern","%",""
"ALF01C01","Annual employment rate","2021","2021","495","45 - 49 years","1","Male","99","Level of education - not stated","C32761EB-7A21-4B95-8C7A-DB195C2955CE","Eastern and Midland","%",""
"ALF01C01","Annual employment rate","2021","2021","495","45 - 49 years","2","Female","-","Levels of Education (Levels  0-8)","IE0","Ireland","%","74.6"
"ALF01C01","Annual employment rate","2021","2021","495","45 - 49 years","2","Female","-","Levels of Education (Levels  0-8)","811D29A4-1E05-4F4A-B61B-43DE64E07B29","Northern and Western","%","72.9"
"ALF01C01","Annual employment rate","2021","2021","495","45 - 49 years","2","Female","-","Levels of Education (Levels  0-8)","97227605-23D5-4B98-BDB8-3EB5D0682A5A","Southern","%","75.3"
"ALF01C01","Annual employment rate","2021","2021","495","45 - 49 years","2","Female","-","Levels of Education (Levels  0-8)","C32761EB-7A21-4B95-8C7A-DB195C2955CE","Eastern and Midland","%","74.8"
"ALF01C01","Annual employment rate","2021","2021","495","45 - 49 years","2","Female","10","Less than primary (Level 0)","IE0","Ireland","%",""
"ALF01C01","Annual employment rate","2021","2021","495","45 - 49 years","2","Female","10","Less than primary (Level 0)","811D29A4-1E05-4F4A-B61B-43DE64E07B29","Northern and Western","%",""
"ALF01C01","Annual employment rate","2021","2021","495","45 - 49 years","2","Female","10","Less than primary (Level 0)","97227605-23D5-4B98-BDB8-3EB5D0682A5A","Southern","%",""
"ALF01C01","Annual employment rate","2021","2021","495","45 - 49 years","2","Female","10","Less than primary (Level 0)","C32761EB-7A21-4B95-8C7A-DB195C2955CE","Eastern and Midland","%",""
"ALF01C01","Annual employment rate","2021","2021","495","45 - 49 years","2","Female","20","Primary and lower secondary education (Levels 1-2)","IE0","Ireland","%",""
"ALF01C01","Annual employment rate","2021","2021","495","45 - 49 years","2","Female","20","Primary and lower secondary education (Levels 1-2)","811D29A4-1E05-4F4A-B61B-43DE64E07B29","Northern and Western","%",""
"ALF01C01","Annual employment rate","2021","2021","495","45 - 49 years","2","Female","20","Primary and lower secondary education (Levels 1-2)","97227605-23D5-4B98-BDB8-3EB5D0682A5A","Southern","%",""
"ALF01C01","Annual employment rate","2021","2021","495","45 - 49 years","2","Female","20","Primary and lower secondary education (Levels 1-2)","C32761EB-7A21-4B95-8C7A-DB195C2955CE","Eastern and Midland","%",""
"ALF01C01","Annual employment rate","2021","2021","495","45 - 49 years","2","Female","30","Upper secondary and post-secondary non-tertiary education (Levels 3 and 4)","IE0","Ireland","%","63.5"
"ALF01C01","Annual employment rate","2021","2021","495","45 - 49 years","2","Female","30","Upper secondary and post-secondary non-tertiary education (Levels 3 and 4)","811D29A4-1E05-4F4A-B61B-43DE64E07B29","Northern and Western","%",""
"ALF01C01","Annual employment rate","2021","2021","495","45 - 49 years","2","Female","30","Upper secondary and post-secondary non-tertiary education (Levels 3 and 4)","97227605-23D5-4B98-BDB8-3EB5D0682A5A","Southern","%","67.8"
"ALF01C01","Annual employment rate","2021","2021","495","45 - 49 years","2","Female","30","Upper secondary and post-secondary non-tertiary education (Levels 3 and 4)","C32761EB-7A21-4B95-8C7A-DB195C2955CE","Eastern and Midland","%","61.8"
"ALF01C01","Annual employment rate","2021","2021","495","45 - 49 years","2","Female","40","Tertiary education (Levels 5-8)","IE0","Ireland","%","86.3"
"ALF01C01","Annual employment rate","2021","2021","495","45 - 49 years","2","Female","40","Tertiary education (Levels 5-8)","811D29A4-1E05-4F4A-B61B-43DE64E07B29","Northern and Western","%","91.6"
"ALF01C01","Annual employment rate","2021","2021","495","45 - 49 years","2","Female","40","Tertiary education (Levels 5-8)","97227605-23D5-4B98-BDB8-3EB5D0682A5A","Southern","%","84.6"
"ALF01C01","Annual employment rate","2021","2021","495","45 - 49 years","2","Female","40","Tertiary education (Levels 5-8)","C32761EB-7A21-4B95-8C7A-DB195C2955CE","Eastern and Midland","%","85.8"
"ALF01C01","Annual employment rate","2021","2021","495","45 - 49 years","2","Female","99","Level of education - not stated","IE0","Ireland","%",""
"ALF01C01","Annual employment rate","2021","2021","495","45 - 49 years","2","Female","99","Level of education - not stated","811D29A4-1E05-4F4A-B61B-43DE64E07B29","Northern and Western","%",""
"ALF01C01","Annual employment rate","2021","2021","495","45 - 49 years","2","Female","99","Level of education - not stated","97227605-23D5-4B98-BDB8-3EB5D0682A5A","Southern","%",""
"ALF01C01","Annual employment rate","2021","2021","495","45 - 49 years","2","Female","99","Level of education - not stated","C32761EB-7A21-4B95-8C7A-DB195C2955CE","Eastern and Midland","%",""
"ALF01C01","Annual employment rate","2021","2021","515","50 - 54 years","-","Both sexes","-","Levels of Education (Levels  0-8)","IE0","Ireland","%","76.7"
"ALF01C01","Annual employment rate","2021","2021","515","50 - 54 years","-","Both sexes","-","Levels of Education (Levels  0-8)","811D29A4-1E05-4F4A-B61B-43DE64E07B29","Northern and Western","%","79.8"
"ALF01C01","Annual employment rate","2021","2021","515","50 - 54 years","-","Both sexes","-","Levels of Education (Levels  0-8)","97227605-23D5-4B98-BDB8-3EB5D0682A5A","Southern","%","73.8"
"ALF01C01","Annual employment rate","2021","2021","515","50 - 54 years","-","Both sexes","-","Levels of Education (Levels  0-8)","C32761EB-7A21-4B95-8C7A-DB195C2955CE","Eastern and Midland","%","77.5"
"ALF01C01","Annual employment rate","2021","2021","515","50 - 54 years","-","Both sexes","10","Less than primary (Level 0)","IE0","Ireland","%",""
"ALF01C01","Annual employment rate","2021","2021","515","50 - 54 years","-","Both sexes","10","Less than primary (Level 0)","811D29A4-1E05-4F4A-B61B-43DE64E07B29","Northern and Western","%",""
"ALF01C01","Annual employment rate","2021","2021","515","50 - 54 years","-","Both sexes","10","Less than primary (Level 0)","97227605-23D5-4B98-BDB8-3EB5D0682A5A","Southern","%",""
"ALF01C01","Annual employment rate","2021","2021","515","50 - 54 years","-","Both sexes","10","Less than primary (Level 0)","C32761EB-7A21-4B95-8C7A-DB195C2955CE","Eastern and Midland","%",""
"ALF01C01","Annual employment rate","2021","2021","515","50 - 54 years","-","Both sexes","20","Primary and lower secondary education (Levels 1-2)","IE0","Ireland","%","53.6"
"ALF01C01","Annual employment rate","2021","2021","515","50 - 54 years","-","Both sexes","20","Primary and lower secondary education (Levels 1-2)","811D29A4-1E05-4F4A-B61B-43DE64E07B29","Northern and Western","%",""
"ALF01C01","Annual employment rate","2021","2021","515","50 - 54 years","-","Both sexes","20","Primary and lower secondary education (Levels 1-2)","97227605-23D5-4B98-BDB8-3EB5D0682A5A","Southern","%","53"
"ALF01C01","Annual employment rate","2021","2021","515","50 - 54 years","-","Both sexes","20","Primary and lower secondary education (Levels 1-2)","C32761EB-7A21-4B95-8C7A-DB195C2955CE","Eastern and Midland","%","51.5"
"ALF01C01","Annual employment rate","2021","2021","515","50 - 54 years","-","Both sexes","30","Upper secondary and post-secondary non-tertiary education (Levels 3 and 4)","IE0","Ireland","%","74.3"
"ALF01C01","Annual employment rate","2021","2021","515","50 - 54 years","-","Both sexes","30","Upper secondary and post-secondary non-tertiary education (Levels 3 and 4)","811D29A4-1E05-4F4A-B61B-43DE64E07B29","Northern and Western","%","76.2"
"ALF01C01","Annual employment rate","2021","2021","515","50 - 54 years","-","Both sexes","30","Upper secondary and post-secondary non-tertiary education (Levels 3 and 4)","97227605-23D5-4B98-BDB8-3EB5D0682A5A","Southern","%","71.7"
"ALF01C01","Annual employment rate","2021","2021","515","50 - 54 years","-","Both sexes","30","Upper secondary and post-secondary non-tertiary education (Levels 3 and 4)","C32761EB-7A21-4B95-8C7A-DB195C2955CE","Eastern and Midland","%","75.6"
"ALF01C01","Annual employment rate","2021","2021","515","50 - 54 years","-","Both sexes","40","Tertiary education (Levels 5-8)","IE0","Ireland","%","87.5"
"ALF01C01","Annual employment rate","2021","2021","515","50 - 54 years","-","Both sexes","40","Tertiary education (Levels 5-8)","811D29A4-1E05-4F4A-B61B-43DE64E07B29","Northern and Western","%","92"
"ALF01C01","Annual employment rate","2021","2021","515","50 - 54 years","-","Both sexes","40","Tertiary education (Levels 5-8)","97227605-23D5-4B98-BDB8-3EB5D0682A5A","Southern","%","86.5"
"ALF01C01","Annual employment rate","2021","2021","515","50 - 54 years","-","Both sexes","40","Tertiary education (Levels 5-8)","C32761EB-7A21-4B95-8C7A-DB195C2955CE","Eastern and Midland","%","86.8"
"ALF01C01","Annual employment rate","2021","2021","515","50 - 54 years","-","Both sexes","99","Level of education - not stated","IE0","Ireland","%","74.7"
"ALF01C01","Annual employment rate","2021","2021","515","50 - 54 years","-","Both sexes","99","Level of education - not stated","811D29A4-1E05-4F4A-B61B-43DE64E07B29","Northern and Western","%",""
"ALF01C01","Annual employment rate","2021","2021","515","50 - 54 years","-","Both sexes","99","Level of education - not stated","97227605-23D5-4B98-BDB8-3EB5D0682A5A","Southern","%",""
"ALF01C01","Annual employment rate","2021","2021","515","50 - 54 years","-","Both sexes","99","Level of education - not stated","C32761EB-7A21-4B95-8C7A-DB195C2955CE","Eastern and Midland","%",""
"ALF01C01","Annual employment rate","2021","2021","515","50 - 54 years","1","Male","-","Levels of Education (Levels  0-8)","IE0","Ireland","%","83.1"
"ALF01C01","Annual employment rate","2021","2021","515","50 - 54 years","1","Male","-","Levels of Education (Levels  0-8)","811D29A4-1E05-4F4A-B61B-43DE64E07B29","Northern and Western","%","83.2"
"ALF01C01","Annual employment rate","2021","2021","515","50 - 54 years","1","Male","-","Levels of Education (Levels  0-8)","97227605-23D5-4B98-BDB8-3EB5D0682A5A","Southern","%","79.7"
"ALF01C01","Annual employment rate","2021","2021","515","50 - 54 years","1","Male","-","Levels of Education (Levels  0-8)","C32761EB-7A21-4B95-8C7A-DB195C2955CE","Eastern and Midland","%","85.5"
"ALF01C01","Annual employment rate","2021","2021","515","50 - 54 years","1","Male","10","Less than primary (Level 0)","IE0","Ireland","%",""
"ALF01C01","Annual employment rate","2021","2021","515","50 - 54 years","1","Male","10","Less than primary (Level 0)","811D29A4-1E05-4F4A-B61B-43DE64E07B29","Northern and Western","%",""
"ALF01C01","Annual employment rate","2021","2021","515","50 - 54 years","1","Male","10","Less than primary (Level 0)","97227605-23D5-4B98-BDB8-3EB5D0682A5A","Southern","%",""
"ALF01C01","Annual employment rate","2021","2021","515","50 - 54 years","1","Male","10","Less than primary (Level 0)","C32761EB-7A21-4B95-8C7A-DB195C2955CE","Eastern and Midland","%",""
"ALF01C01","Annual employment rate","2021","2021","515","50 - 54 years","1","Male","20","Primary and lower secondary education (Levels 1-2)","IE0","Ireland","%","72"
"ALF01C01","Annual employment rate","2021","2021","515","50 - 54 years","1","Male","20","Primary and lower secondary education (Levels 1-2)","811D29A4-1E05-4F4A-B61B-43DE64E07B29","Northern and Western","%",""
"ALF01C01","Annual employment rate","2021","2021","515","50 - 54 years","1","Male","20","Primary and lower secondary education (Levels 1-2)","97227605-23D5-4B98-BDB8-3EB5D0682A5A","Southern","%","64.7"
"ALF01C01","Annual employment rate","2021","2021","515","50 - 54 years","1","Male","20","Primary and lower secondary education (Levels 1-2)","C32761EB-7A21-4B95-8C7A-DB195C2955CE","Eastern and Midland","%","79.9"
"ALF01C01","Annual employment rate","2021","2021","515","50 - 54 years","1","Male","30","Upper secondary and post-secondary non-tertiary education (Levels 3 and 4)","IE0","Ireland","%","80.8"
"ALF01C01","Annual employment rate","2021","2021","515","50 - 54 years","1","Male","30","Upper secondary and post-secondary non-tertiary education (Levels 3 and 4)","811D29A4-1E05-4F4A-B61B-43DE64E07B29","Northern and Western","%","80.2"
"ALF01C01","Annual employment rate","2021","2021","515","50 - 54 years","1","Male","30","Upper secondary and post-secondary non-tertiary education (Levels 3 and 4)","97227605-23D5-4B98-BDB8-3EB5D0682A5A","Southern","%","77.4"
"ALF01C01","Annual employment rate","2021","2021","515","50 - 54 years","1","Male","30","Upper secondary and post-secondary non-tertiary education (Levels 3 and 4)","C32761EB-7A21-4B95-8C7A-DB195C2955CE","Eastern and Midland","%","84.6"
"ALF01C01","Annual employment rate","2021","2021","515","50 - 54 years","1","Male","40","Tertiary education (Levels 5-8)","IE0","Ireland","%","91"
"ALF01C01","Annual employment rate","2021","2021","515","50 - 54 years","1","Male","40","Tertiary education (Levels 5-8)","811D29A4-1E05-4F4A-B61B-43DE64E07B29","Northern and Western","%","95.4"
"ALF01C01","Annual employment rate","2021","2021","515","50 - 54 years","1","Male","40","Tertiary education (Levels 5-8)","97227605-23D5-4B98-BDB8-3EB5D0682A5A","Southern","%","93.4"
"ALF01C01","Annual employment rate","2021","2021","515","50 - 54 years","1","Male","40","Tertiary education (Levels 5-8)","C32761EB-7A21-4B95-8C7A-DB195C2955CE","Eastern and Midland","%","88.8"
"ALF01C01","Annual employment rate","2021","2021","515","50 - 54 years","1","Male","99","Level of education - not stated","IE0","Ireland","%",""
"ALF01C01","Annual employment rate","2021","2021","515","50 - 54 years","1","Male","99","Level of education - not stated","811D29A4-1E05-4F4A-B61B-43DE64E07B29","Northern and Western","%",""
"ALF01C01","Annual employment rate","2021","2021","515","50 - 54 years","1","Male","99","Level of education - not stated","97227605-23D5-4B98-BDB8-3EB5D0682A5A","Southern","%",""
"ALF01C01","Annual employment rate","2021","2021","515","50 - 54 years","1","Male","99","Level of education - not stated","C32761EB-7A21-4B95-8C7A-DB195C2955CE","Eastern and Midland","%",""
"ALF01C01","Annual employment rate","2021","2021","515","50 - 54 years","2","Female","-","Levels of Education (Levels  0-8)","IE0","Ireland","%","70.2"
"ALF01C01","Annual employment rate","2021","2021","515","50 - 54 years","2","Female","-","Levels of Education (Levels  0-8)","811D29A4-1E05-4F4A-B61B-43DE64E07B29","Northern and Western","%","76.5"
"ALF01C01","Annual employment rate","2021","2021","515","50 - 54 years","2","Female","-","Levels of Education (Levels  0-8)","97227605-23D5-4B98-BDB8-3EB5D0682A5A","Southern","%","67.9"
"ALF01C01","Annual employment rate","2021","2021","515","50 - 54 years","2","Female","-","Levels of Education (Levels  0-8)","C32761EB-7A21-4B95-8C7A-DB195C2955CE","Eastern and Midland","%","69.5"
"ALF01C01","Annual employment rate","2021","2021","515","50 - 54 years","2","Female","10","Less than primary (Level 0)","IE0","Ireland","%",""
"ALF01C01","Annual employment rate","2021","2021","515","50 - 54 years","2","Female","10","Less than primary (Level 0)","811D29A4-1E05-4F4A-B61B-43DE64E07B29","Northern and Western","%",""
"ALF01C01","Annual employment rate","2021","2021","515","50 - 54 years","2","Female","10","Less than primary (Level 0)","97227605-23D5-4B98-BDB8-3EB5D0682A5A","Southern","%",""
"ALF01C01","Annual employment rate","2021","2021","515","50 - 54 years","2","Female","10","Less than primary (Level 0)","C32761EB-7A21-4B95-8C7A-DB195C2955CE","Eastern and Midland","%",""
"ALF01C01","Annual employment rate","2021","2021","515","50 - 54 years","2","Female","20","Primary and lower secondary education (Levels 1-2)","IE0","Ireland","%",""
"ALF01C01","Annual employment rate","2021","2021","515","50 - 54 years","2","Female","20","Primary and lower secondary education (Levels 1-2)","811D29A4-1E05-4F4A-B61B-43DE64E07B29","Northern and Western","%",""
"ALF01C01","Annual employment rate","2021","2021","515","50 - 54 years","2","Female","20","Primary and lower secondary education (Levels 1-2)","97227605-23D5-4B98-BDB8-3EB5D0682A5A","Southern","%",""
"ALF01C01","Annual employment rate","2021","2021","515","50 - 54 years","2","Female","20","Primary and lower secondary education (Levels 1-2)","C32761EB-7A21-4B95-8C7A-DB195C2955CE","Eastern and Midland","%",""
"ALF01C01","Annual employment rate","2021","2021","515","50 - 54 years","2","Female","30","Upper secondary and post-secondary non-tertiary education (Levels 3 and 4)","IE0","Ireland","%","67.8"
"ALF01C01","Annual employment rate","2021","2021","515","50 - 54 years","2","Female","30","Upper secondary and post-secondary non-tertiary education (Levels 3 and 4)","811D29A4-1E05-4F4A-B61B-43DE64E07B29","Northern and Western","%","71.9"
"ALF01C01","Annual employment rate","2021","2021","515","50 - 54 years","2","Female","30","Upper secondary and post-secondary non-tertiary education (Levels 3 and 4)","97227605-23D5-4B98-BDB8-3EB5D0682A5A","Southern","%","65.5"
"ALF01C01","Annual employment rate","2021","2021","515","50 - 54 years","2","Female","30","Upper secondary and post-secondary non-tertiary education (Levels 3 and 4)","C32761EB-7A21-4B95-8C7A-DB195C2955CE","Eastern and Midland","%","67.9"
"ALF01C01","Annual employment rate","2021","2021","515","50 - 54 years","2","Female","40","Tertiary education (Levels 5-8)","IE0","Ireland","%","84.5"
"ALF01C01","Annual employment rate","2021","2021","515","50 - 54 years","2","Female","40","Tertiary education (Levels 5-8)","811D29A4-1E05-4F4A-B61B-43DE64E07B29","Northern and Western","%","89.6"
"ALF01C01","Annual employment rate","2021","2021","515","50 - 54 years","2","Female","40","Tertiary education (Levels 5-8)","97227605-23D5-4B98-BDB8-3EB5D0682A5A","Southern","%","81.2"
"ALF01C01","Annual employment rate","2021","2021","515","50 - 54 years","2","Female","40","Tertiary education (Levels 5-8)","C32761EB-7A21-4B95-8C7A-DB195C2955CE","Eastern and Midland","%","84.8"
"ALF01C01","Annual employment rate","2021","2021","515","50 - 54 years","2","Female","99","Level of education - not stated","IE0","Ireland","%",""
"ALF01C01","Annual employment rate","2021","2021","515","50 - 54 years","2","Female","99","Level of education - not stated","811D29A4-1E05-4F4A-B61B-43DE64E07B29","Northern and Western","%",""
"ALF01C01","Annual employment rate","2021","2021","515","50 - 54 years","2","Female","99","Level of education - not stated","97227605-23D5-4B98-BDB8-3EB5D0682A5A","Southern","%",""
"ALF01C01","Annual employment rate","2021","2021","515","50 - 54 years","2","Female","99","Level of education - not stated","C32761EB-7A21-4B95-8C7A-DB195C2955CE","Eastern and Midland","%",""
"ALF01C01","Annual employment rate","2021","2021","530","55 - 59 years","-","Both sexes","-","Levels of Education (Levels  0-8)","IE0","Ireland","%","71.5"
"ALF01C01","Annual employment rate","2021","2021","530","55 - 59 years","-","Both sexes","-","Levels of Education (Levels  0-8)","811D29A4-1E05-4F4A-B61B-43DE64E07B29","Northern and Western","%","74.3"
"ALF01C01","Annual employment rate","2021","2021","530","55 - 59 years","-","Both sexes","-","Levels of Education (Levels  0-8)","97227605-23D5-4B98-BDB8-3EB5D0682A5A","Southern","%","69.2"
"ALF01C01","Annual employment rate","2021","2021","530","55 - 59 years","-","Both sexes","-","Levels of Education (Levels  0-8)","C32761EB-7A21-4B95-8C7A-DB195C2955CE","Eastern and Midland","%","72.2"
"ALF01C01","Annual employment rate","2021","2021","530","55 - 59 years","-","Both sexes","10","Less than primary (Level 0)","IE0","Ireland","%",""
"ALF01C01","Annual employment rate","2021","2021","530","55 - 59 years","-","Both sexes","10","Less than primary (Level 0)","811D29A4-1E05-4F4A-B61B-43DE64E07B29","Northern and Western","%",""
"ALF01C01","Annual employment rate","2021","2021","530","55 - 59 years","-","Both sexes","10","Less than primary (Level 0)","97227605-23D5-4B98-BDB8-3EB5D0682A5A","Southern","%",""
"ALF01C01","Annual employment rate","2021","2021","530","55 - 59 years","-","Both sexes","10","Less than primary (Level 0)","C32761EB-7A21-4B95-8C7A-DB195C2955CE","Eastern and Midland","%",""
"ALF01C01","Annual employment rate","2021","2021","530","55 - 59 years","-","Both sexes","20","Primary and lower secondary education (Levels 1-2)","IE0","Ireland","%","59.4"
"ALF01C01","Annual employment rate","2021","2021","530","55 - 59 years","-","Both sexes","20","Primary and lower secondary education (Levels 1-2)","811D29A4-1E05-4F4A-B61B-43DE64E07B29","Northern and Western","%","62.7"
"ALF01C01","Annual employment rate","2021","2021","530","55 - 59 years","-","Both sexes","20","Primary and lower secondary education (Levels 1-2)","97227605-23D5-4B98-BDB8-3EB5D0682A5A","Southern","%","55.8"
"ALF01C01","Annual employment rate","2021","2021","530","55 - 59 years","-","Both sexes","20","Primary and lower secondary education (Levels 1-2)","C32761EB-7A21-4B95-8C7A-DB195C2955CE","Eastern and Midland","%","61.1"
"ALF01C01","Annual employment rate","2021","2021","530","55 - 59 years","-","Both sexes","30","Upper secondary and post-secondary non-tertiary education (Levels 3 and 4)","IE0","Ireland","%","69.4"
"ALF01C01","Annual employment rate","2021","2021","530","55 - 59 years","-","Both sexes","30","Upper secondary and post-secondary non-tertiary education (Levels 3 and 4)","811D29A4-1E05-4F4A-B61B-43DE64E07B29","Northern and Western","%","75.3"
"ALF01C01","Annual employment rate","2021","2021","530","55 - 59 years","-","Both sexes","30","Upper secondary and post-secondary non-tertiary education (Levels 3 and 4)","97227605-23D5-4B98-BDB8-3EB5D0682A5A","Southern","%","66"
"ALF01C01","Annual employment rate","2021","2021","530","55 - 59 years","-","Both sexes","30","Upper secondary and post-secondary non-tertiary education (Levels 3 and 4)","C32761EB-7A21-4B95-8C7A-DB195C2955CE","Eastern and Midland","%","69.4"
"ALF01C01","Annual employment rate","2021","2021","530","55 - 59 years","-","Both sexes","40","Tertiary education (Levels 5-8)","IE0","Ireland","%","81.1"
"ALF01C01","Annual employment rate","2021","2021","530","55 - 59 years","-","Both sexes","40","Tertiary education (Levels 5-8)","811D29A4-1E05-4F4A-B61B-43DE64E07B29","Northern and Western","%","82.7"
"ALF01C01","Annual employment rate","2021","2021","530","55 - 59 years","-","Both sexes","40","Tertiary education (Levels 5-8)","97227605-23D5-4B98-BDB8-3EB5D0682A5A","Southern","%","81.4"
"ALF01C01","Annual employment rate","2021","2021","530","55 - 59 years","-","Both sexes","40","Tertiary education (Levels 5-8)","C32761EB-7A21-4B95-8C7A-DB195C2955CE","Eastern and Midland","%","80.4"
"ALF01C01","Annual employment rate","2021","2021","530","55 - 59 years","-","Both sexes","99","Level of education - not stated","IE0","Ireland","%",""
"ALF01C01","Annual employment rate","2021","2021","530","55 - 59 years","-","Both sexes","99","Level of education - not stated","811D29A4-1E05-4F4A-B61B-43DE64E07B29","Northern and Western","%",""
"ALF01C01","Annual employment rate","2021","2021","530","55 - 59 years","-","Both sexes","99","Level of education - not stated","97227605-23D5-4B98-BDB8-3EB5D0682A5A","Southern","%",""
"ALF01C01","Annual employment rate","2021","2021","530","55 - 59 years","-","Both sexes","99","Level of education - not stated","C32761EB-7A21-4B95-8C7A-DB195C2955CE","Eastern and Midland","%",""
"ALF01C01","Annual employment rate","2021","2021","530","55 - 59 years","1","Male","-","Levels of Education (Levels  0-8)","IE0","Ireland","%","78.2"
"ALF01C01","Annual employment rate","2021","2021","530","55 - 59 years","1","Male","-","Levels of Education (Levels  0-8)","811D29A4-1E05-4F4A-B61B-43DE64E07B29","Northern and Western","%","80.1"
"ALF01C01","Annual employment rate","2021","2021","530","55 - 59 years","1","Male","-","Levels of Education (Levels  0-8)","97227605-23D5-4B98-BDB8-3EB5D0682A5A","Southern","%","78.2"
"ALF01C01","Annual employment rate","2021","2021","530","55 - 59 years","1","Male","-","Levels of Education (Levels  0-8)","C32761EB-7A21-4B95-8C7A-DB195C2955CE","Eastern and Midland","%","77.3"
"ALF01C01","Annual employment rate","2021","2021","530","55 - 59 years","1","Male","10","Less than primary (Level 0)","IE0","Ireland","%",""
"ALF01C01","Annual employment rate","2021","2021","530","55 - 59 years","1","Male","10","Less than primary (Level 0)","811D29A4-1E05-4F4A-B61B-43DE64E07B29","Northern and Western","%",""
"ALF01C01","Annual employment rate","2021","2021","530","55 - 59 years","1","Male","10","Less than primary (Level 0)","97227605-23D5-4B98-BDB8-3EB5D0682A5A","Southern","%",""
"ALF01C01","Annual employment rate","2021","2021","530","55 - 59 years","1","Male","10","Less than primary (Level 0)","C32761EB-7A21-4B95-8C7A-DB195C2955CE","Eastern and Midland","%",""
"ALF01C01","Annual employment rate","2021","2021","530","55 - 59 years","1","Male","20","Primary and lower secondary education (Levels 1-2)","IE0","Ireland","%","69.8"
"ALF01C01","Annual employment rate","2021","2021","530","55 - 59 years","1","Male","20","Primary and lower secondary education (Levels 1-2)","811D29A4-1E05-4F4A-B61B-43DE64E07B29","Northern and Western","%","72.3"
"ALF01C01","Annual employment rate","2021","2021","530","55 - 59 years","1","Male","20","Primary and lower secondary education (Levels 1-2)","97227605-23D5-4B98-BDB8-3EB5D0682A5A","Southern","%","71.1"
"ALF01C01","Annual employment rate","2021","2021","530","55 - 59 years","1","Male","20","Primary and lower secondary education (Levels 1-2)","C32761EB-7A21-4B95-8C7A-DB195C2955CE","Eastern and Midland","%","67"
"ALF01C01","Annual employment rate","2021","2021","530","55 - 59 years","1","Male","30","Upper secondary and post-secondary non-tertiary education (Levels 3 and 4)","IE0","Ireland","%","75.4"
"ALF01C01","Annual employment rate","2021","2021","530","55 - 59 years","1","Male","30","Upper secondary and post-secondary non-tertiary education (Levels 3 and 4)","811D29A4-1E05-4F4A-B61B-43DE64E07B29","Northern and Western","%","79"
"ALF01C01","Annual employment rate","2021","2021","530","55 - 59 years","1","Male","30","Upper secondary and post-secondary non-tertiary education (Levels 3 and 4)","97227605-23D5-4B98-BDB8-3EB5D0682A5A","Southern","%","76"
"ALF01C01","Annual employment rate","2021","2021","530","55 - 59 years","1","Male","30","Upper secondary and post-secondary non-tertiary education (Levels 3 and 4)","C32761EB-7A21-4B95-8C7A-DB195C2955CE","Eastern and Midland","%","73.3"
"ALF01C01","Annual employment rate","2021","2021","530","55 - 59 years","1","Male","40","Tertiary education (Levels 5-8)","IE0","Ireland","%","86.1"
"ALF01C01","Annual employment rate","2021","2021","530","55 - 59 years","1","Male","40","Tertiary education (Levels 5-8)","811D29A4-1E05-4F4A-B61B-43DE64E07B29","Northern and Western","%","89.2"
"ALF01C01","Annual employment rate","2021","2021","530","55 - 59 years","1","Male","40","Tertiary education (Levels 5-8)","97227605-23D5-4B98-BDB8-3EB5D0682A5A","Southern","%","85.3"
"ALF01C01","Annual employment rate","2021","2021","530","55 - 59 years","1","Male","40","Tertiary education (Levels 5-8)","C32761EB-7A21-4B95-8C7A-DB195C2955CE","Eastern and Midland","%","85.6"
"ALF01C01","Annual employment rate","2021","2021","530","55 - 59 years","1","Male","99","Level of education - not stated","IE0","Ireland","%",""
"ALF01C01","Annual employment rate","2021","2021","530","55 - 59 years","1","Male","99","Level of education - not stated","811D29A4-1E05-4F4A-B61B-43DE64E07B29","Northern and Western","%",""
"ALF01C01","Annual employment rate","2021","2021","530","55 - 59 years","1","Male","99","Level of education - not stated","97227605-23D5-4B98-BDB8-3EB5D0682A5A","Southern","%",""
"ALF01C01","Annual employment rate","2021","2021","530","55 - 59 years","1","Male","99","Level of education - not stated","C32761EB-7A21-4B95-8C7A-DB195C2955CE","Eastern and Midland","%",""
"ALF01C01","Annual employment rate","2021","2021","530","55 - 59 years","2","Female","-","Levels of Education (Levels  0-8)","IE0","Ireland","%","65.1"
"ALF01C01","Annual employment rate","2021","2021","530","55 - 59 years","2","Female","-","Levels of Education (Levels  0-8)","811D29A4-1E05-4F4A-B61B-43DE64E07B29","Northern and Western","%","68.4"
"ALF01C01","Annual employment rate","2021","2021","530","55 - 59 years","2","Female","-","Levels of Education (Levels  0-8)","97227605-23D5-4B98-BDB8-3EB5D0682A5A","Southern","%","60.2"
"ALF01C01","Annual employment rate","2021","2021","530","55 - 59 years","2","Female","-","Levels of Education (Levels  0-8)","C32761EB-7A21-4B95-8C7A-DB195C2955CE","Eastern and Midland","%","67.3"
"ALF01C01","Annual employment rate","2021","2021","530","55 - 59 years","2","Female","10","Less than primary (Level 0)","IE0","Ireland","%",""
"ALF01C01","Annual employment rate","2021","2021","530","55 - 59 years","2","Female","10","Less than primary (Level 0)","811D29A4-1E05-4F4A-B61B-43DE64E07B29","Northern and Western","%",""
"ALF01C01","Annual employment rate","2021","2021","530","55 - 59 years","2","Female","10","Less than primary (Level 0)","97227605-23D5-4B98-BDB8-3EB5D0682A5A","Southern","%",""
"ALF01C01","Annual employment rate","2021","2021","530","55 - 59 years","2","Female","10","Less than primary (Level 0)","C32761EB-7A21-4B95-8C7A-DB195C2955CE","Eastern and Midland","%",""
"ALF01C01","Annual employment rate","2021","2021","530","55 - 59 years","2","Female","20","Primary and lower secondary education (Levels 1-2)","IE0","Ireland","%","44.4"
"ALF01C01","Annual employment rate","2021","2021","530","55 - 59 years","2","Female","20","Primary and lower secondary education (Levels 1-2)","811D29A4-1E05-4F4A-B61B-43DE64E07B29","Northern and Western","%",""
"ALF01C01","Annual employment rate","2021","2021","530","55 - 59 years","2","Female","20","Primary and lower secondary education (Levels 1-2)","97227605-23D5-4B98-BDB8-3EB5D0682A5A","Southern","%",""
"ALF01C01","Annual employment rate","2021","2021","530","55 - 59 years","2","Female","20","Primary and lower secondary education (Levels 1-2)","C32761EB-7A21-4B95-8C7A-DB195C2955CE","Eastern and Midland","%",""
"ALF01C01","Annual employment rate","2021","2021","530","55 - 59 years","2","Female","30","Upper secondary and post-secondary non-tertiary education (Levels 3 and 4)","IE0","Ireland","%","64"
"ALF01C01","Annual employment rate","2021","2021","530","55 - 59 years","2","Female","30","Upper secondary and post-secondary non-tertiary education (Levels 3 and 4)","811D29A4-1E05-4F4A-B61B-43DE64E07B29","Northern and Western","%","72"
"ALF01C01","Annual employment rate","2021","2021","530","55 - 59 years","2","Female","30","Upper secondary and post-secondary non-tertiary education (Levels 3 and 4)","97227605-23D5-4B98-BDB8-3EB5D0682A5A","Southern","%","57.4"
"ALF01C01","Annual employment rate","2021","2021","530","55 - 59 years","2","Female","30","Upper secondary and post-secondary non-tertiary education (Levels 3 and 4)","C32761EB-7A21-4B95-8C7A-DB195C2955CE","Eastern and Midland","%","65.8"
"ALF01C01","Annual employment rate","2021","2021","530","55 - 59 years","2","Female","40","Tertiary education (Levels 5-8)","IE0","Ireland","%","76.7"
"ALF01C01","Annual employment rate","2021","2021","530","55 - 59 years","2","Female","40","Tertiary education (Levels 5-8)","811D29A4-1E05-4F4A-B61B-43DE64E07B29","Northern and Western","%","77.5"
"ALF01C01","Annual employment rate","2021","2021","530","55 - 59 years","2","Female","40","Tertiary education (Levels 5-8)","97227605-23D5-4B98-BDB8-3EB5D0682A5A","Southern","%","77.8"
"ALF01C01","Annual employment rate","2021","2021","530","55 - 59 years","2","Female","40","Tertiary education (Levels 5-8)","C32761EB-7A21-4B95-8C7A-DB195C2955CE","Eastern and Midland","%","75.6"
"ALF01C01","Annual employment rate","2021","2021","530","55 - 59 years","2","Female","99","Level of education - not stated","IE0","Ireland","%",""
"ALF01C01","Annual employment rate","2021","2021","530","55 - 59 years","2","Female","99","Level of education - not stated","811D29A4-1E05-4F4A-B61B-43DE64E07B29","Northern and Western","%",""
"ALF01C01","Annual employment rate","2021","2021","530","55 - 59 years","2","Female","99","Level of education - not stated","97227605-23D5-4B98-BDB8-3EB5D0682A5A","Southern","%",""
"ALF01C01","Annual employment rate","2021","2021","530","55 - 59 years","2","Female","99","Level of education - not stated","C32761EB-7A21-4B95-8C7A-DB195C2955CE","Eastern and Midland","%",""
"ALF01C01","Annual employment rate","2021","2021","550","60 - 64 years","-","Both sexes","-","Levels of Education (Levels  0-8)","IE0","Ireland","%","51.7"
"ALF01C01","Annual employment rate","2021","2021","550","60 - 64 years","-","Both sexes","-","Levels of Education (Levels  0-8)","811D29A4-1E05-4F4A-B61B-43DE64E07B29","Northern and Western","%","61"
"ALF01C01","Annual employment rate","2021","2021","550","60 - 64 years","-","Both sexes","-","Levels of Education (Levels  0-8)","97227605-23D5-4B98-BDB8-3EB5D0682A5A","Southern","%","47.1"
"ALF01C01","Annual employment rate","2021","2021","550","60 - 64 years","-","Both sexes","-","Levels of Education (Levels  0-8)","C32761EB-7A21-4B95-8C7A-DB195C2955CE","Eastern and Midland","%","51.3"
"ALF01C01","Annual employment rate","2021","2021","550","60 - 64 years","-","Both sexes","10","Less than primary (Level 0)","IE0","Ireland","%",""
"ALF01C01","Annual employment rate","2021","2021","550","60 - 64 years","-","Both sexes","10","Less than primary (Level 0)","811D29A4-1E05-4F4A-B61B-43DE64E07B29","Northern and Western","%",""
"ALF01C01","Annual employment rate","2021","2021","550","60 - 64 years","-","Both sexes","10","Less than primary (Level 0)","97227605-23D5-4B98-BDB8-3EB5D0682A5A","Southern","%",""
"ALF01C01","Annual employment rate","2021","2021","550","60 - 64 years","-","Both sexes","10","Less than primary (Level 0)","C32761EB-7A21-4B95-8C7A-DB195C2955CE","Eastern and Midland","%",""
"ALF01C01","Annual employment rate","2021","2021","550","60 - 64 years","-","Both sexes","20","Primary and lower secondary education (Levels 1-2)","IE0","Ireland","%","39.5"
"ALF01C01","Annual employment rate","2021","2021","550","60 - 64 years","-","Both sexes","20","Primary and lower secondary education (Levels 1-2)","811D29A4-1E05-4F4A-B61B-43DE64E07B29","Northern and Western","%","54.1"
"ALF01C01","Annual employment rate","2021","2021","550","60 - 64 years","-","Both sexes","20","Primary and lower secondary education (Levels 1-2)","97227605-23D5-4B98-BDB8-3EB5D0682A5A","Southern","%","30.4"
"ALF01C01","Annual employment rate","2021","2021","550","60 - 64 years","-","Both sexes","20","Primary and lower secondary education (Levels 1-2)","C32761EB-7A21-4B95-8C7A-DB195C2955CE","Eastern and Midland","%","40.6"
"ALF01C01","Annual employment rate","2021","2021","550","60 - 64 years","-","Both sexes","30","Upper secondary and post-secondary non-tertiary education (Levels 3 and 4)","IE0","Ireland","%","56.6"
"ALF01C01","Annual employment rate","2021","2021","550","60 - 64 years","-","Both sexes","30","Upper secondary and post-secondary non-tertiary education (Levels 3 and 4)","811D29A4-1E05-4F4A-B61B-43DE64E07B29","Northern and Western","%","60.9"
"ALF01C01","Annual employment rate","2021","2021","550","60 - 64 years","-","Both sexes","30","Upper secondary and post-secondary non-tertiary education (Levels 3 and 4)","97227605-23D5-4B98-BDB8-3EB5D0682A5A","Southern","%","54.4"
"ALF01C01","Annual employment rate","2021","2021","550","60 - 64 years","-","Both sexes","30","Upper secondary and post-secondary non-tertiary education (Levels 3 and 4)","C32761EB-7A21-4B95-8C7A-DB195C2955CE","Eastern and Midland","%","56.3"
"ALF01C01","Annual employment rate","2021","2021","550","60 - 64 years","-","Both sexes","40","Tertiary education (Levels 5-8)","IE0","Ireland","%","59"
"ALF01C01","Annual employment rate","2021","2021","550","60 - 64 years","-","Both sexes","40","Tertiary education (Levels 5-8)","811D29A4-1E05-4F4A-B61B-43DE64E07B29","Northern and Western","%","66.4"
"ALF01C01","Annual employment rate","2021","2021","550","60 - 64 years","-","Both sexes","40","Tertiary education (Levels 5-8)","97227605-23D5-4B98-BDB8-3EB5D0682A5A","Southern","%","55.2"
"ALF01C01","Annual employment rate","2021","2021","550","60 - 64 years","-","Both sexes","40","Tertiary education (Levels 5-8)","C32761EB-7A21-4B95-8C7A-DB195C2955CE","Eastern and Midland","%","58.7"
"ALF01C01","Annual employment rate","2021","2021","550","60 - 64 years","-","Both sexes","99","Level of education - not stated","IE0","Ireland","%",""
"ALF01C01","Annual employment rate","2021","2021","550","60 - 64 years","-","Both sexes","99","Level of education - not stated","811D29A4-1E05-4F4A-B61B-43DE64E07B29","Northern and Western","%",""
"ALF01C01","Annual employment rate","2021","2021","550","60 - 64 years","-","Both sexes","99","Level of education - not stated","97227605-23D5-4B98-BDB8-3EB5D0682A5A","Southern","%",""
"ALF01C01","Annual employment rate","2021","2021","550","60 - 64 years","-","Both sexes","99","Level of education - not stated","C32761EB-7A21-4B95-8C7A-DB195C2955CE","Eastern and Midland","%",""
"ALF01C01","Annual employment rate","2021","2021","550","60 - 64 years","1","Male","-","Levels of Education (Levels  0-8)","IE0","Ireland","%","58.9"
"ALF01C01","Annual employment rate","2021","2021","550","60 - 64 years","1","Male","-","Levels of Education (Levels  0-8)","811D29A4-1E05-4F4A-B61B-43DE64E07B29","Northern and Western","%","68.1"
"ALF01C01","Annual employment rate","2021","2021","550","60 - 64 years","1","Male","-","Levels of Education (Levels  0-8)","97227605-23D5-4B98-BDB8-3EB5D0682A5A","Southern","%","54.4"
"ALF01C01","Annual employment rate","2021","2021","550","60 - 64 years","1","Male","-","Levels of Education (Levels  0-8)","C32761EB-7A21-4B95-8C7A-DB195C2955CE","Eastern and Midland","%","58.5"
"ALF01C01","Annual employment rate","2021","2021","550","60 - 64 years","1","Male","10","Less than primary (Level 0)","IE0","Ireland","%",""
"ALF01C01","Annual employment rate","2021","2021","550","60 - 64 years","1","Male","10","Less than primary (Level 0)","811D29A4-1E05-4F4A-B61B-43DE64E07B29","Northern and Western","%",""
"ALF01C01","Annual employment rate","2021","2021","550","60 - 64 years","1","Male","10","Less than primary (Level 0)","97227605-23D5-4B98-BDB8-3EB5D0682A5A","Southern","%",""
"ALF01C01","Annual employment rate","2021","2021","550","60 - 64 years","1","Male","10","Less than primary (Level 0)","C32761EB-7A21-4B95-8C7A-DB195C2955CE","Eastern and Midland","%",""
"ALF01C01","Annual employment rate","2021","2021","550","60 - 64 years","1","Male","20","Primary and lower secondary education (Levels 1-2)","IE0","Ireland","%","48.2"
"ALF01C01","Annual employment rate","2021","2021","550","60 - 64 years","1","Male","20","Primary and lower secondary education (Levels 1-2)","811D29A4-1E05-4F4A-B61B-43DE64E07B29","Northern and Western","%","60.2"
"ALF01C01","Annual employment rate","2021","2021","550","60 - 64 years","1","Male","20","Primary and lower secondary education (Levels 1-2)","97227605-23D5-4B98-BDB8-3EB5D0682A5A","Southern","%","39.7"
"ALF01C01","Annual employment rate","2021","2021","550","60 - 64 years","1","Male","20","Primary and lower secondary education (Levels 1-2)","C32761EB-7A21-4B95-8C7A-DB195C2955CE","Eastern and Midland","%","49.2"
"ALF01C01","Annual employment rate","2021","2021","550","60 - 64 years","1","Male","30","Upper secondary and post-secondary non-tertiary education (Levels 3 and 4)","IE0","Ireland","%","65.2"
"ALF01C01","Annual employment rate","2021","2021","550","60 - 64 years","1","Male","30","Upper secondary and post-secondary non-tertiary education (Levels 3 and 4)","811D29A4-1E05-4F4A-B61B-43DE64E07B29","Northern and Western","%","70.1"
"ALF01C01","Annual employment rate","2021","2021","550","60 - 64 years","1","Male","30","Upper secondary and post-secondary non-tertiary education (Levels 3 and 4)","97227605-23D5-4B98-BDB8-3EB5D0682A5A","Southern","%","63.6"
"ALF01C01","Annual employment rate","2021","2021","550","60 - 64 years","1","Male","30","Upper secondary and post-secondary non-tertiary education (Levels 3 and 4)","C32761EB-7A21-4B95-8C7A-DB195C2955CE","Eastern and Midland","%","64.4"
"ALF01C01","Annual employment rate","2021","2021","550","60 - 64 years","1","Male","40","Tertiary education (Levels 5-8)","IE0","Ireland","%","67.8"
"ALF01C01","Annual employment rate","2021","2021","550","60 - 64 years","1","Male","40","Tertiary education (Levels 5-8)","811D29A4-1E05-4F4A-B61B-43DE64E07B29","Northern and Western","%","77.4"
"ALF01C01","Annual employment rate","2021","2021","550","60 - 64 years","1","Male","40","Tertiary education (Levels 5-8)","97227605-23D5-4B98-BDB8-3EB5D0682A5A","Southern","%","62.4"
"ALF01C01","Annual employment rate","2021","2021","550","60 - 64 years","1","Male","40","Tertiary education (Levels 5-8)","C32761EB-7A21-4B95-8C7A-DB195C2955CE","Eastern and Midland","%","68.2"
"ALF01C01","Annual employment rate","2021","2021","550","60 - 64 years","1","Male","99","Level of education - not stated","IE0","Ireland","%",""
"ALF01C01","Annual employment rate","2021","2021","550","60 - 64 years","1","Male","99","Level of education - not stated","811D29A4-1E05-4F4A-B61B-43DE64E07B29","Northern and Western","%",""
"ALF01C01","Annual employment rate","2021","2021","550","60 - 64 years","1","Male","99","Level of education - not stated","97227605-23D5-4B98-BDB8-3EB5D0682A5A","Southern","%",""
"ALF01C01","Annual employment rate","2021","2021","550","60 - 64 years","1","Male","99","Level of education - not stated","C32761EB-7A21-4B95-8C7A-DB195C2955CE","Eastern and Midland","%",""
"ALF01C01","Annual employment rate","2021","2021","550","60 - 64 years","2","Female","-","Levels of Education (Levels  0-8)","IE0","Ireland","%","44.6"
"ALF01C01","Annual employment rate","2021","2021","550","60 - 64 years","2","Female","-","Levels of Education (Levels  0-8)","811D29A4-1E05-4F4A-B61B-43DE64E07B29","Northern and Western","%","53.9"
"ALF01C01","Annual employment rate","2021","2021","550","60 - 64 years","2","Female","-","Levels of Education (Levels  0-8)","97227605-23D5-4B98-BDB8-3EB5D0682A5A","Southern","%","39.7"
"ALF01C01","Annual employment rate","2021","2021","550","60 - 64 years","2","Female","-","Levels of Education (Levels  0-8)","C32761EB-7A21-4B95-8C7A-DB195C2955CE","Eastern and Midland","%","44.4"
"ALF01C01","Annual employment rate","2021","2021","550","60 - 64 years","2","Female","10","Less than primary (Level 0)","IE0","Ireland","%",""
"ALF01C01","Annual employment rate","2021","2021","550","60 - 64 years","2","Female","10","Less than primary (Level 0)","811D29A4-1E05-4F4A-B61B-43DE64E07B29","Northern and Western","%",""
"ALF01C01","Annual employment rate","2021","2021","550","60 - 64 years","2","Female","10","Less than primary (Level 0)","97227605-23D5-4B98-BDB8-3EB5D0682A5A","Southern","%",""
"ALF01C01","Annual employment rate","2021","2021","550","60 - 64 years","2","Female","10","Less than primary (Level 0)","C32761EB-7A21-4B95-8C7A-DB195C2955CE","Eastern and Midland","%",""
"ALF01C01","Annual employment rate","2021","2021","550","60 - 64 years","2","Female","20","Primary and lower secondary education (Levels 1-2)","IE0","Ireland","%","28.8"
"ALF01C01","Annual employment rate","2021","2021","550","60 - 64 years","2","Female","20","Primary and lower secondary education (Levels 1-2)","811D29A4-1E05-4F4A-B61B-43DE64E07B29","Northern and Western","%",""
"ALF01C01","Annual employment rate","2021","2021","550","60 - 64 years","2","Female","20","Primary and lower secondary education (Levels 1-2)","97227605-23D5-4B98-BDB8-3EB5D0682A5A","Southern","%",""
"ALF01C01","Annual employment rate","2021","2021","550","60 - 64 years","2","Female","20","Primary and lower secondary education (Levels 1-2)","C32761EB-7A21-4B95-8C7A-DB195C2955CE","Eastern and Midland","%",""
"ALF01C01","Annual employment rate","2021","2021","550","60 - 64 years","2","Female","30","Upper secondary and post-secondary non-tertiary education (Levels 3 and 4)","IE0","Ireland","%","48.5"
"ALF01C01","Annual employment rate","2021","2021","550","60 - 64 years","2","Female","30","Upper secondary and post-secondary non-tertiary education (Levels 3 and 4)","811D29A4-1E05-4F4A-B61B-43DE64E07B29","Northern and Western","%","52.8"
"ALF01C01","Annual employment rate","2021","2021","550","60 - 64 years","2","Female","30","Upper secondary and post-secondary non-tertiary education (Levels 3 and 4)","97227605-23D5-4B98-BDB8-3EB5D0682A5A","Southern","%","44.8"
"ALF01C01","Annual employment rate","2021","2021","550","60 - 64 years","2","Female","30","Upper secondary and post-secondary non-tertiary education (Levels 3 and 4)","C32761EB-7A21-4B95-8C7A-DB195C2955CE","Eastern and Midland","%","49.5"
"ALF01C01","Annual employment rate","2021","2021","550","60 - 64 years","2","Female","40","Tertiary education (Levels 5-8)","IE0","Ireland","%","52"
"ALF01C01","Annual employment rate","2021","2021","550","60 - 64 years","2","Female","40","Tertiary education (Levels 5-8)","811D29A4-1E05-4F4A-B61B-43DE64E07B29","Northern and Western","%","59.6"
"ALF01C01","Annual employment rate","2021","2021","550","60 - 64 years","2","Female","40","Tertiary education (Levels 5-8)","97227605-23D5-4B98-BDB8-3EB5D0682A5A","Southern","%","49.6"
"ALF01C01","Annual employment rate","2021","2021","550","60 - 64 years","2","Female","40","Tertiary education (Levels 5-8)","C32761EB-7A21-4B95-8C7A-DB195C2955CE","Eastern and Midland","%","50.2"
"ALF01C01","Annual employment rate","2021","2021","550","60 - 64 years","2","Female","99","Level of education - not stated","IE0","Ireland","%",""
"ALF01C01","Annual employment rate","2021","2021","550","60 - 64 years","2","Female","99","Level of education - not stated","811D29A4-1E05-4F4A-B61B-43DE64E07B29","Northern and Western","%",""
"ALF01C01","Annual employment rate","2021","2021","550","60 - 64 years","2","Female","99","Level of education - not stated","97227605-23D5-4B98-BDB8-3EB5D0682A5A","Southern","%",""
"ALF01C01","Annual employment rate","2021","2021","550","60 - 64 years","2","Female","99","Level of education - not stated","C32761EB-7A21-4B95-8C7A-DB195C2955CE","Eastern and Midland","%",""
"ALF01C01","Annual employment rate","2022","2022","-","All ages","-","Both sexes","-","Levels of Education (Levels  0-8)","IE0","Ireland","%","78.1"
"ALF01C01","Annual employment rate","2022","2022","-","All ages","-","Both sexes","-","Levels of Education (Levels  0-8)","811D29A4-1E05-4F4A-B61B-43DE64E07B29","Northern and Western","%","78.5"
"ALF01C01","Annual employment rate","2022","2022","-","All ages","-","Both sexes","-","Levels of Education (Levels  0-8)","97227605-23D5-4B98-BDB8-3EB5D0682A5A","Southern","%","76.4"
"ALF01C01","Annual employment rate","2022","2022","-","All ages","-","Both sexes","-","Levels of Education (Levels  0-8)","C32761EB-7A21-4B95-8C7A-DB195C2955CE","Eastern and Midland","%","79"
"ALF01C01","Annual employment rate","2022","2022","-","All ages","-","Both sexes","10","Less than primary (Level 0)","IE0","Ireland","%",""
"ALF01C01","Annual employment rate","2022","2022","-","All ages","-","Both sexes","10","Less than primary (Level 0)","811D29A4-1E05-4F4A-B61B-43DE64E07B29","Northern and Western","%",""
"ALF01C01","Annual employment rate","2022","2022","-","All ages","-","Both sexes","10","Less than primary (Level 0)","97227605-23D5-4B98-BDB8-3EB5D0682A5A","Southern","%",""
"ALF01C01","Annual employment rate","2022","2022","-","All ages","-","Both sexes","10","Less than primary (Level 0)","C32761EB-7A21-4B95-8C7A-DB195C2955CE","Eastern and Midland","%",""
"ALF01C01","Annual employment rate","2022","2022","-","All ages","-","Both sexes","20","Primary and lower secondary education (Levels 1-2)","IE0","Ireland","%","53.5"
"ALF01C01","Annual employment rate","2022","2022","-","All ages","-","Both sexes","20","Primary and lower secondary education (Levels 1-2)","811D29A4-1E05-4F4A-B61B-43DE64E07B29","Northern and Western","%","58.7"
"ALF01C01","Annual employment rate","2022","2022","-","All ages","-","Both sexes","20","Primary and lower secondary education (Levels 1-2)","97227605-23D5-4B98-BDB8-3EB5D0682A5A","Southern","%","51.1"
"ALF01C01","Annual employment rate","2022","2022","-","All ages","-","Both sexes","20","Primary and lower secondary education (Levels 1-2)","C32761EB-7A21-4B95-8C7A-DB195C2955CE","Eastern and Midland","%","53.2"
"ALF01C01","Annual employment rate","2022","2022","-","All ages","-","Both sexes","30","Upper secondary and post-secondary non-tertiary education (Levels 3 and 4)","IE0","Ireland","%","73"
"ALF01C01","Annual employment rate","2022","2022","-","All ages","-","Both sexes","30","Upper secondary and post-secondary non-tertiary education (Levels 3 and 4)","811D29A4-1E05-4F4A-B61B-43DE64E07B29","Northern and Western","%","73.7"
"ALF01C01","Annual employment rate","2022","2022","-","All ages","-","Both sexes","30","Upper secondary and post-secondary non-tertiary education (Levels 3 and 4)","97227605-23D5-4B98-BDB8-3EB5D0682A5A","Southern","%","71.8"
"ALF01C01","Annual employment rate","2022","2022","-","All ages","-","Both sexes","30","Upper secondary and post-secondary non-tertiary education (Levels 3 and 4)","C32761EB-7A21-4B95-8C7A-DB195C2955CE","Eastern and Midland","%","73.7"
"ALF01C01","Annual employment rate","2022","2022","-","All ages","-","Both sexes","40","Tertiary education (Levels 5-8)","IE0","Ireland","%","87.4"
"ALF01C01","Annual employment rate","2022","2022","-","All ages","-","Both sexes","40","Tertiary education (Levels 5-8)","811D29A4-1E05-4F4A-B61B-43DE64E07B29","Northern and Western","%","87.8"
"ALF01C01","Annual employment rate","2022","2022","-","All ages","-","Both sexes","40","Tertiary education (Levels 5-8)","97227605-23D5-4B98-BDB8-3EB5D0682A5A","Southern","%","86.5"
"ALF01C01","Annual employment rate","2022","2022","-","All ages","-","Both sexes","40","Tertiary education (Levels 5-8)","C32761EB-7A21-4B95-8C7A-DB195C2955CE","Eastern and Midland","%","87.8"
"ALF01C01","Annual employment rate","2022","2022","-","All ages","-","Both sexes","99","Level of education - not stated","IE0","Ireland","%","73.8"
"ALF01C01","Annual employment rate","2022","2022","-","All ages","-","Both sexes","99","Level of education - not stated","811D29A4-1E05-4F4A-B61B-43DE64E07B29","Northern and Western","%","81.1"
"ALF01C01","Annual employment rate","2022","2022","-","All ages","-","Both sexes","99","Level of education - not stated","97227605-23D5-4B98-BDB8-3EB5D0682A5A","Southern","%","73.8"
"ALF01C01","Annual employment rate","2022","2022","-","All ages","-","Both sexes","99","Level of education - not stated","C32761EB-7A21-4B95-8C7A-DB195C2955CE","Eastern and Midland","%","68.3"
"ALF01C01","Annual employment rate","2022","2022","-","All ages","1","Male","-","Levels of Education (Levels  0-8)","IE0","Ireland","%","83.6"
"ALF01C01","Annual employment rate","2022","2022","-","All ages","1","Male","-","Levels of Education (Levels  0-8)","811D29A4-1E05-4F4A-B61B-43DE64E07B29","Northern and Western","%","83.9"
"ALF01C01","Annual employment rate","2022","2022","-","All ages","1","Male","-","Levels of Education (Levels  0-8)","97227605-23D5-4B98-BDB8-3EB5D0682A5A","Southern","%","81.8"
"ALF01C01","Annual employment rate","2022","2022","-","All ages","1","Male","-","Levels of Education (Levels  0-8)","C32761EB-7A21-4B95-8C7A-DB195C2955CE","Eastern and Midland","%","84.6"
"ALF01C01","Annual employment rate","2022","2022","-","All ages","1","Male","10","Less than primary (Level 0)","IE0","Ireland","%",""
"ALF01C01","Annual employment rate","2022","2022","-","All ages","1","Male","10","Less than primary (Level 0)","811D29A4-1E05-4F4A-B61B-43DE64E07B29","Northern and Western","%",""
"ALF01C01","Annual employment rate","2022","2022","-","All ages","1","Male","10","Less than primary (Level 0)","97227605-23D5-4B98-BDB8-3EB5D0682A5A","Southern","%",""
"ALF01C01","Annual employment rate","2022","2022","-","All ages","1","Male","10","Less than primary (Level 0)","C32761EB-7A21-4B95-8C7A-DB195C2955CE","Eastern and Midland","%",""
"ALF01C01","Annual employment rate","2022","2022","-","All ages","1","Male","20","Primary and lower secondary education (Levels 1-2)","IE0","Ireland","%","65.8"
"ALF01C01","Annual employment rate","2022","2022","-","All ages","1","Male","20","Primary and lower secondary education (Levels 1-2)","811D29A4-1E05-4F4A-B61B-43DE64E07B29","Northern and Western","%","72.8"
"ALF01C01","Annual employment rate","2022","2022","-","All ages","1","Male","20","Primary and lower secondary education (Levels 1-2)","97227605-23D5-4B98-BDB8-3EB5D0682A5A","Southern","%","62.5"
"ALF01C01","Annual employment rate","2022","2022","-","All ages","1","Male","20","Primary and lower secondary education (Levels 1-2)","C32761EB-7A21-4B95-8C7A-DB195C2955CE","Eastern and Midland","%","65.4"
"ALF01C01","Annual employment rate","2022","2022","-","All ages","1","Male","30","Upper secondary and post-secondary non-tertiary education (Levels 3 and 4)","IE0","Ireland","%","80.2"
"ALF01C01","Annual employment rate","2022","2022","-","All ages","1","Male","30","Upper secondary and post-secondary non-tertiary education (Levels 3 and 4)","811D29A4-1E05-4F4A-B61B-43DE64E07B29","Northern and Western","%","78.7"
"ALF01C01","Annual employment rate","2022","2022","-","All ages","1","Male","30","Upper secondary and post-secondary non-tertiary education (Levels 3 and 4)","97227605-23D5-4B98-BDB8-3EB5D0682A5A","Southern","%","79.6"
"ALF01C01","Annual employment rate","2022","2022","-","All ages","1","Male","30","Upper secondary and post-secondary non-tertiary education (Levels 3 and 4)","C32761EB-7A21-4B95-8C7A-DB195C2955CE","Eastern and Midland","%","81.2"
"ALF01C01","Annual employment rate","2022","2022","-","All ages","1","Male","40","Tertiary education (Levels 5-8)","IE0","Ireland","%","92"
"ALF01C01","Annual employment rate","2022","2022","-","All ages","1","Male","40","Tertiary education (Levels 5-8)","811D29A4-1E05-4F4A-B61B-43DE64E07B29","Northern and Western","%","94"
"ALF01C01","Annual employment rate","2022","2022","-","All ages","1","Male","40","Tertiary education (Levels 5-8)","97227605-23D5-4B98-BDB8-3EB5D0682A5A","Southern","%","90.4"
"ALF01C01","Annual employment rate","2022","2022","-","All ages","1","Male","40","Tertiary education (Levels 5-8)","C32761EB-7A21-4B95-8C7A-DB195C2955CE","Eastern and Midland","%","92.4"
"ALF01C01","Annual employment rate","2022","2022","-","All ages","1","Male","99","Level of education - not stated","IE0","Ireland","%","74.6"
"ALF01C01","Annual employment rate","2022","2022","-","All ages","1","Male","99","Level of education - not stated","811D29A4-1E05-4F4A-B61B-43DE64E07B29","Northern and Western","%",""
"ALF01C01","Annual employment rate","2022","2022","-","All ages","1","Male","99","Level of education - not stated","97227605-23D5-4B98-BDB8-3EB5D0682A5A","Southern","%",""
"ALF01C01","Annual employment rate","2022","2022","-","All ages","1","Male","99","Level of education - not stated","C32761EB-7A21-4B95-8C7A-DB195C2955CE","Eastern and Midland","%","63.2"
"ALF01C01","Annual employment rate","2022","2022","-","All ages","2","Female","-","Levels of Education (Levels  0-8)","IE0","Ireland","%","72.7"
"ALF01C01","Annual employment rate","2022","2022","-","All ages","2","Female","-","Levels of Education (Levels  0-8)","811D29A4-1E05-4F4A-B61B-43DE64E07B29","Northern and Western","%","73.2"
"ALF01C01","Annual employment rate","2022","2022","-","All ages","2","Female","-","Levels of Education (Levels  0-8)","97227605-23D5-4B98-BDB8-3EB5D0682A5A","Southern","%","71.2"
"ALF01C01","Annual employment rate","2022","2022","-","All ages","2","Female","-","Levels of Education (Levels  0-8)","C32761EB-7A21-4B95-8C7A-DB195C2955CE","Eastern and Midland","%","73.5"
"ALF01C01","Annual employment rate","2022","2022","-","All ages","2","Female","10","Less than primary (Level 0)","IE0","Ireland","%",""
"ALF01C01","Annual employment rate","2022","2022","-","All ages","2","Female","10","Less than primary (Level 0)","811D29A4-1E05-4F4A-B61B-43DE64E07B29","Northern and Western","%",""
"ALF01C01","Annual employment rate","2022","2022","-","All ages","2","Female","10","Less than primary (Level 0)","97227605-23D5-4B98-BDB8-3EB5D0682A5A","Southern","%",""
"ALF01C01","Annual employment rate","2022","2022","-","All ages","2","Female","10","Less than primary (Level 0)","C32761EB-7A21-4B95-8C7A-DB195C2955CE","Eastern and Midland","%",""
"ALF01C01","Annual employment rate","2022","2022","-","All ages","2","Female","20","Primary and lower secondary education (Levels 1-2)","IE0","Ireland","%","36.6"
"ALF01C01","Annual employment rate","2022","2022","-","All ages","2","Female","20","Primary and lower secondary education (Levels 1-2)","811D29A4-1E05-4F4A-B61B-43DE64E07B29","Northern and Western","%",""
"ALF01C01","Annual employment rate","2022","2022","-","All ages","2","Female","20","Primary and lower secondary education (Levels 1-2)","97227605-23D5-4B98-BDB8-3EB5D0682A5A","Southern","%","35.2"
"ALF01C01","Annual employment rate","2022","2022","-","All ages","2","Female","20","Primary and lower secondary education (Levels 1-2)","C32761EB-7A21-4B95-8C7A-DB195C2955CE","Eastern and Midland","%","38.5"
"ALF01C01","Annual employment rate","2022","2022","-","All ages","2","Female","30","Upper secondary and post-secondary non-tertiary education (Levels 3 and 4)","IE0","Ireland","%","65.4"
"ALF01C01","Annual employment rate","2022","2022","-","All ages","2","Female","30","Upper secondary and post-secondary non-tertiary education (Levels 3 and 4)","811D29A4-1E05-4F4A-B61B-43DE64E07B29","Northern and Western","%","68.5"
"ALF01C01","Annual employment rate","2022","2022","-","All ages","2","Female","30","Upper secondary and post-secondary non-tertiary education (Levels 3 and 4)","97227605-23D5-4B98-BDB8-3EB5D0682A5A","Southern","%","62.6"
"ALF01C01","Annual employment rate","2022","2022","-","All ages","2","Female","30","Upper secondary and post-secondary non-tertiary education (Levels 3 and 4)","C32761EB-7A21-4B95-8C7A-DB195C2955CE","Eastern and Midland","%","66.2"
"ALF01C01","Annual employment rate","2022","2022","-","All ages","2","Female","40","Tertiary education (Levels 5-8)","IE0","Ireland","%","83.5"
"ALF01C01","Annual employment rate","2022","2022","-","All ages","2","Female","40","Tertiary education (Levels 5-8)","811D29A4-1E05-4F4A-B61B-43DE64E07B29","Northern and Western","%","82.9"
"ALF01C01","Annual employment rate","2022","2022","-","All ages","2","Female","40","Tertiary education (Levels 5-8)","97227605-23D5-4B98-BDB8-3EB5D0682A5A","Southern","%","83.5"
"ALF01C01","Annual employment rate","2022","2022","-","All ages","2","Female","40","Tertiary education (Levels 5-8)","C32761EB-7A21-4B95-8C7A-DB195C2955CE","Eastern and Midland","%","83.6"
"ALF01C01","Annual employment rate","2022","2022","-","All ages","2","Female","99","Level of education - not stated","IE0","Ireland","%","72.7"
"ALF01C01","Annual employment rate","2022","2022","-","All ages","2","Female","99","Level of education - not stated","811D29A4-1E05-4F4A-B61B-43DE64E07B29","Northern and Western","%",""
"ALF01C01","Annual employment rate","2022","2022","-","All ages","2","Female","99","Level of education - not stated","97227605-23D5-4B98-BDB8-3EB5D0682A5A","Southern","%",""
"ALF01C01","Annual employment rate","2022","2022","-","All ages","2","Female","99","Level of education - not stated","C32761EB-7A21-4B95-8C7A-DB195C2955CE","Eastern and Midland","%",""
"ALF01C01","Annual employment rate","2022","2022","365","20 - 24 years","-","Both sexes","-","Levels of Education (Levels  0-8)","IE0","Ireland","%","66.5"
"ALF01C01","Annual employment rate","2022","2022","365","20 - 24 years","-","Both sexes","-","Levels of Education (Levels  0-8)","811D29A4-1E05-4F4A-B61B-43DE64E07B29","Northern and Western","%","63.9"
"ALF01C01","Annual employment rate","2022","2022","365","20 - 24 years","-","Both sexes","-","Levels of Education (Levels  0-8)","97227605-23D5-4B98-BDB8-3EB5D0682A5A","Southern","%","65.3"
"ALF01C01","Annual employment rate","2022","2022","365","20 - 24 years","-","Both sexes","-","Levels of Education (Levels  0-8)","C32761EB-7A21-4B95-8C7A-DB195C2955CE","Eastern and Midland","%","68.1"
"ALF01C01","Annual employment rate","2022","2022","365","20 - 24 years","-","Both sexes","10","Less than primary (Level 0)","IE0","Ireland","%",""
"ALF01C01","Annual employment rate","2022","2022","365","20 - 24 years","-","Both sexes","10","Less than primary (Level 0)","811D29A4-1E05-4F4A-B61B-43DE64E07B29","Northern and Western","%",""
"ALF01C01","Annual employment rate","2022","2022","365","20 - 24 years","-","Both sexes","10","Less than primary (Level 0)","97227605-23D5-4B98-BDB8-3EB5D0682A5A","Southern","%",""
"ALF01C01","Annual employment rate","2022","2022","365","20 - 24 years","-","Both sexes","10","Less than primary (Level 0)","C32761EB-7A21-4B95-8C7A-DB195C2955CE","Eastern and Midland","%",""
"ALF01C01","Annual employment rate","2022","2022","365","20 - 24 years","-","Both sexes","20","Primary and lower secondary education (Levels 1-2)","IE0","Ireland","%",""
"ALF01C01","Annual employment rate","2022","2022","365","20 - 24 years","-","Both sexes","20","Primary and lower secondary education (Levels 1-2)","811D29A4-1E05-4F4A-B61B-43DE64E07B29","Northern and Western","%",""
"ALF01C01","Annual employment rate","2022","2022","365","20 - 24 years","-","Both sexes","20","Primary and lower secondary education (Levels 1-2)","97227605-23D5-4B98-BDB8-3EB5D0682A5A","Southern","%",""
"ALF01C01","Annual employment rate","2022","2022","365","20 - 24 years","-","Both sexes","20","Primary and lower secondary education (Levels 1-2)","C32761EB-7A21-4B95-8C7A-DB195C2955CE","Eastern and Midland","%",""
"ALF01C01","Annual employment rate","2022","2022","365","20 - 24 years","-","Both sexes","30","Upper secondary and post-secondary non-tertiary education (Levels 3 and 4)","IE0","Ireland","%","62.4"
"ALF01C01","Annual employment rate","2022","2022","365","20 - 24 years","-","Both sexes","30","Upper secondary and post-secondary non-tertiary education (Levels 3 and 4)","811D29A4-1E05-4F4A-B61B-43DE64E07B29","Northern and Western","%","60"
"ALF01C01","Annual employment rate","2022","2022","365","20 - 24 years","-","Both sexes","30","Upper secondary and post-secondary non-tertiary education (Levels 3 and 4)","97227605-23D5-4B98-BDB8-3EB5D0682A5A","Southern","%","60.7"
"ALF01C01","Annual employment rate","2022","2022","365","20 - 24 years","-","Both sexes","30","Upper secondary and post-secondary non-tertiary education (Levels 3 and 4)","C32761EB-7A21-4B95-8C7A-DB195C2955CE","Eastern and Midland","%","64.3"
"ALF01C01","Annual employment rate","2022","2022","365","20 - 24 years","-","Both sexes","40","Tertiary education (Levels 5-8)","IE0","Ireland","%","82.2"
"ALF01C01","Annual employment rate","2022","2022","365","20 - 24 years","-","Both sexes","40","Tertiary education (Levels 5-8)","811D29A4-1E05-4F4A-B61B-43DE64E07B29","Northern and Western","%",""
"ALF01C01","Annual employment rate","2022","2022","365","20 - 24 years","-","Both sexes","40","Tertiary education (Levels 5-8)","97227605-23D5-4B98-BDB8-3EB5D0682A5A","Southern","%","80.7"
"ALF01C01","Annual employment rate","2022","2022","365","20 - 24 years","-","Both sexes","40","Tertiary education (Levels 5-8)","C32761EB-7A21-4B95-8C7A-DB195C2955CE","Eastern and Midland","%","85.3"
"ALF01C01","Annual employment rate","2022","2022","365","20 - 24 years","-","Both sexes","99","Level of education - not stated","IE0","Ireland","%",""
"ALF01C01","Annual employment rate","2022","2022","365","20 - 24 years","-","Both sexes","99","Level of education - not stated","811D29A4-1E05-4F4A-B61B-43DE64E07B29","Northern and Western","%",""
"ALF01C01","Annual employment rate","2022","2022","365","20 - 24 years","-","Both sexes","99","Level of education - not stated","97227605-23D5-4B98-BDB8-3EB5D0682A5A","Southern","%",""
"ALF01C01","Annual employment rate","2022","2022","365","20 - 24 years","-","Both sexes","99","Level of education - not stated","C32761EB-7A21-4B95-8C7A-DB195C2955CE","Eastern and Midland","%",""
"ALF01C01","Annual employment rate","2022","2022","365","20 - 24 years","1","Male","-","Levels of Education (Levels  0-8)","IE0","Ireland","%","66.2"
"ALF01C01","Annual employment rate","2022","2022","365","20 - 24 years","1","Male","-","Levels of Education (Levels  0-8)","811D29A4-1E05-4F4A-B61B-43DE64E07B29","Northern and Western","%","61"
"ALF01C01","Annual employment rate","2022","2022","365","20 - 24 years","1","Male","-","Levels of Education (Levels  0-8)","97227605-23D5-4B98-BDB8-3EB5D0682A5A","Southern","%","65"
"ALF01C01","Annual employment rate","2022","2022","365","20 - 24 years","1","Male","-","Levels of Education (Levels  0-8)","C32761EB-7A21-4B95-8C7A-DB195C2955CE","Eastern and Midland","%","68.7"
"ALF01C01","Annual employment rate","2022","2022","365","20 - 24 years","1","Male","10","Less than primary (Level 0)","IE0","Ireland","%",""
"ALF01C01","Annual employment rate","2022","2022","365","20 - 24 years","1","Male","10","Less than primary (Level 0)","811D29A4-1E05-4F4A-B61B-43DE64E07B29","Northern and Western","%",""
"ALF01C01","Annual employment rate","2022","2022","365","20 - 24 years","1","Male","10","Less than primary (Level 0)","97227605-23D5-4B98-BDB8-3EB5D0682A5A","Southern","%",""
"ALF01C01","Annual employment rate","2022","2022","365","20 - 24 years","1","Male","10","Less than primary (Level 0)","C32761EB-7A21-4B95-8C7A-DB195C2955CE","Eastern and Midland","%",""
"ALF01C01","Annual employment rate","2022","2022","365","20 - 24 years","1","Male","20","Primary and lower secondary education (Levels 1-2)","IE0","Ireland","%",""
"ALF01C01","Annual employment rate","2022","2022","365","20 - 24 years","1","Male","20","Primary and lower secondary education (Levels 1-2)","811D29A4-1E05-4F4A-B61B-43DE64E07B29","Northern and Western","%",""
"ALF01C01","Annual employment rate","2022","2022","365","20 - 24 years","1","Male","20","Primary and lower secondary education (Levels 1-2)","97227605-23D5-4B98-BDB8-3EB5D0682A5A","Southern","%",""
"ALF01C01","Annual employment rate","2022","2022","365","20 - 24 years","1","Male","20","Primary and lower secondary education (Levels 1-2)","C32761EB-7A21-4B95-8C7A-DB195C2955CE","Eastern and Midland","%",""
"ALF01C01","Annual employment rate","2022","2022","365","20 - 24 years","1","Male","30","Upper secondary and post-secondary non-tertiary education (Levels 3 and 4)","IE0","Ireland","%","62.2"
"ALF01C01","Annual employment rate","2022","2022","365","20 - 24 years","1","Male","30","Upper secondary and post-secondary non-tertiary education (Levels 3 and 4)","811D29A4-1E05-4F4A-B61B-43DE64E07B29","Northern and Western","%","57.6"
"ALF01C01","Annual employment rate","2022","2022","365","20 - 24 years","1","Male","30","Upper secondary and post-secondary non-tertiary education (Levels 3 and 4)","97227605-23D5-4B98-BDB8-3EB5D0682A5A","Southern","%","61.1"
"ALF01C01","Annual employment rate","2022","2022","365","20 - 24 years","1","Male","30","Upper secondary and post-secondary non-tertiary education (Levels 3 and 4)","C32761EB-7A21-4B95-8C7A-DB195C2955CE","Eastern and Midland","%","64.6"
"ALF01C01","Annual employment rate","2022","2022","365","20 - 24 years","1","Male","40","Tertiary education (Levels 5-8)","IE0","Ireland","%","84.5"
"ALF01C01","Annual employment rate","2022","2022","365","20 - 24 years","1","Male","40","Tertiary education (Levels 5-8)","811D29A4-1E05-4F4A-B61B-43DE64E07B29","Northern and Western","%",""
"ALF01C01","Annual employment rate","2022","2022","365","20 - 24 years","1","Male","40","Tertiary education (Levels 5-8)","97227605-23D5-4B98-BDB8-3EB5D0682A5A","Southern","%","84.1"
"ALF01C01","Annual employment rate","2022","2022","365","20 - 24 years","1","Male","40","Tertiary education (Levels 5-8)","C32761EB-7A21-4B95-8C7A-DB195C2955CE","Eastern and Midland","%","86.5"
"ALF01C01","Annual employment rate","2022","2022","365","20 - 24 years","1","Male","99","Level of education - not stated","IE0","Ireland","%",""
"ALF01C01","Annual employment rate","2022","2022","365","20 - 24 years","1","Male","99","Level of education - not stated","811D29A4-1E05-4F4A-B61B-43DE64E07B29","Northern and Western","%",""
"ALF01C01","Annual employment rate","2022","2022","365","20 - 24 years","1","Male","99","Level of education - not stated","97227605-23D5-4B98-BDB8-3EB5D0682A5A","Southern","%",""
"ALF01C01","Annual employment rate","2022","2022","365","20 - 24 years","1","Male","99","Level of education - not stated","C32761EB-7A21-4B95-8C7A-DB195C2955CE","Eastern and Midland","%",""
"ALF01C01","Annual employment rate","2022","2022","365","20 - 24 years","2","Female","-","Levels of Education (Levels  0-8)","IE0","Ireland","%","66.8"
"ALF01C01","Annual employment rate","2022","2022","365","20 - 24 years","2","Female","-","Levels of Education (Levels  0-8)","811D29A4-1E05-4F4A-B61B-43DE64E07B29","Northern and Western","%","66.9"
"ALF01C01","Annual employment rate","2022","2022","365","20 - 24 years","2","Female","-","Levels of Education (Levels  0-8)","97227605-23D5-4B98-BDB8-3EB5D0682A5A","Southern","%","65.6"
"ALF01C01","Annual employment rate","2022","2022","365","20 - 24 years","2","Female","-","Levels of Education (Levels  0-8)","C32761EB-7A21-4B95-8C7A-DB195C2955CE","Eastern and Midland","%","67.4"
"ALF01C01","Annual employment rate","2022","2022","365","20 - 24 years","2","Female","10","Less than primary (Level 0)","IE0","Ireland","%",""
"ALF01C01","Annual employment rate","2022","2022","365","20 - 24 years","2","Female","10","Less than primary (Level 0)","811D29A4-1E05-4F4A-B61B-43DE64E07B29","Northern and Western","%",""
"ALF01C01","Annual employment rate","2022","2022","365","20 - 24 years","2","Female","10","Less than primary (Level 0)","97227605-23D5-4B98-BDB8-3EB5D0682A5A","Southern","%",""
"ALF01C01","Annual employment rate","2022","2022","365","20 - 24 years","2","Female","10","Less than primary (Level 0)","C32761EB-7A21-4B95-8C7A-DB195C2955CE","Eastern and Midland","%",""
"ALF01C01","Annual employment rate","2022","2022","365","20 - 24 years","2","Female","20","Primary and lower secondary education (Levels 1-2)","IE0","Ireland","%",""
"ALF01C01","Annual employment rate","2022","2022","365","20 - 24 years","2","Female","20","Primary and lower secondary education (Levels 1-2)","811D29A4-1E05-4F4A-B61B-43DE64E07B29","Northern and Western","%",""
"ALF01C01","Annual employment rate","2022","2022","365","20 - 24 years","2","Female","20","Primary and lower secondary education (Levels 1-2)","97227605-23D5-4B98-BDB8-3EB5D0682A5A","Southern","%",""
"ALF01C01","Annual employment rate","2022","2022","365","20 - 24 years","2","Female","20","Primary and lower secondary education (Levels 1-2)","C32761EB-7A21-4B95-8C7A-DB195C2955CE","Eastern and Midland","%",""
"ALF01C01","Annual employment rate","2022","2022","365","20 - 24 years","2","Female","30","Upper secondary and post-secondary non-tertiary education (Levels 3 and 4)","IE0","Ireland","%","62.7"
"ALF01C01","Annual employment rate","2022","2022","365","20 - 24 years","2","Female","30","Upper secondary and post-secondary non-tertiary education (Levels 3 and 4)","811D29A4-1E05-4F4A-B61B-43DE64E07B29","Northern and Western","%",""
"ALF01C01","Annual employment rate","2022","2022","365","20 - 24 years","2","Female","30","Upper secondary and post-secondary non-tertiary education (Levels 3 and 4)","97227605-23D5-4B98-BDB8-3EB5D0682A5A","Southern","%","60.3"
"ALF01C01","Annual employment rate","2022","2022","365","20 - 24 years","2","Female","30","Upper secondary and post-secondary non-tertiary education (Levels 3 and 4)","C32761EB-7A21-4B95-8C7A-DB195C2955CE","Eastern and Midland","%","64"
"ALF01C01","Annual employment rate","2022","2022","365","20 - 24 years","2","Female","40","Tertiary education (Levels 5-8)","IE0","Ireland","%","80.2"
"ALF01C01","Annual employment rate","2022","2022","365","20 - 24 years","2","Female","40","Tertiary education (Levels 5-8)","811D29A4-1E05-4F4A-B61B-43DE64E07B29","Northern and Western","%",""
"ALF01C01","Annual employment rate","2022","2022","365","20 - 24 years","2","Female","40","Tertiary education (Levels 5-8)","97227605-23D5-4B98-BDB8-3EB5D0682A5A","Southern","%","78.5"
"ALF01C01","Annual employment rate","2022","2022","365","20 - 24 years","2","Female","40","Tertiary education (Levels 5-8)","C32761EB-7A21-4B95-8C7A-DB195C2955CE","Eastern and Midland","%","84"
"ALF01C01","Annual employment rate","2022","2022","365","20 - 24 years","2","Female","99","Level of education - not stated","IE0","Ireland","%",""
"ALF01C01","Annual employment rate","2022","2022","365","20 - 24 years","2","Female","99","Level of education - not stated","811D29A4-1E05-4F4A-B61B-43DE64E07B29","Northern and Western","%",""
"ALF01C01","Annual employment rate","2022","2022","365","20 - 24 years","2","Female","99","Level of education - not stated","97227605-23D5-4B98-BDB8-3EB5D0682A5A","Southern","%",""
"ALF01C01","Annual employment rate","2022","2022","365","20 - 24 years","2","Female","99","Level of education - not stated","C32761EB-7A21-4B95-8C7A-DB195C2955CE","Eastern and Midland","%",""
"ALF01C01","Annual employment rate","2022","2022","410","25 - 29 years","-","Both sexes","-","Levels of Education (Levels  0-8)","IE0","Ireland","%","82.2"
"ALF01C01","Annual employment rate","2022","2022","410","25 - 29 years","-","Both sexes","-","Levels of Education (Levels  0-8)","811D29A4-1E05-4F4A-B61B-43DE64E07B29","Northern and Western","%","83.3"
"ALF01C01","Annual employment rate","2022","2022","410","25 - 29 years","-","Both sexes","-","Levels of Education (Levels  0-8)","97227605-23D5-4B98-BDB8-3EB5D0682A5A","Southern","%","81.4"
"ALF01C01","Annual employment rate","2022","2022","410","25 - 29 years","-","Both sexes","-","Levels of Education (Levels  0-8)","C32761EB-7A21-4B95-8C7A-DB195C2955CE","Eastern and Midland","%","82.4"
"ALF01C01","Annual employment rate","2022","2022","410","25 - 29 years","-","Both sexes","10","Less than primary (Level 0)","IE0","Ireland","%",""
"ALF01C01","Annual employment rate","2022","2022","410","25 - 29 years","-","Both sexes","10","Less than primary (Level 0)","811D29A4-1E05-4F4A-B61B-43DE64E07B29","Northern and Western","%",""
"ALF01C01","Annual employment rate","2022","2022","410","25 - 29 years","-","Both sexes","10","Less than primary (Level 0)","97227605-23D5-4B98-BDB8-3EB5D0682A5A","Southern","%",""
"ALF01C01","Annual employment rate","2022","2022","410","25 - 29 years","-","Both sexes","10","Less than primary (Level 0)","C32761EB-7A21-4B95-8C7A-DB195C2955CE","Eastern and Midland","%",""
"ALF01C01","Annual employment rate","2022","2022","410","25 - 29 years","-","Both sexes","20","Primary and lower secondary education (Levels 1-2)","IE0","Ireland","%",""
"ALF01C01","Annual employment rate","2022","2022","410","25 - 29 years","-","Both sexes","20","Primary and lower secondary education (Levels 1-2)","811D29A4-1E05-4F4A-B61B-43DE64E07B29","Northern and Western","%",""
"ALF01C01","Annual employment rate","2022","2022","410","25 - 29 years","-","Both sexes","20","Primary and lower secondary education (Levels 1-2)","97227605-23D5-4B98-BDB8-3EB5D0682A5A","Southern","%",""
"ALF01C01","Annual employment rate","2022","2022","410","25 - 29 years","-","Both sexes","20","Primary and lower secondary education (Levels 1-2)","C32761EB-7A21-4B95-8C7A-DB195C2955CE","Eastern and Midland","%",""
"ALF01C01","Annual employment rate","2022","2022","410","25 - 29 years","-","Both sexes","30","Upper secondary and post-secondary non-tertiary education (Levels 3 and 4)","IE0","Ireland","%","72.8"
"ALF01C01","Annual employment rate","2022","2022","410","25 - 29 years","-","Both sexes","30","Upper secondary and post-secondary non-tertiary education (Levels 3 and 4)","811D29A4-1E05-4F4A-B61B-43DE64E07B29","Northern and Western","%","80.7"
"ALF01C01","Annual employment rate","2022","2022","410","25 - 29 years","-","Both sexes","30","Upper secondary and post-secondary non-tertiary education (Levels 3 and 4)","97227605-23D5-4B98-BDB8-3EB5D0682A5A","Southern","%","74"
"ALF01C01","Annual employment rate","2022","2022","410","25 - 29 years","-","Both sexes","30","Upper secondary and post-secondary non-tertiary education (Levels 3 and 4)","C32761EB-7A21-4B95-8C7A-DB195C2955CE","Eastern and Midland","%","69.5"
"ALF01C01","Annual employment rate","2022","2022","410","25 - 29 years","-","Both sexes","40","Tertiary education (Levels 5-8)","IE0","Ireland","%","91.2"
"ALF01C01","Annual employment rate","2022","2022","410","25 - 29 years","-","Both sexes","40","Tertiary education (Levels 5-8)","811D29A4-1E05-4F4A-B61B-43DE64E07B29","Northern and Western","%","89.1"
"ALF01C01","Annual employment rate","2022","2022","410","25 - 29 years","-","Both sexes","40","Tertiary education (Levels 5-8)","97227605-23D5-4B98-BDB8-3EB5D0682A5A","Southern","%","91.8"
"ALF01C01","Annual employment rate","2022","2022","410","25 - 29 years","-","Both sexes","40","Tertiary education (Levels 5-8)","C32761EB-7A21-4B95-8C7A-DB195C2955CE","Eastern and Midland","%","91.4"
"ALF01C01","Annual employment rate","2022","2022","410","25 - 29 years","-","Both sexes","99","Level of education - not stated","IE0","Ireland","%",""
"ALF01C01","Annual employment rate","2022","2022","410","25 - 29 years","-","Both sexes","99","Level of education - not stated","811D29A4-1E05-4F4A-B61B-43DE64E07B29","Northern and Western","%",""
"ALF01C01","Annual employment rate","2022","2022","410","25 - 29 years","-","Both sexes","99","Level of education - not stated","97227605-23D5-4B98-BDB8-3EB5D0682A5A","Southern","%",""
"ALF01C01","Annual employment rate","2022","2022","410","25 - 29 years","-","Both sexes","99","Level of education - not stated","C32761EB-7A21-4B95-8C7A-DB195C2955CE","Eastern and Midland","%",""
"ALF01C01","Annual employment rate","2022","2022","410","25 - 29 years","1","Male","-","Levels of Education (Levels  0-8)","IE0","Ireland","%","84.4"
"ALF01C01","Annual employment rate","2022","2022","410","25 - 29 years","1","Male","-","Levels of Education (Levels  0-8)","811D29A4-1E05-4F4A-B61B-43DE64E07B29","Northern and Western","%","86.6"
"ALF01C01","Annual employment rate","2022","2022","410","25 - 29 years","1","Male","-","Levels of Education (Levels  0-8)","97227605-23D5-4B98-BDB8-3EB5D0682A5A","Southern","%","82.2"
"ALF01C01","Annual employment rate","2022","2022","410","25 - 29 years","1","Male","-","Levels of Education (Levels  0-8)","C32761EB-7A21-4B95-8C7A-DB195C2955CE","Eastern and Midland","%","85"
"ALF01C01","Annual employment rate","2022","2022","410","25 - 29 years","1","Male","10","Less than primary (Level 0)","IE0","Ireland","%",""
"ALF01C01","Annual employment rate","2022","2022","410","25 - 29 years","1","Male","10","Less than primary (Level 0)","811D29A4-1E05-4F4A-B61B-43DE64E07B29","Northern and Western","%",""
"ALF01C01","Annual employment rate","2022","2022","410","25 - 29 years","1","Male","10","Less than primary (Level 0)","97227605-23D5-4B98-BDB8-3EB5D0682A5A","Southern","%",""
"ALF01C01","Annual employment rate","2022","2022","410","25 - 29 years","1","Male","10","Less than primary (Level 0)","C32761EB-7A21-4B95-8C7A-DB195C2955CE","Eastern and Midland","%",""
"ALF01C01","Annual employment rate","2022","2022","410","25 - 29 years","1","Male","20","Primary and lower secondary education (Levels 1-2)","IE0","Ireland","%",""
"ALF01C01","Annual employment rate","2022","2022","410","25 - 29 years","1","Male","20","Primary and lower secondary education (Levels 1-2)","811D29A4-1E05-4F4A-B61B-43DE64E07B29","Northern and Western","%",""
"ALF01C01","Annual employment rate","2022","2022","410","25 - 29 years","1","Male","20","Primary and lower secondary education (Levels 1-2)","97227605-23D5-4B98-BDB8-3EB5D0682A5A","Southern","%",""
"ALF01C01","Annual employment rate","2022","2022","410","25 - 29 years","1","Male","20","Primary and lower secondary education (Levels 1-2)","C32761EB-7A21-4B95-8C7A-DB195C2955CE","Eastern and Midland","%",""
"ALF01C01","Annual employment rate","2022","2022","410","25 - 29 years","1","Male","30","Upper secondary and post-secondary non-tertiary education (Levels 3 and 4)","IE0","Ireland","%","76.5"
"ALF01C01","Annual employment rate","2022","2022","410","25 - 29 years","1","Male","30","Upper secondary and post-secondary non-tertiary education (Levels 3 and 4)","811D29A4-1E05-4F4A-B61B-43DE64E07B29","Northern and Western","%",""
"ALF01C01","Annual employment rate","2022","2022","410","25 - 29 years","1","Male","30","Upper secondary and post-secondary non-tertiary education (Levels 3 and 4)","97227605-23D5-4B98-BDB8-3EB5D0682A5A","Southern","%","76"
"ALF01C01","Annual employment rate","2022","2022","410","25 - 29 years","1","Male","30","Upper secondary and post-secondary non-tertiary education (Levels 3 and 4)","C32761EB-7A21-4B95-8C7A-DB195C2955CE","Eastern and Midland","%","73.8"
"ALF01C01","Annual employment rate","2022","2022","410","25 - 29 years","1","Male","40","Tertiary education (Levels 5-8)","IE0","Ireland","%","92.9"
"ALF01C01","Annual employment rate","2022","2022","410","25 - 29 years","1","Male","40","Tertiary education (Levels 5-8)","811D29A4-1E05-4F4A-B61B-43DE64E07B29","Northern and Western","%",""
"ALF01C01","Annual employment rate","2022","2022","410","25 - 29 years","1","Male","40","Tertiary education (Levels 5-8)","97227605-23D5-4B98-BDB8-3EB5D0682A5A","Southern","%","93.4"
"ALF01C01","Annual employment rate","2022","2022","410","25 - 29 years","1","Male","40","Tertiary education (Levels 5-8)","C32761EB-7A21-4B95-8C7A-DB195C2955CE","Eastern and Midland","%","93.6"
"ALF01C01","Annual employment rate","2022","2022","410","25 - 29 years","1","Male","99","Level of education - not stated","IE0","Ireland","%",""
"ALF01C01","Annual employment rate","2022","2022","410","25 - 29 years","1","Male","99","Level of education - not stated","811D29A4-1E05-4F4A-B61B-43DE64E07B29","Northern and Western","%",""
"ALF01C01","Annual employment rate","2022","2022","410","25 - 29 years","1","Male","99","Level of education - not stated","97227605-23D5-4B98-BDB8-3EB5D0682A5A","Southern","%",""
"ALF01C01","Annual employment rate","2022","2022","410","25 - 29 years","1","Male","99","Level of education - not stated","C32761EB-7A21-4B95-8C7A-DB195C2955CE","Eastern and Midland","%",""
"ALF01C01","Annual employment rate","2022","2022","410","25 - 29 years","2","Female","-","Levels of Education (Levels  0-8)","IE0","Ireland","%","80.1"
"ALF01C01","Annual employment rate","2022","2022","410","25 - 29 years","2","Female","-","Levels of Education (Levels  0-8)","811D29A4-1E05-4F4A-B61B-43DE64E07B29","Northern and Western","%","79.9"
"ALF01C01","Annual employment rate","2022","2022","410","25 - 29 years","2","Female","-","Levels of Education (Levels  0-8)","97227605-23D5-4B98-BDB8-3EB5D0682A5A","Southern","%","80.6"
"ALF01C01","Annual employment rate","2022","2022","410","25 - 29 years","2","Female","-","Levels of Education (Levels  0-8)","C32761EB-7A21-4B95-8C7A-DB195C2955CE","Eastern and Midland","%","79.8"
"ALF01C01","Annual employment rate","2022","2022","410","25 - 29 years","2","Female","10","Less than primary (Level 0)","IE0","Ireland","%",""
"ALF01C01","Annual employment rate","2022","2022","410","25 - 29 years","2","Female","10","Less than primary (Level 0)","811D29A4-1E05-4F4A-B61B-43DE64E07B29","Northern and Western","%",""
"ALF01C01","Annual employment rate","2022","2022","410","25 - 29 years","2","Female","10","Less than primary (Level 0)","97227605-23D5-4B98-BDB8-3EB5D0682A5A","Southern","%",""
"ALF01C01","Annual employment rate","2022","2022","410","25 - 29 years","2","Female","10","Less than primary (Level 0)","C32761EB-7A21-4B95-8C7A-DB195C2955CE","Eastern and Midland","%",""
"ALF01C01","Annual employment rate","2022","2022","410","25 - 29 years","2","Female","20","Primary and lower secondary education (Levels 1-2)","IE0","Ireland","%",""
"ALF01C01","Annual employment rate","2022","2022","410","25 - 29 years","2","Female","20","Primary and lower secondary education (Levels 1-2)","811D29A4-1E05-4F4A-B61B-43DE64E07B29","Northern and Western","%",""
"ALF01C01","Annual employment rate","2022","2022","410","25 - 29 years","2","Female","20","Primary and lower secondary education (Levels 1-2)","97227605-23D5-4B98-BDB8-3EB5D0682A5A","Southern","%",""
"ALF01C01","Annual employment rate","2022","2022","410","25 - 29 years","2","Female","20","Primary and lower secondary education (Levels 1-2)","C32761EB-7A21-4B95-8C7A-DB195C2955CE","Eastern and Midland","%",""
"ALF01C01","Annual employment rate","2022","2022","410","25 - 29 years","2","Female","30","Upper secondary and post-secondary non-tertiary education (Levels 3 and 4)","IE0","Ireland","%","67.9"
"ALF01C01","Annual employment rate","2022","2022","410","25 - 29 years","2","Female","30","Upper secondary and post-secondary non-tertiary education (Levels 3 and 4)","811D29A4-1E05-4F4A-B61B-43DE64E07B29","Northern and Western","%",""
"ALF01C01","Annual employment rate","2022","2022","410","25 - 29 years","2","Female","30","Upper secondary and post-secondary non-tertiary education (Levels 3 and 4)","97227605-23D5-4B98-BDB8-3EB5D0682A5A","Southern","%",""
"ALF01C01","Annual employment rate","2022","2022","410","25 - 29 years","2","Female","30","Upper secondary and post-secondary non-tertiary education (Levels 3 and 4)","C32761EB-7A21-4B95-8C7A-DB195C2955CE","Eastern and Midland","%","64.3"
"ALF01C01","Annual employment rate","2022","2022","410","25 - 29 years","2","Female","40","Tertiary education (Levels 5-8)","IE0","Ireland","%","89.7"
"ALF01C01","Annual employment rate","2022","2022","410","25 - 29 years","2","Female","40","Tertiary education (Levels 5-8)","811D29A4-1E05-4F4A-B61B-43DE64E07B29","Northern and Western","%",""
"ALF01C01","Annual employment rate","2022","2022","410","25 - 29 years","2","Female","40","Tertiary education (Levels 5-8)","97227605-23D5-4B98-BDB8-3EB5D0682A5A","Southern","%","90.6"
"ALF01C01","Annual employment rate","2022","2022","410","25 - 29 years","2","Female","40","Tertiary education (Levels 5-8)","C32761EB-7A21-4B95-8C7A-DB195C2955CE","Eastern and Midland","%","89.3"
"ALF01C01","Annual employment rate","2022","2022","410","25 - 29 years","2","Female","99","Level of education - not stated","IE0","Ireland","%",""
"ALF01C01","Annual employment rate","2022","2022","410","25 - 29 years","2","Female","99","Level of education - not stated","811D29A4-1E05-4F4A-B61B-43DE64E07B29","Northern and Western","%",""
"ALF01C01","Annual employment rate","2022","2022","410","25 - 29 years","2","Female","99","Level of education - not stated","97227605-23D5-4B98-BDB8-3EB5D0682A5A","Southern","%",""
"ALF01C01","Annual employment rate","2022","2022","410","25 - 29 years","2","Female","99","Level of education - not stated","C32761EB-7A21-4B95-8C7A-DB195C2955CE","Eastern and Midland","%",""
"ALF01C01","Annual employment rate","2022","2022","440","30 - 34 years","-","Both sexes","-","Levels of Education (Levels  0-8)","IE0","Ireland","%","82.8"
"ALF01C01","Annual employment rate","2022","2022","440","30 - 34 years","-","Both sexes","-","Levels of Education (Levels  0-8)","811D29A4-1E05-4F4A-B61B-43DE64E07B29","Northern and Western","%","82.3"
"ALF01C01","Annual employment rate","2022","2022","440","30 - 34 years","-","Both sexes","-","Levels of Education (Levels  0-8)","97227605-23D5-4B98-BDB8-3EB5D0682A5A","Southern","%","80.3"
"ALF01C01","Annual employment rate","2022","2022","440","30 - 34 years","-","Both sexes","-","Levels of Education (Levels  0-8)","C32761EB-7A21-4B95-8C7A-DB195C2955CE","Eastern and Midland","%","84.2"
"ALF01C01","Annual employment rate","2022","2022","440","30 - 34 years","-","Both sexes","10","Less than primary (Level 0)","IE0","Ireland","%",""
"ALF01C01","Annual employment rate","2022","2022","440","30 - 34 years","-","Both sexes","10","Less than primary (Level 0)","811D29A4-1E05-4F4A-B61B-43DE64E07B29","Northern and Western","%",""
"ALF01C01","Annual employment rate","2022","2022","440","30 - 34 years","-","Both sexes","10","Less than primary (Level 0)","97227605-23D5-4B98-BDB8-3EB5D0682A5A","Southern","%",""
"ALF01C01","Annual employment rate","2022","2022","440","30 - 34 years","-","Both sexes","10","Less than primary (Level 0)","C32761EB-7A21-4B95-8C7A-DB195C2955CE","Eastern and Midland","%",""
"ALF01C01","Annual employment rate","2022","2022","440","30 - 34 years","-","Both sexes","20","Primary and lower secondary education (Levels 1-2)","IE0","Ireland","%",""
"ALF01C01","Annual employment rate","2022","2022","440","30 - 34 years","-","Both sexes","20","Primary and lower secondary education (Levels 1-2)","811D29A4-1E05-4F4A-B61B-43DE64E07B29","Northern and Western","%",""
"ALF01C01","Annual employment rate","2022","2022","440","30 - 34 years","-","Both sexes","20","Primary and lower secondary education (Levels 1-2)","97227605-23D5-4B98-BDB8-3EB5D0682A5A","Southern","%",""
"ALF01C01","Annual employment rate","2022","2022","440","30 - 34 years","-","Both sexes","20","Primary and lower secondary education (Levels 1-2)","C32761EB-7A21-4B95-8C7A-DB195C2955CE","Eastern and Midland","%",""
"ALF01C01","Annual employment rate","2022","2022","440","30 - 34 years","-","Both sexes","30","Upper secondary and post-secondary non-tertiary education (Levels 3 and 4)","IE0","Ireland","%","74.2"
"ALF01C01","Annual employment rate","2022","2022","440","30 - 34 years","-","Both sexes","30","Upper secondary and post-secondary non-tertiary education (Levels 3 and 4)","811D29A4-1E05-4F4A-B61B-43DE64E07B29","Northern and Western","%",""
"ALF01C01","Annual employment rate","2022","2022","440","30 - 34 years","-","Both sexes","30","Upper secondary and post-secondary non-tertiary education (Levels 3 and 4)","97227605-23D5-4B98-BDB8-3EB5D0682A5A","Southern","%","69.5"
"ALF01C01","Annual employment rate","2022","2022","440","30 - 34 years","-","Both sexes","30","Upper secondary and post-secondary non-tertiary education (Levels 3 and 4)","C32761EB-7A21-4B95-8C7A-DB195C2955CE","Eastern and Midland","%","78.5"
"ALF01C01","Annual employment rate","2022","2022","440","30 - 34 years","-","Both sexes","40","Tertiary education (Levels 5-8)","IE0","Ireland","%","90"
"ALF01C01","Annual employment rate","2022","2022","440","30 - 34 years","-","Both sexes","40","Tertiary education (Levels 5-8)","811D29A4-1E05-4F4A-B61B-43DE64E07B29","Northern and Western","%","94.6"
"ALF01C01","Annual employment rate","2022","2022","440","30 - 34 years","-","Both sexes","40","Tertiary education (Levels 5-8)","97227605-23D5-4B98-BDB8-3EB5D0682A5A","Southern","%","89.4"
"ALF01C01","Annual employment rate","2022","2022","440","30 - 34 years","-","Both sexes","40","Tertiary education (Levels 5-8)","C32761EB-7A21-4B95-8C7A-DB195C2955CE","Eastern and Midland","%","89"
"ALF01C01","Annual employment rate","2022","2022","440","30 - 34 years","-","Both sexes","99","Level of education - not stated","IE0","Ireland","%",""
"ALF01C01","Annual employment rate","2022","2022","440","30 - 34 years","-","Both sexes","99","Level of education - not stated","811D29A4-1E05-4F4A-B61B-43DE64E07B29","Northern and Western","%",""
"ALF01C01","Annual employment rate","2022","2022","440","30 - 34 years","-","Both sexes","99","Level of education - not stated","97227605-23D5-4B98-BDB8-3EB5D0682A5A","Southern","%",""
"ALF01C01","Annual employment rate","2022","2022","440","30 - 34 years","-","Both sexes","99","Level of education - not stated","C32761EB-7A21-4B95-8C7A-DB195C2955CE","Eastern and Midland","%",""
"ALF01C01","Annual employment rate","2022","2022","440","30 - 34 years","1","Male","-","Levels of Education (Levels  0-8)","IE0","Ireland","%","87.5"
"ALF01C01","Annual employment rate","2022","2022","440","30 - 34 years","1","Male","-","Levels of Education (Levels  0-8)","811D29A4-1E05-4F4A-B61B-43DE64E07B29","Northern and Western","%","81.5"
"ALF01C01","Annual employment rate","2022","2022","440","30 - 34 years","1","Male","-","Levels of Education (Levels  0-8)","97227605-23D5-4B98-BDB8-3EB5D0682A5A","Southern","%","88.7"
"ALF01C01","Annual employment rate","2022","2022","440","30 - 34 years","1","Male","-","Levels of Education (Levels  0-8)","C32761EB-7A21-4B95-8C7A-DB195C2955CE","Eastern and Midland","%","88.5"
"ALF01C01","Annual employment rate","2022","2022","440","30 - 34 years","1","Male","10","Less than primary (Level 0)","IE0","Ireland","%",""
"ALF01C01","Annual employment rate","2022","2022","440","30 - 34 years","1","Male","10","Less than primary (Level 0)","811D29A4-1E05-4F4A-B61B-43DE64E07B29","Northern and Western","%",""
"ALF01C01","Annual employment rate","2022","2022","440","30 - 34 years","1","Male","10","Less than primary (Level 0)","97227605-23D5-4B98-BDB8-3EB5D0682A5A","Southern","%",""
"ALF01C01","Annual employment rate","2022","2022","440","30 - 34 years","1","Male","10","Less than primary (Level 0)","C32761EB-7A21-4B95-8C7A-DB195C2955CE","Eastern and Midland","%",""
"ALF01C01","Annual employment rate","2022","2022","440","30 - 34 years","1","Male","20","Primary and lower secondary education (Levels 1-2)","IE0","Ireland","%",""
"ALF01C01","Annual employment rate","2022","2022","440","30 - 34 years","1","Male","20","Primary and lower secondary education (Levels 1-2)","811D29A4-1E05-4F4A-B61B-43DE64E07B29","Northern and Western","%",""
"ALF01C01","Annual employment rate","2022","2022","440","30 - 34 years","1","Male","20","Primary and lower secondary education (Levels 1-2)","97227605-23D5-4B98-BDB8-3EB5D0682A5A","Southern","%",""
"ALF01C01","Annual employment rate","2022","2022","440","30 - 34 years","1","Male","20","Primary and lower secondary education (Levels 1-2)","C32761EB-7A21-4B95-8C7A-DB195C2955CE","Eastern and Midland","%",""
"ALF01C01","Annual employment rate","2022","2022","440","30 - 34 years","1","Male","30","Upper secondary and post-secondary non-tertiary education (Levels 3 and 4)","IE0","Ireland","%","85.3"
"ALF01C01","Annual employment rate","2022","2022","440","30 - 34 years","1","Male","30","Upper secondary and post-secondary non-tertiary education (Levels 3 and 4)","811D29A4-1E05-4F4A-B61B-43DE64E07B29","Northern and Western","%",""
"ALF01C01","Annual employment rate","2022","2022","440","30 - 34 years","1","Male","30","Upper secondary and post-secondary non-tertiary education (Levels 3 and 4)","97227605-23D5-4B98-BDB8-3EB5D0682A5A","Southern","%","88"
"ALF01C01","Annual employment rate","2022","2022","440","30 - 34 years","1","Male","30","Upper secondary and post-secondary non-tertiary education (Levels 3 and 4)","C32761EB-7A21-4B95-8C7A-DB195C2955CE","Eastern and Midland","%","86.4"
"ALF01C01","Annual employment rate","2022","2022","440","30 - 34 years","1","Male","40","Tertiary education (Levels 5-8)","IE0","Ireland","%","92.2"
"ALF01C01","Annual employment rate","2022","2022","440","30 - 34 years","1","Male","40","Tertiary education (Levels 5-8)","811D29A4-1E05-4F4A-B61B-43DE64E07B29","Northern and Western","%","96.9"
"ALF01C01","Annual employment rate","2022","2022","440","30 - 34 years","1","Male","40","Tertiary education (Levels 5-8)","97227605-23D5-4B98-BDB8-3EB5D0682A5A","Southern","%","93.8"
"ALF01C01","Annual employment rate","2022","2022","440","30 - 34 years","1","Male","40","Tertiary education (Levels 5-8)","C32761EB-7A21-4B95-8C7A-DB195C2955CE","Eastern and Midland","%","90.2"
"ALF01C01","Annual employment rate","2022","2022","440","30 - 34 years","1","Male","99","Level of education - not stated","IE0","Ireland","%",""
"ALF01C01","Annual employment rate","2022","2022","440","30 - 34 years","1","Male","99","Level of education - not stated","811D29A4-1E05-4F4A-B61B-43DE64E07B29","Northern and Western","%",""
"ALF01C01","Annual employment rate","2022","2022","440","30 - 34 years","1","Male","99","Level of education - not stated","97227605-23D5-4B98-BDB8-3EB5D0682A5A","Southern","%",""
"ALF01C01","Annual employment rate","2022","2022","440","30 - 34 years","1","Male","99","Level of education - not stated","C32761EB-7A21-4B95-8C7A-DB195C2955CE","Eastern and Midland","%",""
"ALF01C01","Annual employment rate","2022","2022","440","30 - 34 years","2","Female","-","Levels of Education (Levels  0-8)","IE0","Ireland","%","78.3"
"ALF01C01","Annual employment rate","2022","2022","440","30 - 34 years","2","Female","-","Levels of Education (Levels  0-8)","811D29A4-1E05-4F4A-B61B-43DE64E07B29","Northern and Western","%","83"
"ALF01C01","Annual employment rate","2022","2022","440","30 - 34 years","2","Female","-","Levels of Education (Levels  0-8)","97227605-23D5-4B98-BDB8-3EB5D0682A5A","Southern","%","72.4"
"ALF01C01","Annual employment rate","2022","2022","440","30 - 34 years","2","Female","-","Levels of Education (Levels  0-8)","C32761EB-7A21-4B95-8C7A-DB195C2955CE","Eastern and Midland","%","80.2"
"ALF01C01","Annual employment rate","2022","2022","440","30 - 34 years","2","Female","10","Less than primary (Level 0)","IE0","Ireland","%",""
"ALF01C01","Annual employment rate","2022","2022","440","30 - 34 years","2","Female","10","Less than primary (Level 0)","811D29A4-1E05-4F4A-B61B-43DE64E07B29","Northern and Western","%",""
"ALF01C01","Annual employment rate","2022","2022","440","30 - 34 years","2","Female","10","Less than primary (Level 0)","97227605-23D5-4B98-BDB8-3EB5D0682A5A","Southern","%",""
"ALF01C01","Annual employment rate","2022","2022","440","30 - 34 years","2","Female","10","Less than primary (Level 0)","C32761EB-7A21-4B95-8C7A-DB195C2955CE","Eastern and Midland","%",""
"ALF01C01","Annual employment rate","2022","2022","440","30 - 34 years","2","Female","20","Primary and lower secondary education (Levels 1-2)","IE0","Ireland","%",""
"ALF01C01","Annual employment rate","2022","2022","440","30 - 34 years","2","Female","20","Primary and lower secondary education (Levels 1-2)","811D29A4-1E05-4F4A-B61B-43DE64E07B29","Northern and Western","%",""
"ALF01C01","Annual employment rate","2022","2022","440","30 - 34 years","2","Female","20","Primary and lower secondary education (Levels 1-2)","97227605-23D5-4B98-BDB8-3EB5D0682A5A","Southern","%",""
"ALF01C01","Annual employment rate","2022","2022","440","30 - 34 years","2","Female","20","Primary and lower secondary education (Levels 1-2)","C32761EB-7A21-4B95-8C7A-DB195C2955CE","Eastern and Midland","%",""
"ALF01C01","Annual employment rate","2022","2022","440","30 - 34 years","2","Female","30","Upper secondary and post-secondary non-tertiary education (Levels 3 and 4)","IE0","Ireland","%","63.7"
"ALF01C01","Annual employment rate","2022","2022","440","30 - 34 years","2","Female","30","Upper secondary and post-secondary non-tertiary education (Levels 3 and 4)","811D29A4-1E05-4F4A-B61B-43DE64E07B29","Northern and Western","%",""
"ALF01C01","Annual employment rate","2022","2022","440","30 - 34 years","2","Female","30","Upper secondary and post-secondary non-tertiary education (Levels 3 and 4)","97227605-23D5-4B98-BDB8-3EB5D0682A5A","Southern","%",""
"ALF01C01","Annual employment rate","2022","2022","440","30 - 34 years","2","Female","30","Upper secondary and post-secondary non-tertiary education (Levels 3 and 4)","C32761EB-7A21-4B95-8C7A-DB195C2955CE","Eastern and Midland","%","71.7"
"ALF01C01","Annual employment rate","2022","2022","440","30 - 34 years","2","Female","40","Tertiary education (Levels 5-8)","IE0","Ireland","%","88"
"ALF01C01","Annual employment rate","2022","2022","440","30 - 34 years","2","Female","40","Tertiary education (Levels 5-8)","811D29A4-1E05-4F4A-B61B-43DE64E07B29","Northern and Western","%","92.5"
"ALF01C01","Annual employment rate","2022","2022","440","30 - 34 years","2","Female","40","Tertiary education (Levels 5-8)","97227605-23D5-4B98-BDB8-3EB5D0682A5A","Southern","%","86.1"
"ALF01C01","Annual employment rate","2022","2022","440","30 - 34 years","2","Female","40","Tertiary education (Levels 5-8)","C32761EB-7A21-4B95-8C7A-DB195C2955CE","Eastern and Midland","%","87.9"
"ALF01C01","Annual employment rate","2022","2022","440","30 - 34 years","2","Female","99","Level of education - not stated","IE0","Ireland","%",""
"ALF01C01","Annual employment rate","2022","2022","440","30 - 34 years","2","Female","99","Level of education - not stated","811D29A4-1E05-4F4A-B61B-43DE64E07B29","Northern and Western","%",""
"ALF01C01","Annual employment rate","2022","2022","440","30 - 34 years","2","Female","99","Level of education - not stated","97227605-23D5-4B98-BDB8-3EB5D0682A5A","Southern","%",""
"ALF01C01","Annual employment rate","2022","2022","440","30 - 34 years","2","Female","99","Level of education - not stated","C32761EB-7A21-4B95-8C7A-DB195C2955CE","Eastern and Midland","%",""
"ALF01C01","Annual employment rate","2022","2022","460","35 - 39 years","-","Both sexes","-","Levels of Education (Levels  0-8)","IE0","Ireland","%","83.3"
"ALF01C01","Annual employment rate","2022","2022","460","35 - 39 years","-","Both sexes","-","Levels of Education (Levels  0-8)","811D29A4-1E05-4F4A-B61B-43DE64E07B29","Northern and Western","%","87.2"
"ALF01C01","Annual employment rate","2022","2022","460","35 - 39 years","-","Both sexes","-","Levels of Education (Levels  0-8)","97227605-23D5-4B98-BDB8-3EB5D0682A5A","Southern","%","80.9"
"ALF01C01","Annual employment rate","2022","2022","460","35 - 39 years","-","Both sexes","-","Levels of Education (Levels  0-8)","C32761EB-7A21-4B95-8C7A-DB195C2955CE","Eastern and Midland","%","83.6"
"ALF01C01","Annual employment rate","2022","2022","460","35 - 39 years","-","Both sexes","10","Less than primary (Level 0)","IE0","Ireland","%",""
"ALF01C01","Annual employment rate","2022","2022","460","35 - 39 years","-","Both sexes","10","Less than primary (Level 0)","811D29A4-1E05-4F4A-B61B-43DE64E07B29","Northern and Western","%",""
"ALF01C01","Annual employment rate","2022","2022","460","35 - 39 years","-","Both sexes","10","Less than primary (Level 0)","97227605-23D5-4B98-BDB8-3EB5D0682A5A","Southern","%",""
"ALF01C01","Annual employment rate","2022","2022","460","35 - 39 years","-","Both sexes","10","Less than primary (Level 0)","C32761EB-7A21-4B95-8C7A-DB195C2955CE","Eastern and Midland","%",""
"ALF01C01","Annual employment rate","2022","2022","460","35 - 39 years","-","Both sexes","20","Primary and lower secondary education (Levels 1-2)","IE0","Ireland","%","58.7"
"ALF01C01","Annual employment rate","2022","2022","460","35 - 39 years","-","Both sexes","20","Primary and lower secondary education (Levels 1-2)","811D29A4-1E05-4F4A-B61B-43DE64E07B29","Northern and Western","%",""
"ALF01C01","Annual employment rate","2022","2022","460","35 - 39 years","-","Both sexes","20","Primary and lower secondary education (Levels 1-2)","97227605-23D5-4B98-BDB8-3EB5D0682A5A","Southern","%",""
"ALF01C01","Annual employment rate","2022","2022","460","35 - 39 years","-","Both sexes","20","Primary and lower secondary education (Levels 1-2)","C32761EB-7A21-4B95-8C7A-DB195C2955CE","Eastern and Midland","%",""
"ALF01C01","Annual employment rate","2022","2022","460","35 - 39 years","-","Both sexes","30","Upper secondary and post-secondary non-tertiary education (Levels 3 and 4)","IE0","Ireland","%","79"
"ALF01C01","Annual employment rate","2022","2022","460","35 - 39 years","-","Both sexes","30","Upper secondary and post-secondary non-tertiary education (Levels 3 and 4)","811D29A4-1E05-4F4A-B61B-43DE64E07B29","Northern and Western","%","88.3"
"ALF01C01","Annual employment rate","2022","2022","460","35 - 39 years","-","Both sexes","30","Upper secondary and post-secondary non-tertiary education (Levels 3 and 4)","97227605-23D5-4B98-BDB8-3EB5D0682A5A","Southern","%","73.5"
"ALF01C01","Annual employment rate","2022","2022","460","35 - 39 years","-","Both sexes","30","Upper secondary and post-secondary non-tertiary education (Levels 3 and 4)","C32761EB-7A21-4B95-8C7A-DB195C2955CE","Eastern and Midland","%","79"
"ALF01C01","Annual employment rate","2022","2022","460","35 - 39 years","-","Both sexes","40","Tertiary education (Levels 5-8)","IE0","Ireland","%","88.7"
"ALF01C01","Annual employment rate","2022","2022","460","35 - 39 years","-","Both sexes","40","Tertiary education (Levels 5-8)","811D29A4-1E05-4F4A-B61B-43DE64E07B29","Northern and Western","%","89"
"ALF01C01","Annual employment rate","2022","2022","460","35 - 39 years","-","Both sexes","40","Tertiary education (Levels 5-8)","97227605-23D5-4B98-BDB8-3EB5D0682A5A","Southern","%","88.1"
"ALF01C01","Annual employment rate","2022","2022","460","35 - 39 years","-","Both sexes","40","Tertiary education (Levels 5-8)","C32761EB-7A21-4B95-8C7A-DB195C2955CE","Eastern and Midland","%","89"
"ALF01C01","Annual employment rate","2022","2022","460","35 - 39 years","-","Both sexes","99","Level of education - not stated","IE0","Ireland","%",""
"ALF01C01","Annual employment rate","2022","2022","460","35 - 39 years","-","Both sexes","99","Level of education - not stated","811D29A4-1E05-4F4A-B61B-43DE64E07B29","Northern and Western","%",""
"ALF01C01","Annual employment rate","2022","2022","460","35 - 39 years","-","Both sexes","99","Level of education - not stated","97227605-23D5-4B98-BDB8-3EB5D0682A5A","Southern","%",""
"ALF01C01","Annual employment rate","2022","2022","460","35 - 39 years","-","Both sexes","99","Level of education - not stated","C32761EB-7A21-4B95-8C7A-DB195C2955CE","Eastern and Midland","%",""
"ALF01C01","Annual employment rate","2022","2022","460","35 - 39 years","1","Male","-","Levels of Education (Levels  0-8)","IE0","Ireland","%","91"
"ALF01C01","Annual employment rate","2022","2022","460","35 - 39 years","1","Male","-","Levels of Education (Levels  0-8)","811D29A4-1E05-4F4A-B61B-43DE64E07B29","Northern and Western","%","95"
"ALF01C01","Annual employment rate","2022","2022","460","35 - 39 years","1","Male","-","Levels of Education (Levels  0-8)","97227605-23D5-4B98-BDB8-3EB5D0682A5A","Southern","%","90.4"
"ALF01C01","Annual employment rate","2022","2022","460","35 - 39 years","1","Male","-","Levels of Education (Levels  0-8)","C32761EB-7A21-4B95-8C7A-DB195C2955CE","Eastern and Midland","%","90.2"
"ALF01C01","Annual employment rate","2022","2022","460","35 - 39 years","1","Male","10","Less than primary (Level 0)","IE0","Ireland","%",""
"ALF01C01","Annual employment rate","2022","2022","460","35 - 39 years","1","Male","10","Less than primary (Level 0)","811D29A4-1E05-4F4A-B61B-43DE64E07B29","Northern and Western","%",""
"ALF01C01","Annual employment rate","2022","2022","460","35 - 39 years","1","Male","10","Less than primary (Level 0)","97227605-23D5-4B98-BDB8-3EB5D0682A5A","Southern","%",""
"ALF01C01","Annual employment rate","2022","2022","460","35 - 39 years","1","Male","10","Less than primary (Level 0)","C32761EB-7A21-4B95-8C7A-DB195C2955CE","Eastern and Midland","%",""
"ALF01C01","Annual employment rate","2022","2022","460","35 - 39 years","1","Male","20","Primary and lower secondary education (Levels 1-2)","IE0","Ireland","%","75.3"
"ALF01C01","Annual employment rate","2022","2022","460","35 - 39 years","1","Male","20","Primary and lower secondary education (Levels 1-2)","811D29A4-1E05-4F4A-B61B-43DE64E07B29","Northern and Western","%",""
"ALF01C01","Annual employment rate","2022","2022","460","35 - 39 years","1","Male","20","Primary and lower secondary education (Levels 1-2)","97227605-23D5-4B98-BDB8-3EB5D0682A5A","Southern","%",""
"ALF01C01","Annual employment rate","2022","2022","460","35 - 39 years","1","Male","20","Primary and lower secondary education (Levels 1-2)","C32761EB-7A21-4B95-8C7A-DB195C2955CE","Eastern and Midland","%",""
"ALF01C01","Annual employment rate","2022","2022","460","35 - 39 years","1","Male","30","Upper secondary and post-secondary non-tertiary education (Levels 3 and 4)","IE0","Ireland","%","90"
"ALF01C01","Annual employment rate","2022","2022","460","35 - 39 years","1","Male","30","Upper secondary and post-secondary non-tertiary education (Levels 3 and 4)","811D29A4-1E05-4F4A-B61B-43DE64E07B29","Northern and Western","%",""
"ALF01C01","Annual employment rate","2022","2022","460","35 - 39 years","1","Male","30","Upper secondary and post-secondary non-tertiary education (Levels 3 and 4)","97227605-23D5-4B98-BDB8-3EB5D0682A5A","Southern","%","87.1"
"ALF01C01","Annual employment rate","2022","2022","460","35 - 39 years","1","Male","30","Upper secondary and post-secondary non-tertiary education (Levels 3 and 4)","C32761EB-7A21-4B95-8C7A-DB195C2955CE","Eastern and Midland","%","91.9"
"ALF01C01","Annual employment rate","2022","2022","460","35 - 39 years","1","Male","40","Tertiary education (Levels 5-8)","IE0","Ireland","%","94.9"
"ALF01C01","Annual employment rate","2022","2022","460","35 - 39 years","1","Male","40","Tertiary education (Levels 5-8)","811D29A4-1E05-4F4A-B61B-43DE64E07B29","Northern and Western","%","100"
"ALF01C01","Annual employment rate","2022","2022","460","35 - 39 years","1","Male","40","Tertiary education (Levels 5-8)","97227605-23D5-4B98-BDB8-3EB5D0682A5A","Southern","%","94.3"
"ALF01C01","Annual employment rate","2022","2022","460","35 - 39 years","1","Male","40","Tertiary education (Levels 5-8)","C32761EB-7A21-4B95-8C7A-DB195C2955CE","Eastern and Midland","%","93.9"
"ALF01C01","Annual employment rate","2022","2022","460","35 - 39 years","1","Male","99","Level of education - not stated","IE0","Ireland","%",""
"ALF01C01","Annual employment rate","2022","2022","460","35 - 39 years","1","Male","99","Level of education - not stated","811D29A4-1E05-4F4A-B61B-43DE64E07B29","Northern and Western","%",""
"ALF01C01","Annual employment rate","2022","2022","460","35 - 39 years","1","Male","99","Level of education - not stated","97227605-23D5-4B98-BDB8-3EB5D0682A5A","Southern","%",""
"ALF01C01","Annual employment rate","2022","2022","460","35 - 39 years","1","Male","99","Level of education - not stated","C32761EB-7A21-4B95-8C7A-DB195C2955CE","Eastern and Midland","%",""
"ALF01C01","Annual employment rate","2022","2022","460","35 - 39 years","2","Female","-","Levels of Education (Levels  0-8)","IE0","Ireland","%","76.3"
"ALF01C01","Annual employment rate","2022","2022","460","35 - 39 years","2","Female","-","Levels of Education (Levels  0-8)","811D29A4-1E05-4F4A-B61B-43DE64E07B29","Northern and Western","%","80.3"
"ALF01C01","Annual employment rate","2022","2022","460","35 - 39 years","2","Female","-","Levels of Education (Levels  0-8)","97227605-23D5-4B98-BDB8-3EB5D0682A5A","Southern","%","72.4"
"ALF01C01","Annual employment rate","2022","2022","460","35 - 39 years","2","Female","-","Levels of Education (Levels  0-8)","C32761EB-7A21-4B95-8C7A-DB195C2955CE","Eastern and Midland","%","77.4"
"ALF01C01","Annual employment rate","2022","2022","460","35 - 39 years","2","Female","10","Less than primary (Level 0)","IE0","Ireland","%",""
"ALF01C01","Annual employment rate","2022","2022","460","35 - 39 years","2","Female","10","Less than primary (Level 0)","811D29A4-1E05-4F4A-B61B-43DE64E07B29","Northern and Western","%",""
"ALF01C01","Annual employment rate","2022","2022","460","35 - 39 years","2","Female","10","Less than primary (Level 0)","97227605-23D5-4B98-BDB8-3EB5D0682A5A","Southern","%",""
"ALF01C01","Annual employment rate","2022","2022","460","35 - 39 years","2","Female","10","Less than primary (Level 0)","C32761EB-7A21-4B95-8C7A-DB195C2955CE","Eastern and Midland","%",""
"ALF01C01","Annual employment rate","2022","2022","460","35 - 39 years","2","Female","20","Primary and lower secondary education (Levels 1-2)","IE0","Ireland","%",""
"ALF01C01","Annual employment rate","2022","2022","460","35 - 39 years","2","Female","20","Primary and lower secondary education (Levels 1-2)","811D29A4-1E05-4F4A-B61B-43DE64E07B29","Northern and Western","%",""
"ALF01C01","Annual employment rate","2022","2022","460","35 - 39 years","2","Female","20","Primary and lower secondary education (Levels 1-2)","97227605-23D5-4B98-BDB8-3EB5D0682A5A","Southern","%",""
"ALF01C01","Annual employment rate","2022","2022","460","35 - 39 years","2","Female","20","Primary and lower secondary education (Levels 1-2)","C32761EB-7A21-4B95-8C7A-DB195C2955CE","Eastern and Midland","%",""
"ALF01C01","Annual employment rate","2022","2022","460","35 - 39 years","2","Female","30","Upper secondary and post-secondary non-tertiary education (Levels 3 and 4)","IE0","Ireland","%","67.1"
"ALF01C01","Annual employment rate","2022","2022","460","35 - 39 years","2","Female","30","Upper secondary and post-secondary non-tertiary education (Levels 3 and 4)","811D29A4-1E05-4F4A-B61B-43DE64E07B29","Northern and Western","%",""
"ALF01C01","Annual employment rate","2022","2022","460","35 - 39 years","2","Female","30","Upper secondary and post-secondary non-tertiary education (Levels 3 and 4)","97227605-23D5-4B98-BDB8-3EB5D0682A5A","Southern","%","59"
"ALF01C01","Annual employment rate","2022","2022","460","35 - 39 years","2","Female","30","Upper secondary and post-secondary non-tertiary education (Levels 3 and 4)","C32761EB-7A21-4B95-8C7A-DB195C2955CE","Eastern and Midland","%","65"
"ALF01C01","Annual employment rate","2022","2022","460","35 - 39 years","2","Female","40","Tertiary education (Levels 5-8)","IE0","Ireland","%","84"
"ALF01C01","Annual employment rate","2022","2022","460","35 - 39 years","2","Female","40","Tertiary education (Levels 5-8)","811D29A4-1E05-4F4A-B61B-43DE64E07B29","Northern and Western","%","81.3"
"ALF01C01","Annual employment rate","2022","2022","460","35 - 39 years","2","Female","40","Tertiary education (Levels 5-8)","97227605-23D5-4B98-BDB8-3EB5D0682A5A","Southern","%","83.2"
"ALF01C01","Annual employment rate","2022","2022","460","35 - 39 years","2","Female","40","Tertiary education (Levels 5-8)","C32761EB-7A21-4B95-8C7A-DB195C2955CE","Eastern and Midland","%","85.1"
"ALF01C01","Annual employment rate","2022","2022","460","35 - 39 years","2","Female","99","Level of education - not stated","IE0","Ireland","%",""
"ALF01C01","Annual employment rate","2022","2022","460","35 - 39 years","2","Female","99","Level of education - not stated","811D29A4-1E05-4F4A-B61B-43DE64E07B29","Northern and Western","%",""
"ALF01C01","Annual employment rate","2022","2022","460","35 - 39 years","2","Female","99","Level of education - not stated","97227605-23D5-4B98-BDB8-3EB5D0682A5A","Southern","%",""
"ALF01C01","Annual employment rate","2022","2022","460","35 - 39 years","2","Female","99","Level of education - not stated","C32761EB-7A21-4B95-8C7A-DB195C2955CE","Eastern and Midland","%",""
"ALF01C01","Annual employment rate","2022","2022","475","40 - 44 years","-","Both sexes","-","Levels of Education (Levels  0-8)","IE0","Ireland","%","84.4"
"ALF01C01","Annual employment rate","2022","2022","475","40 - 44 years","-","Both sexes","-","Levels of Education (Levels  0-8)","811D29A4-1E05-4F4A-B61B-43DE64E07B29","Northern and Western","%","86.4"
"ALF01C01","Annual employment rate","2022","2022","475","40 - 44 years","-","Both sexes","-","Levels of Education (Levels  0-8)","97227605-23D5-4B98-BDB8-3EB5D0682A5A","Southern","%","83"
"ALF01C01","Annual employment rate","2022","2022","475","40 - 44 years","-","Both sexes","-","Levels of Education (Levels  0-8)","C32761EB-7A21-4B95-8C7A-DB195C2955CE","Eastern and Midland","%","84.6"
"ALF01C01","Annual employment rate","2022","2022","475","40 - 44 years","-","Both sexes","10","Less than primary (Level 0)","IE0","Ireland","%",""
"ALF01C01","Annual employment rate","2022","2022","475","40 - 44 years","-","Both sexes","10","Less than primary (Level 0)","811D29A4-1E05-4F4A-B61B-43DE64E07B29","Northern and Western","%",""
"ALF01C01","Annual employment rate","2022","2022","475","40 - 44 years","-","Both sexes","10","Less than primary (Level 0)","97227605-23D5-4B98-BDB8-3EB5D0682A5A","Southern","%",""
"ALF01C01","Annual employment rate","2022","2022","475","40 - 44 years","-","Both sexes","10","Less than primary (Level 0)","C32761EB-7A21-4B95-8C7A-DB195C2955CE","Eastern and Midland","%",""
"ALF01C01","Annual employment rate","2022","2022","475","40 - 44 years","-","Both sexes","20","Primary and lower secondary education (Levels 1-2)","IE0","Ireland","%","59.8"
"ALF01C01","Annual employment rate","2022","2022","475","40 - 44 years","-","Both sexes","20","Primary and lower secondary education (Levels 1-2)","811D29A4-1E05-4F4A-B61B-43DE64E07B29","Northern and Western","%",""
"ALF01C01","Annual employment rate","2022","2022","475","40 - 44 years","-","Both sexes","20","Primary and lower secondary education (Levels 1-2)","97227605-23D5-4B98-BDB8-3EB5D0682A5A","Southern","%",""
"ALF01C01","Annual employment rate","2022","2022","475","40 - 44 years","-","Both sexes","20","Primary and lower secondary education (Levels 1-2)","C32761EB-7A21-4B95-8C7A-DB195C2955CE","Eastern and Midland","%","64.4"
"ALF01C01","Annual employment rate","2022","2022","475","40 - 44 years","-","Both sexes","30","Upper secondary and post-secondary non-tertiary education (Levels 3 and 4)","IE0","Ireland","%","79.8"
"ALF01C01","Annual employment rate","2022","2022","475","40 - 44 years","-","Both sexes","30","Upper secondary and post-secondary non-tertiary education (Levels 3 and 4)","811D29A4-1E05-4F4A-B61B-43DE64E07B29","Northern and Western","%","88"
"ALF01C01","Annual employment rate","2022","2022","475","40 - 44 years","-","Both sexes","30","Upper secondary and post-secondary non-tertiary education (Levels 3 and 4)","97227605-23D5-4B98-BDB8-3EB5D0682A5A","Southern","%","78.5"
"ALF01C01","Annual employment rate","2022","2022","475","40 - 44 years","-","Both sexes","30","Upper secondary and post-secondary non-tertiary education (Levels 3 and 4)","C32761EB-7A21-4B95-8C7A-DB195C2955CE","Eastern and Midland","%","77.3"
"ALF01C01","Annual employment rate","2022","2022","475","40 - 44 years","-","Both sexes","40","Tertiary education (Levels 5-8)","IE0","Ireland","%","89.8"
"ALF01C01","Annual employment rate","2022","2022","475","40 - 44 years","-","Both sexes","40","Tertiary education (Levels 5-8)","811D29A4-1E05-4F4A-B61B-43DE64E07B29","Northern and Western","%","89.3"
"ALF01C01","Annual employment rate","2022","2022","475","40 - 44 years","-","Both sexes","40","Tertiary education (Levels 5-8)","97227605-23D5-4B98-BDB8-3EB5D0682A5A","Southern","%","89.8"
"ALF01C01","Annual employment rate","2022","2022","475","40 - 44 years","-","Both sexes","40","Tertiary education (Levels 5-8)","C32761EB-7A21-4B95-8C7A-DB195C2955CE","Eastern and Midland","%","89.9"
"ALF01C01","Annual employment rate","2022","2022","475","40 - 44 years","-","Both sexes","99","Level of education - not stated","IE0","Ireland","%",""
"ALF01C01","Annual employment rate","2022","2022","475","40 - 44 years","-","Both sexes","99","Level of education - not stated","811D29A4-1E05-4F4A-B61B-43DE64E07B29","Northern and Western","%",""
"ALF01C01","Annual employment rate","2022","2022","475","40 - 44 years","-","Both sexes","99","Level of education - not stated","97227605-23D5-4B98-BDB8-3EB5D0682A5A","Southern","%",""
"ALF01C01","Annual employment rate","2022","2022","475","40 - 44 years","-","Both sexes","99","Level of education - not stated","C32761EB-7A21-4B95-8C7A-DB195C2955CE","Eastern and Midland","%",""
"ALF01C01","Annual employment rate","2022","2022","475","40 - 44 years","1","Male","-","Levels of Education (Levels  0-8)","IE0","Ireland","%","91.1"
"ALF01C01","Annual employment rate","2022","2022","475","40 - 44 years","1","Male","-","Levels of Education (Levels  0-8)","811D29A4-1E05-4F4A-B61B-43DE64E07B29","Northern and Western","%","89.7"
"ALF01C01","Annual employment rate","2022","2022","475","40 - 44 years","1","Male","-","Levels of Education (Levels  0-8)","97227605-23D5-4B98-BDB8-3EB5D0682A5A","Southern","%","89.1"
"ALF01C01","Annual employment rate","2022","2022","475","40 - 44 years","1","Male","-","Levels of Education (Levels  0-8)","C32761EB-7A21-4B95-8C7A-DB195C2955CE","Eastern and Midland","%","92.9"
"ALF01C01","Annual employment rate","2022","2022","475","40 - 44 years","1","Male","10","Less than primary (Level 0)","IE0","Ireland","%",""
"ALF01C01","Annual employment rate","2022","2022","475","40 - 44 years","1","Male","10","Less than primary (Level 0)","811D29A4-1E05-4F4A-B61B-43DE64E07B29","Northern and Western","%",""
"ALF01C01","Annual employment rate","2022","2022","475","40 - 44 years","1","Male","10","Less than primary (Level 0)","97227605-23D5-4B98-BDB8-3EB5D0682A5A","Southern","%",""
"ALF01C01","Annual employment rate","2022","2022","475","40 - 44 years","1","Male","10","Less than primary (Level 0)","C32761EB-7A21-4B95-8C7A-DB195C2955CE","Eastern and Midland","%",""
"ALF01C01","Annual employment rate","2022","2022","475","40 - 44 years","1","Male","20","Primary and lower secondary education (Levels 1-2)","IE0","Ireland","%","66"
"ALF01C01","Annual employment rate","2022","2022","475","40 - 44 years","1","Male","20","Primary and lower secondary education (Levels 1-2)","811D29A4-1E05-4F4A-B61B-43DE64E07B29","Northern and Western","%",""
"ALF01C01","Annual employment rate","2022","2022","475","40 - 44 years","1","Male","20","Primary and lower secondary education (Levels 1-2)","97227605-23D5-4B98-BDB8-3EB5D0682A5A","Southern","%",""
"ALF01C01","Annual employment rate","2022","2022","475","40 - 44 years","1","Male","20","Primary and lower secondary education (Levels 1-2)","C32761EB-7A21-4B95-8C7A-DB195C2955CE","Eastern and Midland","%",""
"ALF01C01","Annual employment rate","2022","2022","475","40 - 44 years","1","Male","30","Upper secondary and post-secondary non-tertiary education (Levels 3 and 4)","IE0","Ireland","%","89.9"
"ALF01C01","Annual employment rate","2022","2022","475","40 - 44 years","1","Male","30","Upper secondary and post-secondary non-tertiary education (Levels 3 and 4)","811D29A4-1E05-4F4A-B61B-43DE64E07B29","Northern and Western","%","91.2"
"ALF01C01","Annual employment rate","2022","2022","475","40 - 44 years","1","Male","30","Upper secondary and post-secondary non-tertiary education (Levels 3 and 4)","97227605-23D5-4B98-BDB8-3EB5D0682A5A","Southern","%","86.8"
"ALF01C01","Annual employment rate","2022","2022","475","40 - 44 years","1","Male","30","Upper secondary and post-secondary non-tertiary education (Levels 3 and 4)","C32761EB-7A21-4B95-8C7A-DB195C2955CE","Eastern and Midland","%","92"
"ALF01C01","Annual employment rate","2022","2022","475","40 - 44 years","1","Male","40","Tertiary education (Levels 5-8)","IE0","Ireland","%","95.8"
"ALF01C01","Annual employment rate","2022","2022","475","40 - 44 years","1","Male","40","Tertiary education (Levels 5-8)","811D29A4-1E05-4F4A-B61B-43DE64E07B29","Northern and Western","%","94.2"
"ALF01C01","Annual employment rate","2022","2022","475","40 - 44 years","1","Male","40","Tertiary education (Levels 5-8)","97227605-23D5-4B98-BDB8-3EB5D0682A5A","Southern","%","95.9"
"ALF01C01","Annual employment rate","2022","2022","475","40 - 44 years","1","Male","40","Tertiary education (Levels 5-8)","C32761EB-7A21-4B95-8C7A-DB195C2955CE","Eastern and Midland","%","96.2"
"ALF01C01","Annual employment rate","2022","2022","475","40 - 44 years","1","Male","99","Level of education - not stated","IE0","Ireland","%",""
"ALF01C01","Annual employment rate","2022","2022","475","40 - 44 years","1","Male","99","Level of education - not stated","811D29A4-1E05-4F4A-B61B-43DE64E07B29","Northern and Western","%",""
"ALF01C01","Annual employment rate","2022","2022","475","40 - 44 years","1","Male","99","Level of education - not stated","97227605-23D5-4B98-BDB8-3EB5D0682A5A","Southern","%",""
"ALF01C01","Annual employment rate","2022","2022","475","40 - 44 years","1","Male","99","Level of education - not stated","C32761EB-7A21-4B95-8C7A-DB195C2955CE","Eastern and Midland","%",""
"ALF01C01","Annual employment rate","2022","2022","475","40 - 44 years","2","Female","-","Levels of Education (Levels  0-8)","IE0","Ireland","%","78"
"ALF01C01","Annual employment rate","2022","2022","475","40 - 44 years","2","Female","-","Levels of Education (Levels  0-8)","811D29A4-1E05-4F4A-B61B-43DE64E07B29","Northern and Western","%","83.3"
"ALF01C01","Annual employment rate","2022","2022","475","40 - 44 years","2","Female","-","Levels of Education (Levels  0-8)","97227605-23D5-4B98-BDB8-3EB5D0682A5A","Southern","%","77.3"
"ALF01C01","Annual employment rate","2022","2022","475","40 - 44 years","2","Female","-","Levels of Education (Levels  0-8)","C32761EB-7A21-4B95-8C7A-DB195C2955CE","Eastern and Midland","%","76.7"
"ALF01C01","Annual employment rate","2022","2022","475","40 - 44 years","2","Female","10","Less than primary (Level 0)","IE0","Ireland","%",""
"ALF01C01","Annual employment rate","2022","2022","475","40 - 44 years","2","Female","10","Less than primary (Level 0)","811D29A4-1E05-4F4A-B61B-43DE64E07B29","Northern and Western","%",""
"ALF01C01","Annual employment rate","2022","2022","475","40 - 44 years","2","Female","10","Less than primary (Level 0)","97227605-23D5-4B98-BDB8-3EB5D0682A5A","Southern","%",""
"ALF01C01","Annual employment rate","2022","2022","475","40 - 44 years","2","Female","10","Less than primary (Level 0)","C32761EB-7A21-4B95-8C7A-DB195C2955CE","Eastern and Midland","%",""
"ALF01C01","Annual employment rate","2022","2022","475","40 - 44 years","2","Female","20","Primary and lower secondary education (Levels 1-2)","IE0","Ireland","%",""
"ALF01C01","Annual employment rate","2022","2022","475","40 - 44 years","2","Female","20","Primary and lower secondary education (Levels 1-2)","811D29A4-1E05-4F4A-B61B-43DE64E07B29","Northern and Western","%",""
"ALF01C01","Annual employment rate","2022","2022","475","40 - 44 years","2","Female","20","Primary and lower secondary education (Levels 1-2)","97227605-23D5-4B98-BDB8-3EB5D0682A5A","Southern","%",""
"ALF01C01","Annual employment rate","2022","2022","475","40 - 44 years","2","Female","20","Primary and lower secondary education (Levels 1-2)","C32761EB-7A21-4B95-8C7A-DB195C2955CE","Eastern and Midland","%",""
"ALF01C01","Annual employment rate","2022","2022","475","40 - 44 years","2","Female","30","Upper secondary and post-secondary non-tertiary education (Levels 3 and 4)","IE0","Ireland","%","67.8"
"ALF01C01","Annual employment rate","2022","2022","475","40 - 44 years","2","Female","30","Upper secondary and post-secondary non-tertiary education (Levels 3 and 4)","811D29A4-1E05-4F4A-B61B-43DE64E07B29","Northern and Western","%","84.5"
"ALF01C01","Annual employment rate","2022","2022","475","40 - 44 years","2","Female","30","Upper secondary and post-secondary non-tertiary education (Levels 3 and 4)","97227605-23D5-4B98-BDB8-3EB5D0682A5A","Southern","%","67.5"
"ALF01C01","Annual employment rate","2022","2022","475","40 - 44 years","2","Female","30","Upper secondary and post-secondary non-tertiary education (Levels 3 and 4)","C32761EB-7A21-4B95-8C7A-DB195C2955CE","Eastern and Midland","%","60.6"
"ALF01C01","Annual employment rate","2022","2022","475","40 - 44 years","2","Female","40","Tertiary education (Levels 5-8)","IE0","Ireland","%","85"
"ALF01C01","Annual employment rate","2022","2022","475","40 - 44 years","2","Female","40","Tertiary education (Levels 5-8)","811D29A4-1E05-4F4A-B61B-43DE64E07B29","Northern and Western","%","85.9"
"ALF01C01","Annual employment rate","2022","2022","475","40 - 44 years","2","Female","40","Tertiary education (Levels 5-8)","97227605-23D5-4B98-BDB8-3EB5D0682A5A","Southern","%","85.2"
"ALF01C01","Annual employment rate","2022","2022","475","40 - 44 years","2","Female","40","Tertiary education (Levels 5-8)","C32761EB-7A21-4B95-8C7A-DB195C2955CE","Eastern and Midland","%","84.6"
"ALF01C01","Annual employment rate","2022","2022","475","40 - 44 years","2","Female","99","Level of education - not stated","IE0","Ireland","%",""
"ALF01C01","Annual employment rate","2022","2022","475","40 - 44 years","2","Female","99","Level of education - not stated","811D29A4-1E05-4F4A-B61B-43DE64E07B29","Northern and Western","%",""
"ALF01C01","Annual employment rate","2022","2022","475","40 - 44 years","2","Female","99","Level of education - not stated","97227605-23D5-4B98-BDB8-3EB5D0682A5A","Southern","%",""
"ALF01C01","Annual employment rate","2022","2022","475","40 - 44 years","2","Female","99","Level of education - not stated","C32761EB-7A21-4B95-8C7A-DB195C2955CE","Eastern and Midland","%",""
"ALF01C01","Annual employment rate","2022","2022","495","45 - 49 years","-","Both sexes","-","Levels of Education (Levels  0-8)","IE0","Ireland","%","82.7"
"ALF01C01","Annual employment rate","2022","2022","495","45 - 49 years","-","Both sexes","-","Levels of Education (Levels  0-8)","811D29A4-1E05-4F4A-B61B-43DE64E07B29","Northern and Western","%","80.8"
"ALF01C01","Annual employment rate","2022","2022","495","45 - 49 years","-","Both sexes","-","Levels of Education (Levels  0-8)","97227605-23D5-4B98-BDB8-3EB5D0682A5A","Southern","%","82.5"
"ALF01C01","Annual employment rate","2022","2022","495","45 - 49 years","-","Both sexes","-","Levels of Education (Levels  0-8)","C32761EB-7A21-4B95-8C7A-DB195C2955CE","Eastern and Midland","%","83.6"
"ALF01C01","Annual employment rate","2022","2022","495","45 - 49 years","-","Both sexes","10","Less than primary (Level 0)","IE0","Ireland","%",""
"ALF01C01","Annual employment rate","2022","2022","495","45 - 49 years","-","Both sexes","10","Less than primary (Level 0)","811D29A4-1E05-4F4A-B61B-43DE64E07B29","Northern and Western","%",""
"ALF01C01","Annual employment rate","2022","2022","495","45 - 49 years","-","Both sexes","10","Less than primary (Level 0)","97227605-23D5-4B98-BDB8-3EB5D0682A5A","Southern","%",""
"ALF01C01","Annual employment rate","2022","2022","495","45 - 49 years","-","Both sexes","10","Less than primary (Level 0)","C32761EB-7A21-4B95-8C7A-DB195C2955CE","Eastern and Midland","%",""
"ALF01C01","Annual employment rate","2022","2022","495","45 - 49 years","-","Both sexes","20","Primary and lower secondary education (Levels 1-2)","IE0","Ireland","%","45.6"
"ALF01C01","Annual employment rate","2022","2022","495","45 - 49 years","-","Both sexes","20","Primary and lower secondary education (Levels 1-2)","811D29A4-1E05-4F4A-B61B-43DE64E07B29","Northern and Western","%",""
"ALF01C01","Annual employment rate","2022","2022","495","45 - 49 years","-","Both sexes","20","Primary and lower secondary education (Levels 1-2)","97227605-23D5-4B98-BDB8-3EB5D0682A5A","Southern","%",""
"ALF01C01","Annual employment rate","2022","2022","495","45 - 49 years","-","Both sexes","20","Primary and lower secondary education (Levels 1-2)","C32761EB-7A21-4B95-8C7A-DB195C2955CE","Eastern and Midland","%","46"
"ALF01C01","Annual employment rate","2022","2022","495","45 - 49 years","-","Both sexes","30","Upper secondary and post-secondary non-tertiary education (Levels 3 and 4)","IE0","Ireland","%","84.4"
"ALF01C01","Annual employment rate","2022","2022","495","45 - 49 years","-","Both sexes","30","Upper secondary and post-secondary non-tertiary education (Levels 3 and 4)","811D29A4-1E05-4F4A-B61B-43DE64E07B29","Northern and Western","%","77.8"
"ALF01C01","Annual employment rate","2022","2022","495","45 - 49 years","-","Both sexes","30","Upper secondary and post-secondary non-tertiary education (Levels 3 and 4)","97227605-23D5-4B98-BDB8-3EB5D0682A5A","Southern","%","82.9"
"ALF01C01","Annual employment rate","2022","2022","495","45 - 49 years","-","Both sexes","30","Upper secondary and post-secondary non-tertiary education (Levels 3 and 4)","C32761EB-7A21-4B95-8C7A-DB195C2955CE","Eastern and Midland","%","88"
"ALF01C01","Annual employment rate","2022","2022","495","45 - 49 years","-","Both sexes","40","Tertiary education (Levels 5-8)","IE0","Ireland","%","89.8"
"ALF01C01","Annual employment rate","2022","2022","495","45 - 49 years","-","Both sexes","40","Tertiary education (Levels 5-8)","811D29A4-1E05-4F4A-B61B-43DE64E07B29","Northern and Western","%","90.2"
"ALF01C01","Annual employment rate","2022","2022","495","45 - 49 years","-","Both sexes","40","Tertiary education (Levels 5-8)","97227605-23D5-4B98-BDB8-3EB5D0682A5A","Southern","%","90.2"
"ALF01C01","Annual employment rate","2022","2022","495","45 - 49 years","-","Both sexes","40","Tertiary education (Levels 5-8)","C32761EB-7A21-4B95-8C7A-DB195C2955CE","Eastern and Midland","%","89.5"
"ALF01C01","Annual employment rate","2022","2022","495","45 - 49 years","-","Both sexes","99","Level of education - not stated","IE0","Ireland","%",""
"ALF01C01","Annual employment rate","2022","2022","495","45 - 49 years","-","Both sexes","99","Level of education - not stated","811D29A4-1E05-4F4A-B61B-43DE64E07B29","Northern and Western","%",""
"ALF01C01","Annual employment rate","2022","2022","495","45 - 49 years","-","Both sexes","99","Level of education - not stated","97227605-23D5-4B98-BDB8-3EB5D0682A5A","Southern","%",""
"ALF01C01","Annual employment rate","2022","2022","495","45 - 49 years","-","Both sexes","99","Level of education - not stated","C32761EB-7A21-4B95-8C7A-DB195C2955CE","Eastern and Midland","%",""
"ALF01C01","Annual employment rate","2022","2022","495","45 - 49 years","1","Male","-","Levels of Education (Levels  0-8)","IE0","Ireland","%","87.3"
"ALF01C01","Annual employment rate","2022","2022","495","45 - 49 years","1","Male","-","Levels of Education (Levels  0-8)","811D29A4-1E05-4F4A-B61B-43DE64E07B29","Northern and Western","%","87.9"
"ALF01C01","Annual employment rate","2022","2022","495","45 - 49 years","1","Male","-","Levels of Education (Levels  0-8)","97227605-23D5-4B98-BDB8-3EB5D0682A5A","Southern","%","85.1"
"ALF01C01","Annual employment rate","2022","2022","495","45 - 49 years","1","Male","-","Levels of Education (Levels  0-8)","C32761EB-7A21-4B95-8C7A-DB195C2955CE","Eastern and Midland","%","88.4"
"ALF01C01","Annual employment rate","2022","2022","495","45 - 49 years","1","Male","10","Less than primary (Level 0)","IE0","Ireland","%",""
"ALF01C01","Annual employment rate","2022","2022","495","45 - 49 years","1","Male","10","Less than primary (Level 0)","811D29A4-1E05-4F4A-B61B-43DE64E07B29","Northern and Western","%",""
"ALF01C01","Annual employment rate","2022","2022","495","45 - 49 years","1","Male","10","Less than primary (Level 0)","97227605-23D5-4B98-BDB8-3EB5D0682A5A","Southern","%",""
"ALF01C01","Annual employment rate","2022","2022","495","45 - 49 years","1","Male","10","Less than primary (Level 0)","C32761EB-7A21-4B95-8C7A-DB195C2955CE","Eastern and Midland","%",""
"ALF01C01","Annual employment rate","2022","2022","495","45 - 49 years","1","Male","20","Primary and lower secondary education (Levels 1-2)","IE0","Ireland","%","60.9"
"ALF01C01","Annual employment rate","2022","2022","495","45 - 49 years","1","Male","20","Primary and lower secondary education (Levels 1-2)","811D29A4-1E05-4F4A-B61B-43DE64E07B29","Northern and Western","%",""
"ALF01C01","Annual employment rate","2022","2022","495","45 - 49 years","1","Male","20","Primary and lower secondary education (Levels 1-2)","97227605-23D5-4B98-BDB8-3EB5D0682A5A","Southern","%",""
"ALF01C01","Annual employment rate","2022","2022","495","45 - 49 years","1","Male","20","Primary and lower secondary education (Levels 1-2)","C32761EB-7A21-4B95-8C7A-DB195C2955CE","Eastern and Midland","%",""
"ALF01C01","Annual employment rate","2022","2022","495","45 - 49 years","1","Male","30","Upper secondary and post-secondary non-tertiary education (Levels 3 and 4)","IE0","Ireland","%","90.3"
"ALF01C01","Annual employment rate","2022","2022","495","45 - 49 years","1","Male","30","Upper secondary and post-secondary non-tertiary education (Levels 3 and 4)","811D29A4-1E05-4F4A-B61B-43DE64E07B29","Northern and Western","%","86.6"
"ALF01C01","Annual employment rate","2022","2022","495","45 - 49 years","1","Male","30","Upper secondary and post-secondary non-tertiary education (Levels 3 and 4)","97227605-23D5-4B98-BDB8-3EB5D0682A5A","Southern","%","87.6"
"ALF01C01","Annual employment rate","2022","2022","495","45 - 49 years","1","Male","30","Upper secondary and post-secondary non-tertiary education (Levels 3 and 4)","C32761EB-7A21-4B95-8C7A-DB195C2955CE","Eastern and Midland","%","93.6"
"ALF01C01","Annual employment rate","2022","2022","495","45 - 49 years","1","Male","40","Tertiary education (Levels 5-8)","IE0","Ireland","%","93.1"
"ALF01C01","Annual employment rate","2022","2022","495","45 - 49 years","1","Male","40","Tertiary education (Levels 5-8)","811D29A4-1E05-4F4A-B61B-43DE64E07B29","Northern and Western","%","94.6"
"ALF01C01","Annual employment rate","2022","2022","495","45 - 49 years","1","Male","40","Tertiary education (Levels 5-8)","97227605-23D5-4B98-BDB8-3EB5D0682A5A","Southern","%","90.3"
"ALF01C01","Annual employment rate","2022","2022","495","45 - 49 years","1","Male","40","Tertiary education (Levels 5-8)","C32761EB-7A21-4B95-8C7A-DB195C2955CE","Eastern and Midland","%","94.4"
"ALF01C01","Annual employment rate","2022","2022","495","45 - 49 years","1","Male","99","Level of education - not stated","IE0","Ireland","%",""
"ALF01C01","Annual employment rate","2022","2022","495","45 - 49 years","1","Male","99","Level of education - not stated","811D29A4-1E05-4F4A-B61B-43DE64E07B29","Northern and Western","%",""
"ALF01C01","Annual employment rate","2022","2022","495","45 - 49 years","1","Male","99","Level of education - not stated","97227605-23D5-4B98-BDB8-3EB5D0682A5A","Southern","%",""
"ALF01C01","Annual employment rate","2022","2022","495","45 - 49 years","1","Male","99","Level of education - not stated","C32761EB-7A21-4B95-8C7A-DB195C2955CE","Eastern and Midland","%",""
"ALF01C01","Annual employment rate","2022","2022","495","45 - 49 years","2","Female","-","Levels of Education (Levels  0-8)","IE0","Ireland","%","78.3"
"ALF01C01","Annual employment rate","2022","2022","495","45 - 49 years","2","Female","-","Levels of Education (Levels  0-8)","811D29A4-1E05-4F4A-B61B-43DE64E07B29","Northern and Western","%","73.8"
"ALF01C01","Annual employment rate","2022","2022","495","45 - 49 years","2","Female","-","Levels of Education (Levels  0-8)","97227605-23D5-4B98-BDB8-3EB5D0682A5A","Southern","%","79.9"
"ALF01C01","Annual employment rate","2022","2022","495","45 - 49 years","2","Female","-","Levels of Education (Levels  0-8)","C32761EB-7A21-4B95-8C7A-DB195C2955CE","Eastern and Midland","%","78.8"
"ALF01C01","Annual employment rate","2022","2022","495","45 - 49 years","2","Female","10","Less than primary (Level 0)","IE0","Ireland","%",""
"ALF01C01","Annual employment rate","2022","2022","495","45 - 49 years","2","Female","10","Less than primary (Level 0)","811D29A4-1E05-4F4A-B61B-43DE64E07B29","Northern and Western","%",""
"ALF01C01","Annual employment rate","2022","2022","495","45 - 49 years","2","Female","10","Less than primary (Level 0)","97227605-23D5-4B98-BDB8-3EB5D0682A5A","Southern","%",""
"ALF01C01","Annual employment rate","2022","2022","495","45 - 49 years","2","Female","10","Less than primary (Level 0)","C32761EB-7A21-4B95-8C7A-DB195C2955CE","Eastern and Midland","%",""
"ALF01C01","Annual employment rate","2022","2022","495","45 - 49 years","2","Female","20","Primary and lower secondary education (Levels 1-2)","IE0","Ireland","%",""
"ALF01C01","Annual employment rate","2022","2022","495","45 - 49 years","2","Female","20","Primary and lower secondary education (Levels 1-2)","811D29A4-1E05-4F4A-B61B-43DE64E07B29","Northern and Western","%",""
"ALF01C01","Annual employment rate","2022","2022","495","45 - 49 years","2","Female","20","Primary and lower secondary education (Levels 1-2)","97227605-23D5-4B98-BDB8-3EB5D0682A5A","Southern","%",""
"ALF01C01","Annual employment rate","2022","2022","495","45 - 49 years","2","Female","20","Primary and lower secondary education (Levels 1-2)","C32761EB-7A21-4B95-8C7A-DB195C2955CE","Eastern and Midland","%",""
"ALF01C01","Annual employment rate","2022","2022","495","45 - 49 years","2","Female","30","Upper secondary and post-secondary non-tertiary education (Levels 3 and 4)","IE0","Ireland","%","77"
"ALF01C01","Annual employment rate","2022","2022","495","45 - 49 years","2","Female","30","Upper secondary and post-secondary non-tertiary education (Levels 3 and 4)","811D29A4-1E05-4F4A-B61B-43DE64E07B29","Northern and Western","%",""
"ALF01C01","Annual employment rate","2022","2022","495","45 - 49 years","2","Female","30","Upper secondary and post-secondary non-tertiary education (Levels 3 and 4)","97227605-23D5-4B98-BDB8-3EB5D0682A5A","Southern","%","77.1"
"ALF01C01","Annual employment rate","2022","2022","495","45 - 49 years","2","Female","30","Upper secondary and post-secondary non-tertiary education (Levels 3 and 4)","C32761EB-7A21-4B95-8C7A-DB195C2955CE","Eastern and Midland","%","80.8"
"ALF01C01","Annual employment rate","2022","2022","495","45 - 49 years","2","Female","40","Tertiary education (Levels 5-8)","IE0","Ireland","%","87.3"
"ALF01C01","Annual employment rate","2022","2022","495","45 - 49 years","2","Female","40","Tertiary education (Levels 5-8)","811D29A4-1E05-4F4A-B61B-43DE64E07B29","Northern and Western","%","86.8"
"ALF01C01","Annual employment rate","2022","2022","495","45 - 49 years","2","Female","40","Tertiary education (Levels 5-8)","97227605-23D5-4B98-BDB8-3EB5D0682A5A","Southern","%","90.1"
"ALF01C01","Annual employment rate","2022","2022","495","45 - 49 years","2","Female","40","Tertiary education (Levels 5-8)","C32761EB-7A21-4B95-8C7A-DB195C2955CE","Eastern and Midland","%","85.6"
"ALF01C01","Annual employment rate","2022","2022","495","45 - 49 years","2","Female","99","Level of education - not stated","IE0","Ireland","%",""
"ALF01C01","Annual employment rate","2022","2022","495","45 - 49 years","2","Female","99","Level of education - not stated","811D29A4-1E05-4F4A-B61B-43DE64E07B29","Northern and Western","%",""
"ALF01C01","Annual employment rate","2022","2022","495","45 - 49 years","2","Female","99","Level of education - not stated","97227605-23D5-4B98-BDB8-3EB5D0682A5A","Southern","%",""
"ALF01C01","Annual employment rate","2022","2022","495","45 - 49 years","2","Female","99","Level of education - not stated","C32761EB-7A21-4B95-8C7A-DB195C2955CE","Eastern and Midland","%",""
"ALF01C01","Annual employment rate","2022","2022","515","50 - 54 years","-","Both sexes","-","Levels of Education (Levels  0-8)","IE0","Ireland","%","80.6"
"ALF01C01","Annual employment rate","2022","2022","515","50 - 54 years","-","Both sexes","-","Levels of Education (Levels  0-8)","811D29A4-1E05-4F4A-B61B-43DE64E07B29","Northern and Western","%","82.4"
"ALF01C01","Annual employment rate","2022","2022","515","50 - 54 years","-","Both sexes","-","Levels of Education (Levels  0-8)","97227605-23D5-4B98-BDB8-3EB5D0682A5A","Southern","%","78.7"
"ALF01C01","Annual employment rate","2022","2022","515","50 - 54 years","-","Both sexes","-","Levels of Education (Levels  0-8)","C32761EB-7A21-4B95-8C7A-DB195C2955CE","Eastern and Midland","%","81.4"
"ALF01C01","Annual employment rate","2022","2022","515","50 - 54 years","-","Both sexes","10","Less than primary (Level 0)","IE0","Ireland","%",""
"ALF01C01","Annual employment rate","2022","2022","515","50 - 54 years","-","Both sexes","10","Less than primary (Level 0)","811D29A4-1E05-4F4A-B61B-43DE64E07B29","Northern and Western","%",""
"ALF01C01","Annual employment rate","2022","2022","515","50 - 54 years","-","Both sexes","10","Less than primary (Level 0)","97227605-23D5-4B98-BDB8-3EB5D0682A5A","Southern","%",""
"ALF01C01","Annual employment rate","2022","2022","515","50 - 54 years","-","Both sexes","10","Less than primary (Level 0)","C32761EB-7A21-4B95-8C7A-DB195C2955CE","Eastern and Midland","%",""
"ALF01C01","Annual employment rate","2022","2022","515","50 - 54 years","-","Both sexes","20","Primary and lower secondary education (Levels 1-2)","IE0","Ireland","%","58.7"
"ALF01C01","Annual employment rate","2022","2022","515","50 - 54 years","-","Both sexes","20","Primary and lower secondary education (Levels 1-2)","811D29A4-1E05-4F4A-B61B-43DE64E07B29","Northern and Western","%",""
"ALF01C01","Annual employment rate","2022","2022","515","50 - 54 years","-","Both sexes","20","Primary and lower secondary education (Levels 1-2)","97227605-23D5-4B98-BDB8-3EB5D0682A5A","Southern","%","57.9"
"ALF01C01","Annual employment rate","2022","2022","515","50 - 54 years","-","Both sexes","20","Primary and lower secondary education (Levels 1-2)","C32761EB-7A21-4B95-8C7A-DB195C2955CE","Eastern and Midland","%","53"
"ALF01C01","Annual employment rate","2022","2022","515","50 - 54 years","-","Both sexes","30","Upper secondary and post-secondary non-tertiary education (Levels 3 and 4)","IE0","Ireland","%","78"
"ALF01C01","Annual employment rate","2022","2022","515","50 - 54 years","-","Both sexes","30","Upper secondary and post-secondary non-tertiary education (Levels 3 and 4)","811D29A4-1E05-4F4A-B61B-43DE64E07B29","Northern and Western","%","73.6"
"ALF01C01","Annual employment rate","2022","2022","515","50 - 54 years","-","Both sexes","30","Upper secondary and post-secondary non-tertiary education (Levels 3 and 4)","97227605-23D5-4B98-BDB8-3EB5D0682A5A","Southern","%","78.6"
"ALF01C01","Annual employment rate","2022","2022","515","50 - 54 years","-","Both sexes","30","Upper secondary and post-secondary non-tertiary education (Levels 3 and 4)","C32761EB-7A21-4B95-8C7A-DB195C2955CE","Eastern and Midland","%","79.3"
"ALF01C01","Annual employment rate","2022","2022","515","50 - 54 years","-","Both sexes","40","Tertiary education (Levels 5-8)","IE0","Ireland","%","89.5"
"ALF01C01","Annual employment rate","2022","2022","515","50 - 54 years","-","Both sexes","40","Tertiary education (Levels 5-8)","811D29A4-1E05-4F4A-B61B-43DE64E07B29","Northern and Western","%","91.7"
"ALF01C01","Annual employment rate","2022","2022","515","50 - 54 years","-","Both sexes","40","Tertiary education (Levels 5-8)","97227605-23D5-4B98-BDB8-3EB5D0682A5A","Southern","%","87.3"
"ALF01C01","Annual employment rate","2022","2022","515","50 - 54 years","-","Both sexes","40","Tertiary education (Levels 5-8)","C32761EB-7A21-4B95-8C7A-DB195C2955CE","Eastern and Midland","%","90.1"
"ALF01C01","Annual employment rate","2022","2022","515","50 - 54 years","-","Both sexes","99","Level of education - not stated","IE0","Ireland","%",""
"ALF01C01","Annual employment rate","2022","2022","515","50 - 54 years","-","Both sexes","99","Level of education - not stated","811D29A4-1E05-4F4A-B61B-43DE64E07B29","Northern and Western","%",""
"ALF01C01","Annual employment rate","2022","2022","515","50 - 54 years","-","Both sexes","99","Level of education - not stated","97227605-23D5-4B98-BDB8-3EB5D0682A5A","Southern","%",""
"ALF01C01","Annual employment rate","2022","2022","515","50 - 54 years","-","Both sexes","99","Level of education - not stated","C32761EB-7A21-4B95-8C7A-DB195C2955CE","Eastern and Midland","%",""
"ALF01C01","Annual employment rate","2022","2022","515","50 - 54 years","1","Male","-","Levels of Education (Levels  0-8)","IE0","Ireland","%","88.9"
"ALF01C01","Annual employment rate","2022","2022","515","50 - 54 years","1","Male","-","Levels of Education (Levels  0-8)","811D29A4-1E05-4F4A-B61B-43DE64E07B29","Northern and Western","%","92"
"ALF01C01","Annual employment rate","2022","2022","515","50 - 54 years","1","Male","-","Levels of Education (Levels  0-8)","97227605-23D5-4B98-BDB8-3EB5D0682A5A","Southern","%","87.6"
"ALF01C01","Annual employment rate","2022","2022","515","50 - 54 years","1","Male","-","Levels of Education (Levels  0-8)","C32761EB-7A21-4B95-8C7A-DB195C2955CE","Eastern and Midland","%","88.5"
"ALF01C01","Annual employment rate","2022","2022","515","50 - 54 years","1","Male","10","Less than primary (Level 0)","IE0","Ireland","%",""
"ALF01C01","Annual employment rate","2022","2022","515","50 - 54 years","1","Male","10","Less than primary (Level 0)","811D29A4-1E05-4F4A-B61B-43DE64E07B29","Northern and Western","%",""
"ALF01C01","Annual employment rate","2022","2022","515","50 - 54 years","1","Male","10","Less than primary (Level 0)","97227605-23D5-4B98-BDB8-3EB5D0682A5A","Southern","%",""
"ALF01C01","Annual employment rate","2022","2022","515","50 - 54 years","1","Male","10","Less than primary (Level 0)","C32761EB-7A21-4B95-8C7A-DB195C2955CE","Eastern and Midland","%",""
"ALF01C01","Annual employment rate","2022","2022","515","50 - 54 years","1","Male","20","Primary and lower secondary education (Levels 1-2)","IE0","Ireland","%","75.6"
"ALF01C01","Annual employment rate","2022","2022","515","50 - 54 years","1","Male","20","Primary and lower secondary education (Levels 1-2)","811D29A4-1E05-4F4A-B61B-43DE64E07B29","Northern and Western","%",""
"ALF01C01","Annual employment rate","2022","2022","515","50 - 54 years","1","Male","20","Primary and lower secondary education (Levels 1-2)","97227605-23D5-4B98-BDB8-3EB5D0682A5A","Southern","%","75.1"
"ALF01C01","Annual employment rate","2022","2022","515","50 - 54 years","1","Male","20","Primary and lower secondary education (Levels 1-2)","C32761EB-7A21-4B95-8C7A-DB195C2955CE","Eastern and Midland","%","69.5"
"ALF01C01","Annual employment rate","2022","2022","515","50 - 54 years","1","Male","30","Upper secondary and post-secondary non-tertiary education (Levels 3 and 4)","IE0","Ireland","%","85.5"
"ALF01C01","Annual employment rate","2022","2022","515","50 - 54 years","1","Male","30","Upper secondary and post-secondary non-tertiary education (Levels 3 and 4)","811D29A4-1E05-4F4A-B61B-43DE64E07B29","Northern and Western","%","85.8"
"ALF01C01","Annual employment rate","2022","2022","515","50 - 54 years","1","Male","30","Upper secondary and post-secondary non-tertiary education (Levels 3 and 4)","97227605-23D5-4B98-BDB8-3EB5D0682A5A","Southern","%","88.1"
"ALF01C01","Annual employment rate","2022","2022","515","50 - 54 years","1","Male","30","Upper secondary and post-secondary non-tertiary education (Levels 3 and 4)","C32761EB-7A21-4B95-8C7A-DB195C2955CE","Eastern and Midland","%","83.2"
"ALF01C01","Annual employment rate","2022","2022","515","50 - 54 years","1","Male","40","Tertiary education (Levels 5-8)","IE0","Ireland","%","97.4"
"ALF01C01","Annual employment rate","2022","2022","515","50 - 54 years","1","Male","40","Tertiary education (Levels 5-8)","811D29A4-1E05-4F4A-B61B-43DE64E07B29","Northern and Western","%","100"
"ALF01C01","Annual employment rate","2022","2022","515","50 - 54 years","1","Male","40","Tertiary education (Levels 5-8)","97227605-23D5-4B98-BDB8-3EB5D0682A5A","Southern","%","94.2"
"ALF01C01","Annual employment rate","2022","2022","515","50 - 54 years","1","Male","40","Tertiary education (Levels 5-8)","C32761EB-7A21-4B95-8C7A-DB195C2955CE","Eastern and Midland","%","98.4"
"ALF01C01","Annual employment rate","2022","2022","515","50 - 54 years","1","Male","99","Level of education - not stated","IE0","Ireland","%",""
"ALF01C01","Annual employment rate","2022","2022","515","50 - 54 years","1","Male","99","Level of education - not stated","811D29A4-1E05-4F4A-B61B-43DE64E07B29","Northern and Western","%",""
"ALF01C01","Annual employment rate","2022","2022","515","50 - 54 years","1","Male","99","Level of education - not stated","97227605-23D5-4B98-BDB8-3EB5D0682A5A","Southern","%",""
"ALF01C01","Annual employment rate","2022","2022","515","50 - 54 years","1","Male","99","Level of education - not stated","C32761EB-7A21-4B95-8C7A-DB195C2955CE","Eastern and Midland","%",""
"ALF01C01","Annual employment rate","2022","2022","515","50 - 54 years","2","Female","-","Levels of Education (Levels  0-8)","IE0","Ireland","%","72.4"
"ALF01C01","Annual employment rate","2022","2022","515","50 - 54 years","2","Female","-","Levels of Education (Levels  0-8)","811D29A4-1E05-4F4A-B61B-43DE64E07B29","Northern and Western","%","72.7"
"ALF01C01","Annual employment rate","2022","2022","515","50 - 54 years","2","Female","-","Levels of Education (Levels  0-8)","97227605-23D5-4B98-BDB8-3EB5D0682A5A","Southern","%","69.7"
"ALF01C01","Annual employment rate","2022","2022","515","50 - 54 years","2","Female","-","Levels of Education (Levels  0-8)","C32761EB-7A21-4B95-8C7A-DB195C2955CE","Eastern and Midland","%","74.2"
"ALF01C01","Annual employment rate","2022","2022","515","50 - 54 years","2","Female","10","Less than primary (Level 0)","IE0","Ireland","%",""
"ALF01C01","Annual employment rate","2022","2022","515","50 - 54 years","2","Female","10","Less than primary (Level 0)","811D29A4-1E05-4F4A-B61B-43DE64E07B29","Northern and Western","%",""
"ALF01C01","Annual employment rate","2022","2022","515","50 - 54 years","2","Female","10","Less than primary (Level 0)","97227605-23D5-4B98-BDB8-3EB5D0682A5A","Southern","%",""
"ALF01C01","Annual employment rate","2022","2022","515","50 - 54 years","2","Female","10","Less than primary (Level 0)","C32761EB-7A21-4B95-8C7A-DB195C2955CE","Eastern and Midland","%",""
"ALF01C01","Annual employment rate","2022","2022","515","50 - 54 years","2","Female","20","Primary and lower secondary education (Levels 1-2)","IE0","Ireland","%","34.7"
"ALF01C01","Annual employment rate","2022","2022","515","50 - 54 years","2","Female","20","Primary and lower secondary education (Levels 1-2)","811D29A4-1E05-4F4A-B61B-43DE64E07B29","Northern and Western","%",""
"ALF01C01","Annual employment rate","2022","2022","515","50 - 54 years","2","Female","20","Primary and lower secondary education (Levels 1-2)","97227605-23D5-4B98-BDB8-3EB5D0682A5A","Southern","%",""
"ALF01C01","Annual employment rate","2022","2022","515","50 - 54 years","2","Female","20","Primary and lower secondary education (Levels 1-2)","C32761EB-7A21-4B95-8C7A-DB195C2955CE","Eastern and Midland","%",""
"ALF01C01","Annual employment rate","2022","2022","515","50 - 54 years","2","Female","30","Upper secondary and post-secondary non-tertiary education (Levels 3 and 4)","IE0","Ireland","%","70.6"
"ALF01C01","Annual employment rate","2022","2022","515","50 - 54 years","2","Female","30","Upper secondary and post-secondary non-tertiary education (Levels 3 and 4)","811D29A4-1E05-4F4A-B61B-43DE64E07B29","Northern and Western","%","63.2"
"ALF01C01","Annual employment rate","2022","2022","515","50 - 54 years","2","Female","30","Upper secondary and post-secondary non-tertiary education (Levels 3 and 4)","97227605-23D5-4B98-BDB8-3EB5D0682A5A","Southern","%","68"
"ALF01C01","Annual employment rate","2022","2022","515","50 - 54 years","2","Female","30","Upper secondary and post-secondary non-tertiary education (Levels 3 and 4)","C32761EB-7A21-4B95-8C7A-DB195C2955CE","Eastern and Midland","%","75.5"
"ALF01C01","Annual employment rate","2022","2022","515","50 - 54 years","2","Female","40","Tertiary education (Levels 5-8)","IE0","Ireland","%","82.3"
"ALF01C01","Annual employment rate","2022","2022","515","50 - 54 years","2","Female","40","Tertiary education (Levels 5-8)","811D29A4-1E05-4F4A-B61B-43DE64E07B29","Northern and Western","%","84.2"
"ALF01C01","Annual employment rate","2022","2022","515","50 - 54 years","2","Female","40","Tertiary education (Levels 5-8)","97227605-23D5-4B98-BDB8-3EB5D0682A5A","Southern","%","81.4"
"ALF01C01","Annual employment rate","2022","2022","515","50 - 54 years","2","Female","40","Tertiary education (Levels 5-8)","C32761EB-7A21-4B95-8C7A-DB195C2955CE","Eastern and Midland","%","82.3"
"ALF01C01","Annual employment rate","2022","2022","515","50 - 54 years","2","Female","99","Level of education - not stated","IE0","Ireland","%",""
"ALF01C01","Annual employment rate","2022","2022","515","50 - 54 years","2","Female","99","Level of education - not stated","811D29A4-1E05-4F4A-B61B-43DE64E07B29","Northern and Western","%",""
"ALF01C01","Annual employment rate","2022","2022","515","50 - 54 years","2","Female","99","Level of education - not stated","97227605-23D5-4B98-BDB8-3EB5D0682A5A","Southern","%",""
"ALF01C01","Annual employment rate","2022","2022","515","50 - 54 years","2","Female","99","Level of education - not stated","C32761EB-7A21-4B95-8C7A-DB195C2955CE","Eastern and Midland","%",""
"ALF01C01","Annual employment rate","2022","2022","530","55 - 59 years","-","Both sexes","-","Levels of Education (Levels  0-8)","IE0","Ireland","%","74.9"
"ALF01C01","Annual employment rate","2022","2022","530","55 - 59 years","-","Both sexes","-","Levels of Education (Levels  0-8)","811D29A4-1E05-4F4A-B61B-43DE64E07B29","Northern and Western","%","76.4"
"ALF01C01","Annual employment rate","2022","2022","530","55 - 59 years","-","Both sexes","-","Levels of Education (Levels  0-8)","97227605-23D5-4B98-BDB8-3EB5D0682A5A","Southern","%","73.6"
"ALF01C01","Annual employment rate","2022","2022","530","55 - 59 years","-","Both sexes","-","Levels of Education (Levels  0-8)","C32761EB-7A21-4B95-8C7A-DB195C2955CE","Eastern and Midland","%","75.4"
"ALF01C01","Annual employment rate","2022","2022","530","55 - 59 years","-","Both sexes","10","Less than primary (Level 0)","IE0","Ireland","%",""
"ALF01C01","Annual employment rate","2022","2022","530","55 - 59 years","-","Both sexes","10","Less than primary (Level 0)","811D29A4-1E05-4F4A-B61B-43DE64E07B29","Northern and Western","%",""
"ALF01C01","Annual employment rate","2022","2022","530","55 - 59 years","-","Both sexes","10","Less than primary (Level 0)","97227605-23D5-4B98-BDB8-3EB5D0682A5A","Southern","%",""
"ALF01C01","Annual employment rate","2022","2022","530","55 - 59 years","-","Both sexes","10","Less than primary (Level 0)","C32761EB-7A21-4B95-8C7A-DB195C2955CE","Eastern and Midland","%",""
"ALF01C01","Annual employment rate","2022","2022","530","55 - 59 years","-","Both sexes","20","Primary and lower secondary education (Levels 1-2)","IE0","Ireland","%","62.4"
"ALF01C01","Annual employment rate","2022","2022","530","55 - 59 years","-","Both sexes","20","Primary and lower secondary education (Levels 1-2)","811D29A4-1E05-4F4A-B61B-43DE64E07B29","Northern and Western","%","70.9"
"ALF01C01","Annual employment rate","2022","2022","530","55 - 59 years","-","Both sexes","20","Primary and lower secondary education (Levels 1-2)","97227605-23D5-4B98-BDB8-3EB5D0682A5A","Southern","%","65"
"ALF01C01","Annual employment rate","2022","2022","530","55 - 59 years","-","Both sexes","20","Primary and lower secondary education (Levels 1-2)","C32761EB-7A21-4B95-8C7A-DB195C2955CE","Eastern and Midland","%","57.3"
"ALF01C01","Annual employment rate","2022","2022","530","55 - 59 years","-","Both sexes","30","Upper secondary and post-secondary non-tertiary education (Levels 3 and 4)","IE0","Ireland","%","71.9"
"ALF01C01","Annual employment rate","2022","2022","530","55 - 59 years","-","Both sexes","30","Upper secondary and post-secondary non-tertiary education (Levels 3 and 4)","811D29A4-1E05-4F4A-B61B-43DE64E07B29","Northern and Western","%","69"
"ALF01C01","Annual employment rate","2022","2022","530","55 - 59 years","-","Both sexes","30","Upper secondary and post-secondary non-tertiary education (Levels 3 and 4)","97227605-23D5-4B98-BDB8-3EB5D0682A5A","Southern","%","72.8"
"ALF01C01","Annual employment rate","2022","2022","530","55 - 59 years","-","Both sexes","30","Upper secondary and post-secondary non-tertiary education (Levels 3 and 4)","C32761EB-7A21-4B95-8C7A-DB195C2955CE","Eastern and Midland","%","72.5"
"ALF01C01","Annual employment rate","2022","2022","530","55 - 59 years","-","Both sexes","40","Tertiary education (Levels 5-8)","IE0","Ireland","%","85.7"
"ALF01C01","Annual employment rate","2022","2022","530","55 - 59 years","-","Both sexes","40","Tertiary education (Levels 5-8)","811D29A4-1E05-4F4A-B61B-43DE64E07B29","Northern and Western","%","89.9"
"ALF01C01","Annual employment rate","2022","2022","530","55 - 59 years","-","Both sexes","40","Tertiary education (Levels 5-8)","97227605-23D5-4B98-BDB8-3EB5D0682A5A","Southern","%","80.9"
"ALF01C01","Annual employment rate","2022","2022","530","55 - 59 years","-","Both sexes","40","Tertiary education (Levels 5-8)","C32761EB-7A21-4B95-8C7A-DB195C2955CE","Eastern and Midland","%","87.3"
"ALF01C01","Annual employment rate","2022","2022","530","55 - 59 years","-","Both sexes","99","Level of education - not stated","IE0","Ireland","%",""
"ALF01C01","Annual employment rate","2022","2022","530","55 - 59 years","-","Both sexes","99","Level of education - not stated","811D29A4-1E05-4F4A-B61B-43DE64E07B29","Northern and Western","%",""
"ALF01C01","Annual employment rate","2022","2022","530","55 - 59 years","-","Both sexes","99","Level of education - not stated","97227605-23D5-4B98-BDB8-3EB5D0682A5A","Southern","%",""
"ALF01C01","Annual employment rate","2022","2022","530","55 - 59 years","-","Both sexes","99","Level of education - not stated","C32761EB-7A21-4B95-8C7A-DB195C2955CE","Eastern and Midland","%",""
"ALF01C01","Annual employment rate","2022","2022","530","55 - 59 years","1","Male","-","Levels of Education (Levels  0-8)","IE0","Ireland","%","80.8"
"ALF01C01","Annual employment rate","2022","2022","530","55 - 59 years","1","Male","-","Levels of Education (Levels  0-8)","811D29A4-1E05-4F4A-B61B-43DE64E07B29","Northern and Western","%","81"
"ALF01C01","Annual employment rate","2022","2022","530","55 - 59 years","1","Male","-","Levels of Education (Levels  0-8)","97227605-23D5-4B98-BDB8-3EB5D0682A5A","Southern","%","77.8"
"ALF01C01","Annual employment rate","2022","2022","530","55 - 59 years","1","Male","-","Levels of Education (Levels  0-8)","C32761EB-7A21-4B95-8C7A-DB195C2955CE","Eastern and Midland","%","83"
"ALF01C01","Annual employment rate","2022","2022","530","55 - 59 years","1","Male","10","Less than primary (Level 0)","IE0","Ireland","%",""
"ALF01C01","Annual employment rate","2022","2022","530","55 - 59 years","1","Male","10","Less than primary (Level 0)","811D29A4-1E05-4F4A-B61B-43DE64E07B29","Northern and Western","%",""
"ALF01C01","Annual employment rate","2022","2022","530","55 - 59 years","1","Male","10","Less than primary (Level 0)","97227605-23D5-4B98-BDB8-3EB5D0682A5A","Southern","%",""
"ALF01C01","Annual employment rate","2022","2022","530","55 - 59 years","1","Male","10","Less than primary (Level 0)","C32761EB-7A21-4B95-8C7A-DB195C2955CE","Eastern and Midland","%",""
"ALF01C01","Annual employment rate","2022","2022","530","55 - 59 years","1","Male","20","Primary and lower secondary education (Levels 1-2)","IE0","Ireland","%","69.5"
"ALF01C01","Annual employment rate","2022","2022","530","55 - 59 years","1","Male","20","Primary and lower secondary education (Levels 1-2)","811D29A4-1E05-4F4A-B61B-43DE64E07B29","Northern and Western","%","79.6"
"ALF01C01","Annual employment rate","2022","2022","530","55 - 59 years","1","Male","20","Primary and lower secondary education (Levels 1-2)","97227605-23D5-4B98-BDB8-3EB5D0682A5A","Southern","%","70.5"
"ALF01C01","Annual employment rate","2022","2022","530","55 - 59 years","1","Male","20","Primary and lower secondary education (Levels 1-2)","C32761EB-7A21-4B95-8C7A-DB195C2955CE","Eastern and Midland","%","63.8"
"ALF01C01","Annual employment rate","2022","2022","530","55 - 59 years","1","Male","30","Upper secondary and post-secondary non-tertiary education (Levels 3 and 4)","IE0","Ireland","%","80.6"
"ALF01C01","Annual employment rate","2022","2022","530","55 - 59 years","1","Male","30","Upper secondary and post-secondary non-tertiary education (Levels 3 and 4)","811D29A4-1E05-4F4A-B61B-43DE64E07B29","Northern and Western","%","73.6"
"ALF01C01","Annual employment rate","2022","2022","530","55 - 59 years","1","Male","30","Upper secondary and post-secondary non-tertiary education (Levels 3 and 4)","97227605-23D5-4B98-BDB8-3EB5D0682A5A","Southern","%","80.5"
"ALF01C01","Annual employment rate","2022","2022","530","55 - 59 years","1","Male","30","Upper secondary and post-secondary non-tertiary education (Levels 3 and 4)","C32761EB-7A21-4B95-8C7A-DB195C2955CE","Eastern and Midland","%","83.9"
"ALF01C01","Annual employment rate","2022","2022","530","55 - 59 years","1","Male","40","Tertiary education (Levels 5-8)","IE0","Ireland","%","91.7"
"ALF01C01","Annual employment rate","2022","2022","530","55 - 59 years","1","Male","40","Tertiary education (Levels 5-8)","811D29A4-1E05-4F4A-B61B-43DE64E07B29","Northern and Western","%","97.7"
"ALF01C01","Annual employment rate","2022","2022","530","55 - 59 years","1","Male","40","Tertiary education (Levels 5-8)","97227605-23D5-4B98-BDB8-3EB5D0682A5A","Southern","%","82.7"
"ALF01C01","Annual employment rate","2022","2022","530","55 - 59 years","1","Male","40","Tertiary education (Levels 5-8)","C32761EB-7A21-4B95-8C7A-DB195C2955CE","Eastern and Midland","%","94.9"
"ALF01C01","Annual employment rate","2022","2022","530","55 - 59 years","1","Male","99","Level of education - not stated","IE0","Ireland","%",""
"ALF01C01","Annual employment rate","2022","2022","530","55 - 59 years","1","Male","99","Level of education - not stated","811D29A4-1E05-4F4A-B61B-43DE64E07B29","Northern and Western","%",""
"ALF01C01","Annual employment rate","2022","2022","530","55 - 59 years","1","Male","99","Level of education - not stated","97227605-23D5-4B98-BDB8-3EB5D0682A5A","Southern","%",""
"ALF01C01","Annual employment rate","2022","2022","530","55 - 59 years","1","Male","99","Level of education - not stated","C32761EB-7A21-4B95-8C7A-DB195C2955CE","Eastern and Midland","%",""
"ALF01C01","Annual employment rate","2022","2022","530","55 - 59 years","2","Female","-","Levels of Education (Levels  0-8)","IE0","Ireland","%","69.2"
"ALF01C01","Annual employment rate","2022","2022","530","55 - 59 years","2","Female","-","Levels of Education (Levels  0-8)","811D29A4-1E05-4F4A-B61B-43DE64E07B29","Northern and Western","%","71.8"
"ALF01C01","Annual employment rate","2022","2022","530","55 - 59 years","2","Female","-","Levels of Education (Levels  0-8)","97227605-23D5-4B98-BDB8-3EB5D0682A5A","Southern","%","69.4"
"ALF01C01","Annual employment rate","2022","2022","530","55 - 59 years","2","Female","-","Levels of Education (Levels  0-8)","C32761EB-7A21-4B95-8C7A-DB195C2955CE","Eastern and Midland","%","68"
"ALF01C01","Annual employment rate","2022","2022","530","55 - 59 years","2","Female","10","Less than primary (Level 0)","IE0","Ireland","%",""
"ALF01C01","Annual employment rate","2022","2022","530","55 - 59 years","2","Female","10","Less than primary (Level 0)","811D29A4-1E05-4F4A-B61B-43DE64E07B29","Northern and Western","%",""
"ALF01C01","Annual employment rate","2022","2022","530","55 - 59 years","2","Female","10","Less than primary (Level 0)","97227605-23D5-4B98-BDB8-3EB5D0682A5A","Southern","%",""
"ALF01C01","Annual employment rate","2022","2022","530","55 - 59 years","2","Female","10","Less than primary (Level 0)","C32761EB-7A21-4B95-8C7A-DB195C2955CE","Eastern and Midland","%",""
"ALF01C01","Annual employment rate","2022","2022","530","55 - 59 years","2","Female","20","Primary and lower secondary education (Levels 1-2)","IE0","Ireland","%","51.5"
"ALF01C01","Annual employment rate","2022","2022","530","55 - 59 years","2","Female","20","Primary and lower secondary education (Levels 1-2)","811D29A4-1E05-4F4A-B61B-43DE64E07B29","Northern and Western","%",""
"ALF01C01","Annual employment rate","2022","2022","530","55 - 59 years","2","Female","20","Primary and lower secondary education (Levels 1-2)","97227605-23D5-4B98-BDB8-3EB5D0682A5A","Southern","%",""
"ALF01C01","Annual employment rate","2022","2022","530","55 - 59 years","2","Female","20","Primary and lower secondary education (Levels 1-2)","C32761EB-7A21-4B95-8C7A-DB195C2955CE","Eastern and Midland","%",""
"ALF01C01","Annual employment rate","2022","2022","530","55 - 59 years","2","Female","30","Upper secondary and post-secondary non-tertiary education (Levels 3 and 4)","IE0","Ireland","%","64.3"
"ALF01C01","Annual employment rate","2022","2022","530","55 - 59 years","2","Female","30","Upper secondary and post-secondary non-tertiary education (Levels 3 and 4)","811D29A4-1E05-4F4A-B61B-43DE64E07B29","Northern and Western","%","64.9"
"ALF01C01","Annual employment rate","2022","2022","530","55 - 59 years","2","Female","30","Upper secondary and post-secondary non-tertiary education (Levels 3 and 4)","97227605-23D5-4B98-BDB8-3EB5D0682A5A","Southern","%","65.3"
"ALF01C01","Annual employment rate","2022","2022","530","55 - 59 years","2","Female","30","Upper secondary and post-secondary non-tertiary education (Levels 3 and 4)","C32761EB-7A21-4B95-8C7A-DB195C2955CE","Eastern and Midland","%","63.2"
"ALF01C01","Annual employment rate","2022","2022","530","55 - 59 years","2","Female","40","Tertiary education (Levels 5-8)","IE0","Ireland","%","80.9"
"ALF01C01","Annual employment rate","2022","2022","530","55 - 59 years","2","Female","40","Tertiary education (Levels 5-8)","811D29A4-1E05-4F4A-B61B-43DE64E07B29","Northern and Western","%","85"
"ALF01C01","Annual employment rate","2022","2022","530","55 - 59 years","2","Female","40","Tertiary education (Levels 5-8)","97227605-23D5-4B98-BDB8-3EB5D0682A5A","Southern","%","79.6"
"ALF01C01","Annual employment rate","2022","2022","530","55 - 59 years","2","Female","40","Tertiary education (Levels 5-8)","C32761EB-7A21-4B95-8C7A-DB195C2955CE","Eastern and Midland","%","80.2"
"ALF01C01","Annual employment rate","2022","2022","530","55 - 59 years","2","Female","99","Level of education - not stated","IE0","Ireland","%",""
"ALF01C01","Annual employment rate","2022","2022","530","55 - 59 years","2","Female","99","Level of education - not stated","811D29A4-1E05-4F4A-B61B-43DE64E07B29","Northern and Western","%",""
"ALF01C01","Annual employment rate","2022","2022","530","55 - 59 years","2","Female","99","Level of education - not stated","97227605-23D5-4B98-BDB8-3EB5D0682A5A","Southern","%",""
"ALF01C01","Annual employment rate","2022","2022","530","55 - 59 years","2","Female","99","Level of education - not stated","C32761EB-7A21-4B95-8C7A-DB195C2955CE","Eastern and Midland","%",""
"ALF01C01","Annual employment rate","2022","2022","550","60 - 64 years","-","Both sexes","-","Levels of Education (Levels  0-8)","IE0","Ireland","%","57.9"
"ALF01C01","Annual employment rate","2022","2022","550","60 - 64 years","-","Both sexes","-","Levels of Education (Levels  0-8)","811D29A4-1E05-4F4A-B61B-43DE64E07B29","Northern and Western","%","59"
"ALF01C01","Annual employment rate","2022","2022","550","60 - 64 years","-","Both sexes","-","Levels of Education (Levels  0-8)","97227605-23D5-4B98-BDB8-3EB5D0682A5A","Southern","%","57.5"
"ALF01C01","Annual employment rate","2022","2022","550","60 - 64 years","-","Both sexes","-","Levels of Education (Levels  0-8)","C32761EB-7A21-4B95-8C7A-DB195C2955CE","Eastern and Midland","%","57.7"
"ALF01C01","Annual employment rate","2022","2022","550","60 - 64 years","-","Both sexes","10","Less than primary (Level 0)","IE0","Ireland","%",""
"ALF01C01","Annual employment rate","2022","2022","550","60 - 64 years","-","Both sexes","10","Less than primary (Level 0)","811D29A4-1E05-4F4A-B61B-43DE64E07B29","Northern and Western","%",""
"ALF01C01","Annual employment rate","2022","2022","550","60 - 64 years","-","Both sexes","10","Less than primary (Level 0)","97227605-23D5-4B98-BDB8-3EB5D0682A5A","Southern","%",""
"ALF01C01","Annual employment rate","2022","2022","550","60 - 64 years","-","Both sexes","10","Less than primary (Level 0)","C32761EB-7A21-4B95-8C7A-DB195C2955CE","Eastern and Midland","%",""
"ALF01C01","Annual employment rate","2022","2022","550","60 - 64 years","-","Both sexes","20","Primary and lower secondary education (Levels 1-2)","IE0","Ireland","%","46.8"
"ALF01C01","Annual employment rate","2022","2022","550","60 - 64 years","-","Both sexes","20","Primary and lower secondary education (Levels 1-2)","811D29A4-1E05-4F4A-B61B-43DE64E07B29","Northern and Western","%","50.3"
"ALF01C01","Annual employment rate","2022","2022","550","60 - 64 years","-","Both sexes","20","Primary and lower secondary education (Levels 1-2)","97227605-23D5-4B98-BDB8-3EB5D0682A5A","Southern","%","42.6"
"ALF01C01","Annual employment rate","2022","2022","550","60 - 64 years","-","Both sexes","20","Primary and lower secondary education (Levels 1-2)","C32761EB-7A21-4B95-8C7A-DB195C2955CE","Eastern and Midland","%","48.6"
"ALF01C01","Annual employment rate","2022","2022","550","60 - 64 years","-","Both sexes","30","Upper secondary and post-secondary non-tertiary education (Levels 3 and 4)","IE0","Ireland","%","59.7"
"ALF01C01","Annual employment rate","2022","2022","550","60 - 64 years","-","Both sexes","30","Upper secondary and post-secondary non-tertiary education (Levels 3 and 4)","811D29A4-1E05-4F4A-B61B-43DE64E07B29","Northern and Western","%","63.7"
"ALF01C01","Annual employment rate","2022","2022","550","60 - 64 years","-","Both sexes","30","Upper secondary and post-secondary non-tertiary education (Levels 3 and 4)","97227605-23D5-4B98-BDB8-3EB5D0682A5A","Southern","%","60.4"
"ALF01C01","Annual employment rate","2022","2022","550","60 - 64 years","-","Both sexes","30","Upper secondary and post-secondary non-tertiary education (Levels 3 and 4)","C32761EB-7A21-4B95-8C7A-DB195C2955CE","Eastern and Midland","%","57.1"
"ALF01C01","Annual employment rate","2022","2022","550","60 - 64 years","-","Both sexes","40","Tertiary education (Levels 5-8)","IE0","Ireland","%","63.8"
"ALF01C01","Annual employment rate","2022","2022","550","60 - 64 years","-","Both sexes","40","Tertiary education (Levels 5-8)","811D29A4-1E05-4F4A-B61B-43DE64E07B29","Northern and Western","%","61.9"
"ALF01C01","Annual employment rate","2022","2022","550","60 - 64 years","-","Both sexes","40","Tertiary education (Levels 5-8)","97227605-23D5-4B98-BDB8-3EB5D0682A5A","Southern","%","64.7"
"ALF01C01","Annual employment rate","2022","2022","550","60 - 64 years","-","Both sexes","40","Tertiary education (Levels 5-8)","C32761EB-7A21-4B95-8C7A-DB195C2955CE","Eastern and Midland","%","63.8"
"ALF01C01","Annual employment rate","2022","2022","550","60 - 64 years","-","Both sexes","99","Level of education - not stated","IE0","Ireland","%",""
"ALF01C01","Annual employment rate","2022","2022","550","60 - 64 years","-","Both sexes","99","Level of education - not stated","811D29A4-1E05-4F4A-B61B-43DE64E07B29","Northern and Western","%",""
"ALF01C01","Annual employment rate","2022","2022","550","60 - 64 years","-","Both sexes","99","Level of education - not stated","97227605-23D5-4B98-BDB8-3EB5D0682A5A","Southern","%",""
"ALF01C01","Annual employment rate","2022","2022","550","60 - 64 years","-","Both sexes","99","Level of education - not stated","C32761EB-7A21-4B95-8C7A-DB195C2955CE","Eastern and Midland","%",""
"ALF01C01","Annual employment rate","2022","2022","550","60 - 64 years","1","Male","-","Levels of Education (Levels  0-8)","IE0","Ireland","%","68.5"
"ALF01C01","Annual employment rate","2022","2022","550","60 - 64 years","1","Male","-","Levels of Education (Levels  0-8)","811D29A4-1E05-4F4A-B61B-43DE64E07B29","Northern and Western","%","75.5"
"ALF01C01","Annual employment rate","2022","2022","550","60 - 64 years","1","Male","-","Levels of Education (Levels  0-8)","97227605-23D5-4B98-BDB8-3EB5D0682A5A","Southern","%","65.8"
"ALF01C01","Annual employment rate","2022","2022","550","60 - 64 years","1","Male","-","Levels of Education (Levels  0-8)","C32761EB-7A21-4B95-8C7A-DB195C2955CE","Eastern and Midland","%","67.7"
"ALF01C01","Annual employment rate","2022","2022","550","60 - 64 years","1","Male","10","Less than primary (Level 0)","IE0","Ireland","%",""
"ALF01C01","Annual employment rate","2022","2022","550","60 - 64 years","1","Male","10","Less than primary (Level 0)","811D29A4-1E05-4F4A-B61B-43DE64E07B29","Northern and Western","%",""
"ALF01C01","Annual employment rate","2022","2022","550","60 - 64 years","1","Male","10","Less than primary (Level 0)","97227605-23D5-4B98-BDB8-3EB5D0682A5A","Southern","%",""
"ALF01C01","Annual employment rate","2022","2022","550","60 - 64 years","1","Male","10","Less than primary (Level 0)","C32761EB-7A21-4B95-8C7A-DB195C2955CE","Eastern and Midland","%",""
"ALF01C01","Annual employment rate","2022","2022","550","60 - 64 years","1","Male","20","Primary and lower secondary education (Levels 1-2)","IE0","Ireland","%","62.4"
"ALF01C01","Annual employment rate","2022","2022","550","60 - 64 years","1","Male","20","Primary and lower secondary education (Levels 1-2)","811D29A4-1E05-4F4A-B61B-43DE64E07B29","Northern and Western","%","68.6"
"ALF01C01","Annual employment rate","2022","2022","550","60 - 64 years","1","Male","20","Primary and lower secondary education (Levels 1-2)","97227605-23D5-4B98-BDB8-3EB5D0682A5A","Southern","%","57"
"ALF01C01","Annual employment rate","2022","2022","550","60 - 64 years","1","Male","20","Primary and lower secondary education (Levels 1-2)","C32761EB-7A21-4B95-8C7A-DB195C2955CE","Eastern and Midland","%","64"
"ALF01C01","Annual employment rate","2022","2022","550","60 - 64 years","1","Male","30","Upper secondary and post-secondary non-tertiary education (Levels 3 and 4)","IE0","Ireland","%","70.8"
"ALF01C01","Annual employment rate","2022","2022","550","60 - 64 years","1","Male","30","Upper secondary and post-secondary non-tertiary education (Levels 3 and 4)","811D29A4-1E05-4F4A-B61B-43DE64E07B29","Northern and Western","%","78"
"ALF01C01","Annual employment rate","2022","2022","550","60 - 64 years","1","Male","30","Upper secondary and post-secondary non-tertiary education (Levels 3 and 4)","97227605-23D5-4B98-BDB8-3EB5D0682A5A","Southern","%","71.2"
"ALF01C01","Annual employment rate","2022","2022","550","60 - 64 years","1","Male","30","Upper secondary and post-secondary non-tertiary education (Levels 3 and 4)","C32761EB-7A21-4B95-8C7A-DB195C2955CE","Eastern and Midland","%","66.3"
"ALF01C01","Annual employment rate","2022","2022","550","60 - 64 years","1","Male","40","Tertiary education (Levels 5-8)","IE0","Ireland","%","71"
"ALF01C01","Annual employment rate","2022","2022","550","60 - 64 years","1","Male","40","Tertiary education (Levels 5-8)","811D29A4-1E05-4F4A-B61B-43DE64E07B29","Northern and Western","%",""
"ALF01C01","Annual employment rate","2022","2022","550","60 - 64 years","1","Male","40","Tertiary education (Levels 5-8)","97227605-23D5-4B98-BDB8-3EB5D0682A5A","Southern","%","67.5"
"ALF01C01","Annual employment rate","2022","2022","550","60 - 64 years","1","Male","40","Tertiary education (Levels 5-8)","C32761EB-7A21-4B95-8C7A-DB195C2955CE","Eastern and Midland","%","71.2"
"ALF01C01","Annual employment rate","2022","2022","550","60 - 64 years","1","Male","99","Level of education - not stated","IE0","Ireland","%",""
"ALF01C01","Annual employment rate","2022","2022","550","60 - 64 years","1","Male","99","Level of education - not stated","811D29A4-1E05-4F4A-B61B-43DE64E07B29","Northern and Western","%",""
"ALF01C01","Annual employment rate","2022","2022","550","60 - 64 years","1","Male","99","Level of education - not stated","97227605-23D5-4B98-BDB8-3EB5D0682A5A","Southern","%",""
"ALF01C01","Annual employment rate","2022","2022","550","60 - 64 years","1","Male","99","Level of education - not stated","C32761EB-7A21-4B95-8C7A-DB195C2955CE","Eastern and Midland","%",""
"ALF01C01","Annual employment rate","2022","2022","550","60 - 64 years","2","Female","-","Levels of Education (Levels  0-8)","IE0","Ireland","%","47.6"
"ALF01C01","Annual employment rate","2022","2022","550","60 - 64 years","2","Female","-","Levels of Education (Levels  0-8)","811D29A4-1E05-4F4A-B61B-43DE64E07B29","Northern and Western","%","42.9"
"ALF01C01","Annual employment rate","2022","2022","550","60 - 64 years","2","Female","-","Levels of Education (Levels  0-8)","97227605-23D5-4B98-BDB8-3EB5D0682A5A","Southern","%","49.3"
"ALF01C01","Annual employment rate","2022","2022","550","60 - 64 years","2","Female","-","Levels of Education (Levels  0-8)","C32761EB-7A21-4B95-8C7A-DB195C2955CE","Eastern and Midland","%","48.2"
"ALF01C01","Annual employment rate","2022","2022","550","60 - 64 years","2","Female","10","Less than primary (Level 0)","IE0","Ireland","%",""
"ALF01C01","Annual employment rate","2022","2022","550","60 - 64 years","2","Female","10","Less than primary (Level 0)","811D29A4-1E05-4F4A-B61B-43DE64E07B29","Northern and Western","%",""
"ALF01C01","Annual employment rate","2022","2022","550","60 - 64 years","2","Female","10","Less than primary (Level 0)","97227605-23D5-4B98-BDB8-3EB5D0682A5A","Southern","%",""
"ALF01C01","Annual employment rate","2022","2022","550","60 - 64 years","2","Female","10","Less than primary (Level 0)","C32761EB-7A21-4B95-8C7A-DB195C2955CE","Eastern and Midland","%",""
"ALF01C01","Annual employment rate","2022","2022","550","60 - 64 years","2","Female","20","Primary and lower secondary education (Levels 1-2)","IE0","Ireland","%","26"
"ALF01C01","Annual employment rate","2022","2022","550","60 - 64 years","2","Female","20","Primary and lower secondary education (Levels 1-2)","811D29A4-1E05-4F4A-B61B-43DE64E07B29","Northern and Western","%",""
"ALF01C01","Annual employment rate","2022","2022","550","60 - 64 years","2","Female","20","Primary and lower secondary education (Levels 1-2)","97227605-23D5-4B98-BDB8-3EB5D0682A5A","Southern","%",""
"ALF01C01","Annual employment rate","2022","2022","550","60 - 64 years","2","Female","20","Primary and lower secondary education (Levels 1-2)","C32761EB-7A21-4B95-8C7A-DB195C2955CE","Eastern and Midland","%",""
"ALF01C01","Annual employment rate","2022","2022","550","60 - 64 years","2","Female","30","Upper secondary and post-secondary non-tertiary education (Levels 3 and 4)","IE0","Ireland","%","50.1"
"ALF01C01","Annual employment rate","2022","2022","550","60 - 64 years","2","Female","30","Upper secondary and post-secondary non-tertiary education (Levels 3 and 4)","811D29A4-1E05-4F4A-B61B-43DE64E07B29","Northern and Western","%",""
"ALF01C01","Annual employment rate","2022","2022","550","60 - 64 years","2","Female","30","Upper secondary and post-secondary non-tertiary education (Levels 3 and 4)","97227605-23D5-4B98-BDB8-3EB5D0682A5A","Southern","%","50.6"
"ALF01C01","Annual employment rate","2022","2022","550","60 - 64 years","2","Female","30","Upper secondary and post-secondary non-tertiary education (Levels 3 and 4)","C32761EB-7A21-4B95-8C7A-DB195C2955CE","Eastern and Midland","%","49.8"
"ALF01C01","Annual employment rate","2022","2022","550","60 - 64 years","2","Female","40","Tertiary education (Levels 5-8)","IE0","Ireland","%","57.4"
"ALF01C01","Annual employment rate","2022","2022","550","60 - 64 years","2","Female","40","Tertiary education (Levels 5-8)","811D29A4-1E05-4F4A-B61B-43DE64E07B29","Northern and Western","%",""
"ALF01C01","Annual employment rate","2022","2022","550","60 - 64 years","2","Female","40","Tertiary education (Levels 5-8)","97227605-23D5-4B98-BDB8-3EB5D0682A5A","Southern","%","62.4"
"ALF01C01","Annual employment rate","2022","2022","550","60 - 64 years","2","Female","40","Tertiary education (Levels 5-8)","C32761EB-7A21-4B95-8C7A-DB195C2955CE","Eastern and Midland","%","56.2"
"ALF01C01","Annual employment rate","2022","2022","550","60 - 64 years","2","Female","99","Level of education - not stated","IE0","Ireland","%",""
"ALF01C01","Annual employment rate","2022","2022","550","60 - 64 years","2","Female","99","Level of education - not stated","811D29A4-1E05-4F4A-B61B-43DE64E07B29","Northern and Western","%",""
"ALF01C01","Annual employment rate","2022","2022","550","60 - 64 years","2","Female","99","Level of education - not stated","97227605-23D5-4B98-BDB8-3EB5D0682A5A","Southern","%",""
"ALF01C01","Annual employment rate","2022","2022","550","60 - 64 years","2","Female","99","Level of education - not stated","C32761EB-7A21-4B95-8C7A-DB195C2955CE","Eastern and Midland","%",""
"ALF01C01","Annual employment rate","2023","2023","-","All ages","-","Both sexes","-","Levels of Education (Levels  0-8)","IE0","Ireland","%","79.5"
"ALF01C01","Annual employment rate","2023","2023","-","All ages","-","Both sexes","-","Levels of Education (Levels  0-8)","811D29A4-1E05-4F4A-B61B-43DE64E07B29","Northern and Western","%","78.2"
"ALF01C01","Annual employment rate","2023","2023","-","All ages","-","Both sexes","-","Levels of Education (Levels  0-8)","97227605-23D5-4B98-BDB8-3EB5D0682A5A","Southern","%","78.3"
"ALF01C01","Annual employment rate","2023","2023","-","All ages","-","Both sexes","-","Levels of Education (Levels  0-8)","C32761EB-7A21-4B95-8C7A-DB195C2955CE","Eastern and Midland","%","80.7"
"ALF01C01","Annual employment rate","2023","2023","-","All ages","-","Both sexes","10","Less than primary (Level 0)","IE0","Ireland","%",""
"ALF01C01","Annual employment rate","2023","2023","-","All ages","-","Both sexes","10","Less than primary (Level 0)","811D29A4-1E05-4F4A-B61B-43DE64E07B29","Northern and Western","%",""
"ALF01C01","Annual employment rate","2023","2023","-","All ages","-","Both sexes","10","Less than primary (Level 0)","97227605-23D5-4B98-BDB8-3EB5D0682A5A","Southern","%",""
"ALF01C01","Annual employment rate","2023","2023","-","All ages","-","Both sexes","10","Less than primary (Level 0)","C32761EB-7A21-4B95-8C7A-DB195C2955CE","Eastern and Midland","%",""
"ALF01C01","Annual employment rate","2023","2023","-","All ages","-","Both sexes","20","Primary and lower secondary education (Levels 1-2)","IE0","Ireland","%","57.9"
"ALF01C01","Annual employment rate","2023","2023","-","All ages","-","Both sexes","20","Primary and lower secondary education (Levels 1-2)","811D29A4-1E05-4F4A-B61B-43DE64E07B29","Northern and Western","%","58.8"
"ALF01C01","Annual employment rate","2023","2023","-","All ages","-","Both sexes","20","Primary and lower secondary education (Levels 1-2)","97227605-23D5-4B98-BDB8-3EB5D0682A5A","Southern","%","59.5"
"ALF01C01","Annual employment rate","2023","2023","-","All ages","-","Both sexes","20","Primary and lower secondary education (Levels 1-2)","C32761EB-7A21-4B95-8C7A-DB195C2955CE","Eastern and Midland","%","55.9"
"ALF01C01","Annual employment rate","2023","2023","-","All ages","-","Both sexes","30","Upper secondary and post-secondary non-tertiary education (Levels 3 and 4)","IE0","Ireland","%","73.9"
"ALF01C01","Annual employment rate","2023","2023","-","All ages","-","Both sexes","30","Upper secondary and post-secondary non-tertiary education (Levels 3 and 4)","811D29A4-1E05-4F4A-B61B-43DE64E07B29","Northern and Western","%","76.9"
"ALF01C01","Annual employment rate","2023","2023","-","All ages","-","Both sexes","30","Upper secondary and post-secondary non-tertiary education (Levels 3 and 4)","97227605-23D5-4B98-BDB8-3EB5D0682A5A","Southern","%","72.6"
"ALF01C01","Annual employment rate","2023","2023","-","All ages","-","Both sexes","30","Upper secondary and post-secondary non-tertiary education (Levels 3 and 4)","C32761EB-7A21-4B95-8C7A-DB195C2955CE","Eastern and Midland","%","73.8"
"ALF01C01","Annual employment rate","2023","2023","-","All ages","-","Both sexes","40","Tertiary education (Levels 5-8)","IE0","Ireland","%","87.1"
"ALF01C01","Annual employment rate","2023","2023","-","All ages","-","Both sexes","40","Tertiary education (Levels 5-8)","811D29A4-1E05-4F4A-B61B-43DE64E07B29","Northern and Western","%","84.4"
"ALF01C01","Annual employment rate","2023","2023","-","All ages","-","Both sexes","40","Tertiary education (Levels 5-8)","97227605-23D5-4B98-BDB8-3EB5D0682A5A","Southern","%","86.1"
"ALF01C01","Annual employment rate","2023","2023","-","All ages","-","Both sexes","40","Tertiary education (Levels 5-8)","C32761EB-7A21-4B95-8C7A-DB195C2955CE","Eastern and Midland","%","88.5"
"ALF01C01","Annual employment rate","2023","2023","-","All ages","-","Both sexes","99","Level of education - not stated","IE0","Ireland","%","72.5"
"ALF01C01","Annual employment rate","2023","2023","-","All ages","-","Both sexes","99","Level of education - not stated","811D29A4-1E05-4F4A-B61B-43DE64E07B29","Northern and Western","%",""
"ALF01C01","Annual employment rate","2023","2023","-","All ages","-","Both sexes","99","Level of education - not stated","97227605-23D5-4B98-BDB8-3EB5D0682A5A","Southern","%","77.7"
"ALF01C01","Annual employment rate","2023","2023","-","All ages","-","Both sexes","99","Level of education - not stated","C32761EB-7A21-4B95-8C7A-DB195C2955CE","Eastern and Midland","%","71.6"
"ALF01C01","Annual employment rate","2023","2023","-","All ages","1","Male","-","Levels of Education (Levels  0-8)","IE0","Ireland","%","85"
"ALF01C01","Annual employment rate","2023","2023","-","All ages","1","Male","-","Levels of Education (Levels  0-8)","811D29A4-1E05-4F4A-B61B-43DE64E07B29","Northern and Western","%","83.9"
"ALF01C01","Annual employment rate","2023","2023","-","All ages","1","Male","-","Levels of Education (Levels  0-8)","97227605-23D5-4B98-BDB8-3EB5D0682A5A","Southern","%","83.4"
"ALF01C01","Annual employment rate","2023","2023","-","All ages","1","Male","-","Levels of Education (Levels  0-8)","C32761EB-7A21-4B95-8C7A-DB195C2955CE","Eastern and Midland","%","86.3"
"ALF01C01","Annual employment rate","2023","2023","-","All ages","1","Male","10","Less than primary (Level 0)","IE0","Ireland","%",""
"ALF01C01","Annual employment rate","2023","2023","-","All ages","1","Male","10","Less than primary (Level 0)","811D29A4-1E05-4F4A-B61B-43DE64E07B29","Northern and Western","%",""
"ALF01C01","Annual employment rate","2023","2023","-","All ages","1","Male","10","Less than primary (Level 0)","97227605-23D5-4B98-BDB8-3EB5D0682A5A","Southern","%",""
"ALF01C01","Annual employment rate","2023","2023","-","All ages","1","Male","10","Less than primary (Level 0)","C32761EB-7A21-4B95-8C7A-DB195C2955CE","Eastern and Midland","%",""
"ALF01C01","Annual employment rate","2023","2023","-","All ages","1","Male","20","Primary and lower secondary education (Levels 1-2)","IE0","Ireland","%","69.5"
"ALF01C01","Annual employment rate","2023","2023","-","All ages","1","Male","20","Primary and lower secondary education (Levels 1-2)","811D29A4-1E05-4F4A-B61B-43DE64E07B29","Northern and Western","%","71.4"
"ALF01C01","Annual employment rate","2023","2023","-","All ages","1","Male","20","Primary and lower secondary education (Levels 1-2)","97227605-23D5-4B98-BDB8-3EB5D0682A5A","Southern","%","70.5"
"ALF01C01","Annual employment rate","2023","2023","-","All ages","1","Male","20","Primary and lower secondary education (Levels 1-2)","C32761EB-7A21-4B95-8C7A-DB195C2955CE","Eastern and Midland","%","67.7"
"ALF01C01","Annual employment rate","2023","2023","-","All ages","1","Male","30","Upper secondary and post-secondary non-tertiary education (Levels 3 and 4)","IE0","Ireland","%","81.7"
"ALF01C01","Annual employment rate","2023","2023","-","All ages","1","Male","30","Upper secondary and post-secondary non-tertiary education (Levels 3 and 4)","811D29A4-1E05-4F4A-B61B-43DE64E07B29","Northern and Western","%","82.7"
"ALF01C01","Annual employment rate","2023","2023","-","All ages","1","Male","30","Upper secondary and post-secondary non-tertiary education (Levels 3 and 4)","97227605-23D5-4B98-BDB8-3EB5D0682A5A","Southern","%","79.3"
"ALF01C01","Annual employment rate","2023","2023","-","All ages","1","Male","30","Upper secondary and post-secondary non-tertiary education (Levels 3 and 4)","C32761EB-7A21-4B95-8C7A-DB195C2955CE","Eastern and Midland","%","83.1"
"ALF01C01","Annual employment rate","2023","2023","-","All ages","1","Male","40","Tertiary education (Levels 5-8)","IE0","Ireland","%","91.3"
"ALF01C01","Annual employment rate","2023","2023","-","All ages","1","Male","40","Tertiary education (Levels 5-8)","811D29A4-1E05-4F4A-B61B-43DE64E07B29","Northern and Western","%","89.6"
"ALF01C01","Annual employment rate","2023","2023","-","All ages","1","Male","40","Tertiary education (Levels 5-8)","97227605-23D5-4B98-BDB8-3EB5D0682A5A","Southern","%","90.8"
"ALF01C01","Annual employment rate","2023","2023","-","All ages","1","Male","40","Tertiary education (Levels 5-8)","C32761EB-7A21-4B95-8C7A-DB195C2955CE","Eastern and Midland","%","92.1"
"ALF01C01","Annual employment rate","2023","2023","-","All ages","1","Male","99","Level of education - not stated","IE0","Ireland","%","80.1"
"ALF01C01","Annual employment rate","2023","2023","-","All ages","1","Male","99","Level of education - not stated","811D29A4-1E05-4F4A-B61B-43DE64E07B29","Northern and Western","%",""
"ALF01C01","Annual employment rate","2023","2023","-","All ages","1","Male","99","Level of education - not stated","97227605-23D5-4B98-BDB8-3EB5D0682A5A","Southern","%","86.4"
"ALF01C01","Annual employment rate","2023","2023","-","All ages","1","Male","99","Level of education - not stated","C32761EB-7A21-4B95-8C7A-DB195C2955CE","Eastern and Midland","%","77"
"ALF01C01","Annual employment rate","2023","2023","-","All ages","2","Female","-","Levels of Education (Levels  0-8)","IE0","Ireland","%","74.2"
"ALF01C01","Annual employment rate","2023","2023","-","All ages","2","Female","-","Levels of Education (Levels  0-8)","811D29A4-1E05-4F4A-B61B-43DE64E07B29","Northern and Western","%","72.7"
"ALF01C01","Annual employment rate","2023","2023","-","All ages","2","Female","-","Levels of Education (Levels  0-8)","97227605-23D5-4B98-BDB8-3EB5D0682A5A","Southern","%","73.3"
"ALF01C01","Annual employment rate","2023","2023","-","All ages","2","Female","-","Levels of Education (Levels  0-8)","C32761EB-7A21-4B95-8C7A-DB195C2955CE","Eastern and Midland","%","75.3"
"ALF01C01","Annual employment rate","2023","2023","-","All ages","2","Female","10","Less than primary (Level 0)","IE0","Ireland","%",""
"ALF01C01","Annual employment rate","2023","2023","-","All ages","2","Female","10","Less than primary (Level 0)","811D29A4-1E05-4F4A-B61B-43DE64E07B29","Northern and Western","%",""
"ALF01C01","Annual employment rate","2023","2023","-","All ages","2","Female","10","Less than primary (Level 0)","97227605-23D5-4B98-BDB8-3EB5D0682A5A","Southern","%",""
"ALF01C01","Annual employment rate","2023","2023","-","All ages","2","Female","10","Less than primary (Level 0)","C32761EB-7A21-4B95-8C7A-DB195C2955CE","Eastern and Midland","%",""
"ALF01C01","Annual employment rate","2023","2023","-","All ages","2","Female","20","Primary and lower secondary education (Levels 1-2)","IE0","Ireland","%","40.1"
"ALF01C01","Annual employment rate","2023","2023","-","All ages","2","Female","20","Primary and lower secondary education (Levels 1-2)","811D29A4-1E05-4F4A-B61B-43DE64E07B29","Northern and Western","%","40"
"ALF01C01","Annual employment rate","2023","2023","-","All ages","2","Female","20","Primary and lower secondary education (Levels 1-2)","97227605-23D5-4B98-BDB8-3EB5D0682A5A","Southern","%","40.4"
"ALF01C01","Annual employment rate","2023","2023","-","All ages","2","Female","20","Primary and lower secondary education (Levels 1-2)","C32761EB-7A21-4B95-8C7A-DB195C2955CE","Eastern and Midland","%","40"
"ALF01C01","Annual employment rate","2023","2023","-","All ages","2","Female","30","Upper secondary and post-secondary non-tertiary education (Levels 3 and 4)","IE0","Ireland","%","65.1"
"ALF01C01","Annual employment rate","2023","2023","-","All ages","2","Female","30","Upper secondary and post-secondary non-tertiary education (Levels 3 and 4)","811D29A4-1E05-4F4A-B61B-43DE64E07B29","Northern and Western","%","70.2"
"ALF01C01","Annual employment rate","2023","2023","-","All ages","2","Female","30","Upper secondary and post-secondary non-tertiary education (Levels 3 and 4)","97227605-23D5-4B98-BDB8-3EB5D0682A5A","Southern","%","65.1"
"ALF01C01","Annual employment rate","2023","2023","-","All ages","2","Female","30","Upper secondary and post-secondary non-tertiary education (Levels 3 and 4)","C32761EB-7A21-4B95-8C7A-DB195C2955CE","Eastern and Midland","%","63.2"
"ALF01C01","Annual employment rate","2023","2023","-","All ages","2","Female","40","Tertiary education (Levels 5-8)","IE0","Ireland","%","83.7"
"ALF01C01","Annual employment rate","2023","2023","-","All ages","2","Female","40","Tertiary education (Levels 5-8)","811D29A4-1E05-4F4A-B61B-43DE64E07B29","Northern and Western","%","80.2"
"ALF01C01","Annual employment rate","2023","2023","-","All ages","2","Female","40","Tertiary education (Levels 5-8)","97227605-23D5-4B98-BDB8-3EB5D0682A5A","Southern","%","82.6"
"ALF01C01","Annual employment rate","2023","2023","-","All ages","2","Female","40","Tertiary education (Levels 5-8)","C32761EB-7A21-4B95-8C7A-DB195C2955CE","Eastern and Midland","%","85.5"
"ALF01C01","Annual employment rate","2023","2023","-","All ages","2","Female","99","Level of education - not stated","IE0","Ireland","%","64.9"
"ALF01C01","Annual employment rate","2023","2023","-","All ages","2","Female","99","Level of education - not stated","811D29A4-1E05-4F4A-B61B-43DE64E07B29","Northern and Western","%",""
"ALF01C01","Annual employment rate","2023","2023","-","All ages","2","Female","99","Level of education - not stated","97227605-23D5-4B98-BDB8-3EB5D0682A5A","Southern","%",""
"ALF01C01","Annual employment rate","2023","2023","-","All ages","2","Female","99","Level of education - not stated","C32761EB-7A21-4B95-8C7A-DB195C2955CE","Eastern and Midland","%","67.5"
"ALF01C01","Annual employment rate","2023","2023","365","20 - 24 years","-","Both sexes","-","Levels of Education (Levels  0-8)","IE0","Ireland","%","71.5"
"ALF01C01","Annual employment rate","2023","2023","365","20 - 24 years","-","Both sexes","-","Levels of Education (Levels  0-8)","811D29A4-1E05-4F4A-B61B-43DE64E07B29","Northern and Western","%","69"
"ALF01C01","Annual employment rate","2023","2023","365","20 - 24 years","-","Both sexes","-","Levels of Education (Levels  0-8)","97227605-23D5-4B98-BDB8-3EB5D0682A5A","Southern","%","68.3"
"ALF01C01","Annual employment rate","2023","2023","365","20 - 24 years","-","Both sexes","-","Levels of Education (Levels  0-8)","C32761EB-7A21-4B95-8C7A-DB195C2955CE","Eastern and Midland","%","74.3"
"ALF01C01","Annual employment rate","2023","2023","365","20 - 24 years","-","Both sexes","10","Less than primary (Level 0)","IE0","Ireland","%",""
"ALF01C01","Annual employment rate","2023","2023","365","20 - 24 years","-","Both sexes","10","Less than primary (Level 0)","811D29A4-1E05-4F4A-B61B-43DE64E07B29","Northern and Western","%",""
"ALF01C01","Annual employment rate","2023","2023","365","20 - 24 years","-","Both sexes","10","Less than primary (Level 0)","97227605-23D5-4B98-BDB8-3EB5D0682A5A","Southern","%",""
"ALF01C01","Annual employment rate","2023","2023","365","20 - 24 years","-","Both sexes","10","Less than primary (Level 0)","C32761EB-7A21-4B95-8C7A-DB195C2955CE","Eastern and Midland","%",""
"ALF01C01","Annual employment rate","2023","2023","365","20 - 24 years","-","Both sexes","20","Primary and lower secondary education (Levels 1-2)","IE0","Ireland","%",""
"ALF01C01","Annual employment rate","2023","2023","365","20 - 24 years","-","Both sexes","20","Primary and lower secondary education (Levels 1-2)","811D29A4-1E05-4F4A-B61B-43DE64E07B29","Northern and Western","%",""
"ALF01C01","Annual employment rate","2023","2023","365","20 - 24 years","-","Both sexes","20","Primary and lower secondary education (Levels 1-2)","97227605-23D5-4B98-BDB8-3EB5D0682A5A","Southern","%",""
"ALF01C01","Annual employment rate","2023","2023","365","20 - 24 years","-","Both sexes","20","Primary and lower secondary education (Levels 1-2)","C32761EB-7A21-4B95-8C7A-DB195C2955CE","Eastern and Midland","%",""
"ALF01C01","Annual employment rate","2023","2023","365","20 - 24 years","-","Both sexes","30","Upper secondary and post-secondary non-tertiary education (Levels 3 and 4)","IE0","Ireland","%","68.5"
"ALF01C01","Annual employment rate","2023","2023","365","20 - 24 years","-","Both sexes","30","Upper secondary and post-secondary non-tertiary education (Levels 3 and 4)","811D29A4-1E05-4F4A-B61B-43DE64E07B29","Northern and Western","%","69.3"
"ALF01C01","Annual employment rate","2023","2023","365","20 - 24 years","-","Both sexes","30","Upper secondary and post-secondary non-tertiary education (Levels 3 and 4)","97227605-23D5-4B98-BDB8-3EB5D0682A5A","Southern","%","68.1"
"ALF01C01","Annual employment rate","2023","2023","365","20 - 24 years","-","Both sexes","30","Upper secondary and post-secondary non-tertiary education (Levels 3 and 4)","C32761EB-7A21-4B95-8C7A-DB195C2955CE","Eastern and Midland","%","68.3"
"ALF01C01","Annual employment rate","2023","2023","365","20 - 24 years","-","Both sexes","40","Tertiary education (Levels 5-8)","IE0","Ireland","%","83.1"
"ALF01C01","Annual employment rate","2023","2023","365","20 - 24 years","-","Both sexes","40","Tertiary education (Levels 5-8)","811D29A4-1E05-4F4A-B61B-43DE64E07B29","Northern and Western","%","77.7"
"ALF01C01","Annual employment rate","2023","2023","365","20 - 24 years","-","Both sexes","40","Tertiary education (Levels 5-8)","97227605-23D5-4B98-BDB8-3EB5D0682A5A","Southern","%","74.2"
"ALF01C01","Annual employment rate","2023","2023","365","20 - 24 years","-","Both sexes","40","Tertiary education (Levels 5-8)","C32761EB-7A21-4B95-8C7A-DB195C2955CE","Eastern and Midland","%","88.4"
"ALF01C01","Annual employment rate","2023","2023","365","20 - 24 years","-","Both sexes","99","Level of education - not stated","IE0","Ireland","%",""
"ALF01C01","Annual employment rate","2023","2023","365","20 - 24 years","-","Both sexes","99","Level of education - not stated","811D29A4-1E05-4F4A-B61B-43DE64E07B29","Northern and Western","%",""
"ALF01C01","Annual employment rate","2023","2023","365","20 - 24 years","-","Both sexes","99","Level of education - not stated","97227605-23D5-4B98-BDB8-3EB5D0682A5A","Southern","%",""
"ALF01C01","Annual employment rate","2023","2023","365","20 - 24 years","-","Both sexes","99","Level of education - not stated","C32761EB-7A21-4B95-8C7A-DB195C2955CE","Eastern and Midland","%",""
"ALF01C01","Annual employment rate","2023","2023","365","20 - 24 years","1","Male","-","Levels of Education (Levels  0-8)","IE0","Ireland","%","72.7"
"ALF01C01","Annual employment rate","2023","2023","365","20 - 24 years","1","Male","-","Levels of Education (Levels  0-8)","811D29A4-1E05-4F4A-B61B-43DE64E07B29","Northern and Western","%","70.4"
"ALF01C01","Annual employment rate","2023","2023","365","20 - 24 years","1","Male","-","Levels of Education (Levels  0-8)","97227605-23D5-4B98-BDB8-3EB5D0682A5A","Southern","%","67.5"
"ALF01C01","Annual employment rate","2023","2023","365","20 - 24 years","1","Male","-","Levels of Education (Levels  0-8)","C32761EB-7A21-4B95-8C7A-DB195C2955CE","Eastern and Midland","%","76.9"
"ALF01C01","Annual employment rate","2023","2023","365","20 - 24 years","1","Male","10","Less than primary (Level 0)","IE0","Ireland","%",""
"ALF01C01","Annual employment rate","2023","2023","365","20 - 24 years","1","Male","10","Less than primary (Level 0)","811D29A4-1E05-4F4A-B61B-43DE64E07B29","Northern and Western","%",""
"ALF01C01","Annual employment rate","2023","2023","365","20 - 24 years","1","Male","10","Less than primary (Level 0)","97227605-23D5-4B98-BDB8-3EB5D0682A5A","Southern","%",""
"ALF01C01","Annual employment rate","2023","2023","365","20 - 24 years","1","Male","10","Less than primary (Level 0)","C32761EB-7A21-4B95-8C7A-DB195C2955CE","Eastern and Midland","%",""
"ALF01C01","Annual employment rate","2023","2023","365","20 - 24 years","1","Male","20","Primary and lower secondary education (Levels 1-2)","IE0","Ireland","%",""
"ALF01C01","Annual employment rate","2023","2023","365","20 - 24 years","1","Male","20","Primary and lower secondary education (Levels 1-2)","811D29A4-1E05-4F4A-B61B-43DE64E07B29","Northern and Western","%",""
"ALF01C01","Annual employment rate","2023","2023","365","20 - 24 years","1","Male","20","Primary and lower secondary education (Levels 1-2)","97227605-23D5-4B98-BDB8-3EB5D0682A5A","Southern","%",""
"ALF01C01","Annual employment rate","2023","2023","365","20 - 24 years","1","Male","20","Primary and lower secondary education (Levels 1-2)","C32761EB-7A21-4B95-8C7A-DB195C2955CE","Eastern and Midland","%",""
"ALF01C01","Annual employment rate","2023","2023","365","20 - 24 years","1","Male","30","Upper secondary and post-secondary non-tertiary education (Levels 3 and 4)","IE0","Ireland","%","69.5"
"ALF01C01","Annual employment rate","2023","2023","365","20 - 24 years","1","Male","30","Upper secondary and post-secondary non-tertiary education (Levels 3 and 4)","811D29A4-1E05-4F4A-B61B-43DE64E07B29","Northern and Western","%","71"
"ALF01C01","Annual employment rate","2023","2023","365","20 - 24 years","1","Male","30","Upper secondary and post-secondary non-tertiary education (Levels 3 and 4)","97227605-23D5-4B98-BDB8-3EB5D0682A5A","Southern","%","65.1"
"ALF01C01","Annual employment rate","2023","2023","365","20 - 24 years","1","Male","30","Upper secondary and post-secondary non-tertiary education (Levels 3 and 4)","C32761EB-7A21-4B95-8C7A-DB195C2955CE","Eastern and Midland","%","72.3"
"ALF01C01","Annual employment rate","2023","2023","365","20 - 24 years","1","Male","40","Tertiary education (Levels 5-8)","IE0","Ireland","%","84.8"
"ALF01C01","Annual employment rate","2023","2023","365","20 - 24 years","1","Male","40","Tertiary education (Levels 5-8)","811D29A4-1E05-4F4A-B61B-43DE64E07B29","Northern and Western","%",""
"ALF01C01","Annual employment rate","2023","2023","365","20 - 24 years","1","Male","40","Tertiary education (Levels 5-8)","97227605-23D5-4B98-BDB8-3EB5D0682A5A","Southern","%",""
"ALF01C01","Annual employment rate","2023","2023","365","20 - 24 years","1","Male","40","Tertiary education (Levels 5-8)","C32761EB-7A21-4B95-8C7A-DB195C2955CE","Eastern and Midland","%","88.9"
"ALF01C01","Annual employment rate","2023","2023","365","20 - 24 years","1","Male","99","Level of education - not stated","IE0","Ireland","%",""
"ALF01C01","Annual employment rate","2023","2023","365","20 - 24 years","1","Male","99","Level of education - not stated","811D29A4-1E05-4F4A-B61B-43DE64E07B29","Northern and Western","%",""
"ALF01C01","Annual employment rate","2023","2023","365","20 - 24 years","1","Male","99","Level of education - not stated","97227605-23D5-4B98-BDB8-3EB5D0682A5A","Southern","%",""
"ALF01C01","Annual employment rate","2023","2023","365","20 - 24 years","1","Male","99","Level of education - not stated","C32761EB-7A21-4B95-8C7A-DB195C2955CE","Eastern and Midland","%",""
"ALF01C01","Annual employment rate","2023","2023","365","20 - 24 years","2","Female","-","Levels of Education (Levels  0-8)","IE0","Ireland","%","70.1"
"ALF01C01","Annual employment rate","2023","2023","365","20 - 24 years","2","Female","-","Levels of Education (Levels  0-8)","811D29A4-1E05-4F4A-B61B-43DE64E07B29","Northern and Western","%","67.5"
"ALF01C01","Annual employment rate","2023","2023","365","20 - 24 years","2","Female","-","Levels of Education (Levels  0-8)","97227605-23D5-4B98-BDB8-3EB5D0682A5A","Southern","%","69.2"
"ALF01C01","Annual employment rate","2023","2023","365","20 - 24 years","2","Female","-","Levels of Education (Levels  0-8)","C32761EB-7A21-4B95-8C7A-DB195C2955CE","Eastern and Midland","%","71.6"
"ALF01C01","Annual employment rate","2023","2023","365","20 - 24 years","2","Female","10","Less than primary (Level 0)","IE0","Ireland","%",""
"ALF01C01","Annual employment rate","2023","2023","365","20 - 24 years","2","Female","10","Less than primary (Level 0)","811D29A4-1E05-4F4A-B61B-43DE64E07B29","Northern and Western","%",""
"ALF01C01","Annual employment rate","2023","2023","365","20 - 24 years","2","Female","10","Less than primary (Level 0)","97227605-23D5-4B98-BDB8-3EB5D0682A5A","Southern","%",""
"ALF01C01","Annual employment rate","2023","2023","365","20 - 24 years","2","Female","10","Less than primary (Level 0)","C32761EB-7A21-4B95-8C7A-DB195C2955CE","Eastern and Midland","%",""
"ALF01C01","Annual employment rate","2023","2023","365","20 - 24 years","2","Female","20","Primary and lower secondary education (Levels 1-2)","IE0","Ireland","%",""
"ALF01C01","Annual employment rate","2023","2023","365","20 - 24 years","2","Female","20","Primary and lower secondary education (Levels 1-2)","811D29A4-1E05-4F4A-B61B-43DE64E07B29","Northern and Western","%",""
"ALF01C01","Annual employment rate","2023","2023","365","20 - 24 years","2","Female","20","Primary and lower secondary education (Levels 1-2)","97227605-23D5-4B98-BDB8-3EB5D0682A5A","Southern","%",""
"ALF01C01","Annual employment rate","2023","2023","365","20 - 24 years","2","Female","20","Primary and lower secondary education (Levels 1-2)","C32761EB-7A21-4B95-8C7A-DB195C2955CE","Eastern and Midland","%",""
"ALF01C01","Annual employment rate","2023","2023","365","20 - 24 years","2","Female","30","Upper secondary and post-secondary non-tertiary education (Levels 3 and 4)","IE0","Ireland","%","67.2"
"ALF01C01","Annual employment rate","2023","2023","365","20 - 24 years","2","Female","30","Upper secondary and post-secondary non-tertiary education (Levels 3 and 4)","811D29A4-1E05-4F4A-B61B-43DE64E07B29","Northern and Western","%","67.2"
"ALF01C01","Annual employment rate","2023","2023","365","20 - 24 years","2","Female","30","Upper secondary and post-secondary non-tertiary education (Levels 3 and 4)","97227605-23D5-4B98-BDB8-3EB5D0682A5A","Southern","%","72.5"
"ALF01C01","Annual employment rate","2023","2023","365","20 - 24 years","2","Female","30","Upper secondary and post-secondary non-tertiary education (Levels 3 and 4)","C32761EB-7A21-4B95-8C7A-DB195C2955CE","Eastern and Midland","%","63.8"
"ALF01C01","Annual employment rate","2023","2023","365","20 - 24 years","2","Female","40","Tertiary education (Levels 5-8)","IE0","Ireland","%","81.9"
"ALF01C01","Annual employment rate","2023","2023","365","20 - 24 years","2","Female","40","Tertiary education (Levels 5-8)","811D29A4-1E05-4F4A-B61B-43DE64E07B29","Northern and Western","%",""
"ALF01C01","Annual employment rate","2023","2023","365","20 - 24 years","2","Female","40","Tertiary education (Levels 5-8)","97227605-23D5-4B98-BDB8-3EB5D0682A5A","Southern","%","71.5"
"ALF01C01","Annual employment rate","2023","2023","365","20 - 24 years","2","Female","40","Tertiary education (Levels 5-8)","C32761EB-7A21-4B95-8C7A-DB195C2955CE","Eastern and Midland","%","87.9"
"ALF01C01","Annual employment rate","2023","2023","365","20 - 24 years","2","Female","99","Level of education - not stated","IE0","Ireland","%",""
"ALF01C01","Annual employment rate","2023","2023","365","20 - 24 years","2","Female","99","Level of education - not stated","811D29A4-1E05-4F4A-B61B-43DE64E07B29","Northern and Western","%",""
"ALF01C01","Annual employment rate","2023","2023","365","20 - 24 years","2","Female","99","Level of education - not stated","97227605-23D5-4B98-BDB8-3EB5D0682A5A","Southern","%",""
"ALF01C01","Annual employment rate","2023","2023","365","20 - 24 years","2","Female","99","Level of education - not stated","C32761EB-7A21-4B95-8C7A-DB195C2955CE","Eastern and Midland","%",""
"ALF01C01","Annual employment rate","2023","2023","410","25 - 29 years","-","Both sexes","-","Levels of Education (Levels  0-8)","IE0","Ireland","%","81.6"
"ALF01C01","Annual employment rate","2023","2023","410","25 - 29 years","-","Both sexes","-","Levels of Education (Levels  0-8)","811D29A4-1E05-4F4A-B61B-43DE64E07B29","Northern and Western","%","73.3"
"ALF01C01","Annual employment rate","2023","2023","410","25 - 29 years","-","Both sexes","-","Levels of Education (Levels  0-8)","97227605-23D5-4B98-BDB8-3EB5D0682A5A","Southern","%","79.6"
"ALF01C01","Annual employment rate","2023","2023","410","25 - 29 years","-","Both sexes","-","Levels of Education (Levels  0-8)","C32761EB-7A21-4B95-8C7A-DB195C2955CE","Eastern and Midland","%","85.2"
"ALF01C01","Annual employment rate","2023","2023","410","25 - 29 years","-","Both sexes","10","Less than primary (Level 0)","IE0","Ireland","%",""
"ALF01C01","Annual employment rate","2023","2023","410","25 - 29 years","-","Both sexes","10","Less than primary (Level 0)","811D29A4-1E05-4F4A-B61B-43DE64E07B29","Northern and Western","%",""
"ALF01C01","Annual employment rate","2023","2023","410","25 - 29 years","-","Both sexes","10","Less than primary (Level 0)","97227605-23D5-4B98-BDB8-3EB5D0682A5A","Southern","%",""
"ALF01C01","Annual employment rate","2023","2023","410","25 - 29 years","-","Both sexes","10","Less than primary (Level 0)","C32761EB-7A21-4B95-8C7A-DB195C2955CE","Eastern and Midland","%",""
"ALF01C01","Annual employment rate","2023","2023","410","25 - 29 years","-","Both sexes","20","Primary and lower secondary education (Levels 1-2)","IE0","Ireland","%",""
"ALF01C01","Annual employment rate","2023","2023","410","25 - 29 years","-","Both sexes","20","Primary and lower secondary education (Levels 1-2)","811D29A4-1E05-4F4A-B61B-43DE64E07B29","Northern and Western","%",""
"ALF01C01","Annual employment rate","2023","2023","410","25 - 29 years","-","Both sexes","20","Primary and lower secondary education (Levels 1-2)","97227605-23D5-4B98-BDB8-3EB5D0682A5A","Southern","%",""
"ALF01C01","Annual employment rate","2023","2023","410","25 - 29 years","-","Both sexes","20","Primary and lower secondary education (Levels 1-2)","C32761EB-7A21-4B95-8C7A-DB195C2955CE","Eastern and Midland","%",""
"ALF01C01","Annual employment rate","2023","2023","410","25 - 29 years","-","Both sexes","30","Upper secondary and post-secondary non-tertiary education (Levels 3 and 4)","IE0","Ireland","%","75.5"
"ALF01C01","Annual employment rate","2023","2023","410","25 - 29 years","-","Both sexes","30","Upper secondary and post-secondary non-tertiary education (Levels 3 and 4)","811D29A4-1E05-4F4A-B61B-43DE64E07B29","Northern and Western","%","82.9"
"ALF01C01","Annual employment rate","2023","2023","410","25 - 29 years","-","Both sexes","30","Upper secondary and post-secondary non-tertiary education (Levels 3 and 4)","97227605-23D5-4B98-BDB8-3EB5D0682A5A","Southern","%","65.9"
"ALF01C01","Annual employment rate","2023","2023","410","25 - 29 years","-","Both sexes","30","Upper secondary and post-secondary non-tertiary education (Levels 3 and 4)","C32761EB-7A21-4B95-8C7A-DB195C2955CE","Eastern and Midland","%","79.5"
"ALF01C01","Annual employment rate","2023","2023","410","25 - 29 years","-","Both sexes","40","Tertiary education (Levels 5-8)","IE0","Ireland","%","88.3"
"ALF01C01","Annual employment rate","2023","2023","410","25 - 29 years","-","Both sexes","40","Tertiary education (Levels 5-8)","811D29A4-1E05-4F4A-B61B-43DE64E07B29","Northern and Western","%","77.7"
"ALF01C01","Annual employment rate","2023","2023","410","25 - 29 years","-","Both sexes","40","Tertiary education (Levels 5-8)","97227605-23D5-4B98-BDB8-3EB5D0682A5A","Southern","%","89.5"
"ALF01C01","Annual employment rate","2023","2023","410","25 - 29 years","-","Both sexes","40","Tertiary education (Levels 5-8)","C32761EB-7A21-4B95-8C7A-DB195C2955CE","Eastern and Midland","%","90.4"
"ALF01C01","Annual employment rate","2023","2023","410","25 - 29 years","-","Both sexes","99","Level of education - not stated","IE0","Ireland","%",""
"ALF01C01","Annual employment rate","2023","2023","410","25 - 29 years","-","Both sexes","99","Level of education - not stated","811D29A4-1E05-4F4A-B61B-43DE64E07B29","Northern and Western","%",""
"ALF01C01","Annual employment rate","2023","2023","410","25 - 29 years","-","Both sexes","99","Level of education - not stated","97227605-23D5-4B98-BDB8-3EB5D0682A5A","Southern","%",""
"ALF01C01","Annual employment rate","2023","2023","410","25 - 29 years","-","Both sexes","99","Level of education - not stated","C32761EB-7A21-4B95-8C7A-DB195C2955CE","Eastern and Midland","%",""
"ALF01C01","Annual employment rate","2023","2023","410","25 - 29 years","1","Male","-","Levels of Education (Levels  0-8)","IE0","Ireland","%","83.2"
"ALF01C01","Annual employment rate","2023","2023","410","25 - 29 years","1","Male","-","Levels of Education (Levels  0-8)","811D29A4-1E05-4F4A-B61B-43DE64E07B29","Northern and Western","%","79.5"
"ALF01C01","Annual employment rate","2023","2023","410","25 - 29 years","1","Male","-","Levels of Education (Levels  0-8)","97227605-23D5-4B98-BDB8-3EB5D0682A5A","Southern","%","77.3"
"ALF01C01","Annual employment rate","2023","2023","410","25 - 29 years","1","Male","-","Levels of Education (Levels  0-8)","C32761EB-7A21-4B95-8C7A-DB195C2955CE","Eastern and Midland","%","87.7"
"ALF01C01","Annual employment rate","2023","2023","410","25 - 29 years","1","Male","10","Less than primary (Level 0)","IE0","Ireland","%",""
"ALF01C01","Annual employment rate","2023","2023","410","25 - 29 years","1","Male","10","Less than primary (Level 0)","811D29A4-1E05-4F4A-B61B-43DE64E07B29","Northern and Western","%",""
"ALF01C01","Annual employment rate","2023","2023","410","25 - 29 years","1","Male","10","Less than primary (Level 0)","97227605-23D5-4B98-BDB8-3EB5D0682A5A","Southern","%",""
"ALF01C01","Annual employment rate","2023","2023","410","25 - 29 years","1","Male","10","Less than primary (Level 0)","C32761EB-7A21-4B95-8C7A-DB195C2955CE","Eastern and Midland","%",""
"ALF01C01","Annual employment rate","2023","2023","410","25 - 29 years","1","Male","20","Primary and lower secondary education (Levels 1-2)","IE0","Ireland","%",""
"ALF01C01","Annual employment rate","2023","2023","410","25 - 29 years","1","Male","20","Primary and lower secondary education (Levels 1-2)","811D29A4-1E05-4F4A-B61B-43DE64E07B29","Northern and Western","%",""
"ALF01C01","Annual employment rate","2023","2023","410","25 - 29 years","1","Male","20","Primary and lower secondary education (Levels 1-2)","97227605-23D5-4B98-BDB8-3EB5D0682A5A","Southern","%",""
"ALF01C01","Annual employment rate","2023","2023","410","25 - 29 years","1","Male","20","Primary and lower secondary education (Levels 1-2)","C32761EB-7A21-4B95-8C7A-DB195C2955CE","Eastern and Midland","%",""
"ALF01C01","Annual employment rate","2023","2023","410","25 - 29 years","1","Male","30","Upper secondary and post-secondary non-tertiary education (Levels 3 and 4)","IE0","Ireland","%","75.7"
"ALF01C01","Annual employment rate","2023","2023","410","25 - 29 years","1","Male","30","Upper secondary and post-secondary non-tertiary education (Levels 3 and 4)","811D29A4-1E05-4F4A-B61B-43DE64E07B29","Northern and Western","%",""
"ALF01C01","Annual employment rate","2023","2023","410","25 - 29 years","1","Male","30","Upper secondary and post-secondary non-tertiary education (Levels 3 and 4)","97227605-23D5-4B98-BDB8-3EB5D0682A5A","Southern","%","66.7"
"ALF01C01","Annual employment rate","2023","2023","410","25 - 29 years","1","Male","30","Upper secondary and post-secondary non-tertiary education (Levels 3 and 4)","C32761EB-7A21-4B95-8C7A-DB195C2955CE","Eastern and Midland","%","80.3"
"ALF01C01","Annual employment rate","2023","2023","410","25 - 29 years","1","Male","40","Tertiary education (Levels 5-8)","IE0","Ireland","%","90"
"ALF01C01","Annual employment rate","2023","2023","410","25 - 29 years","1","Male","40","Tertiary education (Levels 5-8)","811D29A4-1E05-4F4A-B61B-43DE64E07B29","Northern and Western","%","91"
"ALF01C01","Annual employment rate","2023","2023","410","25 - 29 years","1","Male","40","Tertiary education (Levels 5-8)","97227605-23D5-4B98-BDB8-3EB5D0682A5A","Southern","%","83.6"
"ALF01C01","Annual employment rate","2023","2023","410","25 - 29 years","1","Male","40","Tertiary education (Levels 5-8)","C32761EB-7A21-4B95-8C7A-DB195C2955CE","Eastern and Midland","%","92.5"
"ALF01C01","Annual employment rate","2023","2023","410","25 - 29 years","1","Male","99","Level of education - not stated","IE0","Ireland","%",""
"ALF01C01","Annual employment rate","2023","2023","410","25 - 29 years","1","Male","99","Level of education - not stated","811D29A4-1E05-4F4A-B61B-43DE64E07B29","Northern and Western","%",""
"ALF01C01","Annual employment rate","2023","2023","410","25 - 29 years","1","Male","99","Level of education - not stated","97227605-23D5-4B98-BDB8-3EB5D0682A5A","Southern","%",""
"ALF01C01","Annual employment rate","2023","2023","410","25 - 29 years","1","Male","99","Level of education - not stated","C32761EB-7A21-4B95-8C7A-DB195C2955CE","Eastern and Midland","%",""
"ALF01C01","Annual employment rate","2023","2023","410","25 - 29 years","2","Female","-","Levels of Education (Levels  0-8)","IE0","Ireland","%","80"
"ALF01C01","Annual employment rate","2023","2023","410","25 - 29 years","2","Female","-","Levels of Education (Levels  0-8)","811D29A4-1E05-4F4A-B61B-43DE64E07B29","Northern and Western","%","66.8"
"ALF01C01","Annual employment rate","2023","2023","410","25 - 29 years","2","Female","-","Levels of Education (Levels  0-8)","97227605-23D5-4B98-BDB8-3EB5D0682A5A","Southern","%","81.9"
"ALF01C01","Annual employment rate","2023","2023","410","25 - 29 years","2","Female","-","Levels of Education (Levels  0-8)","C32761EB-7A21-4B95-8C7A-DB195C2955CE","Eastern and Midland","%","82.6"
"ALF01C01","Annual employment rate","2023","2023","410","25 - 29 years","2","Female","10","Less than primary (Level 0)","IE0","Ireland","%",""
"ALF01C01","Annual employment rate","2023","2023","410","25 - 29 years","2","Female","10","Less than primary (Level 0)","811D29A4-1E05-4F4A-B61B-43DE64E07B29","Northern and Western","%",""
"ALF01C01","Annual employment rate","2023","2023","410","25 - 29 years","2","Female","10","Less than primary (Level 0)","97227605-23D5-4B98-BDB8-3EB5D0682A5A","Southern","%",""
"ALF01C01","Annual employment rate","2023","2023","410","25 - 29 years","2","Female","10","Less than primary (Level 0)","C32761EB-7A21-4B95-8C7A-DB195C2955CE","Eastern and Midland","%",""
"ALF01C01","Annual employment rate","2023","2023","410","25 - 29 years","2","Female","20","Primary and lower secondary education (Levels 1-2)","IE0","Ireland","%",""
"ALF01C01","Annual employment rate","2023","2023","410","25 - 29 years","2","Female","20","Primary and lower secondary education (Levels 1-2)","811D29A4-1E05-4F4A-B61B-43DE64E07B29","Northern and Western","%",""
"ALF01C01","Annual employment rate","2023","2023","410","25 - 29 years","2","Female","20","Primary and lower secondary education (Levels 1-2)","97227605-23D5-4B98-BDB8-3EB5D0682A5A","Southern","%",""
"ALF01C01","Annual employment rate","2023","2023","410","25 - 29 years","2","Female","20","Primary and lower secondary education (Levels 1-2)","C32761EB-7A21-4B95-8C7A-DB195C2955CE","Eastern and Midland","%",""
"ALF01C01","Annual employment rate","2023","2023","410","25 - 29 years","2","Female","30","Upper secondary and post-secondary non-tertiary education (Levels 3 and 4)","IE0","Ireland","%","75.1"
"ALF01C01","Annual employment rate","2023","2023","410","25 - 29 years","2","Female","30","Upper secondary and post-secondary non-tertiary education (Levels 3 and 4)","811D29A4-1E05-4F4A-B61B-43DE64E07B29","Northern and Western","%",""
"ALF01C01","Annual employment rate","2023","2023","410","25 - 29 years","2","Female","30","Upper secondary and post-secondary non-tertiary education (Levels 3 and 4)","97227605-23D5-4B98-BDB8-3EB5D0682A5A","Southern","%",""
"ALF01C01","Annual employment rate","2023","2023","410","25 - 29 years","2","Female","30","Upper secondary and post-secondary non-tertiary education (Levels 3 and 4)","C32761EB-7A21-4B95-8C7A-DB195C2955CE","Eastern and Midland","%","78.6"
"ALF01C01","Annual employment rate","2023","2023","410","25 - 29 years","2","Female","40","Tertiary education (Levels 5-8)","IE0","Ireland","%","86.9"
"ALF01C01","Annual employment rate","2023","2023","410","25 - 29 years","2","Female","40","Tertiary education (Levels 5-8)","811D29A4-1E05-4F4A-B61B-43DE64E07B29","Northern and Western","%","66.7"
"ALF01C01","Annual employment rate","2023","2023","410","25 - 29 years","2","Female","40","Tertiary education (Levels 5-8)","97227605-23D5-4B98-BDB8-3EB5D0682A5A","Southern","%","93.9"
"ALF01C01","Annual employment rate","2023","2023","410","25 - 29 years","2","Female","40","Tertiary education (Levels 5-8)","C32761EB-7A21-4B95-8C7A-DB195C2955CE","Eastern and Midland","%","88.5"
"ALF01C01","Annual employment rate","2023","2023","410","25 - 29 years","2","Female","99","Level of education - not stated","IE0","Ireland","%",""
"ALF01C01","Annual employment rate","2023","2023","410","25 - 29 years","2","Female","99","Level of education - not stated","811D29A4-1E05-4F4A-B61B-43DE64E07B29","Northern and Western","%",""
"ALF01C01","Annual employment rate","2023","2023","410","25 - 29 years","2","Female","99","Level of education - not stated","97227605-23D5-4B98-BDB8-3EB5D0682A5A","Southern","%",""
"ALF01C01","Annual employment rate","2023","2023","410","25 - 29 years","2","Female","99","Level of education - not stated","C32761EB-7A21-4B95-8C7A-DB195C2955CE","Eastern and Midland","%",""
"ALF01C01","Annual employment rate","2023","2023","440","30 - 34 years","-","Both sexes","-","Levels of Education (Levels  0-8)","IE0","Ireland","%","83.8"
"ALF01C01","Annual employment rate","2023","2023","440","30 - 34 years","-","Both sexes","-","Levels of Education (Levels  0-8)","811D29A4-1E05-4F4A-B61B-43DE64E07B29","Northern and Western","%","80.8"
"ALF01C01","Annual employment rate","2023","2023","440","30 - 34 years","-","Both sexes","-","Levels of Education (Levels  0-8)","97227605-23D5-4B98-BDB8-3EB5D0682A5A","Southern","%","80.3"
"ALF01C01","Annual employment rate","2023","2023","440","30 - 34 years","-","Both sexes","-","Levels of Education (Levels  0-8)","C32761EB-7A21-4B95-8C7A-DB195C2955CE","Eastern and Midland","%","86.5"
"ALF01C01","Annual employment rate","2023","2023","440","30 - 34 years","-","Both sexes","10","Less than primary (Level 0)","IE0","Ireland","%",""
"ALF01C01","Annual employment rate","2023","2023","440","30 - 34 years","-","Both sexes","10","Less than primary (Level 0)","811D29A4-1E05-4F4A-B61B-43DE64E07B29","Northern and Western","%",""
"ALF01C01","Annual employment rate","2023","2023","440","30 - 34 years","-","Both sexes","10","Less than primary (Level 0)","97227605-23D5-4B98-BDB8-3EB5D0682A5A","Southern","%",""
"ALF01C01","Annual employment rate","2023","2023","440","30 - 34 years","-","Both sexes","10","Less than primary (Level 0)","C32761EB-7A21-4B95-8C7A-DB195C2955CE","Eastern and Midland","%",""
"ALF01C01","Annual employment rate","2023","2023","440","30 - 34 years","-","Both sexes","20","Primary and lower secondary education (Levels 1-2)","IE0","Ireland","%",""
"ALF01C01","Annual employment rate","2023","2023","440","30 - 34 years","-","Both sexes","20","Primary and lower secondary education (Levels 1-2)","811D29A4-1E05-4F4A-B61B-43DE64E07B29","Northern and Western","%",""
"ALF01C01","Annual employment rate","2023","2023","440","30 - 34 years","-","Both sexes","20","Primary and lower secondary education (Levels 1-2)","97227605-23D5-4B98-BDB8-3EB5D0682A5A","Southern","%",""
"ALF01C01","Annual employment rate","2023","2023","440","30 - 34 years","-","Both sexes","20","Primary and lower secondary education (Levels 1-2)","C32761EB-7A21-4B95-8C7A-DB195C2955CE","Eastern and Midland","%",""
"ALF01C01","Annual employment rate","2023","2023","440","30 - 34 years","-","Both sexes","30","Upper secondary and post-secondary non-tertiary education (Levels 3 and 4)","IE0","Ireland","%","75.2"
"ALF01C01","Annual employment rate","2023","2023","440","30 - 34 years","-","Both sexes","30","Upper secondary and post-secondary non-tertiary education (Levels 3 and 4)","811D29A4-1E05-4F4A-B61B-43DE64E07B29","Northern and Western","%","79.1"
"ALF01C01","Annual employment rate","2023","2023","440","30 - 34 years","-","Both sexes","30","Upper secondary and post-secondary non-tertiary education (Levels 3 and 4)","97227605-23D5-4B98-BDB8-3EB5D0682A5A","Southern","%","70.7"
"ALF01C01","Annual employment rate","2023","2023","440","30 - 34 years","-","Both sexes","30","Upper secondary and post-secondary non-tertiary education (Levels 3 and 4)","C32761EB-7A21-4B95-8C7A-DB195C2955CE","Eastern and Midland","%","76.9"
"ALF01C01","Annual employment rate","2023","2023","440","30 - 34 years","-","Both sexes","40","Tertiary education (Levels 5-8)","IE0","Ireland","%","90"
"ALF01C01","Annual employment rate","2023","2023","440","30 - 34 years","-","Both sexes","40","Tertiary education (Levels 5-8)","811D29A4-1E05-4F4A-B61B-43DE64E07B29","Northern and Western","%","88.7"
"ALF01C01","Annual employment rate","2023","2023","440","30 - 34 years","-","Both sexes","40","Tertiary education (Levels 5-8)","97227605-23D5-4B98-BDB8-3EB5D0682A5A","Southern","%","86"
"ALF01C01","Annual employment rate","2023","2023","440","30 - 34 years","-","Both sexes","40","Tertiary education (Levels 5-8)","C32761EB-7A21-4B95-8C7A-DB195C2955CE","Eastern and Midland","%","92.2"
"ALF01C01","Annual employment rate","2023","2023","440","30 - 34 years","-","Both sexes","99","Level of education - not stated","IE0","Ireland","%",""
"ALF01C01","Annual employment rate","2023","2023","440","30 - 34 years","-","Both sexes","99","Level of education - not stated","811D29A4-1E05-4F4A-B61B-43DE64E07B29","Northern and Western","%",""
"ALF01C01","Annual employment rate","2023","2023","440","30 - 34 years","-","Both sexes","99","Level of education - not stated","97227605-23D5-4B98-BDB8-3EB5D0682A5A","Southern","%",""
"ALF01C01","Annual employment rate","2023","2023","440","30 - 34 years","-","Both sexes","99","Level of education - not stated","C32761EB-7A21-4B95-8C7A-DB195C2955CE","Eastern and Midland","%",""
"ALF01C01","Annual employment rate","2023","2023","440","30 - 34 years","1","Male","-","Levels of Education (Levels  0-8)","IE0","Ireland","%","89.5"
"ALF01C01","Annual employment rate","2023","2023","440","30 - 34 years","1","Male","-","Levels of Education (Levels  0-8)","811D29A4-1E05-4F4A-B61B-43DE64E07B29","Northern and Western","%","85.3"
"ALF01C01","Annual employment rate","2023","2023","440","30 - 34 years","1","Male","-","Levels of Education (Levels  0-8)","97227605-23D5-4B98-BDB8-3EB5D0682A5A","Southern","%","88.3"
"ALF01C01","Annual employment rate","2023","2023","440","30 - 34 years","1","Male","-","Levels of Education (Levels  0-8)","C32761EB-7A21-4B95-8C7A-DB195C2955CE","Eastern and Midland","%","91.3"
"ALF01C01","Annual employment rate","2023","2023","440","30 - 34 years","1","Male","10","Less than primary (Level 0)","IE0","Ireland","%",""
"ALF01C01","Annual employment rate","2023","2023","440","30 - 34 years","1","Male","10","Less than primary (Level 0)","811D29A4-1E05-4F4A-B61B-43DE64E07B29","Northern and Western","%",""
"ALF01C01","Annual employment rate","2023","2023","440","30 - 34 years","1","Male","10","Less than primary (Level 0)","97227605-23D5-4B98-BDB8-3EB5D0682A5A","Southern","%",""
"ALF01C01","Annual employment rate","2023","2023","440","30 - 34 years","1","Male","10","Less than primary (Level 0)","C32761EB-7A21-4B95-8C7A-DB195C2955CE","Eastern and Midland","%",""
"ALF01C01","Annual employment rate","2023","2023","440","30 - 34 years","1","Male","20","Primary and lower secondary education (Levels 1-2)","IE0","Ireland","%",""
"ALF01C01","Annual employment rate","2023","2023","440","30 - 34 years","1","Male","20","Primary and lower secondary education (Levels 1-2)","811D29A4-1E05-4F4A-B61B-43DE64E07B29","Northern and Western","%",""
"ALF01C01","Annual employment rate","2023","2023","440","30 - 34 years","1","Male","20","Primary and lower secondary education (Levels 1-2)","97227605-23D5-4B98-BDB8-3EB5D0682A5A","Southern","%",""
"ALF01C01","Annual employment rate","2023","2023","440","30 - 34 years","1","Male","20","Primary and lower secondary education (Levels 1-2)","C32761EB-7A21-4B95-8C7A-DB195C2955CE","Eastern and Midland","%",""
"ALF01C01","Annual employment rate","2023","2023","440","30 - 34 years","1","Male","30","Upper secondary and post-secondary non-tertiary education (Levels 3 and 4)","IE0","Ireland","%","88.3"
"ALF01C01","Annual employment rate","2023","2023","440","30 - 34 years","1","Male","30","Upper secondary and post-secondary non-tertiary education (Levels 3 and 4)","811D29A4-1E05-4F4A-B61B-43DE64E07B29","Northern and Western","%",""
"ALF01C01","Annual employment rate","2023","2023","440","30 - 34 years","1","Male","30","Upper secondary and post-secondary non-tertiary education (Levels 3 and 4)","97227605-23D5-4B98-BDB8-3EB5D0682A5A","Southern","%","82.9"
"ALF01C01","Annual employment rate","2023","2023","440","30 - 34 years","1","Male","30","Upper secondary and post-secondary non-tertiary education (Levels 3 and 4)","C32761EB-7A21-4B95-8C7A-DB195C2955CE","Eastern and Midland","%","90.9"
"ALF01C01","Annual employment rate","2023","2023","440","30 - 34 years","1","Male","40","Tertiary education (Levels 5-8)","IE0","Ireland","%","92.3"
"ALF01C01","Annual employment rate","2023","2023","440","30 - 34 years","1","Male","40","Tertiary education (Levels 5-8)","811D29A4-1E05-4F4A-B61B-43DE64E07B29","Northern and Western","%","87.7"
"ALF01C01","Annual employment rate","2023","2023","440","30 - 34 years","1","Male","40","Tertiary education (Levels 5-8)","97227605-23D5-4B98-BDB8-3EB5D0682A5A","Southern","%","91.4"
"ALF01C01","Annual employment rate","2023","2023","440","30 - 34 years","1","Male","40","Tertiary education (Levels 5-8)","C32761EB-7A21-4B95-8C7A-DB195C2955CE","Eastern and Midland","%","93.7"
"ALF01C01","Annual employment rate","2023","2023","440","30 - 34 years","1","Male","99","Level of education - not stated","IE0","Ireland","%",""
"ALF01C01","Annual employment rate","2023","2023","440","30 - 34 years","1","Male","99","Level of education - not stated","811D29A4-1E05-4F4A-B61B-43DE64E07B29","Northern and Western","%",""
"ALF01C01","Annual employment rate","2023","2023","440","30 - 34 years","1","Male","99","Level of education - not stated","97227605-23D5-4B98-BDB8-3EB5D0682A5A","Southern","%",""
"ALF01C01","Annual employment rate","2023","2023","440","30 - 34 years","1","Male","99","Level of education - not stated","C32761EB-7A21-4B95-8C7A-DB195C2955CE","Eastern and Midland","%",""
"ALF01C01","Annual employment rate","2023","2023","440","30 - 34 years","2","Female","-","Levels of Education (Levels  0-8)","IE0","Ireland","%","78.4"
"ALF01C01","Annual employment rate","2023","2023","440","30 - 34 years","2","Female","-","Levels of Education (Levels  0-8)","811D29A4-1E05-4F4A-B61B-43DE64E07B29","Northern and Western","%","76.7"
"ALF01C01","Annual employment rate","2023","2023","440","30 - 34 years","2","Female","-","Levels of Education (Levels  0-8)","97227605-23D5-4B98-BDB8-3EB5D0682A5A","Southern","%","72.9"
"ALF01C01","Annual employment rate","2023","2023","440","30 - 34 years","2","Female","-","Levels of Education (Levels  0-8)","C32761EB-7A21-4B95-8C7A-DB195C2955CE","Eastern and Midland","%","82"
"ALF01C01","Annual employment rate","2023","2023","440","30 - 34 years","2","Female","10","Less than primary (Level 0)","IE0","Ireland","%",""
"ALF01C01","Annual employment rate","2023","2023","440","30 - 34 years","2","Female","10","Less than primary (Level 0)","811D29A4-1E05-4F4A-B61B-43DE64E07B29","Northern and Western","%",""
"ALF01C01","Annual employment rate","2023","2023","440","30 - 34 years","2","Female","10","Less than primary (Level 0)","97227605-23D5-4B98-BDB8-3EB5D0682A5A","Southern","%",""
"ALF01C01","Annual employment rate","2023","2023","440","30 - 34 years","2","Female","10","Less than primary (Level 0)","C32761EB-7A21-4B95-8C7A-DB195C2955CE","Eastern and Midland","%",""
"ALF01C01","Annual employment rate","2023","2023","440","30 - 34 years","2","Female","20","Primary and lower secondary education (Levels 1-2)","IE0","Ireland","%",""
"ALF01C01","Annual employment rate","2023","2023","440","30 - 34 years","2","Female","20","Primary and lower secondary education (Levels 1-2)","811D29A4-1E05-4F4A-B61B-43DE64E07B29","Northern and Western","%",""
"ALF01C01","Annual employment rate","2023","2023","440","30 - 34 years","2","Female","20","Primary and lower secondary education (Levels 1-2)","97227605-23D5-4B98-BDB8-3EB5D0682A5A","Southern","%",""
"ALF01C01","Annual employment rate","2023","2023","440","30 - 34 years","2","Female","20","Primary and lower secondary education (Levels 1-2)","C32761EB-7A21-4B95-8C7A-DB195C2955CE","Eastern and Midland","%",""
"ALF01C01","Annual employment rate","2023","2023","440","30 - 34 years","2","Female","30","Upper secondary and post-secondary non-tertiary education (Levels 3 and 4)","IE0","Ireland","%","60.2"
"ALF01C01","Annual employment rate","2023","2023","440","30 - 34 years","2","Female","30","Upper secondary and post-secondary non-tertiary education (Levels 3 and 4)","811D29A4-1E05-4F4A-B61B-43DE64E07B29","Northern and Western","%",""
"ALF01C01","Annual employment rate","2023","2023","440","30 - 34 years","2","Female","30","Upper secondary and post-secondary non-tertiary education (Levels 3 and 4)","97227605-23D5-4B98-BDB8-3EB5D0682A5A","Southern","%","55.8"
"ALF01C01","Annual employment rate","2023","2023","440","30 - 34 years","2","Female","30","Upper secondary and post-secondary non-tertiary education (Levels 3 and 4)","C32761EB-7A21-4B95-8C7A-DB195C2955CE","Eastern and Midland","%","61.1"
"ALF01C01","Annual employment rate","2023","2023","440","30 - 34 years","2","Female","40","Tertiary education (Levels 5-8)","IE0","Ireland","%","88"
"ALF01C01","Annual employment rate","2023","2023","440","30 - 34 years","2","Female","40","Tertiary education (Levels 5-8)","811D29A4-1E05-4F4A-B61B-43DE64E07B29","Northern and Western","%","89.5"
"ALF01C01","Annual employment rate","2023","2023","440","30 - 34 years","2","Female","40","Tertiary education (Levels 5-8)","97227605-23D5-4B98-BDB8-3EB5D0682A5A","Southern","%","81.9"
"ALF01C01","Annual employment rate","2023","2023","440","30 - 34 years","2","Female","40","Tertiary education (Levels 5-8)","C32761EB-7A21-4B95-8C7A-DB195C2955CE","Eastern and Midland","%","90.9"
"ALF01C01","Annual employment rate","2023","2023","440","30 - 34 years","2","Female","99","Level of education - not stated","IE0","Ireland","%",""
"ALF01C01","Annual employment rate","2023","2023","440","30 - 34 years","2","Female","99","Level of education - not stated","811D29A4-1E05-4F4A-B61B-43DE64E07B29","Northern and Western","%",""
"ALF01C01","Annual employment rate","2023","2023","440","30 - 34 years","2","Female","99","Level of education - not stated","97227605-23D5-4B98-BDB8-3EB5D0682A5A","Southern","%",""
"ALF01C01","Annual employment rate","2023","2023","440","30 - 34 years","2","Female","99","Level of education - not stated","C32761EB-7A21-4B95-8C7A-DB195C2955CE","Eastern and Midland","%",""
"ALF01C01","Annual employment rate","2023","2023","460","35 - 39 years","-","Both sexes","-","Levels of Education (Levels  0-8)","IE0","Ireland","%","82.9"
"ALF01C01","Annual employment rate","2023","2023","460","35 - 39 years","-","Both sexes","-","Levels of Education (Levels  0-8)","811D29A4-1E05-4F4A-B61B-43DE64E07B29","Northern and Western","%","80.9"
"ALF01C01","Annual employment rate","2023","2023","460","35 - 39 years","-","Both sexes","-","Levels of Education (Levels  0-8)","97227605-23D5-4B98-BDB8-3EB5D0682A5A","Southern","%","85.2"
"ALF01C01","Annual employment rate","2023","2023","460","35 - 39 years","-","Both sexes","-","Levels of Education (Levels  0-8)","C32761EB-7A21-4B95-8C7A-DB195C2955CE","Eastern and Midland","%","82.3"
"ALF01C01","Annual employment rate","2023","2023","460","35 - 39 years","-","Both sexes","10","Less than primary (Level 0)","IE0","Ireland","%",""
"ALF01C01","Annual employment rate","2023","2023","460","35 - 39 years","-","Both sexes","10","Less than primary (Level 0)","811D29A4-1E05-4F4A-B61B-43DE64E07B29","Northern and Western","%",""
"ALF01C01","Annual employment rate","2023","2023","460","35 - 39 years","-","Both sexes","10","Less than primary (Level 0)","97227605-23D5-4B98-BDB8-3EB5D0682A5A","Southern","%",""
"ALF01C01","Annual employment rate","2023","2023","460","35 - 39 years","-","Both sexes","10","Less than primary (Level 0)","C32761EB-7A21-4B95-8C7A-DB195C2955CE","Eastern and Midland","%",""
"ALF01C01","Annual employment rate","2023","2023","460","35 - 39 years","-","Both sexes","20","Primary and lower secondary education (Levels 1-2)","IE0","Ireland","%","48.8"
"ALF01C01","Annual employment rate","2023","2023","460","35 - 39 years","-","Both sexes","20","Primary and lower secondary education (Levels 1-2)","811D29A4-1E05-4F4A-B61B-43DE64E07B29","Northern and Western","%",""
"ALF01C01","Annual employment rate","2023","2023","460","35 - 39 years","-","Both sexes","20","Primary and lower secondary education (Levels 1-2)","97227605-23D5-4B98-BDB8-3EB5D0682A5A","Southern","%",""
"ALF01C01","Annual employment rate","2023","2023","460","35 - 39 years","-","Both sexes","20","Primary and lower secondary education (Levels 1-2)","C32761EB-7A21-4B95-8C7A-DB195C2955CE","Eastern and Midland","%",""
"ALF01C01","Annual employment rate","2023","2023","460","35 - 39 years","-","Both sexes","30","Upper secondary and post-secondary non-tertiary education (Levels 3 and 4)","IE0","Ireland","%","75"
"ALF01C01","Annual employment rate","2023","2023","460","35 - 39 years","-","Both sexes","30","Upper secondary and post-secondary non-tertiary education (Levels 3 and 4)","811D29A4-1E05-4F4A-B61B-43DE64E07B29","Northern and Western","%","72.6"
"ALF01C01","Annual employment rate","2023","2023","460","35 - 39 years","-","Both sexes","30","Upper secondary and post-secondary non-tertiary education (Levels 3 and 4)","97227605-23D5-4B98-BDB8-3EB5D0682A5A","Southern","%","74.6"
"ALF01C01","Annual employment rate","2023","2023","460","35 - 39 years","-","Both sexes","30","Upper secondary and post-secondary non-tertiary education (Levels 3 and 4)","C32761EB-7A21-4B95-8C7A-DB195C2955CE","Eastern and Midland","%","76.1"
"ALF01C01","Annual employment rate","2023","2023","460","35 - 39 years","-","Both sexes","40","Tertiary education (Levels 5-8)","IE0","Ireland","%","90.8"
"ALF01C01","Annual employment rate","2023","2023","460","35 - 39 years","-","Both sexes","40","Tertiary education (Levels 5-8)","811D29A4-1E05-4F4A-B61B-43DE64E07B29","Northern and Western","%","88.4"
"ALF01C01","Annual employment rate","2023","2023","460","35 - 39 years","-","Both sexes","40","Tertiary education (Levels 5-8)","97227605-23D5-4B98-BDB8-3EB5D0682A5A","Southern","%","95.7"
"ALF01C01","Annual employment rate","2023","2023","460","35 - 39 years","-","Both sexes","40","Tertiary education (Levels 5-8)","C32761EB-7A21-4B95-8C7A-DB195C2955CE","Eastern and Midland","%","89.1"
"ALF01C01","Annual employment rate","2023","2023","460","35 - 39 years","-","Both sexes","99","Level of education - not stated","IE0","Ireland","%",""
"ALF01C01","Annual employment rate","2023","2023","460","35 - 39 years","-","Both sexes","99","Level of education - not stated","811D29A4-1E05-4F4A-B61B-43DE64E07B29","Northern and Western","%",""
"ALF01C01","Annual employment rate","2023","2023","460","35 - 39 years","-","Both sexes","99","Level of education - not stated","97227605-23D5-4B98-BDB8-3EB5D0682A5A","Southern","%",""
"ALF01C01","Annual employment rate","2023","2023","460","35 - 39 years","-","Both sexes","99","Level of education - not stated","C32761EB-7A21-4B95-8C7A-DB195C2955CE","Eastern and Midland","%",""
"ALF01C01","Annual employment rate","2023","2023","460","35 - 39 years","1","Male","-","Levels of Education (Levels  0-8)","IE0","Ireland","%","89.1"
"ALF01C01","Annual employment rate","2023","2023","460","35 - 39 years","1","Male","-","Levels of Education (Levels  0-8)","811D29A4-1E05-4F4A-B61B-43DE64E07B29","Northern and Western","%","91.1"
"ALF01C01","Annual employment rate","2023","2023","460","35 - 39 years","1","Male","-","Levels of Education (Levels  0-8)","97227605-23D5-4B98-BDB8-3EB5D0682A5A","Southern","%","88.8"
"ALF01C01","Annual employment rate","2023","2023","460","35 - 39 years","1","Male","-","Levels of Education (Levels  0-8)","C32761EB-7A21-4B95-8C7A-DB195C2955CE","Eastern and Midland","%","88.7"
"ALF01C01","Annual employment rate","2023","2023","460","35 - 39 years","1","Male","10","Less than primary (Level 0)","IE0","Ireland","%",""
"ALF01C01","Annual employment rate","2023","2023","460","35 - 39 years","1","Male","10","Less than primary (Level 0)","811D29A4-1E05-4F4A-B61B-43DE64E07B29","Northern and Western","%",""
"ALF01C01","Annual employment rate","2023","2023","460","35 - 39 years","1","Male","10","Less than primary (Level 0)","97227605-23D5-4B98-BDB8-3EB5D0682A5A","Southern","%",""
"ALF01C01","Annual employment rate","2023","2023","460","35 - 39 years","1","Male","10","Less than primary (Level 0)","C32761EB-7A21-4B95-8C7A-DB195C2955CE","Eastern and Midland","%",""
"ALF01C01","Annual employment rate","2023","2023","460","35 - 39 years","1","Male","20","Primary and lower secondary education (Levels 1-2)","IE0","Ireland","%",""
"ALF01C01","Annual employment rate","2023","2023","460","35 - 39 years","1","Male","20","Primary and lower secondary education (Levels 1-2)","811D29A4-1E05-4F4A-B61B-43DE64E07B29","Northern and Western","%",""
"ALF01C01","Annual employment rate","2023","2023","460","35 - 39 years","1","Male","20","Primary and lower secondary education (Levels 1-2)","97227605-23D5-4B98-BDB8-3EB5D0682A5A","Southern","%",""
"ALF01C01","Annual employment rate","2023","2023","460","35 - 39 years","1","Male","20","Primary and lower secondary education (Levels 1-2)","C32761EB-7A21-4B95-8C7A-DB195C2955CE","Eastern and Midland","%",""
"ALF01C01","Annual employment rate","2023","2023","460","35 - 39 years","1","Male","30","Upper secondary and post-secondary non-tertiary education (Levels 3 and 4)","IE0","Ireland","%","86"
"ALF01C01","Annual employment rate","2023","2023","460","35 - 39 years","1","Male","30","Upper secondary and post-secondary non-tertiary education (Levels 3 and 4)","811D29A4-1E05-4F4A-B61B-43DE64E07B29","Northern and Western","%","82"
"ALF01C01","Annual employment rate","2023","2023","460","35 - 39 years","1","Male","30","Upper secondary and post-secondary non-tertiary education (Levels 3 and 4)","97227605-23D5-4B98-BDB8-3EB5D0682A5A","Southern","%","84.9"
"ALF01C01","Annual employment rate","2023","2023","460","35 - 39 years","1","Male","30","Upper secondary and post-secondary non-tertiary education (Levels 3 and 4)","C32761EB-7A21-4B95-8C7A-DB195C2955CE","Eastern and Midland","%","88.2"
"ALF01C01","Annual employment rate","2023","2023","460","35 - 39 years","1","Male","40","Tertiary education (Levels 5-8)","IE0","Ireland","%","96.7"
"ALF01C01","Annual employment rate","2023","2023","460","35 - 39 years","1","Male","40","Tertiary education (Levels 5-8)","811D29A4-1E05-4F4A-B61B-43DE64E07B29","Northern and Western","%","99.3"
"ALF01C01","Annual employment rate","2023","2023","460","35 - 39 years","1","Male","40","Tertiary education (Levels 5-8)","97227605-23D5-4B98-BDB8-3EB5D0682A5A","Southern","%","99"
"ALF01C01","Annual employment rate","2023","2023","460","35 - 39 years","1","Male","40","Tertiary education (Levels 5-8)","C32761EB-7A21-4B95-8C7A-DB195C2955CE","Eastern and Midland","%","94.8"
"ALF01C01","Annual employment rate","2023","2023","460","35 - 39 years","1","Male","99","Level of education - not stated","IE0","Ireland","%",""
"ALF01C01","Annual employment rate","2023","2023","460","35 - 39 years","1","Male","99","Level of education - not stated","811D29A4-1E05-4F4A-B61B-43DE64E07B29","Northern and Western","%",""
"ALF01C01","Annual employment rate","2023","2023","460","35 - 39 years","1","Male","99","Level of education - not stated","97227605-23D5-4B98-BDB8-3EB5D0682A5A","Southern","%",""
"ALF01C01","Annual employment rate","2023","2023","460","35 - 39 years","1","Male","99","Level of education - not stated","C32761EB-7A21-4B95-8C7A-DB195C2955CE","Eastern and Midland","%",""
"ALF01C01","Annual employment rate","2023","2023","460","35 - 39 years","2","Female","-","Levels of Education (Levels  0-8)","IE0","Ireland","%","77.3"
"ALF01C01","Annual employment rate","2023","2023","460","35 - 39 years","2","Female","-","Levels of Education (Levels  0-8)","811D29A4-1E05-4F4A-B61B-43DE64E07B29","Northern and Western","%","71.8"
"ALF01C01","Annual employment rate","2023","2023","460","35 - 39 years","2","Female","-","Levels of Education (Levels  0-8)","97227605-23D5-4B98-BDB8-3EB5D0682A5A","Southern","%","82"
"ALF01C01","Annual employment rate","2023","2023","460","35 - 39 years","2","Female","-","Levels of Education (Levels  0-8)","C32761EB-7A21-4B95-8C7A-DB195C2955CE","Eastern and Midland","%","76.2"
"ALF01C01","Annual employment rate","2023","2023","460","35 - 39 years","2","Female","10","Less than primary (Level 0)","IE0","Ireland","%",""
"ALF01C01","Annual employment rate","2023","2023","460","35 - 39 years","2","Female","10","Less than primary (Level 0)","811D29A4-1E05-4F4A-B61B-43DE64E07B29","Northern and Western","%",""
"ALF01C01","Annual employment rate","2023","2023","460","35 - 39 years","2","Female","10","Less than primary (Level 0)","97227605-23D5-4B98-BDB8-3EB5D0682A5A","Southern","%",""
"ALF01C01","Annual employment rate","2023","2023","460","35 - 39 years","2","Female","10","Less than primary (Level 0)","C32761EB-7A21-4B95-8C7A-DB195C2955CE","Eastern and Midland","%",""
"ALF01C01","Annual employment rate","2023","2023","460","35 - 39 years","2","Female","20","Primary and lower secondary education (Levels 1-2)","IE0","Ireland","%",""
"ALF01C01","Annual employment rate","2023","2023","460","35 - 39 years","2","Female","20","Primary and lower secondary education (Levels 1-2)","811D29A4-1E05-4F4A-B61B-43DE64E07B29","Northern and Western","%",""
"ALF01C01","Annual employment rate","2023","2023","460","35 - 39 years","2","Female","20","Primary and lower secondary education (Levels 1-2)","97227605-23D5-4B98-BDB8-3EB5D0682A5A","Southern","%",""
"ALF01C01","Annual employment rate","2023","2023","460","35 - 39 years","2","Female","20","Primary and lower secondary education (Levels 1-2)","C32761EB-7A21-4B95-8C7A-DB195C2955CE","Eastern and Midland","%",""
"ALF01C01","Annual employment rate","2023","2023","460","35 - 39 years","2","Female","30","Upper secondary and post-secondary non-tertiary education (Levels 3 and 4)","IE0","Ireland","%","60.5"
"ALF01C01","Annual employment rate","2023","2023","460","35 - 39 years","2","Female","30","Upper secondary and post-secondary non-tertiary education (Levels 3 and 4)","811D29A4-1E05-4F4A-B61B-43DE64E07B29","Northern and Western","%",""
"ALF01C01","Annual employment rate","2023","2023","460","35 - 39 years","2","Female","30","Upper secondary and post-secondary non-tertiary education (Levels 3 and 4)","97227605-23D5-4B98-BDB8-3EB5D0682A5A","Southern","%","61.8"
"ALF01C01","Annual employment rate","2023","2023","460","35 - 39 years","2","Female","30","Upper secondary and post-secondary non-tertiary education (Levels 3 and 4)","C32761EB-7A21-4B95-8C7A-DB195C2955CE","Eastern and Midland","%","60"
"ALF01C01","Annual employment rate","2023","2023","460","35 - 39 years","2","Female","40","Tertiary education (Levels 5-8)","IE0","Ireland","%","86.6"
"ALF01C01","Annual employment rate","2023","2023","460","35 - 39 years","2","Female","40","Tertiary education (Levels 5-8)","811D29A4-1E05-4F4A-B61B-43DE64E07B29","Northern and Western","%","80.5"
"ALF01C01","Annual employment rate","2023","2023","460","35 - 39 years","2","Female","40","Tertiary education (Levels 5-8)","97227605-23D5-4B98-BDB8-3EB5D0682A5A","Southern","%","93.5"
"ALF01C01","Annual employment rate","2023","2023","460","35 - 39 years","2","Female","40","Tertiary education (Levels 5-8)","C32761EB-7A21-4B95-8C7A-DB195C2955CE","Eastern and Midland","%","84.8"
"ALF01C01","Annual employment rate","2023","2023","460","35 - 39 years","2","Female","99","Level of education - not stated","IE0","Ireland","%",""
"ALF01C01","Annual employment rate","2023","2023","460","35 - 39 years","2","Female","99","Level of education - not stated","811D29A4-1E05-4F4A-B61B-43DE64E07B29","Northern and Western","%",""
"ALF01C01","Annual employment rate","2023","2023","460","35 - 39 years","2","Female","99","Level of education - not stated","97227605-23D5-4B98-BDB8-3EB5D0682A5A","Southern","%",""
"ALF01C01","Annual employment rate","2023","2023","460","35 - 39 years","2","Female","99","Level of education - not stated","C32761EB-7A21-4B95-8C7A-DB195C2955CE","Eastern and Midland","%",""
"ALF01C01","Annual employment rate","2023","2023","475","40 - 44 years","-","Both sexes","-","Levels of Education (Levels  0-8)","IE0","Ireland","%","86"
"ALF01C01","Annual employment rate","2023","2023","475","40 - 44 years","-","Both sexes","-","Levels of Education (Levels  0-8)","811D29A4-1E05-4F4A-B61B-43DE64E07B29","Northern and Western","%","84.3"
"ALF01C01","Annual employment rate","2023","2023","475","40 - 44 years","-","Both sexes","-","Levels of Education (Levels  0-8)","97227605-23D5-4B98-BDB8-3EB5D0682A5A","Southern","%","84.7"
"ALF01C01","Annual employment rate","2023","2023","475","40 - 44 years","-","Both sexes","-","Levels of Education (Levels  0-8)","C32761EB-7A21-4B95-8C7A-DB195C2955CE","Eastern and Midland","%","87.4"
"ALF01C01","Annual employment rate","2023","2023","475","40 - 44 years","-","Both sexes","10","Less than primary (Level 0)","IE0","Ireland","%",""
"ALF01C01","Annual employment rate","2023","2023","475","40 - 44 years","-","Both sexes","10","Less than primary (Level 0)","811D29A4-1E05-4F4A-B61B-43DE64E07B29","Northern and Western","%",""
"ALF01C01","Annual employment rate","2023","2023","475","40 - 44 years","-","Both sexes","10","Less than primary (Level 0)","97227605-23D5-4B98-BDB8-3EB5D0682A5A","Southern","%",""
"ALF01C01","Annual employment rate","2023","2023","475","40 - 44 years","-","Both sexes","10","Less than primary (Level 0)","C32761EB-7A21-4B95-8C7A-DB195C2955CE","Eastern and Midland","%",""
"ALF01C01","Annual employment rate","2023","2023","475","40 - 44 years","-","Both sexes","20","Primary and lower secondary education (Levels 1-2)","IE0","Ireland","%","56.9"
"ALF01C01","Annual employment rate","2023","2023","475","40 - 44 years","-","Both sexes","20","Primary and lower secondary education (Levels 1-2)","811D29A4-1E05-4F4A-B61B-43DE64E07B29","Northern and Western","%",""
"ALF01C01","Annual employment rate","2023","2023","475","40 - 44 years","-","Both sexes","20","Primary and lower secondary education (Levels 1-2)","97227605-23D5-4B98-BDB8-3EB5D0682A5A","Southern","%","62.5"
"ALF01C01","Annual employment rate","2023","2023","475","40 - 44 years","-","Both sexes","20","Primary and lower secondary education (Levels 1-2)","C32761EB-7A21-4B95-8C7A-DB195C2955CE","Eastern and Midland","%","55.5"
"ALF01C01","Annual employment rate","2023","2023","475","40 - 44 years","-","Both sexes","30","Upper secondary and post-secondary non-tertiary education (Levels 3 and 4)","IE0","Ireland","%","84.3"
"ALF01C01","Annual employment rate","2023","2023","475","40 - 44 years","-","Both sexes","30","Upper secondary and post-secondary non-tertiary education (Levels 3 and 4)","811D29A4-1E05-4F4A-B61B-43DE64E07B29","Northern and Western","%","90.4"
"ALF01C01","Annual employment rate","2023","2023","475","40 - 44 years","-","Both sexes","30","Upper secondary and post-secondary non-tertiary education (Levels 3 and 4)","97227605-23D5-4B98-BDB8-3EB5D0682A5A","Southern","%","81.7"
"ALF01C01","Annual employment rate","2023","2023","475","40 - 44 years","-","Both sexes","30","Upper secondary and post-secondary non-tertiary education (Levels 3 and 4)","C32761EB-7A21-4B95-8C7A-DB195C2955CE","Eastern and Midland","%","84.1"
"ALF01C01","Annual employment rate","2023","2023","475","40 - 44 years","-","Both sexes","40","Tertiary education (Levels 5-8)","IE0","Ireland","%","90.8"
"ALF01C01","Annual employment rate","2023","2023","475","40 - 44 years","-","Both sexes","40","Tertiary education (Levels 5-8)","811D29A4-1E05-4F4A-B61B-43DE64E07B29","Northern and Western","%","88.4"
"ALF01C01","Annual employment rate","2023","2023","475","40 - 44 years","-","Both sexes","40","Tertiary education (Levels 5-8)","97227605-23D5-4B98-BDB8-3EB5D0682A5A","Southern","%","88.6"
"ALF01C01","Annual employment rate","2023","2023","475","40 - 44 years","-","Both sexes","40","Tertiary education (Levels 5-8)","C32761EB-7A21-4B95-8C7A-DB195C2955CE","Eastern and Midland","%","92.9"
"ALF01C01","Annual employment rate","2023","2023","475","40 - 44 years","-","Both sexes","99","Level of education - not stated","IE0","Ireland","%","71.7"
"ALF01C01","Annual employment rate","2023","2023","475","40 - 44 years","-","Both sexes","99","Level of education - not stated","811D29A4-1E05-4F4A-B61B-43DE64E07B29","Northern and Western","%",""
"ALF01C01","Annual employment rate","2023","2023","475","40 - 44 years","-","Both sexes","99","Level of education - not stated","97227605-23D5-4B98-BDB8-3EB5D0682A5A","Southern","%",""
"ALF01C01","Annual employment rate","2023","2023","475","40 - 44 years","-","Both sexes","99","Level of education - not stated","C32761EB-7A21-4B95-8C7A-DB195C2955CE","Eastern and Midland","%",""
"ALF01C01","Annual employment rate","2023","2023","475","40 - 44 years","1","Male","-","Levels of Education (Levels  0-8)","IE0","Ireland","%","91.3"
"ALF01C01","Annual employment rate","2023","2023","475","40 - 44 years","1","Male","-","Levels of Education (Levels  0-8)","811D29A4-1E05-4F4A-B61B-43DE64E07B29","Northern and Western","%","89.9"
"ALF01C01","Annual employment rate","2023","2023","475","40 - 44 years","1","Male","-","Levels of Education (Levels  0-8)","97227605-23D5-4B98-BDB8-3EB5D0682A5A","Southern","%","90.5"
"ALF01C01","Annual employment rate","2023","2023","475","40 - 44 years","1","Male","-","Levels of Education (Levels  0-8)","C32761EB-7A21-4B95-8C7A-DB195C2955CE","Eastern and Midland","%","92.1"
"ALF01C01","Annual employment rate","2023","2023","475","40 - 44 years","1","Male","10","Less than primary (Level 0)","IE0","Ireland","%",""
"ALF01C01","Annual employment rate","2023","2023","475","40 - 44 years","1","Male","10","Less than primary (Level 0)","811D29A4-1E05-4F4A-B61B-43DE64E07B29","Northern and Western","%",""
"ALF01C01","Annual employment rate","2023","2023","475","40 - 44 years","1","Male","10","Less than primary (Level 0)","97227605-23D5-4B98-BDB8-3EB5D0682A5A","Southern","%",""
"ALF01C01","Annual employment rate","2023","2023","475","40 - 44 years","1","Male","10","Less than primary (Level 0)","C32761EB-7A21-4B95-8C7A-DB195C2955CE","Eastern and Midland","%",""
"ALF01C01","Annual employment rate","2023","2023","475","40 - 44 years","1","Male","20","Primary and lower secondary education (Levels 1-2)","IE0","Ireland","%","72"
"ALF01C01","Annual employment rate","2023","2023","475","40 - 44 years","1","Male","20","Primary and lower secondary education (Levels 1-2)","811D29A4-1E05-4F4A-B61B-43DE64E07B29","Northern and Western","%",""
"ALF01C01","Annual employment rate","2023","2023","475","40 - 44 years","1","Male","20","Primary and lower secondary education (Levels 1-2)","97227605-23D5-4B98-BDB8-3EB5D0682A5A","Southern","%",""
"ALF01C01","Annual employment rate","2023","2023","475","40 - 44 years","1","Male","20","Primary and lower secondary education (Levels 1-2)","C32761EB-7A21-4B95-8C7A-DB195C2955CE","Eastern and Midland","%",""
"ALF01C01","Annual employment rate","2023","2023","475","40 - 44 years","1","Male","30","Upper secondary and post-secondary non-tertiary education (Levels 3 and 4)","IE0","Ireland","%","90.4"
"ALF01C01","Annual employment rate","2023","2023","475","40 - 44 years","1","Male","30","Upper secondary and post-secondary non-tertiary education (Levels 3 and 4)","811D29A4-1E05-4F4A-B61B-43DE64E07B29","Northern and Western","%","92.6"
"ALF01C01","Annual employment rate","2023","2023","475","40 - 44 years","1","Male","30","Upper secondary and post-secondary non-tertiary education (Levels 3 and 4)","97227605-23D5-4B98-BDB8-3EB5D0682A5A","Southern","%","89.6"
"ALF01C01","Annual employment rate","2023","2023","475","40 - 44 years","1","Male","30","Upper secondary and post-secondary non-tertiary education (Levels 3 and 4)","C32761EB-7A21-4B95-8C7A-DB195C2955CE","Eastern and Midland","%","90.1"
"ALF01C01","Annual employment rate","2023","2023","475","40 - 44 years","1","Male","40","Tertiary education (Levels 5-8)","IE0","Ireland","%","95.1"
"ALF01C01","Annual employment rate","2023","2023","475","40 - 44 years","1","Male","40","Tertiary education (Levels 5-8)","811D29A4-1E05-4F4A-B61B-43DE64E07B29","Northern and Western","%","93.4"
"ALF01C01","Annual employment rate","2023","2023","475","40 - 44 years","1","Male","40","Tertiary education (Levels 5-8)","97227605-23D5-4B98-BDB8-3EB5D0682A5A","Southern","%","94.3"
"ALF01C01","Annual employment rate","2023","2023","475","40 - 44 years","1","Male","40","Tertiary education (Levels 5-8)","C32761EB-7A21-4B95-8C7A-DB195C2955CE","Eastern and Midland","%","96.1"
"ALF01C01","Annual employment rate","2023","2023","475","40 - 44 years","1","Male","99","Level of education - not stated","IE0","Ireland","%",""
"ALF01C01","Annual employment rate","2023","2023","475","40 - 44 years","1","Male","99","Level of education - not stated","811D29A4-1E05-4F4A-B61B-43DE64E07B29","Northern and Western","%",""
"ALF01C01","Annual employment rate","2023","2023","475","40 - 44 years","1","Male","99","Level of education - not stated","97227605-23D5-4B98-BDB8-3EB5D0682A5A","Southern","%",""
"ALF01C01","Annual employment rate","2023","2023","475","40 - 44 years","1","Male","99","Level of education - not stated","C32761EB-7A21-4B95-8C7A-DB195C2955CE","Eastern and Midland","%",""
"ALF01C01","Annual employment rate","2023","2023","475","40 - 44 years","2","Female","-","Levels of Education (Levels  0-8)","IE0","Ireland","%","81.1"
"ALF01C01","Annual employment rate","2023","2023","475","40 - 44 years","2","Female","-","Levels of Education (Levels  0-8)","811D29A4-1E05-4F4A-B61B-43DE64E07B29","Northern and Western","%","79.2"
"ALF01C01","Annual employment rate","2023","2023","475","40 - 44 years","2","Female","-","Levels of Education (Levels  0-8)","97227605-23D5-4B98-BDB8-3EB5D0682A5A","Southern","%","79.3"
"ALF01C01","Annual employment rate","2023","2023","475","40 - 44 years","2","Female","-","Levels of Education (Levels  0-8)","C32761EB-7A21-4B95-8C7A-DB195C2955CE","Eastern and Midland","%","82.8"
"ALF01C01","Annual employment rate","2023","2023","475","40 - 44 years","2","Female","10","Less than primary (Level 0)","IE0","Ireland","%",""
"ALF01C01","Annual employment rate","2023","2023","475","40 - 44 years","2","Female","10","Less than primary (Level 0)","811D29A4-1E05-4F4A-B61B-43DE64E07B29","Northern and Western","%",""
"ALF01C01","Annual employment rate","2023","2023","475","40 - 44 years","2","Female","10","Less than primary (Level 0)","97227605-23D5-4B98-BDB8-3EB5D0682A5A","Southern","%",""
"ALF01C01","Annual employment rate","2023","2023","475","40 - 44 years","2","Female","10","Less than primary (Level 0)","C32761EB-7A21-4B95-8C7A-DB195C2955CE","Eastern and Midland","%",""
"ALF01C01","Annual employment rate","2023","2023","475","40 - 44 years","2","Female","20","Primary and lower secondary education (Levels 1-2)","IE0","Ireland","%",""
"ALF01C01","Annual employment rate","2023","2023","475","40 - 44 years","2","Female","20","Primary and lower secondary education (Levels 1-2)","811D29A4-1E05-4F4A-B61B-43DE64E07B29","Northern and Western","%",""
"ALF01C01","Annual employment rate","2023","2023","475","40 - 44 years","2","Female","20","Primary and lower secondary education (Levels 1-2)","97227605-23D5-4B98-BDB8-3EB5D0682A5A","Southern","%",""
"ALF01C01","Annual employment rate","2023","2023","475","40 - 44 years","2","Female","20","Primary and lower secondary education (Levels 1-2)","C32761EB-7A21-4B95-8C7A-DB195C2955CE","Eastern and Midland","%",""
"ALF01C01","Annual employment rate","2023","2023","475","40 - 44 years","2","Female","30","Upper secondary and post-secondary non-tertiary education (Levels 3 and 4)","IE0","Ireland","%","77"
"ALF01C01","Annual employment rate","2023","2023","475","40 - 44 years","2","Female","30","Upper secondary and post-secondary non-tertiary education (Levels 3 and 4)","811D29A4-1E05-4F4A-B61B-43DE64E07B29","Northern and Western","%",""
"ALF01C01","Annual employment rate","2023","2023","475","40 - 44 years","2","Female","30","Upper secondary and post-secondary non-tertiary education (Levels 3 and 4)","97227605-23D5-4B98-BDB8-3EB5D0682A5A","Southern","%","72.8"
"ALF01C01","Annual employment rate","2023","2023","475","40 - 44 years","2","Female","30","Upper secondary and post-secondary non-tertiary education (Levels 3 and 4)","C32761EB-7A21-4B95-8C7A-DB195C2955CE","Eastern and Midland","%","77"
"ALF01C01","Annual employment rate","2023","2023","475","40 - 44 years","2","Female","40","Tertiary education (Levels 5-8)","IE0","Ireland","%","87.4"
"ALF01C01","Annual employment rate","2023","2023","475","40 - 44 years","2","Female","40","Tertiary education (Levels 5-8)","811D29A4-1E05-4F4A-B61B-43DE64E07B29","Northern and Western","%","84.9"
"ALF01C01","Annual employment rate","2023","2023","475","40 - 44 years","2","Female","40","Tertiary education (Levels 5-8)","97227605-23D5-4B98-BDB8-3EB5D0682A5A","Southern","%","84.5"
"ALF01C01","Annual employment rate","2023","2023","475","40 - 44 years","2","Female","40","Tertiary education (Levels 5-8)","C32761EB-7A21-4B95-8C7A-DB195C2955CE","Eastern and Midland","%","90.2"
"ALF01C01","Annual employment rate","2023","2023","475","40 - 44 years","2","Female","99","Level of education - not stated","IE0","Ireland","%",""
"ALF01C01","Annual employment rate","2023","2023","475","40 - 44 years","2","Female","99","Level of education - not stated","811D29A4-1E05-4F4A-B61B-43DE64E07B29","Northern and Western","%",""
"ALF01C01","Annual employment rate","2023","2023","475","40 - 44 years","2","Female","99","Level of education - not stated","97227605-23D5-4B98-BDB8-3EB5D0682A5A","Southern","%",""
"ALF01C01","Annual employment rate","2023","2023","475","40 - 44 years","2","Female","99","Level of education - not stated","C32761EB-7A21-4B95-8C7A-DB195C2955CE","Eastern and Midland","%",""
"ALF01C01","Annual employment rate","2023","2023","495","45 - 49 years","-","Both sexes","-","Levels of Education (Levels  0-8)","IE0","Ireland","%","85.1"
"ALF01C01","Annual employment rate","2023","2023","495","45 - 49 years","-","Both sexes","-","Levels of Education (Levels  0-8)","811D29A4-1E05-4F4A-B61B-43DE64E07B29","Northern and Western","%","83.7"
"ALF01C01","Annual employment rate","2023","2023","495","45 - 49 years","-","Both sexes","-","Levels of Education (Levels  0-8)","97227605-23D5-4B98-BDB8-3EB5D0682A5A","Southern","%","82.8"
"ALF01C01","Annual employment rate","2023","2023","495","45 - 49 years","-","Both sexes","-","Levels of Education (Levels  0-8)","C32761EB-7A21-4B95-8C7A-DB195C2955CE","Eastern and Midland","%","87.1"
"ALF01C01","Annual employment rate","2023","2023","495","45 - 49 years","-","Both sexes","10","Less than primary (Level 0)","IE0","Ireland","%",""
"ALF01C01","Annual employment rate","2023","2023","495","45 - 49 years","-","Both sexes","10","Less than primary (Level 0)","811D29A4-1E05-4F4A-B61B-43DE64E07B29","Northern and Western","%",""
"ALF01C01","Annual employment rate","2023","2023","495","45 - 49 years","-","Both sexes","10","Less than primary (Level 0)","97227605-23D5-4B98-BDB8-3EB5D0682A5A","Southern","%",""
"ALF01C01","Annual employment rate","2023","2023","495","45 - 49 years","-","Both sexes","10","Less than primary (Level 0)","C32761EB-7A21-4B95-8C7A-DB195C2955CE","Eastern and Midland","%",""
"ALF01C01","Annual employment rate","2023","2023","495","45 - 49 years","-","Both sexes","20","Primary and lower secondary education (Levels 1-2)","IE0","Ireland","%","61.9"
"ALF01C01","Annual employment rate","2023","2023","495","45 - 49 years","-","Both sexes","20","Primary and lower secondary education (Levels 1-2)","811D29A4-1E05-4F4A-B61B-43DE64E07B29","Northern and Western","%","63.7"
"ALF01C01","Annual employment rate","2023","2023","495","45 - 49 years","-","Both sexes","20","Primary and lower secondary education (Levels 1-2)","97227605-23D5-4B98-BDB8-3EB5D0682A5A","Southern","%","65.1"
"ALF01C01","Annual employment rate","2023","2023","495","45 - 49 years","-","Both sexes","20","Primary and lower secondary education (Levels 1-2)","C32761EB-7A21-4B95-8C7A-DB195C2955CE","Eastern and Midland","%","57.5"
"ALF01C01","Annual employment rate","2023","2023","495","45 - 49 years","-","Both sexes","30","Upper secondary and post-secondary non-tertiary education (Levels 3 and 4)","IE0","Ireland","%","84"
"ALF01C01","Annual employment rate","2023","2023","495","45 - 49 years","-","Both sexes","30","Upper secondary and post-secondary non-tertiary education (Levels 3 and 4)","811D29A4-1E05-4F4A-B61B-43DE64E07B29","Northern and Western","%","85.6"
"ALF01C01","Annual employment rate","2023","2023","495","45 - 49 years","-","Both sexes","30","Upper secondary and post-secondary non-tertiary education (Levels 3 and 4)","97227605-23D5-4B98-BDB8-3EB5D0682A5A","Southern","%","81.9"
"ALF01C01","Annual employment rate","2023","2023","495","45 - 49 years","-","Both sexes","30","Upper secondary and post-secondary non-tertiary education (Levels 3 and 4)","C32761EB-7A21-4B95-8C7A-DB195C2955CE","Eastern and Midland","%","84.8"
"ALF01C01","Annual employment rate","2023","2023","495","45 - 49 years","-","Both sexes","40","Tertiary education (Levels 5-8)","IE0","Ireland","%","88.5"
"ALF01C01","Annual employment rate","2023","2023","495","45 - 49 years","-","Both sexes","40","Tertiary education (Levels 5-8)","811D29A4-1E05-4F4A-B61B-43DE64E07B29","Northern and Western","%","85.6"
"ALF01C01","Annual employment rate","2023","2023","495","45 - 49 years","-","Both sexes","40","Tertiary education (Levels 5-8)","97227605-23D5-4B98-BDB8-3EB5D0682A5A","Southern","%","85.6"
"ALF01C01","Annual employment rate","2023","2023","495","45 - 49 years","-","Both sexes","40","Tertiary education (Levels 5-8)","C32761EB-7A21-4B95-8C7A-DB195C2955CE","Eastern and Midland","%","91.3"
"ALF01C01","Annual employment rate","2023","2023","495","45 - 49 years","-","Both sexes","99","Level of education - not stated","IE0","Ireland","%",""
"ALF01C01","Annual employment rate","2023","2023","495","45 - 49 years","-","Both sexes","99","Level of education - not stated","811D29A4-1E05-4F4A-B61B-43DE64E07B29","Northern and Western","%",""
"ALF01C01","Annual employment rate","2023","2023","495","45 - 49 years","-","Both sexes","99","Level of education - not stated","97227605-23D5-4B98-BDB8-3EB5D0682A5A","Southern","%",""
"ALF01C01","Annual employment rate","2023","2023","495","45 - 49 years","-","Both sexes","99","Level of education - not stated","C32761EB-7A21-4B95-8C7A-DB195C2955CE","Eastern and Midland","%",""
"ALF01C01","Annual employment rate","2023","2023","495","45 - 49 years","1","Male","-","Levels of Education (Levels  0-8)","IE0","Ireland","%","91.2"
"ALF01C01","Annual employment rate","2023","2023","495","45 - 49 years","1","Male","-","Levels of Education (Levels  0-8)","811D29A4-1E05-4F4A-B61B-43DE64E07B29","Northern and Western","%","87.7"
"ALF01C01","Annual employment rate","2023","2023","495","45 - 49 years","1","Male","-","Levels of Education (Levels  0-8)","97227605-23D5-4B98-BDB8-3EB5D0682A5A","Southern","%","90.5"
"ALF01C01","Annual employment rate","2023","2023","495","45 - 49 years","1","Male","-","Levels of Education (Levels  0-8)","C32761EB-7A21-4B95-8C7A-DB195C2955CE","Eastern and Midland","%","92.8"
"ALF01C01","Annual employment rate","2023","2023","495","45 - 49 years","1","Male","10","Less than primary (Level 0)","IE0","Ireland","%",""
"ALF01C01","Annual employment rate","2023","2023","495","45 - 49 years","1","Male","10","Less than primary (Level 0)","811D29A4-1E05-4F4A-B61B-43DE64E07B29","Northern and Western","%",""
"ALF01C01","Annual employment rate","2023","2023","495","45 - 49 years","1","Male","10","Less than primary (Level 0)","97227605-23D5-4B98-BDB8-3EB5D0682A5A","Southern","%",""
"ALF01C01","Annual employment rate","2023","2023","495","45 - 49 years","1","Male","10","Less than primary (Level 0)","C32761EB-7A21-4B95-8C7A-DB195C2955CE","Eastern and Midland","%",""
"ALF01C01","Annual employment rate","2023","2023","495","45 - 49 years","1","Male","20","Primary and lower secondary education (Levels 1-2)","IE0","Ireland","%","79"
"ALF01C01","Annual employment rate","2023","2023","495","45 - 49 years","1","Male","20","Primary and lower secondary education (Levels 1-2)","811D29A4-1E05-4F4A-B61B-43DE64E07B29","Northern and Western","%",""
"ALF01C01","Annual employment rate","2023","2023","495","45 - 49 years","1","Male","20","Primary and lower secondary education (Levels 1-2)","97227605-23D5-4B98-BDB8-3EB5D0682A5A","Southern","%",""
"ALF01C01","Annual employment rate","2023","2023","495","45 - 49 years","1","Male","20","Primary and lower secondary education (Levels 1-2)","C32761EB-7A21-4B95-8C7A-DB195C2955CE","Eastern and Midland","%",""
"ALF01C01","Annual employment rate","2023","2023","495","45 - 49 years","1","Male","30","Upper secondary and post-secondary non-tertiary education (Levels 3 and 4)","IE0","Ireland","%","91.3"
"ALF01C01","Annual employment rate","2023","2023","495","45 - 49 years","1","Male","30","Upper secondary and post-secondary non-tertiary education (Levels 3 and 4)","811D29A4-1E05-4F4A-B61B-43DE64E07B29","Northern and Western","%","90.3"
"ALF01C01","Annual employment rate","2023","2023","495","45 - 49 years","1","Male","30","Upper secondary and post-secondary non-tertiary education (Levels 3 and 4)","97227605-23D5-4B98-BDB8-3EB5D0682A5A","Southern","%","90"
"ALF01C01","Annual employment rate","2023","2023","495","45 - 49 years","1","Male","30","Upper secondary and post-secondary non-tertiary education (Levels 3 and 4)","C32761EB-7A21-4B95-8C7A-DB195C2955CE","Eastern and Midland","%","92.4"
"ALF01C01","Annual employment rate","2023","2023","495","45 - 49 years","1","Male","40","Tertiary education (Levels 5-8)","IE0","Ireland","%","93.2"
"ALF01C01","Annual employment rate","2023","2023","495","45 - 49 years","1","Male","40","Tertiary education (Levels 5-8)","811D29A4-1E05-4F4A-B61B-43DE64E07B29","Northern and Western","%","84.8"
"ALF01C01","Annual employment rate","2023","2023","495","45 - 49 years","1","Male","40","Tertiary education (Levels 5-8)","97227605-23D5-4B98-BDB8-3EB5D0682A5A","Southern","%","93.8"
"ALF01C01","Annual employment rate","2023","2023","495","45 - 49 years","1","Male","40","Tertiary education (Levels 5-8)","C32761EB-7A21-4B95-8C7A-DB195C2955CE","Eastern and Midland","%","95.4"
"ALF01C01","Annual employment rate","2023","2023","495","45 - 49 years","1","Male","99","Level of education - not stated","IE0","Ireland","%",""
"ALF01C01","Annual employment rate","2023","2023","495","45 - 49 years","1","Male","99","Level of education - not stated","811D29A4-1E05-4F4A-B61B-43DE64E07B29","Northern and Western","%",""
"ALF01C01","Annual employment rate","2023","2023","495","45 - 49 years","1","Male","99","Level of education - not stated","97227605-23D5-4B98-BDB8-3EB5D0682A5A","Southern","%",""
"ALF01C01","Annual employment rate","2023","2023","495","45 - 49 years","1","Male","99","Level of education - not stated","C32761EB-7A21-4B95-8C7A-DB195C2955CE","Eastern and Midland","%",""
"ALF01C01","Annual employment rate","2023","2023","495","45 - 49 years","2","Female","-","Levels of Education (Levels  0-8)","IE0","Ireland","%","79.2"
"ALF01C01","Annual employment rate","2023","2023","495","45 - 49 years","2","Female","-","Levels of Education (Levels  0-8)","811D29A4-1E05-4F4A-B61B-43DE64E07B29","Northern and Western","%","79.8"
"ALF01C01","Annual employment rate","2023","2023","495","45 - 49 years","2","Female","-","Levels of Education (Levels  0-8)","97227605-23D5-4B98-BDB8-3EB5D0682A5A","Southern","%","75.3"
"ALF01C01","Annual employment rate","2023","2023","495","45 - 49 years","2","Female","-","Levels of Education (Levels  0-8)","C32761EB-7A21-4B95-8C7A-DB195C2955CE","Eastern and Midland","%","81.7"
"ALF01C01","Annual employment rate","2023","2023","495","45 - 49 years","2","Female","10","Less than primary (Level 0)","IE0","Ireland","%",""
"ALF01C01","Annual employment rate","2023","2023","495","45 - 49 years","2","Female","10","Less than primary (Level 0)","811D29A4-1E05-4F4A-B61B-43DE64E07B29","Northern and Western","%",""
"ALF01C01","Annual employment rate","2023","2023","495","45 - 49 years","2","Female","10","Less than primary (Level 0)","97227605-23D5-4B98-BDB8-3EB5D0682A5A","Southern","%",""
"ALF01C01","Annual employment rate","2023","2023","495","45 - 49 years","2","Female","10","Less than primary (Level 0)","C32761EB-7A21-4B95-8C7A-DB195C2955CE","Eastern and Midland","%",""
"ALF01C01","Annual employment rate","2023","2023","495","45 - 49 years","2","Female","20","Primary and lower secondary education (Levels 1-2)","IE0","Ireland","%",""
"ALF01C01","Annual employment rate","2023","2023","495","45 - 49 years","2","Female","20","Primary and lower secondary education (Levels 1-2)","811D29A4-1E05-4F4A-B61B-43DE64E07B29","Northern and Western","%",""
"ALF01C01","Annual employment rate","2023","2023","495","45 - 49 years","2","Female","20","Primary and lower secondary education (Levels 1-2)","97227605-23D5-4B98-BDB8-3EB5D0682A5A","Southern","%",""
"ALF01C01","Annual employment rate","2023","2023","495","45 - 49 years","2","Female","20","Primary and lower secondary education (Levels 1-2)","C32761EB-7A21-4B95-8C7A-DB195C2955CE","Eastern and Midland","%",""
"ALF01C01","Annual employment rate","2023","2023","495","45 - 49 years","2","Female","30","Upper secondary and post-secondary non-tertiary education (Levels 3 and 4)","IE0","Ireland","%","73.5"
"ALF01C01","Annual employment rate","2023","2023","495","45 - 49 years","2","Female","30","Upper secondary and post-secondary non-tertiary education (Levels 3 and 4)","811D29A4-1E05-4F4A-B61B-43DE64E07B29","Northern and Western","%","77.8"
"ALF01C01","Annual employment rate","2023","2023","495","45 - 49 years","2","Female","30","Upper secondary and post-secondary non-tertiary education (Levels 3 and 4)","97227605-23D5-4B98-BDB8-3EB5D0682A5A","Southern","%","74.4"
"ALF01C01","Annual employment rate","2023","2023","495","45 - 49 years","2","Female","30","Upper secondary and post-secondary non-tertiary education (Levels 3 and 4)","C32761EB-7A21-4B95-8C7A-DB195C2955CE","Eastern and Midland","%","70.8"
"ALF01C01","Annual employment rate","2023","2023","495","45 - 49 years","2","Female","40","Tertiary education (Levels 5-8)","IE0","Ireland","%","84.9"
"ALF01C01","Annual employment rate","2023","2023","495","45 - 49 years","2","Female","40","Tertiary education (Levels 5-8)","811D29A4-1E05-4F4A-B61B-43DE64E07B29","Northern and Western","%","86.2"
"ALF01C01","Annual employment rate","2023","2023","495","45 - 49 years","2","Female","40","Tertiary education (Levels 5-8)","97227605-23D5-4B98-BDB8-3EB5D0682A5A","Southern","%","78.7"
"ALF01C01","Annual employment rate","2023","2023","495","45 - 49 years","2","Female","40","Tertiary education (Levels 5-8)","C32761EB-7A21-4B95-8C7A-DB195C2955CE","Eastern and Midland","%","88.2"
"ALF01C01","Annual employment rate","2023","2023","495","45 - 49 years","2","Female","99","Level of education - not stated","IE0","Ireland","%",""
"ALF01C01","Annual employment rate","2023","2023","495","45 - 49 years","2","Female","99","Level of education - not stated","811D29A4-1E05-4F4A-B61B-43DE64E07B29","Northern and Western","%",""
"ALF01C01","Annual employment rate","2023","2023","495","45 - 49 years","2","Female","99","Level of education - not stated","97227605-23D5-4B98-BDB8-3EB5D0682A5A","Southern","%",""
"ALF01C01","Annual employment rate","2023","2023","495","45 - 49 years","2","Female","99","Level of education - not stated","C32761EB-7A21-4B95-8C7A-DB195C2955CE","Eastern and Midland","%",""
"ALF01C01","Annual employment rate","2023","2023","515","50 - 54 years","-","Both sexes","-","Levels of Education (Levels  0-8)","IE0","Ireland","%","81.4"
"ALF01C01","Annual employment rate","2023","2023","515","50 - 54 years","-","Both sexes","-","Levels of Education (Levels  0-8)","811D29A4-1E05-4F4A-B61B-43DE64E07B29","Northern and Western","%","82.9"
"ALF01C01","Annual employment rate","2023","2023","515","50 - 54 years","-","Both sexes","-","Levels of Education (Levels  0-8)","97227605-23D5-4B98-BDB8-3EB5D0682A5A","Southern","%","81.4"
"ALF01C01","Annual employment rate","2023","2023","515","50 - 54 years","-","Both sexes","-","Levels of Education (Levels  0-8)","C32761EB-7A21-4B95-8C7A-DB195C2955CE","Eastern and Midland","%","80.7"
"ALF01C01","Annual employment rate","2023","2023","515","50 - 54 years","-","Both sexes","10","Less than primary (Level 0)","IE0","Ireland","%",""
"ALF01C01","Annual employment rate","2023","2023","515","50 - 54 years","-","Both sexes","10","Less than primary (Level 0)","811D29A4-1E05-4F4A-B61B-43DE64E07B29","Northern and Western","%",""
"ALF01C01","Annual employment rate","2023","2023","515","50 - 54 years","-","Both sexes","10","Less than primary (Level 0)","97227605-23D5-4B98-BDB8-3EB5D0682A5A","Southern","%",""
"ALF01C01","Annual employment rate","2023","2023","515","50 - 54 years","-","Both sexes","10","Less than primary (Level 0)","C32761EB-7A21-4B95-8C7A-DB195C2955CE","Eastern and Midland","%",""
"ALF01C01","Annual employment rate","2023","2023","515","50 - 54 years","-","Both sexes","20","Primary and lower secondary education (Levels 1-2)","IE0","Ireland","%","59.3"
"ALF01C01","Annual employment rate","2023","2023","515","50 - 54 years","-","Both sexes","20","Primary and lower secondary education (Levels 1-2)","811D29A4-1E05-4F4A-B61B-43DE64E07B29","Northern and Western","%","74.2"
"ALF01C01","Annual employment rate","2023","2023","515","50 - 54 years","-","Both sexes","20","Primary and lower secondary education (Levels 1-2)","97227605-23D5-4B98-BDB8-3EB5D0682A5A","Southern","%","49"
"ALF01C01","Annual employment rate","2023","2023","515","50 - 54 years","-","Both sexes","20","Primary and lower secondary education (Levels 1-2)","C32761EB-7A21-4B95-8C7A-DB195C2955CE","Eastern and Midland","%","60.5"
"ALF01C01","Annual employment rate","2023","2023","515","50 - 54 years","-","Both sexes","30","Upper secondary and post-secondary non-tertiary education (Levels 3 and 4)","IE0","Ireland","%","76.4"
"ALF01C01","Annual employment rate","2023","2023","515","50 - 54 years","-","Both sexes","30","Upper secondary and post-secondary non-tertiary education (Levels 3 and 4)","811D29A4-1E05-4F4A-B61B-43DE64E07B29","Northern and Western","%","80.6"
"ALF01C01","Annual employment rate","2023","2023","515","50 - 54 years","-","Both sexes","30","Upper secondary and post-secondary non-tertiary education (Levels 3 and 4)","97227605-23D5-4B98-BDB8-3EB5D0682A5A","Southern","%","79.3"
"ALF01C01","Annual employment rate","2023","2023","515","50 - 54 years","-","Both sexes","30","Upper secondary and post-secondary non-tertiary education (Levels 3 and 4)","C32761EB-7A21-4B95-8C7A-DB195C2955CE","Eastern and Midland","%","73"
"ALF01C01","Annual employment rate","2023","2023","515","50 - 54 years","-","Both sexes","40","Tertiary education (Levels 5-8)","IE0","Ireland","%","89.1"
"ALF01C01","Annual employment rate","2023","2023","515","50 - 54 years","-","Both sexes","40","Tertiary education (Levels 5-8)","811D29A4-1E05-4F4A-B61B-43DE64E07B29","Northern and Western","%","85.7"
"ALF01C01","Annual employment rate","2023","2023","515","50 - 54 years","-","Both sexes","40","Tertiary education (Levels 5-8)","97227605-23D5-4B98-BDB8-3EB5D0682A5A","Southern","%","90.3"
"ALF01C01","Annual employment rate","2023","2023","515","50 - 54 years","-","Both sexes","40","Tertiary education (Levels 5-8)","C32761EB-7A21-4B95-8C7A-DB195C2955CE","Eastern and Midland","%","89.6"
"ALF01C01","Annual employment rate","2023","2023","515","50 - 54 years","-","Both sexes","99","Level of education - not stated","IE0","Ireland","%",""
"ALF01C01","Annual employment rate","2023","2023","515","50 - 54 years","-","Both sexes","99","Level of education - not stated","811D29A4-1E05-4F4A-B61B-43DE64E07B29","Northern and Western","%",""
"ALF01C01","Annual employment rate","2023","2023","515","50 - 54 years","-","Both sexes","99","Level of education - not stated","97227605-23D5-4B98-BDB8-3EB5D0682A5A","Southern","%",""
"ALF01C01","Annual employment rate","2023","2023","515","50 - 54 years","-","Both sexes","99","Level of education - not stated","C32761EB-7A21-4B95-8C7A-DB195C2955CE","Eastern and Midland","%",""
"ALF01C01","Annual employment rate","2023","2023","515","50 - 54 years","1","Male","-","Levels of Education (Levels  0-8)","IE0","Ireland","%","86.1"
"ALF01C01","Annual employment rate","2023","2023","515","50 - 54 years","1","Male","-","Levels of Education (Levels  0-8)","811D29A4-1E05-4F4A-B61B-43DE64E07B29","Northern and Western","%","88.6"
"ALF01C01","Annual employment rate","2023","2023","515","50 - 54 years","1","Male","-","Levels of Education (Levels  0-8)","97227605-23D5-4B98-BDB8-3EB5D0682A5A","Southern","%","84.8"
"ALF01C01","Annual employment rate","2023","2023","515","50 - 54 years","1","Male","-","Levels of Education (Levels  0-8)","C32761EB-7A21-4B95-8C7A-DB195C2955CE","Eastern and Midland","%","86.1"
"ALF01C01","Annual employment rate","2023","2023","515","50 - 54 years","1","Male","10","Less than primary (Level 0)","IE0","Ireland","%",""
"ALF01C01","Annual employment rate","2023","2023","515","50 - 54 years","1","Male","10","Less than primary (Level 0)","811D29A4-1E05-4F4A-B61B-43DE64E07B29","Northern and Western","%",""
"ALF01C01","Annual employment rate","2023","2023","515","50 - 54 years","1","Male","10","Less than primary (Level 0)","97227605-23D5-4B98-BDB8-3EB5D0682A5A","Southern","%",""
"ALF01C01","Annual employment rate","2023","2023","515","50 - 54 years","1","Male","10","Less than primary (Level 0)","C32761EB-7A21-4B95-8C7A-DB195C2955CE","Eastern and Midland","%",""
"ALF01C01","Annual employment rate","2023","2023","515","50 - 54 years","1","Male","20","Primary and lower secondary education (Levels 1-2)","IE0","Ireland","%","62.9"
"ALF01C01","Annual employment rate","2023","2023","515","50 - 54 years","1","Male","20","Primary and lower secondary education (Levels 1-2)","811D29A4-1E05-4F4A-B61B-43DE64E07B29","Northern and Western","%",""
"ALF01C01","Annual employment rate","2023","2023","515","50 - 54 years","1","Male","20","Primary and lower secondary education (Levels 1-2)","97227605-23D5-4B98-BDB8-3EB5D0682A5A","Southern","%",""
"ALF01C01","Annual employment rate","2023","2023","515","50 - 54 years","1","Male","20","Primary and lower secondary education (Levels 1-2)","C32761EB-7A21-4B95-8C7A-DB195C2955CE","Eastern and Midland","%","67"
"ALF01C01","Annual employment rate","2023","2023","515","50 - 54 years","1","Male","30","Upper secondary and post-secondary non-tertiary education (Levels 3 and 4)","IE0","Ireland","%","82.6"
"ALF01C01","Annual employment rate","2023","2023","515","50 - 54 years","1","Male","30","Upper secondary and post-secondary non-tertiary education (Levels 3 and 4)","811D29A4-1E05-4F4A-B61B-43DE64E07B29","Northern and Western","%","85.4"
"ALF01C01","Annual employment rate","2023","2023","515","50 - 54 years","1","Male","30","Upper secondary and post-secondary non-tertiary education (Levels 3 and 4)","97227605-23D5-4B98-BDB8-3EB5D0682A5A","Southern","%","81.9"
"ALF01C01","Annual employment rate","2023","2023","515","50 - 54 years","1","Male","30","Upper secondary and post-secondary non-tertiary education (Levels 3 and 4)","C32761EB-7A21-4B95-8C7A-DB195C2955CE","Eastern and Midland","%","82.3"
"ALF01C01","Annual employment rate","2023","2023","515","50 - 54 years","1","Male","40","Tertiary education (Levels 5-8)","IE0","Ireland","%","94.8"
"ALF01C01","Annual employment rate","2023","2023","515","50 - 54 years","1","Male","40","Tertiary education (Levels 5-8)","811D29A4-1E05-4F4A-B61B-43DE64E07B29","Northern and Western","%","94.5"
"ALF01C01","Annual employment rate","2023","2023","515","50 - 54 years","1","Male","40","Tertiary education (Levels 5-8)","97227605-23D5-4B98-BDB8-3EB5D0682A5A","Southern","%","95.7"
"ALF01C01","Annual employment rate","2023","2023","515","50 - 54 years","1","Male","40","Tertiary education (Levels 5-8)","C32761EB-7A21-4B95-8C7A-DB195C2955CE","Eastern and Midland","%","94.3"
"ALF01C01","Annual employment rate","2023","2023","515","50 - 54 years","1","Male","99","Level of education - not stated","IE0","Ireland","%",""
"ALF01C01","Annual employment rate","2023","2023","515","50 - 54 years","1","Male","99","Level of education - not stated","811D29A4-1E05-4F4A-B61B-43DE64E07B29","Northern and Western","%",""
"ALF01C01","Annual employment rate","2023","2023","515","50 - 54 years","1","Male","99","Level of education - not stated","97227605-23D5-4B98-BDB8-3EB5D0682A5A","Southern","%",""
"ALF01C01","Annual employment rate","2023","2023","515","50 - 54 years","1","Male","99","Level of education - not stated","C32761EB-7A21-4B95-8C7A-DB195C2955CE","Eastern and Midland","%",""
"ALF01C01","Annual employment rate","2023","2023","515","50 - 54 years","2","Female","-","Levels of Education (Levels  0-8)","IE0","Ireland","%","76.7"
"ALF01C01","Annual employment rate","2023","2023","515","50 - 54 years","2","Female","-","Levels of Education (Levels  0-8)","811D29A4-1E05-4F4A-B61B-43DE64E07B29","Northern and Western","%","77.1"
"ALF01C01","Annual employment rate","2023","2023","515","50 - 54 years","2","Female","-","Levels of Education (Levels  0-8)","97227605-23D5-4B98-BDB8-3EB5D0682A5A","Southern","%","78.1"
"ALF01C01","Annual employment rate","2023","2023","515","50 - 54 years","2","Female","-","Levels of Education (Levels  0-8)","C32761EB-7A21-4B95-8C7A-DB195C2955CE","Eastern and Midland","%","75.4"
"ALF01C01","Annual employment rate","2023","2023","515","50 - 54 years","2","Female","10","Less than primary (Level 0)","IE0","Ireland","%",""
"ALF01C01","Annual employment rate","2023","2023","515","50 - 54 years","2","Female","10","Less than primary (Level 0)","811D29A4-1E05-4F4A-B61B-43DE64E07B29","Northern and Western","%",""
"ALF01C01","Annual employment rate","2023","2023","515","50 - 54 years","2","Female","10","Less than primary (Level 0)","97227605-23D5-4B98-BDB8-3EB5D0682A5A","Southern","%",""
"ALF01C01","Annual employment rate","2023","2023","515","50 - 54 years","2","Female","10","Less than primary (Level 0)","C32761EB-7A21-4B95-8C7A-DB195C2955CE","Eastern and Midland","%",""
"ALF01C01","Annual employment rate","2023","2023","515","50 - 54 years","2","Female","20","Primary and lower secondary education (Levels 1-2)","IE0","Ireland","%","51.8"
"ALF01C01","Annual employment rate","2023","2023","515","50 - 54 years","2","Female","20","Primary and lower secondary education (Levels 1-2)","811D29A4-1E05-4F4A-B61B-43DE64E07B29","Northern and Western","%",""
"ALF01C01","Annual employment rate","2023","2023","515","50 - 54 years","2","Female","20","Primary and lower secondary education (Levels 1-2)","97227605-23D5-4B98-BDB8-3EB5D0682A5A","Southern","%",""
"ALF01C01","Annual employment rate","2023","2023","515","50 - 54 years","2","Female","20","Primary and lower secondary education (Levels 1-2)","C32761EB-7A21-4B95-8C7A-DB195C2955CE","Eastern and Midland","%",""
"ALF01C01","Annual employment rate","2023","2023","515","50 - 54 years","2","Female","30","Upper secondary and post-secondary non-tertiary education (Levels 3 and 4)","IE0","Ireland","%","70.8"
"ALF01C01","Annual employment rate","2023","2023","515","50 - 54 years","2","Female","30","Upper secondary and post-secondary non-tertiary education (Levels 3 and 4)","811D29A4-1E05-4F4A-B61B-43DE64E07B29","Northern and Western","%","76.1"
"ALF01C01","Annual employment rate","2023","2023","515","50 - 54 years","2","Female","30","Upper secondary and post-secondary non-tertiary education (Levels 3 and 4)","97227605-23D5-4B98-BDB8-3EB5D0682A5A","Southern","%","77.2"
"ALF01C01","Annual employment rate","2023","2023","515","50 - 54 years","2","Female","30","Upper secondary and post-secondary non-tertiary education (Levels 3 and 4)","C32761EB-7A21-4B95-8C7A-DB195C2955CE","Eastern and Midland","%","64.2"
"ALF01C01","Annual employment rate","2023","2023","515","50 - 54 years","2","Female","40","Tertiary education (Levels 5-8)","IE0","Ireland","%","83.8"
"ALF01C01","Annual employment rate","2023","2023","515","50 - 54 years","2","Female","40","Tertiary education (Levels 5-8)","811D29A4-1E05-4F4A-B61B-43DE64E07B29","Northern and Western","%","77.6"
"ALF01C01","Annual employment rate","2023","2023","515","50 - 54 years","2","Female","40","Tertiary education (Levels 5-8)","97227605-23D5-4B98-BDB8-3EB5D0682A5A","Southern","%","84.7"
"ALF01C01","Annual employment rate","2023","2023","515","50 - 54 years","2","Female","40","Tertiary education (Levels 5-8)","C32761EB-7A21-4B95-8C7A-DB195C2955CE","Eastern and Midland","%","85.6"
"ALF01C01","Annual employment rate","2023","2023","515","50 - 54 years","2","Female","99","Level of education - not stated","IE0","Ireland","%",""
"ALF01C01","Annual employment rate","2023","2023","515","50 - 54 years","2","Female","99","Level of education - not stated","811D29A4-1E05-4F4A-B61B-43DE64E07B29","Northern and Western","%",""
"ALF01C01","Annual employment rate","2023","2023","515","50 - 54 years","2","Female","99","Level of education - not stated","97227605-23D5-4B98-BDB8-3EB5D0682A5A","Southern","%",""
"ALF01C01","Annual employment rate","2023","2023","515","50 - 54 years","2","Female","99","Level of education - not stated","C32761EB-7A21-4B95-8C7A-DB195C2955CE","Eastern and Midland","%",""
"ALF01C01","Annual employment rate","2023","2023","530","55 - 59 years","-","Both sexes","-","Levels of Education (Levels  0-8)","IE0","Ireland","%","75.3"
"ALF01C01","Annual employment rate","2023","2023","530","55 - 59 years","-","Both sexes","-","Levels of Education (Levels  0-8)","811D29A4-1E05-4F4A-B61B-43DE64E07B29","Northern and Western","%","76.2"
"ALF01C01","Annual employment rate","2023","2023","530","55 - 59 years","-","Both sexes","-","Levels of Education (Levels  0-8)","97227605-23D5-4B98-BDB8-3EB5D0682A5A","Southern","%","75.2"
"ALF01C01","Annual employment rate","2023","2023","530","55 - 59 years","-","Both sexes","-","Levels of Education (Levels  0-8)","C32761EB-7A21-4B95-8C7A-DB195C2955CE","Eastern and Midland","%","75"
"ALF01C01","Annual employment rate","2023","2023","530","55 - 59 years","-","Both sexes","10","Less than primary (Level 0)","IE0","Ireland","%",""
"ALF01C01","Annual employment rate","2023","2023","530","55 - 59 years","-","Both sexes","10","Less than primary (Level 0)","811D29A4-1E05-4F4A-B61B-43DE64E07B29","Northern and Western","%",""
"ALF01C01","Annual employment rate","2023","2023","530","55 - 59 years","-","Both sexes","10","Less than primary (Level 0)","97227605-23D5-4B98-BDB8-3EB5D0682A5A","Southern","%",""
"ALF01C01","Annual employment rate","2023","2023","530","55 - 59 years","-","Both sexes","10","Less than primary (Level 0)","C32761EB-7A21-4B95-8C7A-DB195C2955CE","Eastern and Midland","%",""
"ALF01C01","Annual employment rate","2023","2023","530","55 - 59 years","-","Both sexes","20","Primary and lower secondary education (Levels 1-2)","IE0","Ireland","%","66.8"
"ALF01C01","Annual employment rate","2023","2023","530","55 - 59 years","-","Both sexes","20","Primary and lower secondary education (Levels 1-2)","811D29A4-1E05-4F4A-B61B-43DE64E07B29","Northern and Western","%","76.9"
"ALF01C01","Annual employment rate","2023","2023","530","55 - 59 years","-","Both sexes","20","Primary and lower secondary education (Levels 1-2)","97227605-23D5-4B98-BDB8-3EB5D0682A5A","Southern","%","66.5"
"ALF01C01","Annual employment rate","2023","2023","530","55 - 59 years","-","Both sexes","20","Primary and lower secondary education (Levels 1-2)","C32761EB-7A21-4B95-8C7A-DB195C2955CE","Eastern and Midland","%","63.4"
"ALF01C01","Annual employment rate","2023","2023","530","55 - 59 years","-","Both sexes","30","Upper secondary and post-secondary non-tertiary education (Levels 3 and 4)","IE0","Ireland","%","68.4"
"ALF01C01","Annual employment rate","2023","2023","530","55 - 59 years","-","Both sexes","30","Upper secondary and post-secondary non-tertiary education (Levels 3 and 4)","811D29A4-1E05-4F4A-B61B-43DE64E07B29","Northern and Western","%","67.7"
"ALF01C01","Annual employment rate","2023","2023","530","55 - 59 years","-","Both sexes","30","Upper secondary and post-secondary non-tertiary education (Levels 3 and 4)","97227605-23D5-4B98-BDB8-3EB5D0682A5A","Southern","%","71.1"
"ALF01C01","Annual employment rate","2023","2023","530","55 - 59 years","-","Both sexes","30","Upper secondary and post-secondary non-tertiary education (Levels 3 and 4)","C32761EB-7A21-4B95-8C7A-DB195C2955CE","Eastern and Midland","%","66.5"
"ALF01C01","Annual employment rate","2023","2023","530","55 - 59 years","-","Both sexes","40","Tertiary education (Levels 5-8)","IE0","Ireland","%","83.7"
"ALF01C01","Annual employment rate","2023","2023","530","55 - 59 years","-","Both sexes","40","Tertiary education (Levels 5-8)","811D29A4-1E05-4F4A-B61B-43DE64E07B29","Northern and Western","%","86.6"
"ALF01C01","Annual employment rate","2023","2023","530","55 - 59 years","-","Both sexes","40","Tertiary education (Levels 5-8)","97227605-23D5-4B98-BDB8-3EB5D0682A5A","Southern","%","82.4"
"ALF01C01","Annual employment rate","2023","2023","530","55 - 59 years","-","Both sexes","40","Tertiary education (Levels 5-8)","C32761EB-7A21-4B95-8C7A-DB195C2955CE","Eastern and Midland","%","83.5"
"ALF01C01","Annual employment rate","2023","2023","530","55 - 59 years","-","Both sexes","99","Level of education - not stated","IE0","Ireland","%",""
"ALF01C01","Annual employment rate","2023","2023","530","55 - 59 years","-","Both sexes","99","Level of education - not stated","811D29A4-1E05-4F4A-B61B-43DE64E07B29","Northern and Western","%",""
"ALF01C01","Annual employment rate","2023","2023","530","55 - 59 years","-","Both sexes","99","Level of education - not stated","97227605-23D5-4B98-BDB8-3EB5D0682A5A","Southern","%",""
"ALF01C01","Annual employment rate","2023","2023","530","55 - 59 years","-","Both sexes","99","Level of education - not stated","C32761EB-7A21-4B95-8C7A-DB195C2955CE","Eastern and Midland","%",""
"ALF01C01","Annual employment rate","2023","2023","530","55 - 59 years","1","Male","-","Levels of Education (Levels  0-8)","IE0","Ireland","%","84.8"
"ALF01C01","Annual employment rate","2023","2023","530","55 - 59 years","1","Male","-","Levels of Education (Levels  0-8)","811D29A4-1E05-4F4A-B61B-43DE64E07B29","Northern and Western","%","82"
"ALF01C01","Annual employment rate","2023","2023","530","55 - 59 years","1","Male","-","Levels of Education (Levels  0-8)","97227605-23D5-4B98-BDB8-3EB5D0682A5A","Southern","%","85.1"
"ALF01C01","Annual employment rate","2023","2023","530","55 - 59 years","1","Male","-","Levels of Education (Levels  0-8)","C32761EB-7A21-4B95-8C7A-DB195C2955CE","Eastern and Midland","%","85.6"
"ALF01C01","Annual employment rate","2023","2023","530","55 - 59 years","1","Male","10","Less than primary (Level 0)","IE0","Ireland","%",""
"ALF01C01","Annual employment rate","2023","2023","530","55 - 59 years","1","Male","10","Less than primary (Level 0)","811D29A4-1E05-4F4A-B61B-43DE64E07B29","Northern and Western","%",""
"ALF01C01","Annual employment rate","2023","2023","530","55 - 59 years","1","Male","10","Less than primary (Level 0)","97227605-23D5-4B98-BDB8-3EB5D0682A5A","Southern","%",""
"ALF01C01","Annual employment rate","2023","2023","530","55 - 59 years","1","Male","10","Less than primary (Level 0)","C32761EB-7A21-4B95-8C7A-DB195C2955CE","Eastern and Midland","%",""
"ALF01C01","Annual employment rate","2023","2023","530","55 - 59 years","1","Male","20","Primary and lower secondary education (Levels 1-2)","IE0","Ireland","%","76.2"
"ALF01C01","Annual employment rate","2023","2023","530","55 - 59 years","1","Male","20","Primary and lower secondary education (Levels 1-2)","811D29A4-1E05-4F4A-B61B-43DE64E07B29","Northern and Western","%",""
"ALF01C01","Annual employment rate","2023","2023","530","55 - 59 years","1","Male","20","Primary and lower secondary education (Levels 1-2)","97227605-23D5-4B98-BDB8-3EB5D0682A5A","Southern","%","73.4"
"ALF01C01","Annual employment rate","2023","2023","530","55 - 59 years","1","Male","20","Primary and lower secondary education (Levels 1-2)","C32761EB-7A21-4B95-8C7A-DB195C2955CE","Eastern and Midland","%","77.6"
"ALF01C01","Annual employment rate","2023","2023","530","55 - 59 years","1","Male","30","Upper secondary and post-secondary non-tertiary education (Levels 3 and 4)","IE0","Ireland","%","84.5"
"ALF01C01","Annual employment rate","2023","2023","530","55 - 59 years","1","Male","30","Upper secondary and post-secondary non-tertiary education (Levels 3 and 4)","811D29A4-1E05-4F4A-B61B-43DE64E07B29","Northern and Western","%","82.5"
"ALF01C01","Annual employment rate","2023","2023","530","55 - 59 years","1","Male","30","Upper secondary and post-secondary non-tertiary education (Levels 3 and 4)","97227605-23D5-4B98-BDB8-3EB5D0682A5A","Southern","%","82.2"
"ALF01C01","Annual employment rate","2023","2023","530","55 - 59 years","1","Male","30","Upper secondary and post-secondary non-tertiary education (Levels 3 and 4)","C32761EB-7A21-4B95-8C7A-DB195C2955CE","Eastern and Midland","%","87.8"
"ALF01C01","Annual employment rate","2023","2023","530","55 - 59 years","1","Male","40","Tertiary education (Levels 5-8)","IE0","Ireland","%","89.1"
"ALF01C01","Annual employment rate","2023","2023","530","55 - 59 years","1","Male","40","Tertiary education (Levels 5-8)","811D29A4-1E05-4F4A-B61B-43DE64E07B29","Northern and Western","%","87.3"
"ALF01C01","Annual employment rate","2023","2023","530","55 - 59 years","1","Male","40","Tertiary education (Levels 5-8)","97227605-23D5-4B98-BDB8-3EB5D0682A5A","Southern","%","95.6"
"ALF01C01","Annual employment rate","2023","2023","530","55 - 59 years","1","Male","40","Tertiary education (Levels 5-8)","C32761EB-7A21-4B95-8C7A-DB195C2955CE","Eastern and Midland","%","86.6"
"ALF01C01","Annual employment rate","2023","2023","530","55 - 59 years","1","Male","99","Level of education - not stated","IE0","Ireland","%",""
"ALF01C01","Annual employment rate","2023","2023","530","55 - 59 years","1","Male","99","Level of education - not stated","811D29A4-1E05-4F4A-B61B-43DE64E07B29","Northern and Western","%",""
"ALF01C01","Annual employment rate","2023","2023","530","55 - 59 years","1","Male","99","Level of education - not stated","97227605-23D5-4B98-BDB8-3EB5D0682A5A","Southern","%",""
"ALF01C01","Annual employment rate","2023","2023","530","55 - 59 years","1","Male","99","Level of education - not stated","C32761EB-7A21-4B95-8C7A-DB195C2955CE","Eastern and Midland","%",""
"ALF01C01","Annual employment rate","2023","2023","530","55 - 59 years","2","Female","-","Levels of Education (Levels  0-8)","IE0","Ireland","%","66.1"
"ALF01C01","Annual employment rate","2023","2023","530","55 - 59 years","2","Female","-","Levels of Education (Levels  0-8)","811D29A4-1E05-4F4A-B61B-43DE64E07B29","Northern and Western","%","70.3"
"ALF01C01","Annual employment rate","2023","2023","530","55 - 59 years","2","Female","-","Levels of Education (Levels  0-8)","97227605-23D5-4B98-BDB8-3EB5D0682A5A","Southern","%","65.7"
"ALF01C01","Annual employment rate","2023","2023","530","55 - 59 years","2","Female","-","Levels of Education (Levels  0-8)","C32761EB-7A21-4B95-8C7A-DB195C2955CE","Eastern and Midland","%","64.8"
"ALF01C01","Annual employment rate","2023","2023","530","55 - 59 years","2","Female","10","Less than primary (Level 0)","IE0","Ireland","%",""
"ALF01C01","Annual employment rate","2023","2023","530","55 - 59 years","2","Female","10","Less than primary (Level 0)","811D29A4-1E05-4F4A-B61B-43DE64E07B29","Northern and Western","%",""
"ALF01C01","Annual employment rate","2023","2023","530","55 - 59 years","2","Female","10","Less than primary (Level 0)","97227605-23D5-4B98-BDB8-3EB5D0682A5A","Southern","%",""
"ALF01C01","Annual employment rate","2023","2023","530","55 - 59 years","2","Female","10","Less than primary (Level 0)","C32761EB-7A21-4B95-8C7A-DB195C2955CE","Eastern and Midland","%",""
"ALF01C01","Annual employment rate","2023","2023","530","55 - 59 years","2","Female","20","Primary and lower secondary education (Levels 1-2)","IE0","Ireland","%","52.8"
"ALF01C01","Annual employment rate","2023","2023","530","55 - 59 years","2","Female","20","Primary and lower secondary education (Levels 1-2)","811D29A4-1E05-4F4A-B61B-43DE64E07B29","Northern and Western","%",""
"ALF01C01","Annual employment rate","2023","2023","530","55 - 59 years","2","Female","20","Primary and lower secondary education (Levels 1-2)","97227605-23D5-4B98-BDB8-3EB5D0682A5A","Southern","%",""
"ALF01C01","Annual employment rate","2023","2023","530","55 - 59 years","2","Female","20","Primary and lower secondary education (Levels 1-2)","C32761EB-7A21-4B95-8C7A-DB195C2955CE","Eastern and Midland","%","47.3"
"ALF01C01","Annual employment rate","2023","2023","530","55 - 59 years","2","Female","30","Upper secondary and post-secondary non-tertiary education (Levels 3 and 4)","IE0","Ireland","%","55.9"
"ALF01C01","Annual employment rate","2023","2023","530","55 - 59 years","2","Female","30","Upper secondary and post-secondary non-tertiary education (Levels 3 and 4)","811D29A4-1E05-4F4A-B61B-43DE64E07B29","Northern and Western","%","59.2"
"ALF01C01","Annual employment rate","2023","2023","530","55 - 59 years","2","Female","30","Upper secondary and post-secondary non-tertiary education (Levels 3 and 4)","97227605-23D5-4B98-BDB8-3EB5D0682A5A","Southern","%","59.2"
"ALF01C01","Annual employment rate","2023","2023","530","55 - 59 years","2","Female","30","Upper secondary and post-secondary non-tertiary education (Levels 3 and 4)","C32761EB-7A21-4B95-8C7A-DB195C2955CE","Eastern and Midland","%","51.9"
"ALF01C01","Annual employment rate","2023","2023","530","55 - 59 years","2","Female","40","Tertiary education (Levels 5-8)","IE0","Ireland","%","78.5"
"ALF01C01","Annual employment rate","2023","2023","530","55 - 59 years","2","Female","40","Tertiary education (Levels 5-8)","811D29A4-1E05-4F4A-B61B-43DE64E07B29","Northern and Western","%","85.6"
"ALF01C01","Annual employment rate","2023","2023","530","55 - 59 years","2","Female","40","Tertiary education (Levels 5-8)","97227605-23D5-4B98-BDB8-3EB5D0682A5A","Southern","%","73.7"
"ALF01C01","Annual employment rate","2023","2023","530","55 - 59 years","2","Female","40","Tertiary education (Levels 5-8)","C32761EB-7A21-4B95-8C7A-DB195C2955CE","Eastern and Midland","%","80.1"
"ALF01C01","Annual employment rate","2023","2023","530","55 - 59 years","2","Female","99","Level of education - not stated","IE0","Ireland","%",""
"ALF01C01","Annual employment rate","2023","2023","530","55 - 59 years","2","Female","99","Level of education - not stated","811D29A4-1E05-4F4A-B61B-43DE64E07B29","Northern and Western","%",""
"ALF01C01","Annual employment rate","2023","2023","530","55 - 59 years","2","Female","99","Level of education - not stated","97227605-23D5-4B98-BDB8-3EB5D0682A5A","Southern","%",""
"ALF01C01","Annual employment rate","2023","2023","530","55 - 59 years","2","Female","99","Level of education - not stated","C32761EB-7A21-4B95-8C7A-DB195C2955CE","Eastern and Midland","%",""
"ALF01C01","Annual employment rate","2023","2023","550","60 - 64 years","-","Both sexes","-","Levels of Education (Levels  0-8)","IE0","Ireland","%","61.6"
"ALF01C01","Annual employment rate","2023","2023","550","60 - 64 years","-","Both sexes","-","Levels of Education (Levels  0-8)","811D29A4-1E05-4F4A-B61B-43DE64E07B29","Northern and Western","%","68.3"
"ALF01C01","Annual employment rate","2023","2023","550","60 - 64 years","-","Both sexes","-","Levels of Education (Levels  0-8)","97227605-23D5-4B98-BDB8-3EB5D0682A5A","Southern","%","62.4"
"ALF01C01","Annual employment rate","2023","2023","550","60 - 64 years","-","Both sexes","-","Levels of Education (Levels  0-8)","C32761EB-7A21-4B95-8C7A-DB195C2955CE","Eastern and Midland","%","58.3"
"ALF01C01","Annual employment rate","2023","2023","550","60 - 64 years","-","Both sexes","10","Less than primary (Level 0)","IE0","Ireland","%",""
"ALF01C01","Annual employment rate","2023","2023","550","60 - 64 years","-","Both sexes","10","Less than primary (Level 0)","811D29A4-1E05-4F4A-B61B-43DE64E07B29","Northern and Western","%",""
"ALF01C01","Annual employment rate","2023","2023","550","60 - 64 years","-","Both sexes","10","Less than primary (Level 0)","97227605-23D5-4B98-BDB8-3EB5D0682A5A","Southern","%",""
"ALF01C01","Annual employment rate","2023","2023","550","60 - 64 years","-","Both sexes","10","Less than primary (Level 0)","C32761EB-7A21-4B95-8C7A-DB195C2955CE","Eastern and Midland","%",""
"ALF01C01","Annual employment rate","2023","2023","550","60 - 64 years","-","Both sexes","20","Primary and lower secondary education (Levels 1-2)","IE0","Ireland","%","57.6"
"ALF01C01","Annual employment rate","2023","2023","550","60 - 64 years","-","Both sexes","20","Primary and lower secondary education (Levels 1-2)","811D29A4-1E05-4F4A-B61B-43DE64E07B29","Northern and Western","%","61.7"
"ALF01C01","Annual employment rate","2023","2023","550","60 - 64 years","-","Both sexes","20","Primary and lower secondary education (Levels 1-2)","97227605-23D5-4B98-BDB8-3EB5D0682A5A","Southern","%","59.3"
"ALF01C01","Annual employment rate","2023","2023","550","60 - 64 years","-","Both sexes","20","Primary and lower secondary education (Levels 1-2)","C32761EB-7A21-4B95-8C7A-DB195C2955CE","Eastern and Midland","%","53.7"
"ALF01C01","Annual employment rate","2023","2023","550","60 - 64 years","-","Both sexes","30","Upper secondary and post-secondary non-tertiary education (Levels 3 and 4)","IE0","Ireland","%","61.7"
"ALF01C01","Annual employment rate","2023","2023","550","60 - 64 years","-","Both sexes","30","Upper secondary and post-secondary non-tertiary education (Levels 3 and 4)","811D29A4-1E05-4F4A-B61B-43DE64E07B29","Northern and Western","%","75.3"
"ALF01C01","Annual employment rate","2023","2023","550","60 - 64 years","-","Both sexes","30","Upper secondary and post-secondary non-tertiary education (Levels 3 and 4)","97227605-23D5-4B98-BDB8-3EB5D0682A5A","Southern","%","62.3"
"ALF01C01","Annual employment rate","2023","2023","550","60 - 64 years","-","Both sexes","30","Upper secondary and post-secondary non-tertiary education (Levels 3 and 4)","C32761EB-7A21-4B95-8C7A-DB195C2955CE","Eastern and Midland","%","55.5"
"ALF01C01","Annual employment rate","2023","2023","550","60 - 64 years","-","Both sexes","40","Tertiary education (Levels 5-8)","IE0","Ireland","%","63.3"
"ALF01C01","Annual employment rate","2023","2023","550","60 - 64 years","-","Both sexes","40","Tertiary education (Levels 5-8)","811D29A4-1E05-4F4A-B61B-43DE64E07B29","Northern and Western","%","64.8"
"ALF01C01","Annual employment rate","2023","2023","550","60 - 64 years","-","Both sexes","40","Tertiary education (Levels 5-8)","97227605-23D5-4B98-BDB8-3EB5D0682A5A","Southern","%","64.1"
"ALF01C01","Annual employment rate","2023","2023","550","60 - 64 years","-","Both sexes","40","Tertiary education (Levels 5-8)","C32761EB-7A21-4B95-8C7A-DB195C2955CE","Eastern and Midland","%","62.3"
"ALF01C01","Annual employment rate","2023","2023","550","60 - 64 years","-","Both sexes","99","Level of education - not stated","IE0","Ireland","%",""
"ALF01C01","Annual employment rate","2023","2023","550","60 - 64 years","-","Both sexes","99","Level of education - not stated","811D29A4-1E05-4F4A-B61B-43DE64E07B29","Northern and Western","%",""
"ALF01C01","Annual employment rate","2023","2023","550","60 - 64 years","-","Both sexes","99","Level of education - not stated","97227605-23D5-4B98-BDB8-3EB5D0682A5A","Southern","%",""
"ALF01C01","Annual employment rate","2023","2023","550","60 - 64 years","-","Both sexes","99","Level of education - not stated","C32761EB-7A21-4B95-8C7A-DB195C2955CE","Eastern and Midland","%",""
"ALF01C01","Annual employment rate","2023","2023","550","60 - 64 years","1","Male","-","Levels of Education (Levels  0-8)","IE0","Ireland","%","71.6"
"ALF01C01","Annual employment rate","2023","2023","550","60 - 64 years","1","Male","-","Levels of Education (Levels  0-8)","811D29A4-1E05-4F4A-B61B-43DE64E07B29","Northern and Western","%","76.9"
"ALF01C01","Annual employment rate","2023","2023","550","60 - 64 years","1","Male","-","Levels of Education (Levels  0-8)","97227605-23D5-4B98-BDB8-3EB5D0682A5A","Southern","%","73.7"
"ALF01C01","Annual employment rate","2023","2023","550","60 - 64 years","1","Male","-","Levels of Education (Levels  0-8)","C32761EB-7A21-4B95-8C7A-DB195C2955CE","Eastern and Midland","%","67.8"
"ALF01C01","Annual employment rate","2023","2023","550","60 - 64 years","1","Male","10","Less than primary (Level 0)","IE0","Ireland","%",""
"ALF01C01","Annual employment rate","2023","2023","550","60 - 64 years","1","Male","10","Less than primary (Level 0)","811D29A4-1E05-4F4A-B61B-43DE64E07B29","Northern and Western","%",""
"ALF01C01","Annual employment rate","2023","2023","550","60 - 64 years","1","Male","10","Less than primary (Level 0)","97227605-23D5-4B98-BDB8-3EB5D0682A5A","Southern","%",""
"ALF01C01","Annual employment rate","2023","2023","550","60 - 64 years","1","Male","10","Less than primary (Level 0)","C32761EB-7A21-4B95-8C7A-DB195C2955CE","Eastern and Midland","%",""
"ALF01C01","Annual employment rate","2023","2023","550","60 - 64 years","1","Male","20","Primary and lower secondary education (Levels 1-2)","IE0","Ireland","%","66"
"ALF01C01","Annual employment rate","2023","2023","550","60 - 64 years","1","Male","20","Primary and lower secondary education (Levels 1-2)","811D29A4-1E05-4F4A-B61B-43DE64E07B29","Northern and Western","%",""
"ALF01C01","Annual employment rate","2023","2023","550","60 - 64 years","1","Male","20","Primary and lower secondary education (Levels 1-2)","97227605-23D5-4B98-BDB8-3EB5D0682A5A","Southern","%","70.7"
"ALF01C01","Annual employment rate","2023","2023","550","60 - 64 years","1","Male","20","Primary and lower secondary education (Levels 1-2)","C32761EB-7A21-4B95-8C7A-DB195C2955CE","Eastern and Midland","%","58.6"
"ALF01C01","Annual employment rate","2023","2023","550","60 - 64 years","1","Male","30","Upper secondary and post-secondary non-tertiary education (Levels 3 and 4)","IE0","Ireland","%","76.4"
"ALF01C01","Annual employment rate","2023","2023","550","60 - 64 years","1","Male","30","Upper secondary and post-secondary non-tertiary education (Levels 3 and 4)","811D29A4-1E05-4F4A-B61B-43DE64E07B29","Northern and Western","%","81.3"
"ALF01C01","Annual employment rate","2023","2023","550","60 - 64 years","1","Male","30","Upper secondary and post-secondary non-tertiary education (Levels 3 and 4)","97227605-23D5-4B98-BDB8-3EB5D0682A5A","Southern","%","85.6"
"ALF01C01","Annual employment rate","2023","2023","550","60 - 64 years","1","Male","30","Upper secondary and post-secondary non-tertiary education (Levels 3 and 4)","C32761EB-7A21-4B95-8C7A-DB195C2955CE","Eastern and Midland","%","67.1"
"ALF01C01","Annual employment rate","2023","2023","550","60 - 64 years","1","Male","40","Tertiary education (Levels 5-8)","IE0","Ireland","%","70.1"
"ALF01C01","Annual employment rate","2023","2023","550","60 - 64 years","1","Male","40","Tertiary education (Levels 5-8)","811D29A4-1E05-4F4A-B61B-43DE64E07B29","Northern and Western","%",""
"ALF01C01","Annual employment rate","2023","2023","550","60 - 64 years","1","Male","40","Tertiary education (Levels 5-8)","97227605-23D5-4B98-BDB8-3EB5D0682A5A","Southern","%","61.3"
"ALF01C01","Annual employment rate","2023","2023","550","60 - 64 years","1","Male","40","Tertiary education (Levels 5-8)","C32761EB-7A21-4B95-8C7A-DB195C2955CE","Eastern and Midland","%","73.3"
"ALF01C01","Annual employment rate","2023","2023","550","60 - 64 years","1","Male","99","Level of education - not stated","IE0","Ireland","%",""
"ALF01C01","Annual employment rate","2023","2023","550","60 - 64 years","1","Male","99","Level of education - not stated","811D29A4-1E05-4F4A-B61B-43DE64E07B29","Northern and Western","%",""
"ALF01C01","Annual employment rate","2023","2023","550","60 - 64 years","1","Male","99","Level of education - not stated","97227605-23D5-4B98-BDB8-3EB5D0682A5A","Southern","%",""
"ALF01C01","Annual employment rate","2023","2023","550","60 - 64 years","1","Male","99","Level of education - not stated","C32761EB-7A21-4B95-8C7A-DB195C2955CE","Eastern and Midland","%",""
"ALF01C01","Annual employment rate","2023","2023","550","60 - 64 years","2","Female","-","Levels of Education (Levels  0-8)","IE0","Ireland","%","52"
"ALF01C01","Annual employment rate","2023","2023","550","60 - 64 years","2","Female","-","Levels of Education (Levels  0-8)","811D29A4-1E05-4F4A-B61B-43DE64E07B29","Northern and Western","%","59.8"
"ALF01C01","Annual employment rate","2023","2023","550","60 - 64 years","2","Female","-","Levels of Education (Levels  0-8)","97227605-23D5-4B98-BDB8-3EB5D0682A5A","Southern","%","51.4"
"ALF01C01","Annual employment rate","2023","2023","550","60 - 64 years","2","Female","-","Levels of Education (Levels  0-8)","C32761EB-7A21-4B95-8C7A-DB195C2955CE","Eastern and Midland","%","49.3"
"ALF01C01","Annual employment rate","2023","2023","550","60 - 64 years","2","Female","10","Less than primary (Level 0)","IE0","Ireland","%",""
"ALF01C01","Annual employment rate","2023","2023","550","60 - 64 years","2","Female","10","Less than primary (Level 0)","811D29A4-1E05-4F4A-B61B-43DE64E07B29","Northern and Western","%",""
"ALF01C01","Annual employment rate","2023","2023","550","60 - 64 years","2","Female","10","Less than primary (Level 0)","97227605-23D5-4B98-BDB8-3EB5D0682A5A","Southern","%",""
"ALF01C01","Annual employment rate","2023","2023","550","60 - 64 years","2","Female","10","Less than primary (Level 0)","C32761EB-7A21-4B95-8C7A-DB195C2955CE","Eastern and Midland","%",""
"ALF01C01","Annual employment rate","2023","2023","550","60 - 64 years","2","Female","20","Primary and lower secondary education (Levels 1-2)","IE0","Ireland","%","46.5"
"ALF01C01","Annual employment rate","2023","2023","550","60 - 64 years","2","Female","20","Primary and lower secondary education (Levels 1-2)","811D29A4-1E05-4F4A-B61B-43DE64E07B29","Northern and Western","%",""
"ALF01C01","Annual employment rate","2023","2023","550","60 - 64 years","2","Female","20","Primary and lower secondary education (Levels 1-2)","97227605-23D5-4B98-BDB8-3EB5D0682A5A","Southern","%",""
"ALF01C01","Annual employment rate","2023","2023","550","60 - 64 years","2","Female","20","Primary and lower secondary education (Levels 1-2)","C32761EB-7A21-4B95-8C7A-DB195C2955CE","Eastern and Midland","%","47.6"
"ALF01C01","Annual employment rate","2023","2023","550","60 - 64 years","2","Female","30","Upper secondary and post-secondary non-tertiary education (Levels 3 and 4)","IE0","Ireland","%","49.1"
"ALF01C01","Annual employment rate","2023","2023","550","60 - 64 years","2","Female","30","Upper secondary and post-secondary non-tertiary education (Levels 3 and 4)","811D29A4-1E05-4F4A-B61B-43DE64E07B29","Northern and Western","%","70.2"
"ALF01C01","Annual employment rate","2023","2023","550","60 - 64 years","2","Female","30","Upper secondary and post-secondary non-tertiary education (Levels 3 and 4)","97227605-23D5-4B98-BDB8-3EB5D0682A5A","Southern","%","41.7"
"ALF01C01","Annual employment rate","2023","2023","550","60 - 64 years","2","Female","30","Upper secondary and post-secondary non-tertiary education (Levels 3 and 4)","C32761EB-7A21-4B95-8C7A-DB195C2955CE","Eastern and Midland","%","45.6"
"ALF01C01","Annual employment rate","2023","2023","550","60 - 64 years","2","Female","40","Tertiary education (Levels 5-8)","IE0","Ireland","%","57.2"
"ALF01C01","Annual employment rate","2023","2023","550","60 - 64 years","2","Female","40","Tertiary education (Levels 5-8)","811D29A4-1E05-4F4A-B61B-43DE64E07B29","Northern and Western","%",""
"ALF01C01","Annual employment rate","2023","2023","550","60 - 64 years","2","Female","40","Tertiary education (Levels 5-8)","97227605-23D5-4B98-BDB8-3EB5D0682A5A","Southern","%","66.6"
"ALF01C01","Annual employment rate","2023","2023","550","60 - 64 years","2","Female","40","Tertiary education (Levels 5-8)","C32761EB-7A21-4B95-8C7A-DB195C2955CE","Eastern and Midland","%","51.7"
"ALF01C01","Annual employment rate","2023","2023","550","60 - 64 years","2","Female","99","Level of education - not stated","IE0","Ireland","%",""
"ALF01C01","Annual employment rate","2023","2023","550","60 - 64 years","2","Female","99","Level of education - not stated","811D29A4-1E05-4F4A-B61B-43DE64E07B29","Northern and Western","%",""
"ALF01C01","Annual employment rate","2023","2023","550","60 - 64 years","2","Female","99","Level of education - not stated","97227605-23D5-4B98-BDB8-3EB5D0682A5A","Southern","%",""
"ALF01C01","Annual employment rate","2023","2023","550","60 - 64 years","2","Female","99","Level of education - not stated","C32761EB-7A21-4B95-8C7A-DB195C2955CE","Eastern and Midland","%",""
"ALF01C01","Annual employment rate","2024","2024","-","All ages","-","Both sexes","-","Levels of Education (Levels  0-8)","IE0","Ireland","%","79.8"
"ALF01C01","Annual employment rate","2024","2024","-","All ages","-","Both sexes","-","Levels of Education (Levels  0-8)","811D29A4-1E05-4F4A-B61B-43DE64E07B29","Northern and Western","%","78.4"
"ALF01C01","Annual employment rate","2024","2024","-","All ages","-","Both sexes","-","Levels of Education (Levels  0-8)","97227605-23D5-4B98-BDB8-3EB5D0682A5A","Southern","%","78.8"
"ALF01C01","Annual employment rate","2024","2024","-","All ages","-","Both sexes","-","Levels of Education (Levels  0-8)","C32761EB-7A21-4B95-8C7A-DB195C2955CE","Eastern and Midland","%","80.8"
"ALF01C01","Annual employment rate","2024","2024","-","All ages","-","Both sexes","10","Less than primary (Level 0)","IE0","Ireland","%",""
"ALF01C01","Annual employment rate","2024","2024","-","All ages","-","Both sexes","10","Less than primary (Level 0)","811D29A4-1E05-4F4A-B61B-43DE64E07B29","Northern and Western","%",""
"ALF01C01","Annual employment rate","2024","2024","-","All ages","-","Both sexes","10","Less than primary (Level 0)","97227605-23D5-4B98-BDB8-3EB5D0682A5A","Southern","%",""
"ALF01C01","Annual employment rate","2024","2024","-","All ages","-","Both sexes","10","Less than primary (Level 0)","C32761EB-7A21-4B95-8C7A-DB195C2955CE","Eastern and Midland","%",""
"ALF01C01","Annual employment rate","2024","2024","-","All ages","-","Both sexes","20","Primary and lower secondary education (Levels 1-2)","IE0","Ireland","%","54.7"
"ALF01C01","Annual employment rate","2024","2024","-","All ages","-","Both sexes","20","Primary and lower secondary education (Levels 1-2)","811D29A4-1E05-4F4A-B61B-43DE64E07B29","Northern and Western","%","57.5"
"ALF01C01","Annual employment rate","2024","2024","-","All ages","-","Both sexes","20","Primary and lower secondary education (Levels 1-2)","97227605-23D5-4B98-BDB8-3EB5D0682A5A","Southern","%","50.4"
"ALF01C01","Annual employment rate","2024","2024","-","All ages","-","Both sexes","20","Primary and lower secondary education (Levels 1-2)","C32761EB-7A21-4B95-8C7A-DB195C2955CE","Eastern and Midland","%","56.8"
"ALF01C01","Annual employment rate","2024","2024","-","All ages","-","Both sexes","30","Upper secondary and post-secondary non-tertiary education (Levels 3 and 4)","IE0","Ireland","%","75.5"
"ALF01C01","Annual employment rate","2024","2024","-","All ages","-","Both sexes","30","Upper secondary and post-secondary non-tertiary education (Levels 3 and 4)","811D29A4-1E05-4F4A-B61B-43DE64E07B29","Northern and Western","%","73.8"
"ALF01C01","Annual employment rate","2024","2024","-","All ages","-","Both sexes","30","Upper secondary and post-secondary non-tertiary education (Levels 3 and 4)","97227605-23D5-4B98-BDB8-3EB5D0682A5A","Southern","%","75.4"
"ALF01C01","Annual employment rate","2024","2024","-","All ages","-","Both sexes","30","Upper secondary and post-secondary non-tertiary education (Levels 3 and 4)","C32761EB-7A21-4B95-8C7A-DB195C2955CE","Eastern and Midland","%","76.1"
"ALF01C01","Annual employment rate","2024","2024","-","All ages","-","Both sexes","40","Tertiary education (Levels 5-8)","IE0","Ireland","%","87.1"
"ALF01C01","Annual employment rate","2024","2024","-","All ages","-","Both sexes","40","Tertiary education (Levels 5-8)","811D29A4-1E05-4F4A-B61B-43DE64E07B29","Northern and Western","%","85.6"
"ALF01C01","Annual employment rate","2024","2024","-","All ages","-","Both sexes","40","Tertiary education (Levels 5-8)","97227605-23D5-4B98-BDB8-3EB5D0682A5A","Southern","%","87.2"
"ALF01C01","Annual employment rate","2024","2024","-","All ages","-","Both sexes","40","Tertiary education (Levels 5-8)","C32761EB-7A21-4B95-8C7A-DB195C2955CE","Eastern and Midland","%","87.6"
"ALF01C01","Annual employment rate","2024","2024","-","All ages","-","Both sexes","99","Level of education - not stated","IE0","Ireland","%","78.7"
"ALF01C01","Annual employment rate","2024","2024","-","All ages","-","Both sexes","99","Level of education - not stated","811D29A4-1E05-4F4A-B61B-43DE64E07B29","Northern and Western","%","86.2"
"ALF01C01","Annual employment rate","2024","2024","-","All ages","-","Both sexes","99","Level of education - not stated","97227605-23D5-4B98-BDB8-3EB5D0682A5A","Southern","%","80.5"
"ALF01C01","Annual employment rate","2024","2024","-","All ages","-","Both sexes","99","Level of education - not stated","C32761EB-7A21-4B95-8C7A-DB195C2955CE","Eastern and Midland","%","75.1"
"ALF01C01","Annual employment rate","2024","2024","-","All ages","1","Male","-","Levels of Education (Levels  0-8)","IE0","Ireland","%","84.3"
"ALF01C01","Annual employment rate","2024","2024","-","All ages","1","Male","-","Levels of Education (Levels  0-8)","811D29A4-1E05-4F4A-B61B-43DE64E07B29","Northern and Western","%","81.9"
"ALF01C01","Annual employment rate","2024","2024","-","All ages","1","Male","-","Levels of Education (Levels  0-8)","97227605-23D5-4B98-BDB8-3EB5D0682A5A","Southern","%","83.4"
"ALF01C01","Annual employment rate","2024","2024","-","All ages","1","Male","-","Levels of Education (Levels  0-8)","C32761EB-7A21-4B95-8C7A-DB195C2955CE","Eastern and Midland","%","85.6"
"ALF01C01","Annual employment rate","2024","2024","-","All ages","1","Male","10","Less than primary (Level 0)","IE0","Ireland","%",""
"ALF01C01","Annual employment rate","2024","2024","-","All ages","1","Male","10","Less than primary (Level 0)","811D29A4-1E05-4F4A-B61B-43DE64E07B29","Northern and Western","%",""
"ALF01C01","Annual employment rate","2024","2024","-","All ages","1","Male","10","Less than primary (Level 0)","97227605-23D5-4B98-BDB8-3EB5D0682A5A","Southern","%",""
"ALF01C01","Annual employment rate","2024","2024","-","All ages","1","Male","10","Less than primary (Level 0)","C32761EB-7A21-4B95-8C7A-DB195C2955CE","Eastern and Midland","%",""
"ALF01C01","Annual employment rate","2024","2024","-","All ages","1","Male","20","Primary and lower secondary education (Levels 1-2)","IE0","Ireland","%","64.3"
"ALF01C01","Annual employment rate","2024","2024","-","All ages","1","Male","20","Primary and lower secondary education (Levels 1-2)","811D29A4-1E05-4F4A-B61B-43DE64E07B29","Northern and Western","%","64.6"
"ALF01C01","Annual employment rate","2024","2024","-","All ages","1","Male","20","Primary and lower secondary education (Levels 1-2)","97227605-23D5-4B98-BDB8-3EB5D0682A5A","Southern","%","60.4"
"ALF01C01","Annual employment rate","2024","2024","-","All ages","1","Male","20","Primary and lower secondary education (Levels 1-2)","C32761EB-7A21-4B95-8C7A-DB195C2955CE","Eastern and Midland","%","67.3"
"ALF01C01","Annual employment rate","2024","2024","-","All ages","1","Male","30","Upper secondary and post-secondary non-tertiary education (Levels 3 and 4)","IE0","Ireland","%","82.6"
"ALF01C01","Annual employment rate","2024","2024","-","All ages","1","Male","30","Upper secondary and post-secondary non-tertiary education (Levels 3 and 4)","811D29A4-1E05-4F4A-B61B-43DE64E07B29","Northern and Western","%","80.4"
"ALF01C01","Annual employment rate","2024","2024","-","All ages","1","Male","30","Upper secondary and post-secondary non-tertiary education (Levels 3 and 4)","97227605-23D5-4B98-BDB8-3EB5D0682A5A","Southern","%","82.7"
"ALF01C01","Annual employment rate","2024","2024","-","All ages","1","Male","30","Upper secondary and post-secondary non-tertiary education (Levels 3 and 4)","C32761EB-7A21-4B95-8C7A-DB195C2955CE","Eastern and Midland","%","83.3"
"ALF01C01","Annual employment rate","2024","2024","-","All ages","1","Male","40","Tertiary education (Levels 5-8)","IE0","Ireland","%","90.3"
"ALF01C01","Annual employment rate","2024","2024","-","All ages","1","Male","40","Tertiary education (Levels 5-8)","811D29A4-1E05-4F4A-B61B-43DE64E07B29","Northern and Western","%","88.7"
"ALF01C01","Annual employment rate","2024","2024","-","All ages","1","Male","40","Tertiary education (Levels 5-8)","97227605-23D5-4B98-BDB8-3EB5D0682A5A","Southern","%","90.6"
"ALF01C01","Annual employment rate","2024","2024","-","All ages","1","Male","40","Tertiary education (Levels 5-8)","C32761EB-7A21-4B95-8C7A-DB195C2955CE","Eastern and Midland","%","90.6"
"ALF01C01","Annual employment rate","2024","2024","-","All ages","1","Male","99","Level of education - not stated","IE0","Ireland","%","87.1"
"ALF01C01","Annual employment rate","2024","2024","-","All ages","1","Male","99","Level of education - not stated","811D29A4-1E05-4F4A-B61B-43DE64E07B29","Northern and Western","%",""
"ALF01C01","Annual employment rate","2024","2024","-","All ages","1","Male","99","Level of education - not stated","97227605-23D5-4B98-BDB8-3EB5D0682A5A","Southern","%","87.7"
"ALF01C01","Annual employment rate","2024","2024","-","All ages","1","Male","99","Level of education - not stated","C32761EB-7A21-4B95-8C7A-DB195C2955CE","Eastern and Midland","%","86.3"
"ALF01C01","Annual employment rate","2024","2024","-","All ages","2","Female","-","Levels of Education (Levels  0-8)","IE0","Ireland","%","75.4"
"ALF01C01","Annual employment rate","2024","2024","-","All ages","2","Female","-","Levels of Education (Levels  0-8)","811D29A4-1E05-4F4A-B61B-43DE64E07B29","Northern and Western","%","74.9"
"ALF01C01","Annual employment rate","2024","2024","-","All ages","2","Female","-","Levels of Education (Levels  0-8)","97227605-23D5-4B98-BDB8-3EB5D0682A5A","Southern","%","74.3"
"ALF01C01","Annual employment rate","2024","2024","-","All ages","2","Female","-","Levels of Education (Levels  0-8)","C32761EB-7A21-4B95-8C7A-DB195C2955CE","Eastern and Midland","%","76.2"
"ALF01C01","Annual employment rate","2024","2024","-","All ages","2","Female","10","Less than primary (Level 0)","IE0","Ireland","%",""
"ALF01C01","Annual employment rate","2024","2024","-","All ages","2","Female","10","Less than primary (Level 0)","811D29A4-1E05-4F4A-B61B-43DE64E07B29","Northern and Western","%",""
"ALF01C01","Annual employment rate","2024","2024","-","All ages","2","Female","10","Less than primary (Level 0)","97227605-23D5-4B98-BDB8-3EB5D0682A5A","Southern","%",""
"ALF01C01","Annual employment rate","2024","2024","-","All ages","2","Female","10","Less than primary (Level 0)","C32761EB-7A21-4B95-8C7A-DB195C2955CE","Eastern and Midland","%",""
"ALF01C01","Annual employment rate","2024","2024","-","All ages","2","Female","20","Primary and lower secondary education (Levels 1-2)","IE0","Ireland","%","39.5"
"ALF01C01","Annual employment rate","2024","2024","-","All ages","2","Female","20","Primary and lower secondary education (Levels 1-2)","811D29A4-1E05-4F4A-B61B-43DE64E07B29","Northern and Western","%",""
"ALF01C01","Annual employment rate","2024","2024","-","All ages","2","Female","20","Primary and lower secondary education (Levels 1-2)","97227605-23D5-4B98-BDB8-3EB5D0682A5A","Southern","%","35.7"
"ALF01C01","Annual employment rate","2024","2024","-","All ages","2","Female","20","Primary and lower secondary education (Levels 1-2)","C32761EB-7A21-4B95-8C7A-DB195C2955CE","Eastern and Midland","%","41.7"
"ALF01C01","Annual employment rate","2024","2024","-","All ages","2","Female","30","Upper secondary and post-secondary non-tertiary education (Levels 3 and 4)","IE0","Ireland","%","67.9"
"ALF01C01","Annual employment rate","2024","2024","-","All ages","2","Female","30","Upper secondary and post-secondary non-tertiary education (Levels 3 and 4)","811D29A4-1E05-4F4A-B61B-43DE64E07B29","Northern and Western","%","67"
"ALF01C01","Annual employment rate","2024","2024","-","All ages","2","Female","30","Upper secondary and post-secondary non-tertiary education (Levels 3 and 4)","97227605-23D5-4B98-BDB8-3EB5D0682A5A","Southern","%","67.4"
"ALF01C01","Annual employment rate","2024","2024","-","All ages","2","Female","30","Upper secondary and post-secondary non-tertiary education (Levels 3 and 4)","C32761EB-7A21-4B95-8C7A-DB195C2955CE","Eastern and Midland","%","68.5"
"ALF01C01","Annual employment rate","2024","2024","-","All ages","2","Female","40","Tertiary education (Levels 5-8)","IE0","Ireland","%","84.5"
"ALF01C01","Annual employment rate","2024","2024","-","All ages","2","Female","40","Tertiary education (Levels 5-8)","811D29A4-1E05-4F4A-B61B-43DE64E07B29","Northern and Western","%","83.2"
"ALF01C01","Annual employment rate","2024","2024","-","All ages","2","Female","40","Tertiary education (Levels 5-8)","97227605-23D5-4B98-BDB8-3EB5D0682A5A","Southern","%","84.5"
"ALF01C01","Annual employment rate","2024","2024","-","All ages","2","Female","40","Tertiary education (Levels 5-8)","C32761EB-7A21-4B95-8C7A-DB195C2955CE","Eastern and Midland","%","84.9"
"ALF01C01","Annual employment rate","2024","2024","-","All ages","2","Female","99","Level of education - not stated","IE0","Ireland","%","69.8"
"ALF01C01","Annual employment rate","2024","2024","-","All ages","2","Female","99","Level of education - not stated","811D29A4-1E05-4F4A-B61B-43DE64E07B29","Northern and Western","%",""
"ALF01C01","Annual employment rate","2024","2024","-","All ages","2","Female","99","Level of education - not stated","97227605-23D5-4B98-BDB8-3EB5D0682A5A","Southern","%",""
"ALF01C01","Annual employment rate","2024","2024","-","All ages","2","Female","99","Level of education - not stated","C32761EB-7A21-4B95-8C7A-DB195C2955CE","Eastern and Midland","%","64.1"
"ALF01C01","Annual employment rate","2024","2024","365","20 - 24 years","-","Both sexes","-","Levels of Education (Levels  0-8)","IE0","Ireland","%","70.3"
"ALF01C01","Annual employment rate","2024","2024","365","20 - 24 years","-","Both sexes","-","Levels of Education (Levels  0-8)","811D29A4-1E05-4F4A-B61B-43DE64E07B29","Northern and Western","%","70"
"ALF01C01","Annual employment rate","2024","2024","365","20 - 24 years","-","Both sexes","-","Levels of Education (Levels  0-8)","97227605-23D5-4B98-BDB8-3EB5D0682A5A","Southern","%","69.9"
"ALF01C01","Annual employment rate","2024","2024","365","20 - 24 years","-","Both sexes","-","Levels of Education (Levels  0-8)","C32761EB-7A21-4B95-8C7A-DB195C2955CE","Eastern and Midland","%","70.8"
"ALF01C01","Annual employment rate","2024","2024","365","20 - 24 years","-","Both sexes","10","Less than primary (Level 0)","IE0","Ireland","%",""
"ALF01C01","Annual employment rate","2024","2024","365","20 - 24 years","-","Both sexes","10","Less than primary (Level 0)","811D29A4-1E05-4F4A-B61B-43DE64E07B29","Northern and Western","%",""
"ALF01C01","Annual employment rate","2024","2024","365","20 - 24 years","-","Both sexes","10","Less than primary (Level 0)","97227605-23D5-4B98-BDB8-3EB5D0682A5A","Southern","%",""
"ALF01C01","Annual employment rate","2024","2024","365","20 - 24 years","-","Both sexes","10","Less than primary (Level 0)","C32761EB-7A21-4B95-8C7A-DB195C2955CE","Eastern and Midland","%",""
"ALF01C01","Annual employment rate","2024","2024","365","20 - 24 years","-","Both sexes","20","Primary and lower secondary education (Levels 1-2)","IE0","Ireland","%",""
"ALF01C01","Annual employment rate","2024","2024","365","20 - 24 years","-","Both sexes","20","Primary and lower secondary education (Levels 1-2)","811D29A4-1E05-4F4A-B61B-43DE64E07B29","Northern and Western","%",""
"ALF01C01","Annual employment rate","2024","2024","365","20 - 24 years","-","Both sexes","20","Primary and lower secondary education (Levels 1-2)","97227605-23D5-4B98-BDB8-3EB5D0682A5A","Southern","%",""
"ALF01C01","Annual employment rate","2024","2024","365","20 - 24 years","-","Both sexes","20","Primary and lower secondary education (Levels 1-2)","C32761EB-7A21-4B95-8C7A-DB195C2955CE","Eastern and Midland","%",""
"ALF01C01","Annual employment rate","2024","2024","365","20 - 24 years","-","Both sexes","30","Upper secondary and post-secondary non-tertiary education (Levels 3 and 4)","IE0","Ireland","%","67.4"
"ALF01C01","Annual employment rate","2024","2024","365","20 - 24 years","-","Both sexes","30","Upper secondary and post-secondary non-tertiary education (Levels 3 and 4)","811D29A4-1E05-4F4A-B61B-43DE64E07B29","Northern and Western","%","69.2"
"ALF01C01","Annual employment rate","2024","2024","365","20 - 24 years","-","Both sexes","30","Upper secondary and post-secondary non-tertiary education (Levels 3 and 4)","97227605-23D5-4B98-BDB8-3EB5D0682A5A","Southern","%","65.6"
"ALF01C01","Annual employment rate","2024","2024","365","20 - 24 years","-","Both sexes","30","Upper secondary and post-secondary non-tertiary education (Levels 3 and 4)","C32761EB-7A21-4B95-8C7A-DB195C2955CE","Eastern and Midland","%","68"
"ALF01C01","Annual employment rate","2024","2024","365","20 - 24 years","-","Both sexes","40","Tertiary education (Levels 5-8)","IE0","Ireland","%","81.1"
"ALF01C01","Annual employment rate","2024","2024","365","20 - 24 years","-","Both sexes","40","Tertiary education (Levels 5-8)","811D29A4-1E05-4F4A-B61B-43DE64E07B29","Northern and Western","%",""
"ALF01C01","Annual employment rate","2024","2024","365","20 - 24 years","-","Both sexes","40","Tertiary education (Levels 5-8)","97227605-23D5-4B98-BDB8-3EB5D0682A5A","Southern","%","84.2"
"ALF01C01","Annual employment rate","2024","2024","365","20 - 24 years","-","Both sexes","40","Tertiary education (Levels 5-8)","C32761EB-7A21-4B95-8C7A-DB195C2955CE","Eastern and Midland","%","80.6"
"ALF01C01","Annual employment rate","2024","2024","365","20 - 24 years","-","Both sexes","99","Level of education - not stated","IE0","Ireland","%",""
"ALF01C01","Annual employment rate","2024","2024","365","20 - 24 years","-","Both sexes","99","Level of education - not stated","811D29A4-1E05-4F4A-B61B-43DE64E07B29","Northern and Western","%",""
"ALF01C01","Annual employment rate","2024","2024","365","20 - 24 years","-","Both sexes","99","Level of education - not stated","97227605-23D5-4B98-BDB8-3EB5D0682A5A","Southern","%",""
"ALF01C01","Annual employment rate","2024","2024","365","20 - 24 years","-","Both sexes","99","Level of education - not stated","C32761EB-7A21-4B95-8C7A-DB195C2955CE","Eastern and Midland","%",""
"ALF01C01","Annual employment rate","2024","2024","365","20 - 24 years","1","Male","-","Levels of Education (Levels  0-8)","IE0","Ireland","%","70.8"
"ALF01C01","Annual employment rate","2024","2024","365","20 - 24 years","1","Male","-","Levels of Education (Levels  0-8)","811D29A4-1E05-4F4A-B61B-43DE64E07B29","Northern and Western","%","72.3"
"ALF01C01","Annual employment rate","2024","2024","365","20 - 24 years","1","Male","-","Levels of Education (Levels  0-8)","97227605-23D5-4B98-BDB8-3EB5D0682A5A","Southern","%","69.4"
"ALF01C01","Annual employment rate","2024","2024","365","20 - 24 years","1","Male","-","Levels of Education (Levels  0-8)","C32761EB-7A21-4B95-8C7A-DB195C2955CE","Eastern and Midland","%","71.2"
"ALF01C01","Annual employment rate","2024","2024","365","20 - 24 years","1","Male","10","Less than primary (Level 0)","IE0","Ireland","%",""
"ALF01C01","Annual employment rate","2024","2024","365","20 - 24 years","1","Male","10","Less than primary (Level 0)","811D29A4-1E05-4F4A-B61B-43DE64E07B29","Northern and Western","%",""
"ALF01C01","Annual employment rate","2024","2024","365","20 - 24 years","1","Male","10","Less than primary (Level 0)","97227605-23D5-4B98-BDB8-3EB5D0682A5A","Southern","%",""
"ALF01C01","Annual employment rate","2024","2024","365","20 - 24 years","1","Male","10","Less than primary (Level 0)","C32761EB-7A21-4B95-8C7A-DB195C2955CE","Eastern and Midland","%",""
"ALF01C01","Annual employment rate","2024","2024","365","20 - 24 years","1","Male","20","Primary and lower secondary education (Levels 1-2)","IE0","Ireland","%",""
"ALF01C01","Annual employment rate","2024","2024","365","20 - 24 years","1","Male","20","Primary and lower secondary education (Levels 1-2)","811D29A4-1E05-4F4A-B61B-43DE64E07B29","Northern and Western","%",""
"ALF01C01","Annual employment rate","2024","2024","365","20 - 24 years","1","Male","20","Primary and lower secondary education (Levels 1-2)","97227605-23D5-4B98-BDB8-3EB5D0682A5A","Southern","%",""
"ALF01C01","Annual employment rate","2024","2024","365","20 - 24 years","1","Male","20","Primary and lower secondary education (Levels 1-2)","C32761EB-7A21-4B95-8C7A-DB195C2955CE","Eastern and Midland","%",""
"ALF01C01","Annual employment rate","2024","2024","365","20 - 24 years","1","Male","30","Upper secondary and post-secondary non-tertiary education (Levels 3 and 4)","IE0","Ireland","%","71"
"ALF01C01","Annual employment rate","2024","2024","365","20 - 24 years","1","Male","30","Upper secondary and post-secondary non-tertiary education (Levels 3 and 4)","811D29A4-1E05-4F4A-B61B-43DE64E07B29","Northern and Western","%","73"
"ALF01C01","Annual employment rate","2024","2024","365","20 - 24 years","1","Male","30","Upper secondary and post-secondary non-tertiary education (Levels 3 and 4)","97227605-23D5-4B98-BDB8-3EB5D0682A5A","Southern","%","68.6"
"ALF01C01","Annual employment rate","2024","2024","365","20 - 24 years","1","Male","30","Upper secondary and post-secondary non-tertiary education (Levels 3 and 4)","C32761EB-7A21-4B95-8C7A-DB195C2955CE","Eastern and Midland","%","72.1"
"ALF01C01","Annual employment rate","2024","2024","365","20 - 24 years","1","Male","40","Tertiary education (Levels 5-8)","IE0","Ireland","%","77.8"
"ALF01C01","Annual employment rate","2024","2024","365","20 - 24 years","1","Male","40","Tertiary education (Levels 5-8)","811D29A4-1E05-4F4A-B61B-43DE64E07B29","Northern and Western","%",""
"ALF01C01","Annual employment rate","2024","2024","365","20 - 24 years","1","Male","40","Tertiary education (Levels 5-8)","97227605-23D5-4B98-BDB8-3EB5D0682A5A","Southern","%","80.3"
"ALF01C01","Annual employment rate","2024","2024","365","20 - 24 years","1","Male","40","Tertiary education (Levels 5-8)","C32761EB-7A21-4B95-8C7A-DB195C2955CE","Eastern and Midland","%","76.2"
"ALF01C01","Annual employment rate","2024","2024","365","20 - 24 years","1","Male","99","Level of education - not stated","IE0","Ireland","%",""
"ALF01C01","Annual employment rate","2024","2024","365","20 - 24 years","1","Male","99","Level of education - not stated","811D29A4-1E05-4F4A-B61B-43DE64E07B29","Northern and Western","%",""
"ALF01C01","Annual employment rate","2024","2024","365","20 - 24 years","1","Male","99","Level of education - not stated","97227605-23D5-4B98-BDB8-3EB5D0682A5A","Southern","%",""
"ALF01C01","Annual employment rate","2024","2024","365","20 - 24 years","1","Male","99","Level of education - not stated","C32761EB-7A21-4B95-8C7A-DB195C2955CE","Eastern and Midland","%",""
"ALF01C01","Annual employment rate","2024","2024","365","20 - 24 years","2","Female","-","Levels of Education (Levels  0-8)","IE0","Ireland","%","69.8"
"ALF01C01","Annual employment rate","2024","2024","365","20 - 24 years","2","Female","-","Levels of Education (Levels  0-8)","811D29A4-1E05-4F4A-B61B-43DE64E07B29","Northern and Western","%","67.4"
"ALF01C01","Annual employment rate","2024","2024","365","20 - 24 years","2","Female","-","Levels of Education (Levels  0-8)","97227605-23D5-4B98-BDB8-3EB5D0682A5A","Southern","%","70.5"
"ALF01C01","Annual employment rate","2024","2024","365","20 - 24 years","2","Female","-","Levels of Education (Levels  0-8)","C32761EB-7A21-4B95-8C7A-DB195C2955CE","Eastern and Midland","%","70.2"
"ALF01C01","Annual employment rate","2024","2024","365","20 - 24 years","2","Female","10","Less than primary (Level 0)","IE0","Ireland","%",""
"ALF01C01","Annual employment rate","2024","2024","365","20 - 24 years","2","Female","10","Less than primary (Level 0)","811D29A4-1E05-4F4A-B61B-43DE64E07B29","Northern and Western","%",""
"ALF01C01","Annual employment rate","2024","2024","365","20 - 24 years","2","Female","10","Less than primary (Level 0)","97227605-23D5-4B98-BDB8-3EB5D0682A5A","Southern","%",""
"ALF01C01","Annual employment rate","2024","2024","365","20 - 24 years","2","Female","10","Less than primary (Level 0)","C32761EB-7A21-4B95-8C7A-DB195C2955CE","Eastern and Midland","%",""
"ALF01C01","Annual employment rate","2024","2024","365","20 - 24 years","2","Female","20","Primary and lower secondary education (Levels 1-2)","IE0","Ireland","%",""
"ALF01C01","Annual employment rate","2024","2024","365","20 - 24 years","2","Female","20","Primary and lower secondary education (Levels 1-2)","811D29A4-1E05-4F4A-B61B-43DE64E07B29","Northern and Western","%",""
"ALF01C01","Annual employment rate","2024","2024","365","20 - 24 years","2","Female","20","Primary and lower secondary education (Levels 1-2)","97227605-23D5-4B98-BDB8-3EB5D0682A5A","Southern","%",""
"ALF01C01","Annual employment rate","2024","2024","365","20 - 24 years","2","Female","20","Primary and lower secondary education (Levels 1-2)","C32761EB-7A21-4B95-8C7A-DB195C2955CE","Eastern and Midland","%",""
"ALF01C01","Annual employment rate","2024","2024","365","20 - 24 years","2","Female","30","Upper secondary and post-secondary non-tertiary education (Levels 3 and 4)","IE0","Ireland","%","63.4"
"ALF01C01","Annual employment rate","2024","2024","365","20 - 24 years","2","Female","30","Upper secondary and post-secondary non-tertiary education (Levels 3 and 4)","811D29A4-1E05-4F4A-B61B-43DE64E07B29","Northern and Western","%","65.1"
"ALF01C01","Annual employment rate","2024","2024","365","20 - 24 years","2","Female","30","Upper secondary and post-secondary non-tertiary education (Levels 3 and 4)","97227605-23D5-4B98-BDB8-3EB5D0682A5A","Southern","%","62.2"
"ALF01C01","Annual employment rate","2024","2024","365","20 - 24 years","2","Female","30","Upper secondary and post-secondary non-tertiary education (Levels 3 and 4)","C32761EB-7A21-4B95-8C7A-DB195C2955CE","Eastern and Midland","%","63.5"
"ALF01C01","Annual employment rate","2024","2024","365","20 - 24 years","2","Female","40","Tertiary education (Levels 5-8)","IE0","Ireland","%","83.8"
"ALF01C01","Annual employment rate","2024","2024","365","20 - 24 years","2","Female","40","Tertiary education (Levels 5-8)","811D29A4-1E05-4F4A-B61B-43DE64E07B29","Northern and Western","%",""
"ALF01C01","Annual employment rate","2024","2024","365","20 - 24 years","2","Female","40","Tertiary education (Levels 5-8)","97227605-23D5-4B98-BDB8-3EB5D0682A5A","Southern","%","86.8"
"ALF01C01","Annual employment rate","2024","2024","365","20 - 24 years","2","Female","40","Tertiary education (Levels 5-8)","C32761EB-7A21-4B95-8C7A-DB195C2955CE","Eastern and Midland","%","84.3"
"ALF01C01","Annual employment rate","2024","2024","365","20 - 24 years","2","Female","99","Level of education - not stated","IE0","Ireland","%",""
"ALF01C01","Annual employment rate","2024","2024","365","20 - 24 years","2","Female","99","Level of education - not stated","811D29A4-1E05-4F4A-B61B-43DE64E07B29","Northern and Western","%",""
"ALF01C01","Annual employment rate","2024","2024","365","20 - 24 years","2","Female","99","Level of education - not stated","97227605-23D5-4B98-BDB8-3EB5D0682A5A","Southern","%",""
"ALF01C01","Annual employment rate","2024","2024","365","20 - 24 years","2","Female","99","Level of education - not stated","C32761EB-7A21-4B95-8C7A-DB195C2955CE","Eastern and Midland","%",""
"ALF01C01","Annual employment rate","2024","2024","410","25 - 29 years","-","Both sexes","-","Levels of Education (Levels  0-8)","IE0","Ireland","%","83.9"
"ALF01C01","Annual employment rate","2024","2024","410","25 - 29 years","-","Both sexes","-","Levels of Education (Levels  0-8)","811D29A4-1E05-4F4A-B61B-43DE64E07B29","Northern and Western","%","77.9"
"ALF01C01","Annual employment rate","2024","2024","410","25 - 29 years","-","Both sexes","-","Levels of Education (Levels  0-8)","97227605-23D5-4B98-BDB8-3EB5D0682A5A","Southern","%","85.8"
"ALF01C01","Annual employment rate","2024","2024","410","25 - 29 years","-","Both sexes","-","Levels of Education (Levels  0-8)","C32761EB-7A21-4B95-8C7A-DB195C2955CE","Eastern and Midland","%","84.5"
"ALF01C01","Annual employment rate","2024","2024","410","25 - 29 years","-","Both sexes","10","Less than primary (Level 0)","IE0","Ireland","%",""
"ALF01C01","Annual employment rate","2024","2024","410","25 - 29 years","-","Both sexes","10","Less than primary (Level 0)","811D29A4-1E05-4F4A-B61B-43DE64E07B29","Northern and Western","%",""
"ALF01C01","Annual employment rate","2024","2024","410","25 - 29 years","-","Both sexes","10","Less than primary (Level 0)","97227605-23D5-4B98-BDB8-3EB5D0682A5A","Southern","%",""
"ALF01C01","Annual employment rate","2024","2024","410","25 - 29 years","-","Both sexes","10","Less than primary (Level 0)","C32761EB-7A21-4B95-8C7A-DB195C2955CE","Eastern and Midland","%",""
"ALF01C01","Annual employment rate","2024","2024","410","25 - 29 years","-","Both sexes","20","Primary and lower secondary education (Levels 1-2)","IE0","Ireland","%",""
"ALF01C01","Annual employment rate","2024","2024","410","25 - 29 years","-","Both sexes","20","Primary and lower secondary education (Levels 1-2)","811D29A4-1E05-4F4A-B61B-43DE64E07B29","Northern and Western","%",""
"ALF01C01","Annual employment rate","2024","2024","410","25 - 29 years","-","Both sexes","20","Primary and lower secondary education (Levels 1-2)","97227605-23D5-4B98-BDB8-3EB5D0682A5A","Southern","%",""
"ALF01C01","Annual employment rate","2024","2024","410","25 - 29 years","-","Both sexes","20","Primary and lower secondary education (Levels 1-2)","C32761EB-7A21-4B95-8C7A-DB195C2955CE","Eastern and Midland","%",""
"ALF01C01","Annual employment rate","2024","2024","410","25 - 29 years","-","Both sexes","30","Upper secondary and post-secondary non-tertiary education (Levels 3 and 4)","IE0","Ireland","%","76.7"
"ALF01C01","Annual employment rate","2024","2024","410","25 - 29 years","-","Both sexes","30","Upper secondary and post-secondary non-tertiary education (Levels 3 and 4)","811D29A4-1E05-4F4A-B61B-43DE64E07B29","Northern and Western","%",""
"ALF01C01","Annual employment rate","2024","2024","410","25 - 29 years","-","Both sexes","30","Upper secondary and post-secondary non-tertiary education (Levels 3 and 4)","97227605-23D5-4B98-BDB8-3EB5D0682A5A","Southern","%","82.2"
"ALF01C01","Annual employment rate","2024","2024","410","25 - 29 years","-","Both sexes","30","Upper secondary and post-secondary non-tertiary education (Levels 3 and 4)","C32761EB-7A21-4B95-8C7A-DB195C2955CE","Eastern and Midland","%","77.9"
"ALF01C01","Annual employment rate","2024","2024","410","25 - 29 years","-","Both sexes","40","Tertiary education (Levels 5-8)","IE0","Ireland","%","89.8"
"ALF01C01","Annual employment rate","2024","2024","410","25 - 29 years","-","Both sexes","40","Tertiary education (Levels 5-8)","811D29A4-1E05-4F4A-B61B-43DE64E07B29","Northern and Western","%","91.2"
"ALF01C01","Annual employment rate","2024","2024","410","25 - 29 years","-","Both sexes","40","Tertiary education (Levels 5-8)","97227605-23D5-4B98-BDB8-3EB5D0682A5A","Southern","%","90.9"
"ALF01C01","Annual employment rate","2024","2024","410","25 - 29 years","-","Both sexes","40","Tertiary education (Levels 5-8)","C32761EB-7A21-4B95-8C7A-DB195C2955CE","Eastern and Midland","%","88.7"
"ALF01C01","Annual employment rate","2024","2024","410","25 - 29 years","-","Both sexes","99","Level of education - not stated","IE0","Ireland","%",""
"ALF01C01","Annual employment rate","2024","2024","410","25 - 29 years","-","Both sexes","99","Level of education - not stated","811D29A4-1E05-4F4A-B61B-43DE64E07B29","Northern and Western","%",""
"ALF01C01","Annual employment rate","2024","2024","410","25 - 29 years","-","Both sexes","99","Level of education - not stated","97227605-23D5-4B98-BDB8-3EB5D0682A5A","Southern","%",""
"ALF01C01","Annual employment rate","2024","2024","410","25 - 29 years","-","Both sexes","99","Level of education - not stated","C32761EB-7A21-4B95-8C7A-DB195C2955CE","Eastern and Midland","%",""
"ALF01C01","Annual employment rate","2024","2024","410","25 - 29 years","1","Male","-","Levels of Education (Levels  0-8)","IE0","Ireland","%","86.9"
"ALF01C01","Annual employment rate","2024","2024","410","25 - 29 years","1","Male","-","Levels of Education (Levels  0-8)","811D29A4-1E05-4F4A-B61B-43DE64E07B29","Northern and Western","%","77.9"
"ALF01C01","Annual employment rate","2024","2024","410","25 - 29 years","1","Male","-","Levels of Education (Levels  0-8)","97227605-23D5-4B98-BDB8-3EB5D0682A5A","Southern","%","87.9"
"ALF01C01","Annual employment rate","2024","2024","410","25 - 29 years","1","Male","-","Levels of Education (Levels  0-8)","C32761EB-7A21-4B95-8C7A-DB195C2955CE","Eastern and Midland","%","88.9"
"ALF01C01","Annual employment rate","2024","2024","410","25 - 29 years","1","Male","10","Less than primary (Level 0)","IE0","Ireland","%",""
"ALF01C01","Annual employment rate","2024","2024","410","25 - 29 years","1","Male","10","Less than primary (Level 0)","811D29A4-1E05-4F4A-B61B-43DE64E07B29","Northern and Western","%",""
"ALF01C01","Annual employment rate","2024","2024","410","25 - 29 years","1","Male","10","Less than primary (Level 0)","97227605-23D5-4B98-BDB8-3EB5D0682A5A","Southern","%",""
"ALF01C01","Annual employment rate","2024","2024","410","25 - 29 years","1","Male","10","Less than primary (Level 0)","C32761EB-7A21-4B95-8C7A-DB195C2955CE","Eastern and Midland","%",""
"ALF01C01","Annual employment rate","2024","2024","410","25 - 29 years","1","Male","20","Primary and lower secondary education (Levels 1-2)","IE0","Ireland","%",""
"ALF01C01","Annual employment rate","2024","2024","410","25 - 29 years","1","Male","20","Primary and lower secondary education (Levels 1-2)","811D29A4-1E05-4F4A-B61B-43DE64E07B29","Northern and Western","%",""
"ALF01C01","Annual employment rate","2024","2024","410","25 - 29 years","1","Male","20","Primary and lower secondary education (Levels 1-2)","97227605-23D5-4B98-BDB8-3EB5D0682A5A","Southern","%",""
"ALF01C01","Annual employment rate","2024","2024","410","25 - 29 years","1","Male","20","Primary and lower secondary education (Levels 1-2)","C32761EB-7A21-4B95-8C7A-DB195C2955CE","Eastern and Midland","%",""
"ALF01C01","Annual employment rate","2024","2024","410","25 - 29 years","1","Male","30","Upper secondary and post-secondary non-tertiary education (Levels 3 and 4)","IE0","Ireland","%","82.3"
"ALF01C01","Annual employment rate","2024","2024","410","25 - 29 years","1","Male","30","Upper secondary and post-secondary non-tertiary education (Levels 3 and 4)","811D29A4-1E05-4F4A-B61B-43DE64E07B29","Northern and Western","%",""
"ALF01C01","Annual employment rate","2024","2024","410","25 - 29 years","1","Male","30","Upper secondary and post-secondary non-tertiary education (Levels 3 and 4)","97227605-23D5-4B98-BDB8-3EB5D0682A5A","Southern","%","88.6"
"ALF01C01","Annual employment rate","2024","2024","410","25 - 29 years","1","Male","30","Upper secondary and post-secondary non-tertiary education (Levels 3 and 4)","C32761EB-7A21-4B95-8C7A-DB195C2955CE","Eastern and Midland","%","84.1"
"ALF01C01","Annual employment rate","2024","2024","410","25 - 29 years","1","Male","40","Tertiary education (Levels 5-8)","IE0","Ireland","%","91.9"
"ALF01C01","Annual employment rate","2024","2024","410","25 - 29 years","1","Male","40","Tertiary education (Levels 5-8)","811D29A4-1E05-4F4A-B61B-43DE64E07B29","Northern and Western","%",""
"ALF01C01","Annual employment rate","2024","2024","410","25 - 29 years","1","Male","40","Tertiary education (Levels 5-8)","97227605-23D5-4B98-BDB8-3EB5D0682A5A","Southern","%","92.3"
"ALF01C01","Annual employment rate","2024","2024","410","25 - 29 years","1","Male","40","Tertiary education (Levels 5-8)","C32761EB-7A21-4B95-8C7A-DB195C2955CE","Eastern and Midland","%","92.4"
"ALF01C01","Annual employment rate","2024","2024","410","25 - 29 years","1","Male","99","Level of education - not stated","IE0","Ireland","%",""
"ALF01C01","Annual employment rate","2024","2024","410","25 - 29 years","1","Male","99","Level of education - not stated","811D29A4-1E05-4F4A-B61B-43DE64E07B29","Northern and Western","%",""
"ALF01C01","Annual employment rate","2024","2024","410","25 - 29 years","1","Male","99","Level of education - not stated","97227605-23D5-4B98-BDB8-3EB5D0682A5A","Southern","%",""
"ALF01C01","Annual employment rate","2024","2024","410","25 - 29 years","1","Male","99","Level of education - not stated","C32761EB-7A21-4B95-8C7A-DB195C2955CE","Eastern and Midland","%",""
"ALF01C01","Annual employment rate","2024","2024","410","25 - 29 years","2","Female","-","Levels of Education (Levels  0-8)","IE0","Ireland","%","80.8"
"ALF01C01","Annual employment rate","2024","2024","410","25 - 29 years","2","Female","-","Levels of Education (Levels  0-8)","811D29A4-1E05-4F4A-B61B-43DE64E07B29","Northern and Western","%","77.9"
"ALF01C01","Annual employment rate","2024","2024","410","25 - 29 years","2","Female","-","Levels of Education (Levels  0-8)","97227605-23D5-4B98-BDB8-3EB5D0682A5A","Southern","%","83.7"
"ALF01C01","Annual employment rate","2024","2024","410","25 - 29 years","2","Female","-","Levels of Education (Levels  0-8)","C32761EB-7A21-4B95-8C7A-DB195C2955CE","Eastern and Midland","%","80"
"ALF01C01","Annual employment rate","2024","2024","410","25 - 29 years","2","Female","10","Less than primary (Level 0)","IE0","Ireland","%",""
"ALF01C01","Annual employment rate","2024","2024","410","25 - 29 years","2","Female","10","Less than primary (Level 0)","811D29A4-1E05-4F4A-B61B-43DE64E07B29","Northern and Western","%",""
"ALF01C01","Annual employment rate","2024","2024","410","25 - 29 years","2","Female","10","Less than primary (Level 0)","97227605-23D5-4B98-BDB8-3EB5D0682A5A","Southern","%",""
"ALF01C01","Annual employment rate","2024","2024","410","25 - 29 years","2","Female","10","Less than primary (Level 0)","C32761EB-7A21-4B95-8C7A-DB195C2955CE","Eastern and Midland","%",""
"ALF01C01","Annual employment rate","2024","2024","410","25 - 29 years","2","Female","20","Primary and lower secondary education (Levels 1-2)","IE0","Ireland","%",""
"ALF01C01","Annual employment rate","2024","2024","410","25 - 29 years","2","Female","20","Primary and lower secondary education (Levels 1-2)","811D29A4-1E05-4F4A-B61B-43DE64E07B29","Northern and Western","%",""
"ALF01C01","Annual employment rate","2024","2024","410","25 - 29 years","2","Female","20","Primary and lower secondary education (Levels 1-2)","97227605-23D5-4B98-BDB8-3EB5D0682A5A","Southern","%",""
"ALF01C01","Annual employment rate","2024","2024","410","25 - 29 years","2","Female","20","Primary and lower secondary education (Levels 1-2)","C32761EB-7A21-4B95-8C7A-DB195C2955CE","Eastern and Midland","%",""
"ALF01C01","Annual employment rate","2024","2024","410","25 - 29 years","2","Female","30","Upper secondary and post-secondary non-tertiary education (Levels 3 and 4)","IE0","Ireland","%","69.5"
"ALF01C01","Annual employment rate","2024","2024","410","25 - 29 years","2","Female","30","Upper secondary and post-secondary non-tertiary education (Levels 3 and 4)","811D29A4-1E05-4F4A-B61B-43DE64E07B29","Northern and Western","%",""
"ALF01C01","Annual employment rate","2024","2024","410","25 - 29 years","2","Female","30","Upper secondary and post-secondary non-tertiary education (Levels 3 and 4)","97227605-23D5-4B98-BDB8-3EB5D0682A5A","Southern","%",""
"ALF01C01","Annual employment rate","2024","2024","410","25 - 29 years","2","Female","30","Upper secondary and post-secondary non-tertiary education (Levels 3 and 4)","C32761EB-7A21-4B95-8C7A-DB195C2955CE","Eastern and Midland","%","70.9"
"ALF01C01","Annual employment rate","2024","2024","410","25 - 29 years","2","Female","40","Tertiary education (Levels 5-8)","IE0","Ireland","%","87.9"
"ALF01C01","Annual employment rate","2024","2024","410","25 - 29 years","2","Female","40","Tertiary education (Levels 5-8)","811D29A4-1E05-4F4A-B61B-43DE64E07B29","Northern and Western","%",""
"ALF01C01","Annual employment rate","2024","2024","410","25 - 29 years","2","Female","40","Tertiary education (Levels 5-8)","97227605-23D5-4B98-BDB8-3EB5D0682A5A","Southern","%","89.9"
"ALF01C01","Annual employment rate","2024","2024","410","25 - 29 years","2","Female","40","Tertiary education (Levels 5-8)","C32761EB-7A21-4B95-8C7A-DB195C2955CE","Eastern and Midland","%","85.2"
"ALF01C01","Annual employment rate","2024","2024","410","25 - 29 years","2","Female","99","Level of education - not stated","IE0","Ireland","%",""
"ALF01C01","Annual employment rate","2024","2024","410","25 - 29 years","2","Female","99","Level of education - not stated","811D29A4-1E05-4F4A-B61B-43DE64E07B29","Northern and Western","%",""
"ALF01C01","Annual employment rate","2024","2024","410","25 - 29 years","2","Female","99","Level of education - not stated","97227605-23D5-4B98-BDB8-3EB5D0682A5A","Southern","%",""
"ALF01C01","Annual employment rate","2024","2024","410","25 - 29 years","2","Female","99","Level of education - not stated","C32761EB-7A21-4B95-8C7A-DB195C2955CE","Eastern and Midland","%",""
"ALF01C01","Annual employment rate","2024","2024","440","30 - 34 years","-","Both sexes","-","Levels of Education (Levels  0-8)","IE0","Ireland","%","83.9"
"ALF01C01","Annual employment rate","2024","2024","440","30 - 34 years","-","Both sexes","-","Levels of Education (Levels  0-8)","811D29A4-1E05-4F4A-B61B-43DE64E07B29","Northern and Western","%","79.6"
"ALF01C01","Annual employment rate","2024","2024","440","30 - 34 years","-","Both sexes","-","Levels of Education (Levels  0-8)","97227605-23D5-4B98-BDB8-3EB5D0682A5A","Southern","%","82.8"
"ALF01C01","Annual employment rate","2024","2024","440","30 - 34 years","-","Both sexes","-","Levels of Education (Levels  0-8)","C32761EB-7A21-4B95-8C7A-DB195C2955CE","Eastern and Midland","%","85.8"
"ALF01C01","Annual employment rate","2024","2024","440","30 - 34 years","-","Both sexes","10","Less than primary (Level 0)","IE0","Ireland","%",""
"ALF01C01","Annual employment rate","2024","2024","440","30 - 34 years","-","Both sexes","10","Less than primary (Level 0)","811D29A4-1E05-4F4A-B61B-43DE64E07B29","Northern and Western","%",""
"ALF01C01","Annual employment rate","2024","2024","440","30 - 34 years","-","Both sexes","10","Less than primary (Level 0)","97227605-23D5-4B98-BDB8-3EB5D0682A5A","Southern","%",""
"ALF01C01","Annual employment rate","2024","2024","440","30 - 34 years","-","Both sexes","10","Less than primary (Level 0)","C32761EB-7A21-4B95-8C7A-DB195C2955CE","Eastern and Midland","%",""
"ALF01C01","Annual employment rate","2024","2024","440","30 - 34 years","-","Both sexes","20","Primary and lower secondary education (Levels 1-2)","IE0","Ireland","%",""
"ALF01C01","Annual employment rate","2024","2024","440","30 - 34 years","-","Both sexes","20","Primary and lower secondary education (Levels 1-2)","811D29A4-1E05-4F4A-B61B-43DE64E07B29","Northern and Western","%",""
"ALF01C01","Annual employment rate","2024","2024","440","30 - 34 years","-","Both sexes","20","Primary and lower secondary education (Levels 1-2)","97227605-23D5-4B98-BDB8-3EB5D0682A5A","Southern","%",""
"ALF01C01","Annual employment rate","2024","2024","440","30 - 34 years","-","Both sexes","20","Primary and lower secondary education (Levels 1-2)","C32761EB-7A21-4B95-8C7A-DB195C2955CE","Eastern and Midland","%",""
"ALF01C01","Annual employment rate","2024","2024","440","30 - 34 years","-","Both sexes","30","Upper secondary and post-secondary non-tertiary education (Levels 3 and 4)","IE0","Ireland","%","77.1"
"ALF01C01","Annual employment rate","2024","2024","440","30 - 34 years","-","Both sexes","30","Upper secondary and post-secondary non-tertiary education (Levels 3 and 4)","811D29A4-1E05-4F4A-B61B-43DE64E07B29","Northern and Western","%",""
"ALF01C01","Annual employment rate","2024","2024","440","30 - 34 years","-","Both sexes","30","Upper secondary and post-secondary non-tertiary education (Levels 3 and 4)","97227605-23D5-4B98-BDB8-3EB5D0682A5A","Southern","%","78.3"
"ALF01C01","Annual employment rate","2024","2024","440","30 - 34 years","-","Both sexes","30","Upper secondary and post-secondary non-tertiary education (Levels 3 and 4)","C32761EB-7A21-4B95-8C7A-DB195C2955CE","Eastern and Midland","%","75.5"
"ALF01C01","Annual employment rate","2024","2024","440","30 - 34 years","-","Both sexes","40","Tertiary education (Levels 5-8)","IE0","Ireland","%","89.5"
"ALF01C01","Annual employment rate","2024","2024","440","30 - 34 years","-","Both sexes","40","Tertiary education (Levels 5-8)","811D29A4-1E05-4F4A-B61B-43DE64E07B29","Northern and Western","%","84.9"
"ALF01C01","Annual employment rate","2024","2024","440","30 - 34 years","-","Both sexes","40","Tertiary education (Levels 5-8)","97227605-23D5-4B98-BDB8-3EB5D0682A5A","Southern","%","89.4"
"ALF01C01","Annual employment rate","2024","2024","440","30 - 34 years","-","Both sexes","40","Tertiary education (Levels 5-8)","C32761EB-7A21-4B95-8C7A-DB195C2955CE","Eastern and Midland","%","90.6"
"ALF01C01","Annual employment rate","2024","2024","440","30 - 34 years","-","Both sexes","99","Level of education - not stated","IE0","Ireland","%",""
"ALF01C01","Annual employment rate","2024","2024","440","30 - 34 years","-","Both sexes","99","Level of education - not stated","811D29A4-1E05-4F4A-B61B-43DE64E07B29","Northern and Western","%",""
"ALF01C01","Annual employment rate","2024","2024","440","30 - 34 years","-","Both sexes","99","Level of education - not stated","97227605-23D5-4B98-BDB8-3EB5D0682A5A","Southern","%",""
"ALF01C01","Annual employment rate","2024","2024","440","30 - 34 years","-","Both sexes","99","Level of education - not stated","C32761EB-7A21-4B95-8C7A-DB195C2955CE","Eastern and Midland","%",""
"ALF01C01","Annual employment rate","2024","2024","440","30 - 34 years","1","Male","-","Levels of Education (Levels  0-8)","IE0","Ireland","%","87.2"
"ALF01C01","Annual employment rate","2024","2024","440","30 - 34 years","1","Male","-","Levels of Education (Levels  0-8)","811D29A4-1E05-4F4A-B61B-43DE64E07B29","Northern and Western","%","83.9"
"ALF01C01","Annual employment rate","2024","2024","440","30 - 34 years","1","Male","-","Levels of Education (Levels  0-8)","97227605-23D5-4B98-BDB8-3EB5D0682A5A","Southern","%","88.1"
"ALF01C01","Annual employment rate","2024","2024","440","30 - 34 years","1","Male","-","Levels of Education (Levels  0-8)","C32761EB-7A21-4B95-8C7A-DB195C2955CE","Eastern and Midland","%","87.6"
"ALF01C01","Annual employment rate","2024","2024","440","30 - 34 years","1","Male","10","Less than primary (Level 0)","IE0","Ireland","%",""
"ALF01C01","Annual employment rate","2024","2024","440","30 - 34 years","1","Male","10","Less than primary (Level 0)","811D29A4-1E05-4F4A-B61B-43DE64E07B29","Northern and Western","%",""
"ALF01C01","Annual employment rate","2024","2024","440","30 - 34 years","1","Male","10","Less than primary (Level 0)","97227605-23D5-4B98-BDB8-3EB5D0682A5A","Southern","%",""
"ALF01C01","Annual employment rate","2024","2024","440","30 - 34 years","1","Male","10","Less than primary (Level 0)","C32761EB-7A21-4B95-8C7A-DB195C2955CE","Eastern and Midland","%",""
"ALF01C01","Annual employment rate","2024","2024","440","30 - 34 years","1","Male","20","Primary and lower secondary education (Levels 1-2)","IE0","Ireland","%",""
"ALF01C01","Annual employment rate","2024","2024","440","30 - 34 years","1","Male","20","Primary and lower secondary education (Levels 1-2)","811D29A4-1E05-4F4A-B61B-43DE64E07B29","Northern and Western","%",""
"ALF01C01","Annual employment rate","2024","2024","440","30 - 34 years","1","Male","20","Primary and lower secondary education (Levels 1-2)","97227605-23D5-4B98-BDB8-3EB5D0682A5A","Southern","%",""
"ALF01C01","Annual employment rate","2024","2024","440","30 - 34 years","1","Male","20","Primary and lower secondary education (Levels 1-2)","C32761EB-7A21-4B95-8C7A-DB195C2955CE","Eastern and Midland","%",""
"ALF01C01","Annual employment rate","2024","2024","440","30 - 34 years","1","Male","30","Upper secondary and post-secondary non-tertiary education (Levels 3 and 4)","IE0","Ireland","%","81.1"
"ALF01C01","Annual employment rate","2024","2024","440","30 - 34 years","1","Male","30","Upper secondary and post-secondary non-tertiary education (Levels 3 and 4)","811D29A4-1E05-4F4A-B61B-43DE64E07B29","Northern and Western","%",""
"ALF01C01","Annual employment rate","2024","2024","440","30 - 34 years","1","Male","30","Upper secondary and post-secondary non-tertiary education (Levels 3 and 4)","97227605-23D5-4B98-BDB8-3EB5D0682A5A","Southern","%","80.5"
"ALF01C01","Annual employment rate","2024","2024","440","30 - 34 years","1","Male","30","Upper secondary and post-secondary non-tertiary education (Levels 3 and 4)","C32761EB-7A21-4B95-8C7A-DB195C2955CE","Eastern and Midland","%","77.4"
"ALF01C01","Annual employment rate","2024","2024","440","30 - 34 years","1","Male","40","Tertiary education (Levels 5-8)","IE0","Ireland","%","92.7"
"ALF01C01","Annual employment rate","2024","2024","440","30 - 34 years","1","Male","40","Tertiary education (Levels 5-8)","811D29A4-1E05-4F4A-B61B-43DE64E07B29","Northern and Western","%",""
"ALF01C01","Annual employment rate","2024","2024","440","30 - 34 years","1","Male","40","Tertiary education (Levels 5-8)","97227605-23D5-4B98-BDB8-3EB5D0682A5A","Southern","%","97.3"
"ALF01C01","Annual employment rate","2024","2024","440","30 - 34 years","1","Male","40","Tertiary education (Levels 5-8)","C32761EB-7A21-4B95-8C7A-DB195C2955CE","Eastern and Midland","%","91.2"
"ALF01C01","Annual employment rate","2024","2024","440","30 - 34 years","1","Male","99","Level of education - not stated","IE0","Ireland","%",""
"ALF01C01","Annual employment rate","2024","2024","440","30 - 34 years","1","Male","99","Level of education - not stated","811D29A4-1E05-4F4A-B61B-43DE64E07B29","Northern and Western","%",""
"ALF01C01","Annual employment rate","2024","2024","440","30 - 34 years","1","Male","99","Level of education - not stated","97227605-23D5-4B98-BDB8-3EB5D0682A5A","Southern","%",""
"ALF01C01","Annual employment rate","2024","2024","440","30 - 34 years","1","Male","99","Level of education - not stated","C32761EB-7A21-4B95-8C7A-DB195C2955CE","Eastern and Midland","%",""
"ALF01C01","Annual employment rate","2024","2024","440","30 - 34 years","2","Female","-","Levels of Education (Levels  0-8)","IE0","Ireland","%","80.8"
"ALF01C01","Annual employment rate","2024","2024","440","30 - 34 years","2","Female","-","Levels of Education (Levels  0-8)","811D29A4-1E05-4F4A-B61B-43DE64E07B29","Northern and Western","%","75.5"
"ALF01C01","Annual employment rate","2024","2024","440","30 - 34 years","2","Female","-","Levels of Education (Levels  0-8)","97227605-23D5-4B98-BDB8-3EB5D0682A5A","Southern","%","77.8"
"ALF01C01","Annual employment rate","2024","2024","440","30 - 34 years","2","Female","-","Levels of Education (Levels  0-8)","C32761EB-7A21-4B95-8C7A-DB195C2955CE","Eastern and Midland","%","84"
"ALF01C01","Annual employment rate","2024","2024","440","30 - 34 years","2","Female","10","Less than primary (Level 0)","IE0","Ireland","%",""
"ALF01C01","Annual employment rate","2024","2024","440","30 - 34 years","2","Female","10","Less than primary (Level 0)","811D29A4-1E05-4F4A-B61B-43DE64E07B29","Northern and Western","%",""
"ALF01C01","Annual employment rate","2024","2024","440","30 - 34 years","2","Female","10","Less than primary (Level 0)","97227605-23D5-4B98-BDB8-3EB5D0682A5A","Southern","%",""
"ALF01C01","Annual employment rate","2024","2024","440","30 - 34 years","2","Female","10","Less than primary (Level 0)","C32761EB-7A21-4B95-8C7A-DB195C2955CE","Eastern and Midland","%",""
"ALF01C01","Annual employment rate","2024","2024","440","30 - 34 years","2","Female","20","Primary and lower secondary education (Levels 1-2)","IE0","Ireland","%",""
"ALF01C01","Annual employment rate","2024","2024","440","30 - 34 years","2","Female","20","Primary and lower secondary education (Levels 1-2)","811D29A4-1E05-4F4A-B61B-43DE64E07B29","Northern and Western","%",""
"ALF01C01","Annual employment rate","2024","2024","440","30 - 34 years","2","Female","20","Primary and lower secondary education (Levels 1-2)","97227605-23D5-4B98-BDB8-3EB5D0682A5A","Southern","%",""
"ALF01C01","Annual employment rate","2024","2024","440","30 - 34 years","2","Female","20","Primary and lower secondary education (Levels 1-2)","C32761EB-7A21-4B95-8C7A-DB195C2955CE","Eastern and Midland","%",""
"ALF01C01","Annual employment rate","2024","2024","440","30 - 34 years","2","Female","30","Upper secondary and post-secondary non-tertiary education (Levels 3 and 4)","IE0","Ireland","%","72.3"
"ALF01C01","Annual employment rate","2024","2024","440","30 - 34 years","2","Female","30","Upper secondary and post-secondary non-tertiary education (Levels 3 and 4)","811D29A4-1E05-4F4A-B61B-43DE64E07B29","Northern and Western","%",""
"ALF01C01","Annual employment rate","2024","2024","440","30 - 34 years","2","Female","30","Upper secondary and post-secondary non-tertiary education (Levels 3 and 4)","97227605-23D5-4B98-BDB8-3EB5D0682A5A","Southern","%",""
"ALF01C01","Annual employment rate","2024","2024","440","30 - 34 years","2","Female","30","Upper secondary and post-secondary non-tertiary education (Levels 3 and 4)","C32761EB-7A21-4B95-8C7A-DB195C2955CE","Eastern and Midland","%","73.4"
"ALF01C01","Annual employment rate","2024","2024","440","30 - 34 years","2","Female","40","Tertiary education (Levels 5-8)","IE0","Ireland","%","86.7"
"ALF01C01","Annual employment rate","2024","2024","440","30 - 34 years","2","Female","40","Tertiary education (Levels 5-8)","811D29A4-1E05-4F4A-B61B-43DE64E07B29","Northern and Western","%",""
"ALF01C01","Annual employment rate","2024","2024","440","30 - 34 years","2","Female","40","Tertiary education (Levels 5-8)","97227605-23D5-4B98-BDB8-3EB5D0682A5A","Southern","%","83"
"ALF01C01","Annual employment rate","2024","2024","440","30 - 34 years","2","Female","40","Tertiary education (Levels 5-8)","C32761EB-7A21-4B95-8C7A-DB195C2955CE","Eastern and Midland","%","90.1"
"ALF01C01","Annual employment rate","2024","2024","440","30 - 34 years","2","Female","99","Level of education - not stated","IE0","Ireland","%",""
"ALF01C01","Annual employment rate","2024","2024","440","30 - 34 years","2","Female","99","Level of education - not stated","811D29A4-1E05-4F4A-B61B-43DE64E07B29","Northern and Western","%",""
"ALF01C01","Annual employment rate","2024","2024","440","30 - 34 years","2","Female","99","Level of education - not stated","97227605-23D5-4B98-BDB8-3EB5D0682A5A","Southern","%",""
"ALF01C01","Annual employment rate","2024","2024","440","30 - 34 years","2","Female","99","Level of education - not stated","C32761EB-7A21-4B95-8C7A-DB195C2955CE","Eastern and Midland","%",""
"ALF01C01","Annual employment rate","2024","2024","460","35 - 39 years","-","Both sexes","-","Levels of Education (Levels  0-8)","IE0","Ireland","%","85"
"ALF01C01","Annual employment rate","2024","2024","460","35 - 39 years","-","Both sexes","-","Levels of Education (Levels  0-8)","811D29A4-1E05-4F4A-B61B-43DE64E07B29","Northern and Western","%","84.2"
"ALF01C01","Annual employment rate","2024","2024","460","35 - 39 years","-","Both sexes","-","Levels of Education (Levels  0-8)","97227605-23D5-4B98-BDB8-3EB5D0682A5A","Southern","%","85"
"ALF01C01","Annual employment rate","2024","2024","460","35 - 39 years","-","Both sexes","-","Levels of Education (Levels  0-8)","C32761EB-7A21-4B95-8C7A-DB195C2955CE","Eastern and Midland","%","85.3"
"ALF01C01","Annual employment rate","2024","2024","460","35 - 39 years","-","Both sexes","10","Less than primary (Level 0)","IE0","Ireland","%",""
"ALF01C01","Annual employment rate","2024","2024","460","35 - 39 years","-","Both sexes","10","Less than primary (Level 0)","811D29A4-1E05-4F4A-B61B-43DE64E07B29","Northern and Western","%",""
"ALF01C01","Annual employment rate","2024","2024","460","35 - 39 years","-","Both sexes","10","Less than primary (Level 0)","97227605-23D5-4B98-BDB8-3EB5D0682A5A","Southern","%",""
"ALF01C01","Annual employment rate","2024","2024","460","35 - 39 years","-","Both sexes","10","Less than primary (Level 0)","C32761EB-7A21-4B95-8C7A-DB195C2955CE","Eastern and Midland","%",""
"ALF01C01","Annual employment rate","2024","2024","460","35 - 39 years","-","Both sexes","20","Primary and lower secondary education (Levels 1-2)","IE0","Ireland","%",""
"ALF01C01","Annual employment rate","2024","2024","460","35 - 39 years","-","Both sexes","20","Primary and lower secondary education (Levels 1-2)","811D29A4-1E05-4F4A-B61B-43DE64E07B29","Northern and Western","%",""
"ALF01C01","Annual employment rate","2024","2024","460","35 - 39 years","-","Both sexes","20","Primary and lower secondary education (Levels 1-2)","97227605-23D5-4B98-BDB8-3EB5D0682A5A","Southern","%",""
"ALF01C01","Annual employment rate","2024","2024","460","35 - 39 years","-","Both sexes","20","Primary and lower secondary education (Levels 1-2)","C32761EB-7A21-4B95-8C7A-DB195C2955CE","Eastern and Midland","%",""
"ALF01C01","Annual employment rate","2024","2024","460","35 - 39 years","-","Both sexes","30","Upper secondary and post-secondary non-tertiary education (Levels 3 and 4)","IE0","Ireland","%","81.7"
"ALF01C01","Annual employment rate","2024","2024","460","35 - 39 years","-","Both sexes","30","Upper secondary and post-secondary non-tertiary education (Levels 3 and 4)","811D29A4-1E05-4F4A-B61B-43DE64E07B29","Northern and Western","%","84.3"
"ALF01C01","Annual employment rate","2024","2024","460","35 - 39 years","-","Both sexes","30","Upper secondary and post-secondary non-tertiary education (Levels 3 and 4)","97227605-23D5-4B98-BDB8-3EB5D0682A5A","Southern","%","82.9"
"ALF01C01","Annual employment rate","2024","2024","460","35 - 39 years","-","Both sexes","30","Upper secondary and post-secondary non-tertiary education (Levels 3 and 4)","C32761EB-7A21-4B95-8C7A-DB195C2955CE","Eastern and Midland","%","80.3"
"ALF01C01","Annual employment rate","2024","2024","460","35 - 39 years","-","Both sexes","40","Tertiary education (Levels 5-8)","IE0","Ireland","%","90.2"
"ALF01C01","Annual employment rate","2024","2024","460","35 - 39 years","-","Both sexes","40","Tertiary education (Levels 5-8)","811D29A4-1E05-4F4A-B61B-43DE64E07B29","Northern and Western","%","84"
"ALF01C01","Annual employment rate","2024","2024","460","35 - 39 years","-","Both sexes","40","Tertiary education (Levels 5-8)","97227605-23D5-4B98-BDB8-3EB5D0682A5A","Southern","%","91.8"
"ALF01C01","Annual employment rate","2024","2024","460","35 - 39 years","-","Both sexes","40","Tertiary education (Levels 5-8)","C32761EB-7A21-4B95-8C7A-DB195C2955CE","Eastern and Midland","%","91.3"
"ALF01C01","Annual employment rate","2024","2024","460","35 - 39 years","-","Both sexes","99","Level of education - not stated","IE0","Ireland","%",""
"ALF01C01","Annual employment rate","2024","2024","460","35 - 39 years","-","Both sexes","99","Level of education - not stated","811D29A4-1E05-4F4A-B61B-43DE64E07B29","Northern and Western","%",""
"ALF01C01","Annual employment rate","2024","2024","460","35 - 39 years","-","Both sexes","99","Level of education - not stated","97227605-23D5-4B98-BDB8-3EB5D0682A5A","Southern","%",""
"ALF01C01","Annual employment rate","2024","2024","460","35 - 39 years","-","Both sexes","99","Level of education - not stated","C32761EB-7A21-4B95-8C7A-DB195C2955CE","Eastern and Midland","%",""
"ALF01C01","Annual employment rate","2024","2024","460","35 - 39 years","1","Male","-","Levels of Education (Levels  0-8)","IE0","Ireland","%","89.3"
"ALF01C01","Annual employment rate","2024","2024","460","35 - 39 years","1","Male","-","Levels of Education (Levels  0-8)","811D29A4-1E05-4F4A-B61B-43DE64E07B29","Northern and Western","%","82.5"
"ALF01C01","Annual employment rate","2024","2024","460","35 - 39 years","1","Male","-","Levels of Education (Levels  0-8)","97227605-23D5-4B98-BDB8-3EB5D0682A5A","Southern","%","92.3"
"ALF01C01","Annual employment rate","2024","2024","460","35 - 39 years","1","Male","-","Levels of Education (Levels  0-8)","C32761EB-7A21-4B95-8C7A-DB195C2955CE","Eastern and Midland","%","89.7"
"ALF01C01","Annual employment rate","2024","2024","460","35 - 39 years","1","Male","10","Less than primary (Level 0)","IE0","Ireland","%",""
"ALF01C01","Annual employment rate","2024","2024","460","35 - 39 years","1","Male","10","Less than primary (Level 0)","811D29A4-1E05-4F4A-B61B-43DE64E07B29","Northern and Western","%",""
"ALF01C01","Annual employment rate","2024","2024","460","35 - 39 years","1","Male","10","Less than primary (Level 0)","97227605-23D5-4B98-BDB8-3EB5D0682A5A","Southern","%",""
"ALF01C01","Annual employment rate","2024","2024","460","35 - 39 years","1","Male","10","Less than primary (Level 0)","C32761EB-7A21-4B95-8C7A-DB195C2955CE","Eastern and Midland","%",""
"ALF01C01","Annual employment rate","2024","2024","460","35 - 39 years","1","Male","20","Primary and lower secondary education (Levels 1-2)","IE0","Ireland","%",""
"ALF01C01","Annual employment rate","2024","2024","460","35 - 39 years","1","Male","20","Primary and lower secondary education (Levels 1-2)","811D29A4-1E05-4F4A-B61B-43DE64E07B29","Northern and Western","%",""
"ALF01C01","Annual employment rate","2024","2024","460","35 - 39 years","1","Male","20","Primary and lower secondary education (Levels 1-2)","97227605-23D5-4B98-BDB8-3EB5D0682A5A","Southern","%",""
"ALF01C01","Annual employment rate","2024","2024","460","35 - 39 years","1","Male","20","Primary and lower secondary education (Levels 1-2)","C32761EB-7A21-4B95-8C7A-DB195C2955CE","Eastern and Midland","%",""
"ALF01C01","Annual employment rate","2024","2024","460","35 - 39 years","1","Male","30","Upper secondary and post-secondary non-tertiary education (Levels 3 and 4)","IE0","Ireland","%","89.4"
"ALF01C01","Annual employment rate","2024","2024","460","35 - 39 years","1","Male","30","Upper secondary and post-secondary non-tertiary education (Levels 3 and 4)","811D29A4-1E05-4F4A-B61B-43DE64E07B29","Northern and Western","%",""
"ALF01C01","Annual employment rate","2024","2024","460","35 - 39 years","1","Male","30","Upper secondary and post-secondary non-tertiary education (Levels 3 and 4)","97227605-23D5-4B98-BDB8-3EB5D0682A5A","Southern","%","93.6"
"ALF01C01","Annual employment rate","2024","2024","460","35 - 39 years","1","Male","30","Upper secondary and post-secondary non-tertiary education (Levels 3 and 4)","C32761EB-7A21-4B95-8C7A-DB195C2955CE","Eastern and Midland","%","88.3"
"ALF01C01","Annual employment rate","2024","2024","460","35 - 39 years","1","Male","40","Tertiary education (Levels 5-8)","IE0","Ireland","%","93.9"
"ALF01C01","Annual employment rate","2024","2024","460","35 - 39 years","1","Male","40","Tertiary education (Levels 5-8)","811D29A4-1E05-4F4A-B61B-43DE64E07B29","Northern and Western","%","81.6"
"ALF01C01","Annual employment rate","2024","2024","460","35 - 39 years","1","Male","40","Tertiary education (Levels 5-8)","97227605-23D5-4B98-BDB8-3EB5D0682A5A","Southern","%","97.7"
"ALF01C01","Annual employment rate","2024","2024","460","35 - 39 years","1","Male","40","Tertiary education (Levels 5-8)","C32761EB-7A21-4B95-8C7A-DB195C2955CE","Eastern and Midland","%","95.6"
"ALF01C01","Annual employment rate","2024","2024","460","35 - 39 years","1","Male","99","Level of education - not stated","IE0","Ireland","%",""
"ALF01C01","Annual employment rate","2024","2024","460","35 - 39 years","1","Male","99","Level of education - not stated","811D29A4-1E05-4F4A-B61B-43DE64E07B29","Northern and Western","%",""
"ALF01C01","Annual employment rate","2024","2024","460","35 - 39 years","1","Male","99","Level of education - not stated","97227605-23D5-4B98-BDB8-3EB5D0682A5A","Southern","%",""
"ALF01C01","Annual employment rate","2024","2024","460","35 - 39 years","1","Male","99","Level of education - not stated","C32761EB-7A21-4B95-8C7A-DB195C2955CE","Eastern and Midland","%",""
"ALF01C01","Annual employment rate","2024","2024","460","35 - 39 years","2","Female","-","Levels of Education (Levels  0-8)","IE0","Ireland","%","81"
"ALF01C01","Annual employment rate","2024","2024","460","35 - 39 years","2","Female","-","Levels of Education (Levels  0-8)","811D29A4-1E05-4F4A-B61B-43DE64E07B29","Northern and Western","%","85.7"
"ALF01C01","Annual employment rate","2024","2024","460","35 - 39 years","2","Female","-","Levels of Education (Levels  0-8)","97227605-23D5-4B98-BDB8-3EB5D0682A5A","Southern","%","78.4"
"ALF01C01","Annual employment rate","2024","2024","460","35 - 39 years","2","Female","-","Levels of Education (Levels  0-8)","C32761EB-7A21-4B95-8C7A-DB195C2955CE","Eastern and Midland","%","81.2"
"ALF01C01","Annual employment rate","2024","2024","460","35 - 39 years","2","Female","10","Less than primary (Level 0)","IE0","Ireland","%",""
"ALF01C01","Annual employment rate","2024","2024","460","35 - 39 years","2","Female","10","Less than primary (Level 0)","811D29A4-1E05-4F4A-B61B-43DE64E07B29","Northern and Western","%",""
"ALF01C01","Annual employment rate","2024","2024","460","35 - 39 years","2","Female","10","Less than primary (Level 0)","97227605-23D5-4B98-BDB8-3EB5D0682A5A","Southern","%",""
"ALF01C01","Annual employment rate","2024","2024","460","35 - 39 years","2","Female","10","Less than primary (Level 0)","C32761EB-7A21-4B95-8C7A-DB195C2955CE","Eastern and Midland","%",""
"ALF01C01","Annual employment rate","2024","2024","460","35 - 39 years","2","Female","20","Primary and lower secondary education (Levels 1-2)","IE0","Ireland","%",""
"ALF01C01","Annual employment rate","2024","2024","460","35 - 39 years","2","Female","20","Primary and lower secondary education (Levels 1-2)","811D29A4-1E05-4F4A-B61B-43DE64E07B29","Northern and Western","%",""
"ALF01C01","Annual employment rate","2024","2024","460","35 - 39 years","2","Female","20","Primary and lower secondary education (Levels 1-2)","97227605-23D5-4B98-BDB8-3EB5D0682A5A","Southern","%",""
"ALF01C01","Annual employment rate","2024","2024","460","35 - 39 years","2","Female","20","Primary and lower secondary education (Levels 1-2)","C32761EB-7A21-4B95-8C7A-DB195C2955CE","Eastern and Midland","%",""
"ALF01C01","Annual employment rate","2024","2024","460","35 - 39 years","2","Female","30","Upper secondary and post-secondary non-tertiary education (Levels 3 and 4)","IE0","Ireland","%","73.8"
"ALF01C01","Annual employment rate","2024","2024","460","35 - 39 years","2","Female","30","Upper secondary and post-secondary non-tertiary education (Levels 3 and 4)","811D29A4-1E05-4F4A-B61B-43DE64E07B29","Northern and Western","%",""
"ALF01C01","Annual employment rate","2024","2024","460","35 - 39 years","2","Female","30","Upper secondary and post-secondary non-tertiary education (Levels 3 and 4)","97227605-23D5-4B98-BDB8-3EB5D0682A5A","Southern","%","72.6"
"ALF01C01","Annual employment rate","2024","2024","460","35 - 39 years","2","Female","30","Upper secondary and post-secondary non-tertiary education (Levels 3 and 4)","C32761EB-7A21-4B95-8C7A-DB195C2955CE","Eastern and Midland","%","71.6"
"ALF01C01","Annual employment rate","2024","2024","460","35 - 39 years","2","Female","40","Tertiary education (Levels 5-8)","IE0","Ireland","%","87.2"
"ALF01C01","Annual employment rate","2024","2024","460","35 - 39 years","2","Female","40","Tertiary education (Levels 5-8)","811D29A4-1E05-4F4A-B61B-43DE64E07B29","Northern and Western","%","86.1"
"ALF01C01","Annual employment rate","2024","2024","460","35 - 39 years","2","Female","40","Tertiary education (Levels 5-8)","97227605-23D5-4B98-BDB8-3EB5D0682A5A","Southern","%","86.6"
"ALF01C01","Annual employment rate","2024","2024","460","35 - 39 years","2","Female","40","Tertiary education (Levels 5-8)","C32761EB-7A21-4B95-8C7A-DB195C2955CE","Eastern and Midland","%","87.8"
"ALF01C01","Annual employment rate","2024","2024","460","35 - 39 years","2","Female","99","Level of education - not stated","IE0","Ireland","%",""
"ALF01C01","Annual employment rate","2024","2024","460","35 - 39 years","2","Female","99","Level of education - not stated","811D29A4-1E05-4F4A-B61B-43DE64E07B29","Northern and Western","%",""
"ALF01C01","Annual employment rate","2024","2024","460","35 - 39 years","2","Female","99","Level of education - not stated","97227605-23D5-4B98-BDB8-3EB5D0682A5A","Southern","%",""
"ALF01C01","Annual employment rate","2024","2024","460","35 - 39 years","2","Female","99","Level of education - not stated","C32761EB-7A21-4B95-8C7A-DB195C2955CE","Eastern and Midland","%",""
"ALF01C01","Annual employment rate","2024","2024","475","40 - 44 years","-","Both sexes","-","Levels of Education (Levels  0-8)","IE0","Ireland","%","84.9"
"ALF01C01","Annual employment rate","2024","2024","475","40 - 44 years","-","Both sexes","-","Levels of Education (Levels  0-8)","811D29A4-1E05-4F4A-B61B-43DE64E07B29","Northern and Western","%","84.6"
"ALF01C01","Annual employment rate","2024","2024","475","40 - 44 years","-","Both sexes","-","Levels of Education (Levels  0-8)","97227605-23D5-4B98-BDB8-3EB5D0682A5A","Southern","%","84.4"
"ALF01C01","Annual employment rate","2024","2024","475","40 - 44 years","-","Both sexes","-","Levels of Education (Levels  0-8)","C32761EB-7A21-4B95-8C7A-DB195C2955CE","Eastern and Midland","%","85.3"
"ALF01C01","Annual employment rate","2024","2024","475","40 - 44 years","-","Both sexes","10","Less than primary (Level 0)","IE0","Ireland","%",""
"ALF01C01","Annual employment rate","2024","2024","475","40 - 44 years","-","Both sexes","10","Less than primary (Level 0)","811D29A4-1E05-4F4A-B61B-43DE64E07B29","Northern and Western","%",""
"ALF01C01","Annual employment rate","2024","2024","475","40 - 44 years","-","Both sexes","10","Less than primary (Level 0)","97227605-23D5-4B98-BDB8-3EB5D0682A5A","Southern","%",""
"ALF01C01","Annual employment rate","2024","2024","475","40 - 44 years","-","Both sexes","10","Less than primary (Level 0)","C32761EB-7A21-4B95-8C7A-DB195C2955CE","Eastern and Midland","%",""
"ALF01C01","Annual employment rate","2024","2024","475","40 - 44 years","-","Both sexes","20","Primary and lower secondary education (Levels 1-2)","IE0","Ireland","%","55.6"
"ALF01C01","Annual employment rate","2024","2024","475","40 - 44 years","-","Both sexes","20","Primary and lower secondary education (Levels 1-2)","811D29A4-1E05-4F4A-B61B-43DE64E07B29","Northern and Western","%",""
"ALF01C01","Annual employment rate","2024","2024","475","40 - 44 years","-","Both sexes","20","Primary and lower secondary education (Levels 1-2)","97227605-23D5-4B98-BDB8-3EB5D0682A5A","Southern","%",""
"ALF01C01","Annual employment rate","2024","2024","475","40 - 44 years","-","Both sexes","20","Primary and lower secondary education (Levels 1-2)","C32761EB-7A21-4B95-8C7A-DB195C2955CE","Eastern and Midland","%",""
"ALF01C01","Annual employment rate","2024","2024","475","40 - 44 years","-","Both sexes","30","Upper secondary and post-secondary non-tertiary education (Levels 3 and 4)","IE0","Ireland","%","84.1"
"ALF01C01","Annual employment rate","2024","2024","475","40 - 44 years","-","Both sexes","30","Upper secondary and post-secondary non-tertiary education (Levels 3 and 4)","811D29A4-1E05-4F4A-B61B-43DE64E07B29","Northern and Western","%","82.6"
"ALF01C01","Annual employment rate","2024","2024","475","40 - 44 years","-","Both sexes","30","Upper secondary and post-secondary non-tertiary education (Levels 3 and 4)","97227605-23D5-4B98-BDB8-3EB5D0682A5A","Southern","%","82.4"
"ALF01C01","Annual employment rate","2024","2024","475","40 - 44 years","-","Both sexes","30","Upper secondary and post-secondary non-tertiary education (Levels 3 and 4)","C32761EB-7A21-4B95-8C7A-DB195C2955CE","Eastern and Midland","%","85.6"
"ALF01C01","Annual employment rate","2024","2024","475","40 - 44 years","-","Both sexes","40","Tertiary education (Levels 5-8)","IE0","Ireland","%","89.1"
"ALF01C01","Annual employment rate","2024","2024","475","40 - 44 years","-","Both sexes","40","Tertiary education (Levels 5-8)","811D29A4-1E05-4F4A-B61B-43DE64E07B29","Northern and Western","%","87.9"
"ALF01C01","Annual employment rate","2024","2024","475","40 - 44 years","-","Both sexes","40","Tertiary education (Levels 5-8)","97227605-23D5-4B98-BDB8-3EB5D0682A5A","Southern","%","90.1"
"ALF01C01","Annual employment rate","2024","2024","475","40 - 44 years","-","Both sexes","40","Tertiary education (Levels 5-8)","C32761EB-7A21-4B95-8C7A-DB195C2955CE","Eastern and Midland","%","88.9"
"ALF01C01","Annual employment rate","2024","2024","475","40 - 44 years","-","Both sexes","99","Level of education - not stated","IE0","Ireland","%",""
"ALF01C01","Annual employment rate","2024","2024","475","40 - 44 years","-","Both sexes","99","Level of education - not stated","811D29A4-1E05-4F4A-B61B-43DE64E07B29","Northern and Western","%",""
"ALF01C01","Annual employment rate","2024","2024","475","40 - 44 years","-","Both sexes","99","Level of education - not stated","97227605-23D5-4B98-BDB8-3EB5D0682A5A","Southern","%",""
"ALF01C01","Annual employment rate","2024","2024","475","40 - 44 years","-","Both sexes","99","Level of education - not stated","C32761EB-7A21-4B95-8C7A-DB195C2955CE","Eastern and Midland","%",""
"ALF01C01","Annual employment rate","2024","2024","475","40 - 44 years","1","Male","-","Levels of Education (Levels  0-8)","IE0","Ireland","%","91"
"ALF01C01","Annual employment rate","2024","2024","475","40 - 44 years","1","Male","-","Levels of Education (Levels  0-8)","811D29A4-1E05-4F4A-B61B-43DE64E07B29","Northern and Western","%","90.7"
"ALF01C01","Annual employment rate","2024","2024","475","40 - 44 years","1","Male","-","Levels of Education (Levels  0-8)","97227605-23D5-4B98-BDB8-3EB5D0682A5A","Southern","%","89.9"
"ALF01C01","Annual employment rate","2024","2024","475","40 - 44 years","1","Male","-","Levels of Education (Levels  0-8)","C32761EB-7A21-4B95-8C7A-DB195C2955CE","Eastern and Midland","%","91.8"
"ALF01C01","Annual employment rate","2024","2024","475","40 - 44 years","1","Male","10","Less than primary (Level 0)","IE0","Ireland","%",""
"ALF01C01","Annual employment rate","2024","2024","475","40 - 44 years","1","Male","10","Less than primary (Level 0)","811D29A4-1E05-4F4A-B61B-43DE64E07B29","Northern and Western","%",""
"ALF01C01","Annual employment rate","2024","2024","475","40 - 44 years","1","Male","10","Less than primary (Level 0)","97227605-23D5-4B98-BDB8-3EB5D0682A5A","Southern","%",""
"ALF01C01","Annual employment rate","2024","2024","475","40 - 44 years","1","Male","10","Less than primary (Level 0)","C32761EB-7A21-4B95-8C7A-DB195C2955CE","Eastern and Midland","%",""
"ALF01C01","Annual employment rate","2024","2024","475","40 - 44 years","1","Male","20","Primary and lower secondary education (Levels 1-2)","IE0","Ireland","%","67.1"
"ALF01C01","Annual employment rate","2024","2024","475","40 - 44 years","1","Male","20","Primary and lower secondary education (Levels 1-2)","811D29A4-1E05-4F4A-B61B-43DE64E07B29","Northern and Western","%",""
"ALF01C01","Annual employment rate","2024","2024","475","40 - 44 years","1","Male","20","Primary and lower secondary education (Levels 1-2)","97227605-23D5-4B98-BDB8-3EB5D0682A5A","Southern","%",""
"ALF01C01","Annual employment rate","2024","2024","475","40 - 44 years","1","Male","20","Primary and lower secondary education (Levels 1-2)","C32761EB-7A21-4B95-8C7A-DB195C2955CE","Eastern and Midland","%",""
"ALF01C01","Annual employment rate","2024","2024","475","40 - 44 years","1","Male","30","Upper secondary and post-secondary non-tertiary education (Levels 3 and 4)","IE0","Ireland","%","94.4"
"ALF01C01","Annual employment rate","2024","2024","475","40 - 44 years","1","Male","30","Upper secondary and post-secondary non-tertiary education (Levels 3 and 4)","811D29A4-1E05-4F4A-B61B-43DE64E07B29","Northern and Western","%",""
"ALF01C01","Annual employment rate","2024","2024","475","40 - 44 years","1","Male","30","Upper secondary and post-secondary non-tertiary education (Levels 3 and 4)","97227605-23D5-4B98-BDB8-3EB5D0682A5A","Southern","%","92.7"
"ALF01C01","Annual employment rate","2024","2024","475","40 - 44 years","1","Male","30","Upper secondary and post-secondary non-tertiary education (Levels 3 and 4)","C32761EB-7A21-4B95-8C7A-DB195C2955CE","Eastern and Midland","%","95.1"
"ALF01C01","Annual employment rate","2024","2024","475","40 - 44 years","1","Male","40","Tertiary education (Levels 5-8)","IE0","Ireland","%","93.3"
"ALF01C01","Annual employment rate","2024","2024","475","40 - 44 years","1","Male","40","Tertiary education (Levels 5-8)","811D29A4-1E05-4F4A-B61B-43DE64E07B29","Northern and Western","%","95.3"
"ALF01C01","Annual employment rate","2024","2024","475","40 - 44 years","1","Male","40","Tertiary education (Levels 5-8)","97227605-23D5-4B98-BDB8-3EB5D0682A5A","Southern","%","92.6"
"ALF01C01","Annual employment rate","2024","2024","475","40 - 44 years","1","Male","40","Tertiary education (Levels 5-8)","C32761EB-7A21-4B95-8C7A-DB195C2955CE","Eastern and Midland","%","93"
"ALF01C01","Annual employment rate","2024","2024","475","40 - 44 years","1","Male","99","Level of education - not stated","IE0","Ireland","%",""
"ALF01C01","Annual employment rate","2024","2024","475","40 - 44 years","1","Male","99","Level of education - not stated","811D29A4-1E05-4F4A-B61B-43DE64E07B29","Northern and Western","%",""
"ALF01C01","Annual employment rate","2024","2024","475","40 - 44 years","1","Male","99","Level of education - not stated","97227605-23D5-4B98-BDB8-3EB5D0682A5A","Southern","%",""
"ALF01C01","Annual employment rate","2024","2024","475","40 - 44 years","1","Male","99","Level of education - not stated","C32761EB-7A21-4B95-8C7A-DB195C2955CE","Eastern and Midland","%",""
"ALF01C01","Annual employment rate","2024","2024","475","40 - 44 years","2","Female","-","Levels of Education (Levels  0-8)","IE0","Ireland","%","79.2"
"ALF01C01","Annual employment rate","2024","2024","475","40 - 44 years","2","Female","-","Levels of Education (Levels  0-8)","811D29A4-1E05-4F4A-B61B-43DE64E07B29","Northern and Western","%","79.1"
"ALF01C01","Annual employment rate","2024","2024","475","40 - 44 years","2","Female","-","Levels of Education (Levels  0-8)","97227605-23D5-4B98-BDB8-3EB5D0682A5A","Southern","%","79.4"
"ALF01C01","Annual employment rate","2024","2024","475","40 - 44 years","2","Female","-","Levels of Education (Levels  0-8)","C32761EB-7A21-4B95-8C7A-DB195C2955CE","Eastern and Midland","%","79.2"
"ALF01C01","Annual employment rate","2024","2024","475","40 - 44 years","2","Female","10","Less than primary (Level 0)","IE0","Ireland","%",""
"ALF01C01","Annual employment rate","2024","2024","475","40 - 44 years","2","Female","10","Less than primary (Level 0)","811D29A4-1E05-4F4A-B61B-43DE64E07B29","Northern and Western","%",""
"ALF01C01","Annual employment rate","2024","2024","475","40 - 44 years","2","Female","10","Less than primary (Level 0)","97227605-23D5-4B98-BDB8-3EB5D0682A5A","Southern","%",""
"ALF01C01","Annual employment rate","2024","2024","475","40 - 44 years","2","Female","10","Less than primary (Level 0)","C32761EB-7A21-4B95-8C7A-DB195C2955CE","Eastern and Midland","%",""
"ALF01C01","Annual employment rate","2024","2024","475","40 - 44 years","2","Female","20","Primary and lower secondary education (Levels 1-2)","IE0","Ireland","%",""
"ALF01C01","Annual employment rate","2024","2024","475","40 - 44 years","2","Female","20","Primary and lower secondary education (Levels 1-2)","811D29A4-1E05-4F4A-B61B-43DE64E07B29","Northern and Western","%",""
"ALF01C01","Annual employment rate","2024","2024","475","40 - 44 years","2","Female","20","Primary and lower secondary education (Levels 1-2)","97227605-23D5-4B98-BDB8-3EB5D0682A5A","Southern","%",""
"ALF01C01","Annual employment rate","2024","2024","475","40 - 44 years","2","Female","20","Primary and lower secondary education (Levels 1-2)","C32761EB-7A21-4B95-8C7A-DB195C2955CE","Eastern and Midland","%",""
"ALF01C01","Annual employment rate","2024","2024","475","40 - 44 years","2","Female","30","Upper secondary and post-secondary non-tertiary education (Levels 3 and 4)","IE0","Ireland","%","72.8"
"ALF01C01","Annual employment rate","2024","2024","475","40 - 44 years","2","Female","30","Upper secondary and post-secondary non-tertiary education (Levels 3 and 4)","811D29A4-1E05-4F4A-B61B-43DE64E07B29","Northern and Western","%",""
"ALF01C01","Annual employment rate","2024","2024","475","40 - 44 years","2","Female","30","Upper secondary and post-secondary non-tertiary education (Levels 3 and 4)","97227605-23D5-4B98-BDB8-3EB5D0682A5A","Southern","%","68"
"ALF01C01","Annual employment rate","2024","2024","475","40 - 44 years","2","Female","30","Upper secondary and post-secondary non-tertiary education (Levels 3 and 4)","C32761EB-7A21-4B95-8C7A-DB195C2955CE","Eastern and Midland","%","75.7"
"ALF01C01","Annual employment rate","2024","2024","475","40 - 44 years","2","Female","40","Tertiary education (Levels 5-8)","IE0","Ireland","%","85.8"
"ALF01C01","Annual employment rate","2024","2024","475","40 - 44 years","2","Female","40","Tertiary education (Levels 5-8)","811D29A4-1E05-4F4A-B61B-43DE64E07B29","Northern and Western","%","82.2"
"ALF01C01","Annual employment rate","2024","2024","475","40 - 44 years","2","Female","40","Tertiary education (Levels 5-8)","97227605-23D5-4B98-BDB8-3EB5D0682A5A","Southern","%","88.5"
"ALF01C01","Annual employment rate","2024","2024","475","40 - 44 years","2","Female","40","Tertiary education (Levels 5-8)","C32761EB-7A21-4B95-8C7A-DB195C2955CE","Eastern and Midland","%","85.3"
"ALF01C01","Annual employment rate","2024","2024","475","40 - 44 years","2","Female","99","Level of education - not stated","IE0","Ireland","%",""
"ALF01C01","Annual employment rate","2024","2024","475","40 - 44 years","2","Female","99","Level of education - not stated","811D29A4-1E05-4F4A-B61B-43DE64E07B29","Northern and Western","%",""
"ALF01C01","Annual employment rate","2024","2024","475","40 - 44 years","2","Female","99","Level of education - not stated","97227605-23D5-4B98-BDB8-3EB5D0682A5A","Southern","%",""
"ALF01C01","Annual employment rate","2024","2024","475","40 - 44 years","2","Female","99","Level of education - not stated","C32761EB-7A21-4B95-8C7A-DB195C2955CE","Eastern and Midland","%",""
"ALF01C01","Annual employment rate","2024","2024","495","45 - 49 years","-","Both sexes","-","Levels of Education (Levels  0-8)","IE0","Ireland","%","85.2"
"ALF01C01","Annual employment rate","2024","2024","495","45 - 49 years","-","Both sexes","-","Levels of Education (Levels  0-8)","811D29A4-1E05-4F4A-B61B-43DE64E07B29","Northern and Western","%","87.8"
"ALF01C01","Annual employment rate","2024","2024","495","45 - 49 years","-","Both sexes","-","Levels of Education (Levels  0-8)","97227605-23D5-4B98-BDB8-3EB5D0682A5A","Southern","%","84.5"
"ALF01C01","Annual employment rate","2024","2024","495","45 - 49 years","-","Both sexes","-","Levels of Education (Levels  0-8)","C32761EB-7A21-4B95-8C7A-DB195C2955CE","Eastern and Midland","%","84.8"
"ALF01C01","Annual employment rate","2024","2024","495","45 - 49 years","-","Both sexes","10","Less than primary (Level 0)","IE0","Ireland","%",""
"ALF01C01","Annual employment rate","2024","2024","495","45 - 49 years","-","Both sexes","10","Less than primary (Level 0)","811D29A4-1E05-4F4A-B61B-43DE64E07B29","Northern and Western","%",""
"ALF01C01","Annual employment rate","2024","2024","495","45 - 49 years","-","Both sexes","10","Less than primary (Level 0)","97227605-23D5-4B98-BDB8-3EB5D0682A5A","Southern","%",""
"ALF01C01","Annual employment rate","2024","2024","495","45 - 49 years","-","Both sexes","10","Less than primary (Level 0)","C32761EB-7A21-4B95-8C7A-DB195C2955CE","Eastern and Midland","%",""
"ALF01C01","Annual employment rate","2024","2024","495","45 - 49 years","-","Both sexes","20","Primary and lower secondary education (Levels 1-2)","IE0","Ireland","%","63"
"ALF01C01","Annual employment rate","2024","2024","495","45 - 49 years","-","Both sexes","20","Primary and lower secondary education (Levels 1-2)","811D29A4-1E05-4F4A-B61B-43DE64E07B29","Northern and Western","%",""
"ALF01C01","Annual employment rate","2024","2024","495","45 - 49 years","-","Both sexes","20","Primary and lower secondary education (Levels 1-2)","97227605-23D5-4B98-BDB8-3EB5D0682A5A","Southern","%",""
"ALF01C01","Annual employment rate","2024","2024","495","45 - 49 years","-","Both sexes","20","Primary and lower secondary education (Levels 1-2)","C32761EB-7A21-4B95-8C7A-DB195C2955CE","Eastern and Midland","%","71.2"
"ALF01C01","Annual employment rate","2024","2024","495","45 - 49 years","-","Both sexes","30","Upper secondary and post-secondary non-tertiary education (Levels 3 and 4)","IE0","Ireland","%","83.4"
"ALF01C01","Annual employment rate","2024","2024","495","45 - 49 years","-","Both sexes","30","Upper secondary and post-secondary non-tertiary education (Levels 3 and 4)","811D29A4-1E05-4F4A-B61B-43DE64E07B29","Northern and Western","%","83"
"ALF01C01","Annual employment rate","2024","2024","495","45 - 49 years","-","Both sexes","30","Upper secondary and post-secondary non-tertiary education (Levels 3 and 4)","97227605-23D5-4B98-BDB8-3EB5D0682A5A","Southern","%","82.9"
"ALF01C01","Annual employment rate","2024","2024","495","45 - 49 years","-","Both sexes","30","Upper secondary and post-secondary non-tertiary education (Levels 3 and 4)","C32761EB-7A21-4B95-8C7A-DB195C2955CE","Eastern and Midland","%","83.9"
"ALF01C01","Annual employment rate","2024","2024","495","45 - 49 years","-","Both sexes","40","Tertiary education (Levels 5-8)","IE0","Ireland","%","90"
"ALF01C01","Annual employment rate","2024","2024","495","45 - 49 years","-","Both sexes","40","Tertiary education (Levels 5-8)","811D29A4-1E05-4F4A-B61B-43DE64E07B29","Northern and Western","%","93.3"
"ALF01C01","Annual employment rate","2024","2024","495","45 - 49 years","-","Both sexes","40","Tertiary education (Levels 5-8)","97227605-23D5-4B98-BDB8-3EB5D0682A5A","Southern","%","90.2"
"ALF01C01","Annual employment rate","2024","2024","495","45 - 49 years","-","Both sexes","40","Tertiary education (Levels 5-8)","C32761EB-7A21-4B95-8C7A-DB195C2955CE","Eastern and Midland","%","88.8"
"ALF01C01","Annual employment rate","2024","2024","495","45 - 49 years","-","Both sexes","99","Level of education - not stated","IE0","Ireland","%",""
"ALF01C01","Annual employment rate","2024","2024","495","45 - 49 years","-","Both sexes","99","Level of education - not stated","811D29A4-1E05-4F4A-B61B-43DE64E07B29","Northern and Western","%",""
"ALF01C01","Annual employment rate","2024","2024","495","45 - 49 years","-","Both sexes","99","Level of education - not stated","97227605-23D5-4B98-BDB8-3EB5D0682A5A","Southern","%",""
"ALF01C01","Annual employment rate","2024","2024","495","45 - 49 years","-","Both sexes","99","Level of education - not stated","C32761EB-7A21-4B95-8C7A-DB195C2955CE","Eastern and Midland","%",""
"ALF01C01","Annual employment rate","2024","2024","495","45 - 49 years","1","Male","-","Levels of Education (Levels  0-8)","IE0","Ireland","%","90.4"
"ALF01C01","Annual employment rate","2024","2024","495","45 - 49 years","1","Male","-","Levels of Education (Levels  0-8)","811D29A4-1E05-4F4A-B61B-43DE64E07B29","Northern and Western","%","93"
"ALF01C01","Annual employment rate","2024","2024","495","45 - 49 years","1","Male","-","Levels of Education (Levels  0-8)","97227605-23D5-4B98-BDB8-3EB5D0682A5A","Southern","%","87.1"
"ALF01C01","Annual employment rate","2024","2024","495","45 - 49 years","1","Male","-","Levels of Education (Levels  0-8)","C32761EB-7A21-4B95-8C7A-DB195C2955CE","Eastern and Midland","%","91.7"
"ALF01C01","Annual employment rate","2024","2024","495","45 - 49 years","1","Male","10","Less than primary (Level 0)","IE0","Ireland","%",""
"ALF01C01","Annual employment rate","2024","2024","495","45 - 49 years","1","Male","10","Less than primary (Level 0)","811D29A4-1E05-4F4A-B61B-43DE64E07B29","Northern and Western","%",""
"ALF01C01","Annual employment rate","2024","2024","495","45 - 49 years","1","Male","10","Less than primary (Level 0)","97227605-23D5-4B98-BDB8-3EB5D0682A5A","Southern","%",""
"ALF01C01","Annual employment rate","2024","2024","495","45 - 49 years","1","Male","10","Less than primary (Level 0)","C32761EB-7A21-4B95-8C7A-DB195C2955CE","Eastern and Midland","%",""
"ALF01C01","Annual employment rate","2024","2024","495","45 - 49 years","1","Male","20","Primary and lower secondary education (Levels 1-2)","IE0","Ireland","%","72.6"
"ALF01C01","Annual employment rate","2024","2024","495","45 - 49 years","1","Male","20","Primary and lower secondary education (Levels 1-2)","811D29A4-1E05-4F4A-B61B-43DE64E07B29","Northern and Western","%",""
"ALF01C01","Annual employment rate","2024","2024","495","45 - 49 years","1","Male","20","Primary and lower secondary education (Levels 1-2)","97227605-23D5-4B98-BDB8-3EB5D0682A5A","Southern","%",""
"ALF01C01","Annual employment rate","2024","2024","495","45 - 49 years","1","Male","20","Primary and lower secondary education (Levels 1-2)","C32761EB-7A21-4B95-8C7A-DB195C2955CE","Eastern and Midland","%",""
"ALF01C01","Annual employment rate","2024","2024","495","45 - 49 years","1","Male","30","Upper secondary and post-secondary non-tertiary education (Levels 3 and 4)","IE0","Ireland","%","90.3"
"ALF01C01","Annual employment rate","2024","2024","495","45 - 49 years","1","Male","30","Upper secondary and post-secondary non-tertiary education (Levels 3 and 4)","811D29A4-1E05-4F4A-B61B-43DE64E07B29","Northern and Western","%","91.2"
"ALF01C01","Annual employment rate","2024","2024","495","45 - 49 years","1","Male","30","Upper secondary and post-secondary non-tertiary education (Levels 3 and 4)","97227605-23D5-4B98-BDB8-3EB5D0682A5A","Southern","%","89.4"
"ALF01C01","Annual employment rate","2024","2024","495","45 - 49 years","1","Male","30","Upper secondary and post-secondary non-tertiary education (Levels 3 and 4)","C32761EB-7A21-4B95-8C7A-DB195C2955CE","Eastern and Midland","%","90.7"
"ALF01C01","Annual employment rate","2024","2024","495","45 - 49 years","1","Male","40","Tertiary education (Levels 5-8)","IE0","Ireland","%","93.7"
"ALF01C01","Annual employment rate","2024","2024","495","45 - 49 years","1","Male","40","Tertiary education (Levels 5-8)","811D29A4-1E05-4F4A-B61B-43DE64E07B29","Northern and Western","%","95.3"
"ALF01C01","Annual employment rate","2024","2024","495","45 - 49 years","1","Male","40","Tertiary education (Levels 5-8)","97227605-23D5-4B98-BDB8-3EB5D0682A5A","Southern","%","89.8"
"ALF01C01","Annual employment rate","2024","2024","495","45 - 49 years","1","Male","40","Tertiary education (Levels 5-8)","C32761EB-7A21-4B95-8C7A-DB195C2955CE","Eastern and Midland","%","95.3"
"ALF01C01","Annual employment rate","2024","2024","495","45 - 49 years","1","Male","99","Level of education - not stated","IE0","Ireland","%",""
"ALF01C01","Annual employment rate","2024","2024","495","45 - 49 years","1","Male","99","Level of education - not stated","811D29A4-1E05-4F4A-B61B-43DE64E07B29","Northern and Western","%",""
"ALF01C01","Annual employment rate","2024","2024","495","45 - 49 years","1","Male","99","Level of education - not stated","97227605-23D5-4B98-BDB8-3EB5D0682A5A","Southern","%",""
"ALF01C01","Annual employment rate","2024","2024","495","45 - 49 years","1","Male","99","Level of education - not stated","C32761EB-7A21-4B95-8C7A-DB195C2955CE","Eastern and Midland","%",""
"ALF01C01","Annual employment rate","2024","2024","495","45 - 49 years","2","Female","-","Levels of Education (Levels  0-8)","IE0","Ireland","%","80.2"
"ALF01C01","Annual employment rate","2024","2024","495","45 - 49 years","2","Female","-","Levels of Education (Levels  0-8)","811D29A4-1E05-4F4A-B61B-43DE64E07B29","Northern and Western","%","82.8"
"ALF01C01","Annual employment rate","2024","2024","495","45 - 49 years","2","Female","-","Levels of Education (Levels  0-8)","97227605-23D5-4B98-BDB8-3EB5D0682A5A","Southern","%","82.1"
"ALF01C01","Annual employment rate","2024","2024","495","45 - 49 years","2","Female","-","Levels of Education (Levels  0-8)","C32761EB-7A21-4B95-8C7A-DB195C2955CE","Eastern and Midland","%","78"
"ALF01C01","Annual employment rate","2024","2024","495","45 - 49 years","2","Female","10","Less than primary (Level 0)","IE0","Ireland","%",""
"ALF01C01","Annual employment rate","2024","2024","495","45 - 49 years","2","Female","10","Less than primary (Level 0)","811D29A4-1E05-4F4A-B61B-43DE64E07B29","Northern and Western","%",""
"ALF01C01","Annual employment rate","2024","2024","495","45 - 49 years","2","Female","10","Less than primary (Level 0)","97227605-23D5-4B98-BDB8-3EB5D0682A5A","Southern","%",""
"ALF01C01","Annual employment rate","2024","2024","495","45 - 49 years","2","Female","10","Less than primary (Level 0)","C32761EB-7A21-4B95-8C7A-DB195C2955CE","Eastern and Midland","%",""
"ALF01C01","Annual employment rate","2024","2024","495","45 - 49 years","2","Female","20","Primary and lower secondary education (Levels 1-2)","IE0","Ireland","%",""
"ALF01C01","Annual employment rate","2024","2024","495","45 - 49 years","2","Female","20","Primary and lower secondary education (Levels 1-2)","811D29A4-1E05-4F4A-B61B-43DE64E07B29","Northern and Western","%",""
"ALF01C01","Annual employment rate","2024","2024","495","45 - 49 years","2","Female","20","Primary and lower secondary education (Levels 1-2)","97227605-23D5-4B98-BDB8-3EB5D0682A5A","Southern","%",""
"ALF01C01","Annual employment rate","2024","2024","495","45 - 49 years","2","Female","20","Primary and lower secondary education (Levels 1-2)","C32761EB-7A21-4B95-8C7A-DB195C2955CE","Eastern and Midland","%",""
"ALF01C01","Annual employment rate","2024","2024","495","45 - 49 years","2","Female","30","Upper secondary and post-secondary non-tertiary education (Levels 3 and 4)","IE0","Ireland","%","75.4"
"ALF01C01","Annual employment rate","2024","2024","495","45 - 49 years","2","Female","30","Upper secondary and post-secondary non-tertiary education (Levels 3 and 4)","811D29A4-1E05-4F4A-B61B-43DE64E07B29","Northern and Western","%",""
"ALF01C01","Annual employment rate","2024","2024","495","45 - 49 years","2","Female","30","Upper secondary and post-secondary non-tertiary education (Levels 3 and 4)","97227605-23D5-4B98-BDB8-3EB5D0682A5A","Southern","%","76.3"
"ALF01C01","Annual employment rate","2024","2024","495","45 - 49 years","2","Female","30","Upper secondary and post-secondary non-tertiary education (Levels 3 and 4)","C32761EB-7A21-4B95-8C7A-DB195C2955CE","Eastern and Midland","%","75.6"
"ALF01C01","Annual employment rate","2024","2024","495","45 - 49 years","2","Female","40","Tertiary education (Levels 5-8)","IE0","Ireland","%","86.9"
"ALF01C01","Annual employment rate","2024","2024","495","45 - 49 years","2","Female","40","Tertiary education (Levels 5-8)","811D29A4-1E05-4F4A-B61B-43DE64E07B29","Northern and Western","%","91.7"
"ALF01C01","Annual employment rate","2024","2024","495","45 - 49 years","2","Female","40","Tertiary education (Levels 5-8)","97227605-23D5-4B98-BDB8-3EB5D0682A5A","Southern","%","90.4"
"ALF01C01","Annual employment rate","2024","2024","495","45 - 49 years","2","Female","40","Tertiary education (Levels 5-8)","C32761EB-7A21-4B95-8C7A-DB195C2955CE","Eastern and Midland","%","83.1"
"ALF01C01","Annual employment rate","2024","2024","495","45 - 49 years","2","Female","99","Level of education - not stated","IE0","Ireland","%",""
"ALF01C01","Annual employment rate","2024","2024","495","45 - 49 years","2","Female","99","Level of education - not stated","811D29A4-1E05-4F4A-B61B-43DE64E07B29","Northern and Western","%",""
"ALF01C01","Annual employment rate","2024","2024","495","45 - 49 years","2","Female","99","Level of education - not stated","97227605-23D5-4B98-BDB8-3EB5D0682A5A","Southern","%",""
"ALF01C01","Annual employment rate","2024","2024","495","45 - 49 years","2","Female","99","Level of education - not stated","C32761EB-7A21-4B95-8C7A-DB195C2955CE","Eastern and Midland","%",""
"ALF01C01","Annual employment rate","2024","2024","515","50 - 54 years","-","Both sexes","-","Levels of Education (Levels  0-8)","IE0","Ireland","%","82.7"
"ALF01C01","Annual employment rate","2024","2024","515","50 - 54 years","-","Both sexes","-","Levels of Education (Levels  0-8)","811D29A4-1E05-4F4A-B61B-43DE64E07B29","Northern and Western","%","79.8"
"ALF01C01","Annual employment rate","2024","2024","515","50 - 54 years","-","Both sexes","-","Levels of Education (Levels  0-8)","97227605-23D5-4B98-BDB8-3EB5D0682A5A","Southern","%","80.5"
"ALF01C01","Annual employment rate","2024","2024","515","50 - 54 years","-","Both sexes","-","Levels of Education (Levels  0-8)","C32761EB-7A21-4B95-8C7A-DB195C2955CE","Eastern and Midland","%","85.2"
"ALF01C01","Annual employment rate","2024","2024","515","50 - 54 years","-","Both sexes","10","Less than primary (Level 0)","IE0","Ireland","%",""
"ALF01C01","Annual employment rate","2024","2024","515","50 - 54 years","-","Both sexes","10","Less than primary (Level 0)","811D29A4-1E05-4F4A-B61B-43DE64E07B29","Northern and Western","%",""
"ALF01C01","Annual employment rate","2024","2024","515","50 - 54 years","-","Both sexes","10","Less than primary (Level 0)","97227605-23D5-4B98-BDB8-3EB5D0682A5A","Southern","%",""
"ALF01C01","Annual employment rate","2024","2024","515","50 - 54 years","-","Both sexes","10","Less than primary (Level 0)","C32761EB-7A21-4B95-8C7A-DB195C2955CE","Eastern and Midland","%",""
"ALF01C01","Annual employment rate","2024","2024","515","50 - 54 years","-","Both sexes","20","Primary and lower secondary education (Levels 1-2)","IE0","Ireland","%","71.1"
"ALF01C01","Annual employment rate","2024","2024","515","50 - 54 years","-","Both sexes","20","Primary and lower secondary education (Levels 1-2)","811D29A4-1E05-4F4A-B61B-43DE64E07B29","Northern and Western","%",""
"ALF01C01","Annual employment rate","2024","2024","515","50 - 54 years","-","Both sexes","20","Primary and lower secondary education (Levels 1-2)","97227605-23D5-4B98-BDB8-3EB5D0682A5A","Southern","%","67.2"
"ALF01C01","Annual employment rate","2024","2024","515","50 - 54 years","-","Both sexes","20","Primary and lower secondary education (Levels 1-2)","C32761EB-7A21-4B95-8C7A-DB195C2955CE","Eastern and Midland","%","72"
"ALF01C01","Annual employment rate","2024","2024","515","50 - 54 years","-","Both sexes","30","Upper secondary and post-secondary non-tertiary education (Levels 3 and 4)","IE0","Ireland","%","77.5"
"ALF01C01","Annual employment rate","2024","2024","515","50 - 54 years","-","Both sexes","30","Upper secondary and post-secondary non-tertiary education (Levels 3 and 4)","811D29A4-1E05-4F4A-B61B-43DE64E07B29","Northern and Western","%","72.8"
"ALF01C01","Annual employment rate","2024","2024","515","50 - 54 years","-","Both sexes","30","Upper secondary and post-secondary non-tertiary education (Levels 3 and 4)","97227605-23D5-4B98-BDB8-3EB5D0682A5A","Southern","%","77.5"
"ALF01C01","Annual employment rate","2024","2024","515","50 - 54 years","-","Both sexes","30","Upper secondary and post-secondary non-tertiary education (Levels 3 and 4)","C32761EB-7A21-4B95-8C7A-DB195C2955CE","Eastern and Midland","%","79.3"
"ALF01C01","Annual employment rate","2024","2024","515","50 - 54 years","-","Both sexes","40","Tertiary education (Levels 5-8)","IE0","Ireland","%","89.3"
"ALF01C01","Annual employment rate","2024","2024","515","50 - 54 years","-","Both sexes","40","Tertiary education (Levels 5-8)","811D29A4-1E05-4F4A-B61B-43DE64E07B29","Northern and Western","%","86.2"
"ALF01C01","Annual employment rate","2024","2024","515","50 - 54 years","-","Both sexes","40","Tertiary education (Levels 5-8)","97227605-23D5-4B98-BDB8-3EB5D0682A5A","Southern","%","88.3"
"ALF01C01","Annual employment rate","2024","2024","515","50 - 54 years","-","Both sexes","40","Tertiary education (Levels 5-8)","C32761EB-7A21-4B95-8C7A-DB195C2955CE","Eastern and Midland","%","90.8"
"ALF01C01","Annual employment rate","2024","2024","515","50 - 54 years","-","Both sexes","99","Level of education - not stated","IE0","Ireland","%",""
"ALF01C01","Annual employment rate","2024","2024","515","50 - 54 years","-","Both sexes","99","Level of education - not stated","811D29A4-1E05-4F4A-B61B-43DE64E07B29","Northern and Western","%",""
"ALF01C01","Annual employment rate","2024","2024","515","50 - 54 years","-","Both sexes","99","Level of education - not stated","97227605-23D5-4B98-BDB8-3EB5D0682A5A","Southern","%",""
"ALF01C01","Annual employment rate","2024","2024","515","50 - 54 years","-","Both sexes","99","Level of education - not stated","C32761EB-7A21-4B95-8C7A-DB195C2955CE","Eastern and Midland","%",""
"ALF01C01","Annual employment rate","2024","2024","515","50 - 54 years","1","Male","-","Levels of Education (Levels  0-8)","IE0","Ireland","%","88"
"ALF01C01","Annual employment rate","2024","2024","515","50 - 54 years","1","Male","-","Levels of Education (Levels  0-8)","811D29A4-1E05-4F4A-B61B-43DE64E07B29","Northern and Western","%","84.6"
"ALF01C01","Annual employment rate","2024","2024","515","50 - 54 years","1","Male","-","Levels of Education (Levels  0-8)","97227605-23D5-4B98-BDB8-3EB5D0682A5A","Southern","%","88.2"
"ALF01C01","Annual employment rate","2024","2024","515","50 - 54 years","1","Male","-","Levels of Education (Levels  0-8)","C32761EB-7A21-4B95-8C7A-DB195C2955CE","Eastern and Midland","%","89.2"
"ALF01C01","Annual employment rate","2024","2024","515","50 - 54 years","1","Male","10","Less than primary (Level 0)","IE0","Ireland","%",""
"ALF01C01","Annual employment rate","2024","2024","515","50 - 54 years","1","Male","10","Less than primary (Level 0)","811D29A4-1E05-4F4A-B61B-43DE64E07B29","Northern and Western","%",""
"ALF01C01","Annual employment rate","2024","2024","515","50 - 54 years","1","Male","10","Less than primary (Level 0)","97227605-23D5-4B98-BDB8-3EB5D0682A5A","Southern","%",""
"ALF01C01","Annual employment rate","2024","2024","515","50 - 54 years","1","Male","10","Less than primary (Level 0)","C32761EB-7A21-4B95-8C7A-DB195C2955CE","Eastern and Midland","%",""
"ALF01C01","Annual employment rate","2024","2024","515","50 - 54 years","1","Male","20","Primary and lower secondary education (Levels 1-2)","IE0","Ireland","%","80.5"
"ALF01C01","Annual employment rate","2024","2024","515","50 - 54 years","1","Male","20","Primary and lower secondary education (Levels 1-2)","811D29A4-1E05-4F4A-B61B-43DE64E07B29","Northern and Western","%",""
"ALF01C01","Annual employment rate","2024","2024","515","50 - 54 years","1","Male","20","Primary and lower secondary education (Levels 1-2)","97227605-23D5-4B98-BDB8-3EB5D0682A5A","Southern","%","76.8"
"ALF01C01","Annual employment rate","2024","2024","515","50 - 54 years","1","Male","20","Primary and lower secondary education (Levels 1-2)","C32761EB-7A21-4B95-8C7A-DB195C2955CE","Eastern and Midland","%","79.6"
"ALF01C01","Annual employment rate","2024","2024","515","50 - 54 years","1","Male","30","Upper secondary and post-secondary non-tertiary education (Levels 3 and 4)","IE0","Ireland","%","83.1"
"ALF01C01","Annual employment rate","2024","2024","515","50 - 54 years","1","Male","30","Upper secondary and post-secondary non-tertiary education (Levels 3 and 4)","811D29A4-1E05-4F4A-B61B-43DE64E07B29","Northern and Western","%","73.2"
"ALF01C01","Annual employment rate","2024","2024","515","50 - 54 years","1","Male","30","Upper secondary and post-secondary non-tertiary education (Levels 3 and 4)","97227605-23D5-4B98-BDB8-3EB5D0682A5A","Southern","%","86.6"
"ALF01C01","Annual employment rate","2024","2024","515","50 - 54 years","1","Male","30","Upper secondary and post-secondary non-tertiary education (Levels 3 and 4)","C32761EB-7A21-4B95-8C7A-DB195C2955CE","Eastern and Midland","%","83.8"
"ALF01C01","Annual employment rate","2024","2024","515","50 - 54 years","1","Male","40","Tertiary education (Levels 5-8)","IE0","Ireland","%","94.4"
"ALF01C01","Annual employment rate","2024","2024","515","50 - 54 years","1","Male","40","Tertiary education (Levels 5-8)","811D29A4-1E05-4F4A-B61B-43DE64E07B29","Northern and Western","%","90.2"
"ALF01C01","Annual employment rate","2024","2024","515","50 - 54 years","1","Male","40","Tertiary education (Levels 5-8)","97227605-23D5-4B98-BDB8-3EB5D0682A5A","Southern","%","94.5"
"ALF01C01","Annual employment rate","2024","2024","515","50 - 54 years","1","Male","40","Tertiary education (Levels 5-8)","C32761EB-7A21-4B95-8C7A-DB195C2955CE","Eastern and Midland","%","95.5"
"ALF01C01","Annual employment rate","2024","2024","515","50 - 54 years","1","Male","99","Level of education - not stated","IE0","Ireland","%",""
"ALF01C01","Annual employment rate","2024","2024","515","50 - 54 years","1","Male","99","Level of education - not stated","811D29A4-1E05-4F4A-B61B-43DE64E07B29","Northern and Western","%",""
"ALF01C01","Annual employment rate","2024","2024","515","50 - 54 years","1","Male","99","Level of education - not stated","97227605-23D5-4B98-BDB8-3EB5D0682A5A","Southern","%",""
"ALF01C01","Annual employment rate","2024","2024","515","50 - 54 years","1","Male","99","Level of education - not stated","C32761EB-7A21-4B95-8C7A-DB195C2955CE","Eastern and Midland","%",""
"ALF01C01","Annual employment rate","2024","2024","515","50 - 54 years","2","Female","-","Levels of Education (Levels  0-8)","IE0","Ireland","%","77.4"
"ALF01C01","Annual employment rate","2024","2024","515","50 - 54 years","2","Female","-","Levels of Education (Levels  0-8)","811D29A4-1E05-4F4A-B61B-43DE64E07B29","Northern and Western","%","75.1"
"ALF01C01","Annual employment rate","2024","2024","515","50 - 54 years","2","Female","-","Levels of Education (Levels  0-8)","97227605-23D5-4B98-BDB8-3EB5D0682A5A","Southern","%","73"
"ALF01C01","Annual employment rate","2024","2024","515","50 - 54 years","2","Female","-","Levels of Education (Levels  0-8)","C32761EB-7A21-4B95-8C7A-DB195C2955CE","Eastern and Midland","%","81.3"
"ALF01C01","Annual employment rate","2024","2024","515","50 - 54 years","2","Female","10","Less than primary (Level 0)","IE0","Ireland","%",""
"ALF01C01","Annual employment rate","2024","2024","515","50 - 54 years","2","Female","10","Less than primary (Level 0)","811D29A4-1E05-4F4A-B61B-43DE64E07B29","Northern and Western","%",""
"ALF01C01","Annual employment rate","2024","2024","515","50 - 54 years","2","Female","10","Less than primary (Level 0)","97227605-23D5-4B98-BDB8-3EB5D0682A5A","Southern","%",""
"ALF01C01","Annual employment rate","2024","2024","515","50 - 54 years","2","Female","10","Less than primary (Level 0)","C32761EB-7A21-4B95-8C7A-DB195C2955CE","Eastern and Midland","%",""
"ALF01C01","Annual employment rate","2024","2024","515","50 - 54 years","2","Female","20","Primary and lower secondary education (Levels 1-2)","IE0","Ireland","%","53.7"
"ALF01C01","Annual employment rate","2024","2024","515","50 - 54 years","2","Female","20","Primary and lower secondary education (Levels 1-2)","811D29A4-1E05-4F4A-B61B-43DE64E07B29","Northern and Western","%",""
"ALF01C01","Annual employment rate","2024","2024","515","50 - 54 years","2","Female","20","Primary and lower secondary education (Levels 1-2)","97227605-23D5-4B98-BDB8-3EB5D0682A5A","Southern","%",""
"ALF01C01","Annual employment rate","2024","2024","515","50 - 54 years","2","Female","20","Primary and lower secondary education (Levels 1-2)","C32761EB-7A21-4B95-8C7A-DB195C2955CE","Eastern and Midland","%",""
"ALF01C01","Annual employment rate","2024","2024","515","50 - 54 years","2","Female","30","Upper secondary and post-secondary non-tertiary education (Levels 3 and 4)","IE0","Ireland","%","71.6"
"ALF01C01","Annual employment rate","2024","2024","515","50 - 54 years","2","Female","30","Upper secondary and post-secondary non-tertiary education (Levels 3 and 4)","811D29A4-1E05-4F4A-B61B-43DE64E07B29","Northern and Western","%","72.5"
"ALF01C01","Annual employment rate","2024","2024","515","50 - 54 years","2","Female","30","Upper secondary and post-secondary non-tertiary education (Levels 3 and 4)","97227605-23D5-4B98-BDB8-3EB5D0682A5A","Southern","%","67.7"
"ALF01C01","Annual employment rate","2024","2024","515","50 - 54 years","2","Female","30","Upper secondary and post-secondary non-tertiary education (Levels 3 and 4)","C32761EB-7A21-4B95-8C7A-DB195C2955CE","Eastern and Midland","%","74.5"
"ALF01C01","Annual employment rate","2024","2024","515","50 - 54 years","2","Female","40","Tertiary education (Levels 5-8)","IE0","Ireland","%","85"
"ALF01C01","Annual employment rate","2024","2024","515","50 - 54 years","2","Female","40","Tertiary education (Levels 5-8)","811D29A4-1E05-4F4A-B61B-43DE64E07B29","Northern and Western","%","82.7"
"ALF01C01","Annual employment rate","2024","2024","515","50 - 54 years","2","Female","40","Tertiary education (Levels 5-8)","97227605-23D5-4B98-BDB8-3EB5D0682A5A","Southern","%","83.2"
"ALF01C01","Annual employment rate","2024","2024","515","50 - 54 years","2","Female","40","Tertiary education (Levels 5-8)","C32761EB-7A21-4B95-8C7A-DB195C2955CE","Eastern and Midland","%","86.8"
"ALF01C01","Annual employment rate","2024","2024","515","50 - 54 years","2","Female","99","Level of education - not stated","IE0","Ireland","%",""
"ALF01C01","Annual employment rate","2024","2024","515","50 - 54 years","2","Female","99","Level of education - not stated","811D29A4-1E05-4F4A-B61B-43DE64E07B29","Northern and Western","%",""
"ALF01C01","Annual employment rate","2024","2024","515","50 - 54 years","2","Female","99","Level of education - not stated","97227605-23D5-4B98-BDB8-3EB5D0682A5A","Southern","%",""
"ALF01C01","Annual employment rate","2024","2024","515","50 - 54 years","2","Female","99","Level of education - not stated","C32761EB-7A21-4B95-8C7A-DB195C2955CE","Eastern and Midland","%",""
"ALF01C01","Annual employment rate","2024","2024","530","55 - 59 years","-","Both sexes","-","Levels of Education (Levels  0-8)","IE0","Ireland","%","76.2"
"ALF01C01","Annual employment rate","2024","2024","530","55 - 59 years","-","Both sexes","-","Levels of Education (Levels  0-8)","811D29A4-1E05-4F4A-B61B-43DE64E07B29","Northern and Western","%","75.6"
"ALF01C01","Annual employment rate","2024","2024","530","55 - 59 years","-","Both sexes","-","Levels of Education (Levels  0-8)","97227605-23D5-4B98-BDB8-3EB5D0682A5A","Southern","%","76.4"
"ALF01C01","Annual employment rate","2024","2024","530","55 - 59 years","-","Both sexes","-","Levels of Education (Levels  0-8)","C32761EB-7A21-4B95-8C7A-DB195C2955CE","Eastern and Midland","%","76.2"
"ALF01C01","Annual employment rate","2024","2024","530","55 - 59 years","-","Both sexes","10","Less than primary (Level 0)","IE0","Ireland","%",""
"ALF01C01","Annual employment rate","2024","2024","530","55 - 59 years","-","Both sexes","10","Less than primary (Level 0)","811D29A4-1E05-4F4A-B61B-43DE64E07B29","Northern and Western","%",""
"ALF01C01","Annual employment rate","2024","2024","530","55 - 59 years","-","Both sexes","10","Less than primary (Level 0)","97227605-23D5-4B98-BDB8-3EB5D0682A5A","Southern","%",""
"ALF01C01","Annual employment rate","2024","2024","530","55 - 59 years","-","Both sexes","10","Less than primary (Level 0)","C32761EB-7A21-4B95-8C7A-DB195C2955CE","Eastern and Midland","%",""
"ALF01C01","Annual employment rate","2024","2024","530","55 - 59 years","-","Both sexes","20","Primary and lower secondary education (Levels 1-2)","IE0","Ireland","%","56.1"
"ALF01C01","Annual employment rate","2024","2024","530","55 - 59 years","-","Both sexes","20","Primary and lower secondary education (Levels 1-2)","811D29A4-1E05-4F4A-B61B-43DE64E07B29","Northern and Western","%","58.1"
"ALF01C01","Annual employment rate","2024","2024","530","55 - 59 years","-","Both sexes","20","Primary and lower secondary education (Levels 1-2)","97227605-23D5-4B98-BDB8-3EB5D0682A5A","Southern","%","58.4"
"ALF01C01","Annual employment rate","2024","2024","530","55 - 59 years","-","Both sexes","20","Primary and lower secondary education (Levels 1-2)","C32761EB-7A21-4B95-8C7A-DB195C2955CE","Eastern and Midland","%","53.6"
"ALF01C01","Annual employment rate","2024","2024","530","55 - 59 years","-","Both sexes","30","Upper secondary and post-secondary non-tertiary education (Levels 3 and 4)","IE0","Ireland","%","75.9"
"ALF01C01","Annual employment rate","2024","2024","530","55 - 59 years","-","Both sexes","30","Upper secondary and post-secondary non-tertiary education (Levels 3 and 4)","811D29A4-1E05-4F4A-B61B-43DE64E07B29","Northern and Western","%","74.1"
"ALF01C01","Annual employment rate","2024","2024","530","55 - 59 years","-","Both sexes","30","Upper secondary and post-secondary non-tertiary education (Levels 3 and 4)","97227605-23D5-4B98-BDB8-3EB5D0682A5A","Southern","%","76.8"
"ALF01C01","Annual employment rate","2024","2024","530","55 - 59 years","-","Both sexes","30","Upper secondary and post-secondary non-tertiary education (Levels 3 and 4)","C32761EB-7A21-4B95-8C7A-DB195C2955CE","Eastern and Midland","%","75.8"
"ALF01C01","Annual employment rate","2024","2024","530","55 - 59 years","-","Both sexes","40","Tertiary education (Levels 5-8)","IE0","Ireland","%","85.3"
"ALF01C01","Annual employment rate","2024","2024","530","55 - 59 years","-","Both sexes","40","Tertiary education (Levels 5-8)","811D29A4-1E05-4F4A-B61B-43DE64E07B29","Northern and Western","%","86.1"
"ALF01C01","Annual employment rate","2024","2024","530","55 - 59 years","-","Both sexes","40","Tertiary education (Levels 5-8)","97227605-23D5-4B98-BDB8-3EB5D0682A5A","Southern","%","83.3"
"ALF01C01","Annual employment rate","2024","2024","530","55 - 59 years","-","Both sexes","40","Tertiary education (Levels 5-8)","C32761EB-7A21-4B95-8C7A-DB195C2955CE","Eastern and Midland","%","86.3"
"ALF01C01","Annual employment rate","2024","2024","530","55 - 59 years","-","Both sexes","99","Level of education - not stated","IE0","Ireland","%",""
"ALF01C01","Annual employment rate","2024","2024","530","55 - 59 years","-","Both sexes","99","Level of education - not stated","811D29A4-1E05-4F4A-B61B-43DE64E07B29","Northern and Western","%",""
"ALF01C01","Annual employment rate","2024","2024","530","55 - 59 years","-","Both sexes","99","Level of education - not stated","97227605-23D5-4B98-BDB8-3EB5D0682A5A","Southern","%",""
"ALF01C01","Annual employment rate","2024","2024","530","55 - 59 years","-","Both sexes","99","Level of education - not stated","C32761EB-7A21-4B95-8C7A-DB195C2955CE","Eastern and Midland","%",""
"ALF01C01","Annual employment rate","2024","2024","530","55 - 59 years","1","Male","-","Levels of Education (Levels  0-8)","IE0","Ireland","%","81.7"
"ALF01C01","Annual employment rate","2024","2024","530","55 - 59 years","1","Male","-","Levels of Education (Levels  0-8)","811D29A4-1E05-4F4A-B61B-43DE64E07B29","Northern and Western","%","74"
"ALF01C01","Annual employment rate","2024","2024","530","55 - 59 years","1","Male","-","Levels of Education (Levels  0-8)","97227605-23D5-4B98-BDB8-3EB5D0682A5A","Southern","%","82.4"
"ALF01C01","Annual employment rate","2024","2024","530","55 - 59 years","1","Male","-","Levels of Education (Levels  0-8)","C32761EB-7A21-4B95-8C7A-DB195C2955CE","Eastern and Midland","%","84.3"
"ALF01C01","Annual employment rate","2024","2024","530","55 - 59 years","1","Male","10","Less than primary (Level 0)","IE0","Ireland","%",""
"ALF01C01","Annual employment rate","2024","2024","530","55 - 59 years","1","Male","10","Less than primary (Level 0)","811D29A4-1E05-4F4A-B61B-43DE64E07B29","Northern and Western","%",""
"ALF01C01","Annual employment rate","2024","2024","530","55 - 59 years","1","Male","10","Less than primary (Level 0)","97227605-23D5-4B98-BDB8-3EB5D0682A5A","Southern","%",""
"ALF01C01","Annual employment rate","2024","2024","530","55 - 59 years","1","Male","10","Less than primary (Level 0)","C32761EB-7A21-4B95-8C7A-DB195C2955CE","Eastern and Midland","%",""
"ALF01C01","Annual employment rate","2024","2024","530","55 - 59 years","1","Male","20","Primary and lower secondary education (Levels 1-2)","IE0","Ireland","%","69.2"
"ALF01C01","Annual employment rate","2024","2024","530","55 - 59 years","1","Male","20","Primary and lower secondary education (Levels 1-2)","811D29A4-1E05-4F4A-B61B-43DE64E07B29","Northern and Western","%",""
"ALF01C01","Annual employment rate","2024","2024","530","55 - 59 years","1","Male","20","Primary and lower secondary education (Levels 1-2)","97227605-23D5-4B98-BDB8-3EB5D0682A5A","Southern","%","74"
"ALF01C01","Annual employment rate","2024","2024","530","55 - 59 years","1","Male","20","Primary and lower secondary education (Levels 1-2)","C32761EB-7A21-4B95-8C7A-DB195C2955CE","Eastern and Midland","%","71"
"ALF01C01","Annual employment rate","2024","2024","530","55 - 59 years","1","Male","30","Upper secondary and post-secondary non-tertiary education (Levels 3 and 4)","IE0","Ireland","%","85.1"
"ALF01C01","Annual employment rate","2024","2024","530","55 - 59 years","1","Male","30","Upper secondary and post-secondary non-tertiary education (Levels 3 and 4)","811D29A4-1E05-4F4A-B61B-43DE64E07B29","Northern and Western","%","77.9"
"ALF01C01","Annual employment rate","2024","2024","530","55 - 59 years","1","Male","30","Upper secondary and post-secondary non-tertiary education (Levels 3 and 4)","97227605-23D5-4B98-BDB8-3EB5D0682A5A","Southern","%","83.9"
"ALF01C01","Annual employment rate","2024","2024","530","55 - 59 years","1","Male","30","Upper secondary and post-secondary non-tertiary education (Levels 3 and 4)","C32761EB-7A21-4B95-8C7A-DB195C2955CE","Eastern and Midland","%","88.7"
"ALF01C01","Annual employment rate","2024","2024","530","55 - 59 years","1","Male","40","Tertiary education (Levels 5-8)","IE0","Ireland","%","86.4"
"ALF01C01","Annual employment rate","2024","2024","530","55 - 59 years","1","Male","40","Tertiary education (Levels 5-8)","811D29A4-1E05-4F4A-B61B-43DE64E07B29","Northern and Western","%","81.9"
"ALF01C01","Annual employment rate","2024","2024","530","55 - 59 years","1","Male","40","Tertiary education (Levels 5-8)","97227605-23D5-4B98-BDB8-3EB5D0682A5A","Southern","%","86.2"
"ALF01C01","Annual employment rate","2024","2024","530","55 - 59 years","1","Male","40","Tertiary education (Levels 5-8)","C32761EB-7A21-4B95-8C7A-DB195C2955CE","Eastern and Midland","%","88"
"ALF01C01","Annual employment rate","2024","2024","530","55 - 59 years","1","Male","99","Level of education - not stated","IE0","Ireland","%",""
"ALF01C01","Annual employment rate","2024","2024","530","55 - 59 years","1","Male","99","Level of education - not stated","811D29A4-1E05-4F4A-B61B-43DE64E07B29","Northern and Western","%",""
"ALF01C01","Annual employment rate","2024","2024","530","55 - 59 years","1","Male","99","Level of education - not stated","97227605-23D5-4B98-BDB8-3EB5D0682A5A","Southern","%",""
"ALF01C01","Annual employment rate","2024","2024","530","55 - 59 years","1","Male","99","Level of education - not stated","C32761EB-7A21-4B95-8C7A-DB195C2955CE","Eastern and Midland","%",""
"ALF01C01","Annual employment rate","2024","2024","530","55 - 59 years","2","Female","-","Levels of Education (Levels  0-8)","IE0","Ireland","%","70.7"
"ALF01C01","Annual employment rate","2024","2024","530","55 - 59 years","2","Female","-","Levels of Education (Levels  0-8)","811D29A4-1E05-4F4A-B61B-43DE64E07B29","Northern and Western","%","77.3"
"ALF01C01","Annual employment rate","2024","2024","530","55 - 59 years","2","Female","-","Levels of Education (Levels  0-8)","97227605-23D5-4B98-BDB8-3EB5D0682A5A","Southern","%","70.5"
"ALF01C01","Annual employment rate","2024","2024","530","55 - 59 years","2","Female","-","Levels of Education (Levels  0-8)","C32761EB-7A21-4B95-8C7A-DB195C2955CE","Eastern and Midland","%","68.4"
"ALF01C01","Annual employment rate","2024","2024","530","55 - 59 years","2","Female","10","Less than primary (Level 0)","IE0","Ireland","%",""
"ALF01C01","Annual employment rate","2024","2024","530","55 - 59 years","2","Female","10","Less than primary (Level 0)","811D29A4-1E05-4F4A-B61B-43DE64E07B29","Northern and Western","%",""
"ALF01C01","Annual employment rate","2024","2024","530","55 - 59 years","2","Female","10","Less than primary (Level 0)","97227605-23D5-4B98-BDB8-3EB5D0682A5A","Southern","%",""
"ALF01C01","Annual employment rate","2024","2024","530","55 - 59 years","2","Female","10","Less than primary (Level 0)","C32761EB-7A21-4B95-8C7A-DB195C2955CE","Eastern and Midland","%",""
"ALF01C01","Annual employment rate","2024","2024","530","55 - 59 years","2","Female","20","Primary and lower secondary education (Levels 1-2)","IE0","Ireland","%","38.8"
"ALF01C01","Annual employment rate","2024","2024","530","55 - 59 years","2","Female","20","Primary and lower secondary education (Levels 1-2)","811D29A4-1E05-4F4A-B61B-43DE64E07B29","Northern and Western","%",""
"ALF01C01","Annual employment rate","2024","2024","530","55 - 59 years","2","Female","20","Primary and lower secondary education (Levels 1-2)","97227605-23D5-4B98-BDB8-3EB5D0682A5A","Southern","%",""
"ALF01C01","Annual employment rate","2024","2024","530","55 - 59 years","2","Female","20","Primary and lower secondary education (Levels 1-2)","C32761EB-7A21-4B95-8C7A-DB195C2955CE","Eastern and Midland","%",""
"ALF01C01","Annual employment rate","2024","2024","530","55 - 59 years","2","Female","30","Upper secondary and post-secondary non-tertiary education (Levels 3 and 4)","IE0","Ireland","%","66.9"
"ALF01C01","Annual employment rate","2024","2024","530","55 - 59 years","2","Female","30","Upper secondary and post-secondary non-tertiary education (Levels 3 and 4)","811D29A4-1E05-4F4A-B61B-43DE64E07B29","Northern and Western","%","70.6"
"ALF01C01","Annual employment rate","2024","2024","530","55 - 59 years","2","Female","30","Upper secondary and post-secondary non-tertiary education (Levels 3 and 4)","97227605-23D5-4B98-BDB8-3EB5D0682A5A","Southern","%","70"
"ALF01C01","Annual employment rate","2024","2024","530","55 - 59 years","2","Female","30","Upper secondary and post-secondary non-tertiary education (Levels 3 and 4)","C32761EB-7A21-4B95-8C7A-DB195C2955CE","Eastern and Midland","%","62.7"
"ALF01C01","Annual employment rate","2024","2024","530","55 - 59 years","2","Female","40","Tertiary education (Levels 5-8)","IE0","Ireland","%","84.3"
"ALF01C01","Annual employment rate","2024","2024","530","55 - 59 years","2","Female","40","Tertiary education (Levels 5-8)","811D29A4-1E05-4F4A-B61B-43DE64E07B29","Northern and Western","%","89.1"
"ALF01C01","Annual employment rate","2024","2024","530","55 - 59 years","2","Female","40","Tertiary education (Levels 5-8)","97227605-23D5-4B98-BDB8-3EB5D0682A5A","Southern","%","80.8"
"ALF01C01","Annual employment rate","2024","2024","530","55 - 59 years","2","Female","40","Tertiary education (Levels 5-8)","C32761EB-7A21-4B95-8C7A-DB195C2955CE","Eastern and Midland","%","84.8"
"ALF01C01","Annual employment rate","2024","2024","530","55 - 59 years","2","Female","99","Level of education - not stated","IE0","Ireland","%",""
"ALF01C01","Annual employment rate","2024","2024","530","55 - 59 years","2","Female","99","Level of education - not stated","811D29A4-1E05-4F4A-B61B-43DE64E07B29","Northern and Western","%",""
"ALF01C01","Annual employment rate","2024","2024","530","55 - 59 years","2","Female","99","Level of education - not stated","97227605-23D5-4B98-BDB8-3EB5D0682A5A","Southern","%",""
"ALF01C01","Annual employment rate","2024","2024","530","55 - 59 years","2","Female","99","Level of education - not stated","C32761EB-7A21-4B95-8C7A-DB195C2955CE","Eastern and Midland","%",""
"ALF01C01","Annual employment rate","2024","2024","550","60 - 64 years","-","Both sexes","-","Levels of Education (Levels  0-8)","IE0","Ireland","%","59.3"
"ALF01C01","Annual employment rate","2024","2024","550","60 - 64 years","-","Both sexes","-","Levels of Education (Levels  0-8)","811D29A4-1E05-4F4A-B61B-43DE64E07B29","Northern and Western","%","61"
"ALF01C01","Annual employment rate","2024","2024","550","60 - 64 years","-","Both sexes","-","Levels of Education (Levels  0-8)","97227605-23D5-4B98-BDB8-3EB5D0682A5A","Southern","%","56.2"
"ALF01C01","Annual employment rate","2024","2024","550","60 - 64 years","-","Both sexes","-","Levels of Education (Levels  0-8)","C32761EB-7A21-4B95-8C7A-DB195C2955CE","Eastern and Midland","%","61"
"ALF01C01","Annual employment rate","2024","2024","550","60 - 64 years","-","Both sexes","10","Less than primary (Level 0)","IE0","Ireland","%",""
"ALF01C01","Annual employment rate","2024","2024","550","60 - 64 years","-","Both sexes","10","Less than primary (Level 0)","811D29A4-1E05-4F4A-B61B-43DE64E07B29","Northern and Western","%",""
"ALF01C01","Annual employment rate","2024","2024","550","60 - 64 years","-","Both sexes","10","Less than primary (Level 0)","97227605-23D5-4B98-BDB8-3EB5D0682A5A","Southern","%",""
"ALF01C01","Annual employment rate","2024","2024","550","60 - 64 years","-","Both sexes","10","Less than primary (Level 0)","C32761EB-7A21-4B95-8C7A-DB195C2955CE","Eastern and Midland","%",""
"ALF01C01","Annual employment rate","2024","2024","550","60 - 64 years","-","Both sexes","20","Primary and lower secondary education (Levels 1-2)","IE0","Ireland","%","49.4"
"ALF01C01","Annual employment rate","2024","2024","550","60 - 64 years","-","Both sexes","20","Primary and lower secondary education (Levels 1-2)","811D29A4-1E05-4F4A-B61B-43DE64E07B29","Northern and Western","%",""
"ALF01C01","Annual employment rate","2024","2024","550","60 - 64 years","-","Both sexes","20","Primary and lower secondary education (Levels 1-2)","97227605-23D5-4B98-BDB8-3EB5D0682A5A","Southern","%","45.2"
"ALF01C01","Annual employment rate","2024","2024","550","60 - 64 years","-","Both sexes","20","Primary and lower secondary education (Levels 1-2)","C32761EB-7A21-4B95-8C7A-DB195C2955CE","Eastern and Midland","%","53.9"
"ALF01C01","Annual employment rate","2024","2024","550","60 - 64 years","-","Both sexes","30","Upper secondary and post-secondary non-tertiary education (Levels 3 and 4)","IE0","Ireland","%","60.3"
"ALF01C01","Annual employment rate","2024","2024","550","60 - 64 years","-","Both sexes","30","Upper secondary and post-secondary non-tertiary education (Levels 3 and 4)","811D29A4-1E05-4F4A-B61B-43DE64E07B29","Northern and Western","%","65.5"
"ALF01C01","Annual employment rate","2024","2024","550","60 - 64 years","-","Both sexes","30","Upper secondary and post-secondary non-tertiary education (Levels 3 and 4)","97227605-23D5-4B98-BDB8-3EB5D0682A5A","Southern","%","58.9"
"ALF01C01","Annual employment rate","2024","2024","550","60 - 64 years","-","Both sexes","30","Upper secondary and post-secondary non-tertiary education (Levels 3 and 4)","C32761EB-7A21-4B95-8C7A-DB195C2955CE","Eastern and Midland","%","58.9"
"ALF01C01","Annual employment rate","2024","2024","550","60 - 64 years","-","Both sexes","40","Tertiary education (Levels 5-8)","IE0","Ireland","%","65"
"ALF01C01","Annual employment rate","2024","2024","550","60 - 64 years","-","Both sexes","40","Tertiary education (Levels 5-8)","811D29A4-1E05-4F4A-B61B-43DE64E07B29","Northern and Western","%","64.7"
"ALF01C01","Annual employment rate","2024","2024","550","60 - 64 years","-","Both sexes","40","Tertiary education (Levels 5-8)","97227605-23D5-4B98-BDB8-3EB5D0682A5A","Southern","%","61.6"
"ALF01C01","Annual employment rate","2024","2024","550","60 - 64 years","-","Both sexes","40","Tertiary education (Levels 5-8)","C32761EB-7A21-4B95-8C7A-DB195C2955CE","Eastern and Midland","%","67.2"
"ALF01C01","Annual employment rate","2024","2024","550","60 - 64 years","-","Both sexes","99","Level of education - not stated","IE0","Ireland","%",""
"ALF01C01","Annual employment rate","2024","2024","550","60 - 64 years","-","Both sexes","99","Level of education - not stated","811D29A4-1E05-4F4A-B61B-43DE64E07B29","Northern and Western","%",""
"ALF01C01","Annual employment rate","2024","2024","550","60 - 64 years","-","Both sexes","99","Level of education - not stated","97227605-23D5-4B98-BDB8-3EB5D0682A5A","Southern","%",""
"ALF01C01","Annual employment rate","2024","2024","550","60 - 64 years","-","Both sexes","99","Level of education - not stated","C32761EB-7A21-4B95-8C7A-DB195C2955CE","Eastern and Midland","%",""
"ALF01C01","Annual employment rate","2024","2024","550","60 - 64 years","1","Male","-","Levels of Education (Levels  0-8)","IE0","Ireland","%","67.3"
"ALF01C01","Annual employment rate","2024","2024","550","60 - 64 years","1","Male","-","Levels of Education (Levels  0-8)","811D29A4-1E05-4F4A-B61B-43DE64E07B29","Northern and Western","%","74.5"
"ALF01C01","Annual employment rate","2024","2024","550","60 - 64 years","1","Male","-","Levels of Education (Levels  0-8)","97227605-23D5-4B98-BDB8-3EB5D0682A5A","Southern","%","62.7"
"ALF01C01","Annual employment rate","2024","2024","550","60 - 64 years","1","Male","-","Levels of Education (Levels  0-8)","C32761EB-7A21-4B95-8C7A-DB195C2955CE","Eastern and Midland","%","67.8"
"ALF01C01","Annual employment rate","2024","2024","550","60 - 64 years","1","Male","10","Less than primary (Level 0)","IE0","Ireland","%",""
"ALF01C01","Annual employment rate","2024","2024","550","60 - 64 years","1","Male","10","Less than primary (Level 0)","811D29A4-1E05-4F4A-B61B-43DE64E07B29","Northern and Western","%",""
"ALF01C01","Annual employment rate","2024","2024","550","60 - 64 years","1","Male","10","Less than primary (Level 0)","97227605-23D5-4B98-BDB8-3EB5D0682A5A","Southern","%",""
"ALF01C01","Annual employment rate","2024","2024","550","60 - 64 years","1","Male","10","Less than primary (Level 0)","C32761EB-7A21-4B95-8C7A-DB195C2955CE","Eastern and Midland","%",""
"ALF01C01","Annual employment rate","2024","2024","550","60 - 64 years","1","Male","20","Primary and lower secondary education (Levels 1-2)","IE0","Ireland","%","58.7"
"ALF01C01","Annual employment rate","2024","2024","550","60 - 64 years","1","Male","20","Primary and lower secondary education (Levels 1-2)","811D29A4-1E05-4F4A-B61B-43DE64E07B29","Northern and Western","%",""
"ALF01C01","Annual employment rate","2024","2024","550","60 - 64 years","1","Male","20","Primary and lower secondary education (Levels 1-2)","97227605-23D5-4B98-BDB8-3EB5D0682A5A","Southern","%","52.2"
"ALF01C01","Annual employment rate","2024","2024","550","60 - 64 years","1","Male","20","Primary and lower secondary education (Levels 1-2)","C32761EB-7A21-4B95-8C7A-DB195C2955CE","Eastern and Midland","%","68.2"
"ALF01C01","Annual employment rate","2024","2024","550","60 - 64 years","1","Male","30","Upper secondary and post-secondary non-tertiary education (Levels 3 and 4)","IE0","Ireland","%","72.6"
"ALF01C01","Annual employment rate","2024","2024","550","60 - 64 years","1","Male","30","Upper secondary and post-secondary non-tertiary education (Levels 3 and 4)","811D29A4-1E05-4F4A-B61B-43DE64E07B29","Northern and Western","%","84.4"
"ALF01C01","Annual employment rate","2024","2024","550","60 - 64 years","1","Male","30","Upper secondary and post-secondary non-tertiary education (Levels 3 and 4)","97227605-23D5-4B98-BDB8-3EB5D0682A5A","Southern","%","67.7"
"ALF01C01","Annual employment rate","2024","2024","550","60 - 64 years","1","Male","30","Upper secondary and post-secondary non-tertiary education (Levels 3 and 4)","C32761EB-7A21-4B95-8C7A-DB195C2955CE","Eastern and Midland","%","70.4"
"ALF01C01","Annual employment rate","2024","2024","550","60 - 64 years","1","Male","40","Tertiary education (Levels 5-8)","IE0","Ireland","%","70.3"
"ALF01C01","Annual employment rate","2024","2024","550","60 - 64 years","1","Male","40","Tertiary education (Levels 5-8)","811D29A4-1E05-4F4A-B61B-43DE64E07B29","Northern and Western","%","86.2"
"ALF01C01","Annual employment rate","2024","2024","550","60 - 64 years","1","Male","40","Tertiary education (Levels 5-8)","97227605-23D5-4B98-BDB8-3EB5D0682A5A","Southern","%","67.5"
"ALF01C01","Annual employment rate","2024","2024","550","60 - 64 years","1","Male","40","Tertiary education (Levels 5-8)","C32761EB-7A21-4B95-8C7A-DB195C2955CE","Eastern and Midland","%","67.3"
"ALF01C01","Annual employment rate","2024","2024","550","60 - 64 years","1","Male","99","Level of education - not stated","IE0","Ireland","%",""
"ALF01C01","Annual employment rate","2024","2024","550","60 - 64 years","1","Male","99","Level of education - not stated","811D29A4-1E05-4F4A-B61B-43DE64E07B29","Northern and Western","%",""
"ALF01C01","Annual employment rate","2024","2024","550","60 - 64 years","1","Male","99","Level of education - not stated","97227605-23D5-4B98-BDB8-3EB5D0682A5A","Southern","%",""
"ALF01C01","Annual employment rate","2024","2024","550","60 - 64 years","1","Male","99","Level of education - not stated","C32761EB-7A21-4B95-8C7A-DB195C2955CE","Eastern and Midland","%",""
"ALF01C01","Annual employment rate","2024","2024","550","60 - 64 years","2","Female","-","Levels of Education (Levels  0-8)","IE0","Ireland","%","51.6"
"ALF01C01","Annual employment rate","2024","2024","550","60 - 64 years","2","Female","-","Levels of Education (Levels  0-8)","811D29A4-1E05-4F4A-B61B-43DE64E07B29","Northern and Western","%","47.8"
"ALF01C01","Annual employment rate","2024","2024","550","60 - 64 years","2","Female","-","Levels of Education (Levels  0-8)","97227605-23D5-4B98-BDB8-3EB5D0682A5A","Southern","%","49.9"
"ALF01C01","Annual employment rate","2024","2024","550","60 - 64 years","2","Female","-","Levels of Education (Levels  0-8)","C32761EB-7A21-4B95-8C7A-DB195C2955CE","Eastern and Midland","%","54.5"
"ALF01C01","Annual employment rate","2024","2024","550","60 - 64 years","2","Female","10","Less than primary (Level 0)","IE0","Ireland","%",""
"ALF01C01","Annual employment rate","2024","2024","550","60 - 64 years","2","Female","10","Less than primary (Level 0)","811D29A4-1E05-4F4A-B61B-43DE64E07B29","Northern and Western","%",""
"ALF01C01","Annual employment rate","2024","2024","550","60 - 64 years","2","Female","10","Less than primary (Level 0)","97227605-23D5-4B98-BDB8-3EB5D0682A5A","Southern","%",""
"ALF01C01","Annual employment rate","2024","2024","550","60 - 64 years","2","Female","10","Less than primary (Level 0)","C32761EB-7A21-4B95-8C7A-DB195C2955CE","Eastern and Midland","%",""
"ALF01C01","Annual employment rate","2024","2024","550","60 - 64 years","2","Female","20","Primary and lower secondary education (Levels 1-2)","IE0","Ireland","%","35.7"
"ALF01C01","Annual employment rate","2024","2024","550","60 - 64 years","2","Female","20","Primary and lower secondary education (Levels 1-2)","811D29A4-1E05-4F4A-B61B-43DE64E07B29","Northern and Western","%",""
"ALF01C01","Annual employment rate","2024","2024","550","60 - 64 years","2","Female","20","Primary and lower secondary education (Levels 1-2)","97227605-23D5-4B98-BDB8-3EB5D0682A5A","Southern","%",""
"ALF01C01","Annual employment rate","2024","2024","550","60 - 64 years","2","Female","20","Primary and lower secondary education (Levels 1-2)","C32761EB-7A21-4B95-8C7A-DB195C2955CE","Eastern and Midland","%",""
"ALF01C01","Annual employment rate","2024","2024","550","60 - 64 years","2","Female","30","Upper secondary and post-secondary non-tertiary education (Levels 3 and 4)","IE0","Ireland","%","50.5"
"ALF01C01","Annual employment rate","2024","2024","550","60 - 64 years","2","Female","30","Upper secondary and post-secondary non-tertiary education (Levels 3 and 4)","811D29A4-1E05-4F4A-B61B-43DE64E07B29","Northern and Western","%",""
"ALF01C01","Annual employment rate","2024","2024","550","60 - 64 years","2","Female","30","Upper secondary and post-secondary non-tertiary education (Levels 3 and 4)","97227605-23D5-4B98-BDB8-3EB5D0682A5A","Southern","%","52.4"
"ALF01C01","Annual employment rate","2024","2024","550","60 - 64 years","2","Female","30","Upper secondary and post-secondary non-tertiary education (Levels 3 and 4)","C32761EB-7A21-4B95-8C7A-DB195C2955CE","Eastern and Midland","%","49.7"
"ALF01C01","Annual employment rate","2024","2024","550","60 - 64 years","2","Female","40","Tertiary education (Levels 5-8)","IE0","Ireland","%","60.6"
"ALF01C01","Annual employment rate","2024","2024","550","60 - 64 years","2","Female","40","Tertiary education (Levels 5-8)","811D29A4-1E05-4F4A-B61B-43DE64E07B29","Northern and Western","%",""
"ALF01C01","Annual employment rate","2024","2024","550","60 - 64 years","2","Female","40","Tertiary education (Levels 5-8)","97227605-23D5-4B98-BDB8-3EB5D0682A5A","Southern","%","56.3"
"ALF01C01","Annual employment rate","2024","2024","550","60 - 64 years","2","Female","40","Tertiary education (Levels 5-8)","C32761EB-7A21-4B95-8C7A-DB195C2955CE","Eastern and Midland","%","67.2"
"ALF01C01","Annual employment rate","2024","2024","550","60 - 64 years","2","Female","99","Level of education - not stated","IE0","Ireland","%",""
"ALF01C01","Annual employment rate","2024","2024","550","60 - 64 years","2","Female","99","Level of education - not stated","811D29A4-1E05-4F4A-B61B-43DE64E07B29","Northern and Western","%",""
"ALF01C01","Annual employment rate","2024","2024","550","60 - 64 years","2","Female","99","Level of education - not stated","97227605-23D5-4B98-BDB8-3EB5D0682A5A","Southern","%",""
"ALF01C01","Annual employment rate","2024","2024","550","60 - 64 years","2","Female","99","Level of education - not stated","C32761EB-7A21-4B95-8C7A-DB195C2955CE","Eastern and Midland","%",""
"ALF01C01","Annual employment rate","2025","2025","-","All ages","-","Both sexes","-","Levels of Education (Levels  0-8)","IE0","Ireland","%","80"
"ALF01C01","Annual employment rate","2025","2025","-","All ages","-","Both sexes","-","Levels of Education (Levels  0-8)","811D29A4-1E05-4F4A-B61B-43DE64E07B29","Northern and Western","%","79.1"
"ALF01C01","Annual employment rate","2025","2025","-","All ages","-","Both sexes","-","Levels of Education (Levels  0-8)","97227605-23D5-4B98-BDB8-3EB5D0682A5A","Southern","%","79.8"
"ALF01C01","Annual employment rate","2025","2025","-","All ages","-","Both sexes","-","Levels of Education (Levels  0-8)","C32761EB-7A21-4B95-8C7A-DB195C2955CE","Eastern and Midland","%","80.5"
"ALF01C01","Annual employment rate","2025","2025","-","All ages","-","Both sexes","10","Less than primary (Level 0)","IE0","Ireland","%",""
"ALF01C01","Annual employment rate","2025","2025","-","All ages","-","Both sexes","10","Less than primary (Level 0)","811D29A4-1E05-4F4A-B61B-43DE64E07B29","Northern and Western","%",""
"ALF01C01","Annual employment rate","2025","2025","-","All ages","-","Both sexes","10","Less than primary (Level 0)","97227605-23D5-4B98-BDB8-3EB5D0682A5A","Southern","%",""
"ALF01C01","Annual employment rate","2025","2025","-","All ages","-","Both sexes","10","Less than primary (Level 0)","C32761EB-7A21-4B95-8C7A-DB195C2955CE","Eastern and Midland","%",""
"ALF01C01","Annual employment rate","2025","2025","-","All ages","-","Both sexes","20","Primary and lower secondary education (Levels 1-2)","IE0","Ireland","%","54.4"
"ALF01C01","Annual employment rate","2025","2025","-","All ages","-","Both sexes","20","Primary and lower secondary education (Levels 1-2)","811D29A4-1E05-4F4A-B61B-43DE64E07B29","Northern and Western","%","59.6"
"ALF01C01","Annual employment rate","2025","2025","-","All ages","-","Both sexes","20","Primary and lower secondary education (Levels 1-2)","97227605-23D5-4B98-BDB8-3EB5D0682A5A","Southern","%","57.2"
"ALF01C01","Annual employment rate","2025","2025","-","All ages","-","Both sexes","20","Primary and lower secondary education (Levels 1-2)","C32761EB-7A21-4B95-8C7A-DB195C2955CE","Eastern and Midland","%","49.8"
"ALF01C01","Annual employment rate","2025","2025","-","All ages","-","Both sexes","30","Upper secondary and post-secondary non-tertiary education (Levels 3 and 4)","IE0","Ireland","%","74.8"
"ALF01C01","Annual employment rate","2025","2025","-","All ages","-","Both sexes","30","Upper secondary and post-secondary non-tertiary education (Levels 3 and 4)","811D29A4-1E05-4F4A-B61B-43DE64E07B29","Northern and Western","%","75.7"
"ALF01C01","Annual employment rate","2025","2025","-","All ages","-","Both sexes","30","Upper secondary and post-secondary non-tertiary education (Levels 3 and 4)","97227605-23D5-4B98-BDB8-3EB5D0682A5A","Southern","%","76.3"
"ALF01C01","Annual employment rate","2025","2025","-","All ages","-","Both sexes","30","Upper secondary and post-secondary non-tertiary education (Levels 3 and 4)","C32761EB-7A21-4B95-8C7A-DB195C2955CE","Eastern and Midland","%","73.2"
"ALF01C01","Annual employment rate","2025","2025","-","All ages","-","Both sexes","40","Tertiary education (Levels 5-8)","IE0","Ireland","%","88"
"ALF01C01","Annual employment rate","2025","2025","-","All ages","-","Both sexes","40","Tertiary education (Levels 5-8)","811D29A4-1E05-4F4A-B61B-43DE64E07B29","Northern and Western","%","86.8"
"ALF01C01","Annual employment rate","2025","2025","-","All ages","-","Both sexes","40","Tertiary education (Levels 5-8)","97227605-23D5-4B98-BDB8-3EB5D0682A5A","Southern","%","87.8"
"ALF01C01","Annual employment rate","2025","2025","-","All ages","-","Both sexes","40","Tertiary education (Levels 5-8)","C32761EB-7A21-4B95-8C7A-DB195C2955CE","Eastern and Midland","%","88.5"
"ALF01C01","Annual employment rate","2025","2025","-","All ages","-","Both sexes","99","Level of education - not stated","IE0","Ireland","%","76.3"
"ALF01C01","Annual employment rate","2025","2025","-","All ages","-","Both sexes","99","Level of education - not stated","811D29A4-1E05-4F4A-B61B-43DE64E07B29","Northern and Western","%","71.4"
"ALF01C01","Annual employment rate","2025","2025","-","All ages","-","Both sexes","99","Level of education - not stated","97227605-23D5-4B98-BDB8-3EB5D0682A5A","Southern","%","67"
"ALF01C01","Annual employment rate","2025","2025","-","All ages","-","Both sexes","99","Level of education - not stated","C32761EB-7A21-4B95-8C7A-DB195C2955CE","Eastern and Midland","%","82.2"
"ALF01C01","Annual employment rate","2025","2025","-","All ages","1","Male","-","Levels of Education (Levels  0-8)","IE0","Ireland","%","84.3"
"ALF01C01","Annual employment rate","2025","2025","-","All ages","1","Male","-","Levels of Education (Levels  0-8)","811D29A4-1E05-4F4A-B61B-43DE64E07B29","Northern and Western","%","84"
"ALF01C01","Annual employment rate","2025","2025","-","All ages","1","Male","-","Levels of Education (Levels  0-8)","97227605-23D5-4B98-BDB8-3EB5D0682A5A","Southern","%","84.8"
"ALF01C01","Annual employment rate","2025","2025","-","All ages","1","Male","-","Levels of Education (Levels  0-8)","C32761EB-7A21-4B95-8C7A-DB195C2955CE","Eastern and Midland","%","84.1"
"ALF01C01","Annual employment rate","2025","2025","-","All ages","1","Male","10","Less than primary (Level 0)","IE0","Ireland","%",""
"ALF01C01","Annual employment rate","2025","2025","-","All ages","1","Male","10","Less than primary (Level 0)","811D29A4-1E05-4F4A-B61B-43DE64E07B29","Northern and Western","%",""
"ALF01C01","Annual employment rate","2025","2025","-","All ages","1","Male","10","Less than primary (Level 0)","97227605-23D5-4B98-BDB8-3EB5D0682A5A","Southern","%",""
"ALF01C01","Annual employment rate","2025","2025","-","All ages","1","Male","10","Less than primary (Level 0)","C32761EB-7A21-4B95-8C7A-DB195C2955CE","Eastern and Midland","%",""
"ALF01C01","Annual employment rate","2025","2025","-","All ages","1","Male","20","Primary and lower secondary education (Levels 1-2)","IE0","Ireland","%","64.9"
"ALF01C01","Annual employment rate","2025","2025","-","All ages","1","Male","20","Primary and lower secondary education (Levels 1-2)","811D29A4-1E05-4F4A-B61B-43DE64E07B29","Northern and Western","%","74.5"
"ALF01C01","Annual employment rate","2025","2025","-","All ages","1","Male","20","Primary and lower secondary education (Levels 1-2)","97227605-23D5-4B98-BDB8-3EB5D0682A5A","Southern","%","71.6"
"ALF01C01","Annual employment rate","2025","2025","-","All ages","1","Male","20","Primary and lower secondary education (Levels 1-2)","C32761EB-7A21-4B95-8C7A-DB195C2955CE","Eastern and Midland","%","54.1"
"ALF01C01","Annual employment rate","2025","2025","-","All ages","1","Male","30","Upper secondary and post-secondary non-tertiary education (Levels 3 and 4)","IE0","Ireland","%","81.7"
"ALF01C01","Annual employment rate","2025","2025","-","All ages","1","Male","30","Upper secondary and post-secondary non-tertiary education (Levels 3 and 4)","811D29A4-1E05-4F4A-B61B-43DE64E07B29","Northern and Western","%","82.3"
"ALF01C01","Annual employment rate","2025","2025","-","All ages","1","Male","30","Upper secondary and post-secondary non-tertiary education (Levels 3 and 4)","97227605-23D5-4B98-BDB8-3EB5D0682A5A","Southern","%","83.9"
"ALF01C01","Annual employment rate","2025","2025","-","All ages","1","Male","30","Upper secondary and post-secondary non-tertiary education (Levels 3 and 4)","C32761EB-7A21-4B95-8C7A-DB195C2955CE","Eastern and Midland","%","79.7"
"ALF01C01","Annual employment rate","2025","2025","-","All ages","1","Male","40","Tertiary education (Levels 5-8)","IE0","Ireland","%","91.3"
"ALF01C01","Annual employment rate","2025","2025","-","All ages","1","Male","40","Tertiary education (Levels 5-8)","811D29A4-1E05-4F4A-B61B-43DE64E07B29","Northern and Western","%","90"
"ALF01C01","Annual employment rate","2025","2025","-","All ages","1","Male","40","Tertiary education (Levels 5-8)","97227605-23D5-4B98-BDB8-3EB5D0682A5A","Southern","%","91.3"
"ALF01C01","Annual employment rate","2025","2025","-","All ages","1","Male","40","Tertiary education (Levels 5-8)","C32761EB-7A21-4B95-8C7A-DB195C2955CE","Eastern and Midland","%","91.7"
"ALF01C01","Annual employment rate","2025","2025","-","All ages","1","Male","99","Level of education - not stated","IE0","Ireland","%","77.8"
"ALF01C01","Annual employment rate","2025","2025","-","All ages","1","Male","99","Level of education - not stated","811D29A4-1E05-4F4A-B61B-43DE64E07B29","Northern and Western","%",""
"ALF01C01","Annual employment rate","2025","2025","-","All ages","1","Male","99","Level of education - not stated","97227605-23D5-4B98-BDB8-3EB5D0682A5A","Southern","%",""
"ALF01C01","Annual employment rate","2025","2025","-","All ages","1","Male","99","Level of education - not stated","C32761EB-7A21-4B95-8C7A-DB195C2955CE","Eastern and Midland","%","84"
"ALF01C01","Annual employment rate","2025","2025","-","All ages","2","Female","-","Levels of Education (Levels  0-8)","IE0","Ireland","%","75.8"
"ALF01C01","Annual employment rate","2025","2025","-","All ages","2","Female","-","Levels of Education (Levels  0-8)","811D29A4-1E05-4F4A-B61B-43DE64E07B29","Northern and Western","%","74.2"
"ALF01C01","Annual employment rate","2025","2025","-","All ages","2","Female","-","Levels of Education (Levels  0-8)","97227605-23D5-4B98-BDB8-3EB5D0682A5A","Southern","%","74.9"
"ALF01C01","Annual employment rate","2025","2025","-","All ages","2","Female","-","Levels of Education (Levels  0-8)","C32761EB-7A21-4B95-8C7A-DB195C2955CE","Eastern and Midland","%","76.9"
"ALF01C01","Annual employment rate","2025","2025","-","All ages","2","Female","10","Less than primary (Level 0)","IE0","Ireland","%",""
"ALF01C01","Annual employment rate","2025","2025","-","All ages","2","Female","10","Less than primary (Level 0)","811D29A4-1E05-4F4A-B61B-43DE64E07B29","Northern and Western","%",""
"ALF01C01","Annual employment rate","2025","2025","-","All ages","2","Female","10","Less than primary (Level 0)","97227605-23D5-4B98-BDB8-3EB5D0682A5A","Southern","%",""
"ALF01C01","Annual employment rate","2025","2025","-","All ages","2","Female","10","Less than primary (Level 0)","C32761EB-7A21-4B95-8C7A-DB195C2955CE","Eastern and Midland","%",""
"ALF01C01","Annual employment rate","2025","2025","-","All ages","2","Female","20","Primary and lower secondary education (Levels 1-2)","IE0","Ireland","%","38.4"
"ALF01C01","Annual employment rate","2025","2025","-","All ages","2","Female","20","Primary and lower secondary education (Levels 1-2)","811D29A4-1E05-4F4A-B61B-43DE64E07B29","Northern and Western","%",""
"ALF01C01","Annual employment rate","2025","2025","-","All ages","2","Female","20","Primary and lower secondary education (Levels 1-2)","97227605-23D5-4B98-BDB8-3EB5D0682A5A","Southern","%","33.9"
"ALF01C01","Annual employment rate","2025","2025","-","All ages","2","Female","20","Primary and lower secondary education (Levels 1-2)","C32761EB-7A21-4B95-8C7A-DB195C2955CE","Eastern and Midland","%","44.3"
"ALF01C01","Annual employment rate","2025","2025","-","All ages","2","Female","30","Upper secondary and post-secondary non-tertiary education (Levels 3 and 4)","IE0","Ireland","%","66.9"
"ALF01C01","Annual employment rate","2025","2025","-","All ages","2","Female","30","Upper secondary and post-secondary non-tertiary education (Levels 3 and 4)","811D29A4-1E05-4F4A-B61B-43DE64E07B29","Northern and Western","%","67.5"
"ALF01C01","Annual employment rate","2025","2025","-","All ages","2","Female","30","Upper secondary and post-secondary non-tertiary education (Levels 3 and 4)","97227605-23D5-4B98-BDB8-3EB5D0682A5A","Southern","%","67.6"
"ALF01C01","Annual employment rate","2025","2025","-","All ages","2","Female","30","Upper secondary and post-secondary non-tertiary education (Levels 3 and 4)","C32761EB-7A21-4B95-8C7A-DB195C2955CE","Eastern and Midland","%","66.2"
"ALF01C01","Annual employment rate","2025","2025","-","All ages","2","Female","40","Tertiary education (Levels 5-8)","IE0","Ireland","%","85.3"
"ALF01C01","Annual employment rate","2025","2025","-","All ages","2","Female","40","Tertiary education (Levels 5-8)","811D29A4-1E05-4F4A-B61B-43DE64E07B29","Northern and Western","%","84.5"
"ALF01C01","Annual employment rate","2025","2025","-","All ages","2","Female","40","Tertiary education (Levels 5-8)","97227605-23D5-4B98-BDB8-3EB5D0682A5A","Southern","%","85.2"
"ALF01C01","Annual employment rate","2025","2025","-","All ages","2","Female","40","Tertiary education (Levels 5-8)","C32761EB-7A21-4B95-8C7A-DB195C2955CE","Eastern and Midland","%","85.7"
"ALF01C01","Annual employment rate","2025","2025","-","All ages","2","Female","99","Level of education - not stated","IE0","Ireland","%","74.8"
"ALF01C01","Annual employment rate","2025","2025","-","All ages","2","Female","99","Level of education - not stated","811D29A4-1E05-4F4A-B61B-43DE64E07B29","Northern and Western","%",""
"ALF01C01","Annual employment rate","2025","2025","-","All ages","2","Female","99","Level of education - not stated","97227605-23D5-4B98-BDB8-3EB5D0682A5A","Southern","%",""
"ALF01C01","Annual employment rate","2025","2025","-","All ages","2","Female","99","Level of education - not stated","C32761EB-7A21-4B95-8C7A-DB195C2955CE","Eastern and Midland","%","80.1"
"ALF01C01","Annual employment rate","2025","2025","365","20 - 24 years","-","Both sexes","-","Levels of Education (Levels  0-8)","IE0","Ireland","%","70.3"
"ALF01C01","Annual employment rate","2025","2025","365","20 - 24 years","-","Both sexes","-","Levels of Education (Levels  0-8)","811D29A4-1E05-4F4A-B61B-43DE64E07B29","Northern and Western","%","66.2"
"ALF01C01","Annual employment rate","2025","2025","365","20 - 24 years","-","Both sexes","-","Levels of Education (Levels  0-8)","97227605-23D5-4B98-BDB8-3EB5D0682A5A","Southern","%","71"
"ALF01C01","Annual employment rate","2025","2025","365","20 - 24 years","-","Both sexes","-","Levels of Education (Levels  0-8)","C32761EB-7A21-4B95-8C7A-DB195C2955CE","Eastern and Midland","%","71.3"
"ALF01C01","Annual employment rate","2025","2025","365","20 - 24 years","-","Both sexes","10","Less than primary (Level 0)","IE0","Ireland","%",""
"ALF01C01","Annual employment rate","2025","2025","365","20 - 24 years","-","Both sexes","10","Less than primary (Level 0)","811D29A4-1E05-4F4A-B61B-43DE64E07B29","Northern and Western","%",""
"ALF01C01","Annual employment rate","2025","2025","365","20 - 24 years","-","Both sexes","10","Less than primary (Level 0)","97227605-23D5-4B98-BDB8-3EB5D0682A5A","Southern","%",""
"ALF01C01","Annual employment rate","2025","2025","365","20 - 24 years","-","Both sexes","10","Less than primary (Level 0)","C32761EB-7A21-4B95-8C7A-DB195C2955CE","Eastern and Midland","%",""
"ALF01C01","Annual employment rate","2025","2025","365","20 - 24 years","-","Both sexes","20","Primary and lower secondary education (Levels 1-2)","IE0","Ireland","%",""
"ALF01C01","Annual employment rate","2025","2025","365","20 - 24 years","-","Both sexes","20","Primary and lower secondary education (Levels 1-2)","811D29A4-1E05-4F4A-B61B-43DE64E07B29","Northern and Western","%",""
"ALF01C01","Annual employment rate","2025","2025","365","20 - 24 years","-","Both sexes","20","Primary and lower secondary education (Levels 1-2)","97227605-23D5-4B98-BDB8-3EB5D0682A5A","Southern","%",""
"ALF01C01","Annual employment rate","2025","2025","365","20 - 24 years","-","Both sexes","20","Primary and lower secondary education (Levels 1-2)","C32761EB-7A21-4B95-8C7A-DB195C2955CE","Eastern and Midland","%",""
"ALF01C01","Annual employment rate","2025","2025","365","20 - 24 years","-","Both sexes","30","Upper secondary and post-secondary non-tertiary education (Levels 3 and 4)","IE0","Ireland","%","66"
"ALF01C01","Annual employment rate","2025","2025","365","20 - 24 years","-","Both sexes","30","Upper secondary and post-secondary non-tertiary education (Levels 3 and 4)","811D29A4-1E05-4F4A-B61B-43DE64E07B29","Northern and Western","%","68.1"
"ALF01C01","Annual employment rate","2025","2025","365","20 - 24 years","-","Both sexes","30","Upper secondary and post-secondary non-tertiary education (Levels 3 and 4)","97227605-23D5-4B98-BDB8-3EB5D0682A5A","Southern","%","65.9"
"ALF01C01","Annual employment rate","2025","2025","365","20 - 24 years","-","Both sexes","30","Upper secondary and post-secondary non-tertiary education (Levels 3 and 4)","C32761EB-7A21-4B95-8C7A-DB195C2955CE","Eastern and Midland","%","65"
"ALF01C01","Annual employment rate","2025","2025","365","20 - 24 years","-","Both sexes","40","Tertiary education (Levels 5-8)","IE0","Ireland","%","85.5"
"ALF01C01","Annual employment rate","2025","2025","365","20 - 24 years","-","Both sexes","40","Tertiary education (Levels 5-8)","811D29A4-1E05-4F4A-B61B-43DE64E07B29","Northern and Western","%",""
"ALF01C01","Annual employment rate","2025","2025","365","20 - 24 years","-","Both sexes","40","Tertiary education (Levels 5-8)","97227605-23D5-4B98-BDB8-3EB5D0682A5A","Southern","%","88.6"
"ALF01C01","Annual employment rate","2025","2025","365","20 - 24 years","-","Both sexes","40","Tertiary education (Levels 5-8)","C32761EB-7A21-4B95-8C7A-DB195C2955CE","Eastern and Midland","%","88.9"
"ALF01C01","Annual employment rate","2025","2025","365","20 - 24 years","-","Both sexes","99","Level of education - not stated","IE0","Ireland","%",""
"ALF01C01","Annual employment rate","2025","2025","365","20 - 24 years","-","Both sexes","99","Level of education - not stated","811D29A4-1E05-4F4A-B61B-43DE64E07B29","Northern and Western","%",""
"ALF01C01","Annual employment rate","2025","2025","365","20 - 24 years","-","Both sexes","99","Level of education - not stated","97227605-23D5-4B98-BDB8-3EB5D0682A5A","Southern","%",""
"ALF01C01","Annual employment rate","2025","2025","365","20 - 24 years","-","Both sexes","99","Level of education - not stated","C32761EB-7A21-4B95-8C7A-DB195C2955CE","Eastern and Midland","%",""
"ALF01C01","Annual employment rate","2025","2025","365","20 - 24 years","1","Male","-","Levels of Education (Levels  0-8)","IE0","Ireland","%","68.4"
"ALF01C01","Annual employment rate","2025","2025","365","20 - 24 years","1","Male","-","Levels of Education (Levels  0-8)","811D29A4-1E05-4F4A-B61B-43DE64E07B29","Northern and Western","%","66.3"
"ALF01C01","Annual employment rate","2025","2025","365","20 - 24 years","1","Male","-","Levels of Education (Levels  0-8)","97227605-23D5-4B98-BDB8-3EB5D0682A5A","Southern","%","74.2"
"ALF01C01","Annual employment rate","2025","2025","365","20 - 24 years","1","Male","-","Levels of Education (Levels  0-8)","C32761EB-7A21-4B95-8C7A-DB195C2955CE","Eastern and Midland","%","64.9"
"ALF01C01","Annual employment rate","2025","2025","365","20 - 24 years","1","Male","10","Less than primary (Level 0)","IE0","Ireland","%",""
"ALF01C01","Annual employment rate","2025","2025","365","20 - 24 years","1","Male","10","Less than primary (Level 0)","811D29A4-1E05-4F4A-B61B-43DE64E07B29","Northern and Western","%",""
"ALF01C01","Annual employment rate","2025","2025","365","20 - 24 years","1","Male","10","Less than primary (Level 0)","97227605-23D5-4B98-BDB8-3EB5D0682A5A","Southern","%",""
"ALF01C01","Annual employment rate","2025","2025","365","20 - 24 years","1","Male","10","Less than primary (Level 0)","C32761EB-7A21-4B95-8C7A-DB195C2955CE","Eastern and Midland","%",""
"ALF01C01","Annual employment rate","2025","2025","365","20 - 24 years","1","Male","20","Primary and lower secondary education (Levels 1-2)","IE0","Ireland","%",""
"ALF01C01","Annual employment rate","2025","2025","365","20 - 24 years","1","Male","20","Primary and lower secondary education (Levels 1-2)","811D29A4-1E05-4F4A-B61B-43DE64E07B29","Northern and Western","%",""
"ALF01C01","Annual employment rate","2025","2025","365","20 - 24 years","1","Male","20","Primary and lower secondary education (Levels 1-2)","97227605-23D5-4B98-BDB8-3EB5D0682A5A","Southern","%",""
"ALF01C01","Annual employment rate","2025","2025","365","20 - 24 years","1","Male","20","Primary and lower secondary education (Levels 1-2)","C32761EB-7A21-4B95-8C7A-DB195C2955CE","Eastern and Midland","%",""
"ALF01C01","Annual employment rate","2025","2025","365","20 - 24 years","1","Male","30","Upper secondary and post-secondary non-tertiary education (Levels 3 and 4)","IE0","Ireland","%","67.2"
"ALF01C01","Annual employment rate","2025","2025","365","20 - 24 years","1","Male","30","Upper secondary and post-secondary non-tertiary education (Levels 3 and 4)","811D29A4-1E05-4F4A-B61B-43DE64E07B29","Northern and Western","%","69.5"
"ALF01C01","Annual employment rate","2025","2025","365","20 - 24 years","1","Male","30","Upper secondary and post-secondary non-tertiary education (Levels 3 and 4)","97227605-23D5-4B98-BDB8-3EB5D0682A5A","Southern","%","72"
"ALF01C01","Annual employment rate","2025","2025","365","20 - 24 years","1","Male","30","Upper secondary and post-secondary non-tertiary education (Levels 3 and 4)","C32761EB-7A21-4B95-8C7A-DB195C2955CE","Eastern and Midland","%","61.6"
"ALF01C01","Annual employment rate","2025","2025","365","20 - 24 years","1","Male","40","Tertiary education (Levels 5-8)","IE0","Ireland","%","81.5"
"ALF01C01","Annual employment rate","2025","2025","365","20 - 24 years","1","Male","40","Tertiary education (Levels 5-8)","811D29A4-1E05-4F4A-B61B-43DE64E07B29","Northern and Western","%",""
"ALF01C01","Annual employment rate","2025","2025","365","20 - 24 years","1","Male","40","Tertiary education (Levels 5-8)","97227605-23D5-4B98-BDB8-3EB5D0682A5A","Southern","%",""
"ALF01C01","Annual employment rate","2025","2025","365","20 - 24 years","1","Male","40","Tertiary education (Levels 5-8)","C32761EB-7A21-4B95-8C7A-DB195C2955CE","Eastern and Midland","%","84"
"ALF01C01","Annual employment rate","2025","2025","365","20 - 24 years","1","Male","99","Level of education - not stated","IE0","Ireland","%",""
"ALF01C01","Annual employment rate","2025","2025","365","20 - 24 years","1","Male","99","Level of education - not stated","811D29A4-1E05-4F4A-B61B-43DE64E07B29","Northern and Western","%",""
"ALF01C01","Annual employment rate","2025","2025","365","20 - 24 years","1","Male","99","Level of education - not stated","97227605-23D5-4B98-BDB8-3EB5D0682A5A","Southern","%",""
"ALF01C01","Annual employment rate","2025","2025","365","20 - 24 years","1","Male","99","Level of education - not stated","C32761EB-7A21-4B95-8C7A-DB195C2955CE","Eastern and Midland","%",""
"ALF01C01","Annual employment rate","2025","2025","365","20 - 24 years","2","Female","-","Levels of Education (Levels  0-8)","IE0","Ireland","%","72.3"
"ALF01C01","Annual employment rate","2025","2025","365","20 - 24 years","2","Female","-","Levels of Education (Levels  0-8)","811D29A4-1E05-4F4A-B61B-43DE64E07B29","Northern and Western","%","66"
"ALF01C01","Annual employment rate","2025","2025","365","20 - 24 years","2","Female","-","Levels of Education (Levels  0-8)","97227605-23D5-4B98-BDB8-3EB5D0682A5A","Southern","%","67.5"
"ALF01C01","Annual employment rate","2025","2025","365","20 - 24 years","2","Female","-","Levels of Education (Levels  0-8)","C32761EB-7A21-4B95-8C7A-DB195C2955CE","Eastern and Midland","%","78"
"ALF01C01","Annual employment rate","2025","2025","365","20 - 24 years","2","Female","10","Less than primary (Level 0)","IE0","Ireland","%",""
"ALF01C01","Annual employment rate","2025","2025","365","20 - 24 years","2","Female","10","Less than primary (Level 0)","811D29A4-1E05-4F4A-B61B-43DE64E07B29","Northern and Western","%",""
"ALF01C01","Annual employment rate","2025","2025","365","20 - 24 years","2","Female","10","Less than primary (Level 0)","97227605-23D5-4B98-BDB8-3EB5D0682A5A","Southern","%",""
"ALF01C01","Annual employment rate","2025","2025","365","20 - 24 years","2","Female","10","Less than primary (Level 0)","C32761EB-7A21-4B95-8C7A-DB195C2955CE","Eastern and Midland","%",""
"ALF01C01","Annual employment rate","2025","2025","365","20 - 24 years","2","Female","20","Primary and lower secondary education (Levels 1-2)","IE0","Ireland","%",""
"ALF01C01","Annual employment rate","2025","2025","365","20 - 24 years","2","Female","20","Primary and lower secondary education (Levels 1-2)","811D29A4-1E05-4F4A-B61B-43DE64E07B29","Northern and Western","%",""
"ALF01C01","Annual employment rate","2025","2025","365","20 - 24 years","2","Female","20","Primary and lower secondary education (Levels 1-2)","97227605-23D5-4B98-BDB8-3EB5D0682A5A","Southern","%",""
"ALF01C01","Annual employment rate","2025","2025","365","20 - 24 years","2","Female","20","Primary and lower secondary education (Levels 1-2)","C32761EB-7A21-4B95-8C7A-DB195C2955CE","Eastern and Midland","%",""
"ALF01C01","Annual employment rate","2025","2025","365","20 - 24 years","2","Female","30","Upper secondary and post-secondary non-tertiary education (Levels 3 and 4)","IE0","Ireland","%","64.4"
"ALF01C01","Annual employment rate","2025","2025","365","20 - 24 years","2","Female","30","Upper secondary and post-secondary non-tertiary education (Levels 3 and 4)","811D29A4-1E05-4F4A-B61B-43DE64E07B29","Northern and Western","%","66.3"
"ALF01C01","Annual employment rate","2025","2025","365","20 - 24 years","2","Female","30","Upper secondary and post-secondary non-tertiary education (Levels 3 and 4)","97227605-23D5-4B98-BDB8-3EB5D0682A5A","Southern","%","57.9"
"ALF01C01","Annual employment rate","2025","2025","365","20 - 24 years","2","Female","30","Upper secondary and post-secondary non-tertiary education (Levels 3 and 4)","C32761EB-7A21-4B95-8C7A-DB195C2955CE","Eastern and Midland","%","69"
"ALF01C01","Annual employment rate","2025","2025","365","20 - 24 years","2","Female","40","Tertiary education (Levels 5-8)","IE0","Ireland","%","88.4"
"ALF01C01","Annual employment rate","2025","2025","365","20 - 24 years","2","Female","40","Tertiary education (Levels 5-8)","811D29A4-1E05-4F4A-B61B-43DE64E07B29","Northern and Western","%",""
"ALF01C01","Annual employment rate","2025","2025","365","20 - 24 years","2","Female","40","Tertiary education (Levels 5-8)","97227605-23D5-4B98-BDB8-3EB5D0682A5A","Southern","%","87.8"
"ALF01C01","Annual employment rate","2025","2025","365","20 - 24 years","2","Female","40","Tertiary education (Levels 5-8)","C32761EB-7A21-4B95-8C7A-DB195C2955CE","Eastern and Midland","%","92.7"
"ALF01C01","Annual employment rate","2025","2025","365","20 - 24 years","2","Female","99","Level of education - not stated","IE0","Ireland","%",""
"ALF01C01","Annual employment rate","2025","2025","365","20 - 24 years","2","Female","99","Level of education - not stated","811D29A4-1E05-4F4A-B61B-43DE64E07B29","Northern and Western","%",""
"ALF01C01","Annual employment rate","2025","2025","365","20 - 24 years","2","Female","99","Level of education - not stated","97227605-23D5-4B98-BDB8-3EB5D0682A5A","Southern","%",""
"ALF01C01","Annual employment rate","2025","2025","365","20 - 24 years","2","Female","99","Level of education - not stated","C32761EB-7A21-4B95-8C7A-DB195C2955CE","Eastern and Midland","%",""
"ALF01C01","Annual employment rate","2025","2025","410","25 - 29 years","-","Both sexes","-","Levels of Education (Levels  0-8)","IE0","Ireland","%","84.2"
"ALF01C01","Annual employment rate","2025","2025","410","25 - 29 years","-","Both sexes","-","Levels of Education (Levels  0-8)","811D29A4-1E05-4F4A-B61B-43DE64E07B29","Northern and Western","%","80.9"
"ALF01C01","Annual employment rate","2025","2025","410","25 - 29 years","-","Both sexes","-","Levels of Education (Levels  0-8)","97227605-23D5-4B98-BDB8-3EB5D0682A5A","Southern","%","88"
"ALF01C01","Annual employment rate","2025","2025","410","25 - 29 years","-","Both sexes","-","Levels of Education (Levels  0-8)","C32761EB-7A21-4B95-8C7A-DB195C2955CE","Eastern and Midland","%","82.9"
"ALF01C01","Annual employment rate","2025","2025","410","25 - 29 years","-","Both sexes","10","Less than primary (Level 0)","IE0","Ireland","%",""
"ALF01C01","Annual employment rate","2025","2025","410","25 - 29 years","-","Both sexes","10","Less than primary (Level 0)","811D29A4-1E05-4F4A-B61B-43DE64E07B29","Northern and Western","%",""
"ALF01C01","Annual employment rate","2025","2025","410","25 - 29 years","-","Both sexes","10","Less than primary (Level 0)","97227605-23D5-4B98-BDB8-3EB5D0682A5A","Southern","%",""
"ALF01C01","Annual employment rate","2025","2025","410","25 - 29 years","-","Both sexes","10","Less than primary (Level 0)","C32761EB-7A21-4B95-8C7A-DB195C2955CE","Eastern and Midland","%",""
"ALF01C01","Annual employment rate","2025","2025","410","25 - 29 years","-","Both sexes","20","Primary and lower secondary education (Levels 1-2)","IE0","Ireland","%",""
"ALF01C01","Annual employment rate","2025","2025","410","25 - 29 years","-","Both sexes","20","Primary and lower secondary education (Levels 1-2)","811D29A4-1E05-4F4A-B61B-43DE64E07B29","Northern and Western","%",""
"ALF01C01","Annual employment rate","2025","2025","410","25 - 29 years","-","Both sexes","20","Primary and lower secondary education (Levels 1-2)","97227605-23D5-4B98-BDB8-3EB5D0682A5A","Southern","%",""
"ALF01C01","Annual employment rate","2025","2025","410","25 - 29 years","-","Both sexes","20","Primary and lower secondary education (Levels 1-2)","C32761EB-7A21-4B95-8C7A-DB195C2955CE","Eastern and Midland","%",""
"ALF01C01","Annual employment rate","2025","2025","410","25 - 29 years","-","Both sexes","30","Upper secondary and post-secondary non-tertiary education (Levels 3 and 4)","IE0","Ireland","%","75.4"
"ALF01C01","Annual employment rate","2025","2025","410","25 - 29 years","-","Both sexes","30","Upper secondary and post-secondary non-tertiary education (Levels 3 and 4)","811D29A4-1E05-4F4A-B61B-43DE64E07B29","Northern and Western","%",""
"ALF01C01","Annual employment rate","2025","2025","410","25 - 29 years","-","Both sexes","30","Upper secondary and post-secondary non-tertiary education (Levels 3 and 4)","97227605-23D5-4B98-BDB8-3EB5D0682A5A","Southern","%","81.1"
"ALF01C01","Annual employment rate","2025","2025","410","25 - 29 years","-","Both sexes","30","Upper secondary and post-secondary non-tertiary education (Levels 3 and 4)","C32761EB-7A21-4B95-8C7A-DB195C2955CE","Eastern and Midland","%","73.8"
"ALF01C01","Annual employment rate","2025","2025","410","25 - 29 years","-","Both sexes","40","Tertiary education (Levels 5-8)","IE0","Ireland","%","91.1"
"ALF01C01","Annual employment rate","2025","2025","410","25 - 29 years","-","Both sexes","40","Tertiary education (Levels 5-8)","811D29A4-1E05-4F4A-B61B-43DE64E07B29","Northern and Western","%","88.2"
"ALF01C01","Annual employment rate","2025","2025","410","25 - 29 years","-","Both sexes","40","Tertiary education (Levels 5-8)","97227605-23D5-4B98-BDB8-3EB5D0682A5A","Southern","%","94.6"
"ALF01C01","Annual employment rate","2025","2025","410","25 - 29 years","-","Both sexes","40","Tertiary education (Levels 5-8)","C32761EB-7A21-4B95-8C7A-DB195C2955CE","Eastern and Midland","%","89.8"
"ALF01C01","Annual employment rate","2025","2025","410","25 - 29 years","-","Both sexes","99","Level of education - not stated","IE0","Ireland","%",""
"ALF01C01","Annual employment rate","2025","2025","410","25 - 29 years","-","Both sexes","99","Level of education - not stated","811D29A4-1E05-4F4A-B61B-43DE64E07B29","Northern and Western","%",""
"ALF01C01","Annual employment rate","2025","2025","410","25 - 29 years","-","Both sexes","99","Level of education - not stated","97227605-23D5-4B98-BDB8-3EB5D0682A5A","Southern","%",""
"ALF01C01","Annual employment rate","2025","2025","410","25 - 29 years","-","Both sexes","99","Level of education - not stated","C32761EB-7A21-4B95-8C7A-DB195C2955CE","Eastern and Midland","%",""
"ALF01C01","Annual employment rate","2025","2025","410","25 - 29 years","1","Male","-","Levels of Education (Levels  0-8)","IE0","Ireland","%","86"
"ALF01C01","Annual employment rate","2025","2025","410","25 - 29 years","1","Male","-","Levels of Education (Levels  0-8)","811D29A4-1E05-4F4A-B61B-43DE64E07B29","Northern and Western","%","78.8"
"ALF01C01","Annual employment rate","2025","2025","410","25 - 29 years","1","Male","-","Levels of Education (Levels  0-8)","97227605-23D5-4B98-BDB8-3EB5D0682A5A","Southern","%","90"
"ALF01C01","Annual employment rate","2025","2025","410","25 - 29 years","1","Male","-","Levels of Education (Levels  0-8)","C32761EB-7A21-4B95-8C7A-DB195C2955CE","Eastern and Midland","%","85.8"
"ALF01C01","Annual employment rate","2025","2025","410","25 - 29 years","1","Male","10","Less than primary (Level 0)","IE0","Ireland","%",""
"ALF01C01","Annual employment rate","2025","2025","410","25 - 29 years","1","Male","10","Less than primary (Level 0)","811D29A4-1E05-4F4A-B61B-43DE64E07B29","Northern and Western","%",""
"ALF01C01","Annual employment rate","2025","2025","410","25 - 29 years","1","Male","10","Less than primary (Level 0)","97227605-23D5-4B98-BDB8-3EB5D0682A5A","Southern","%",""
"ALF01C01","Annual employment rate","2025","2025","410","25 - 29 years","1","Male","10","Less than primary (Level 0)","C32761EB-7A21-4B95-8C7A-DB195C2955CE","Eastern and Midland","%",""
"ALF01C01","Annual employment rate","2025","2025","410","25 - 29 years","1","Male","20","Primary and lower secondary education (Levels 1-2)","IE0","Ireland","%",""
"ALF01C01","Annual employment rate","2025","2025","410","25 - 29 years","1","Male","20","Primary and lower secondary education (Levels 1-2)","811D29A4-1E05-4F4A-B61B-43DE64E07B29","Northern and Western","%",""
"ALF01C01","Annual employment rate","2025","2025","410","25 - 29 years","1","Male","20","Primary and lower secondary education (Levels 1-2)","97227605-23D5-4B98-BDB8-3EB5D0682A5A","Southern","%",""
"ALF01C01","Annual employment rate","2025","2025","410","25 - 29 years","1","Male","20","Primary and lower secondary education (Levels 1-2)","C32761EB-7A21-4B95-8C7A-DB195C2955CE","Eastern and Midland","%",""
"ALF01C01","Annual employment rate","2025","2025","410","25 - 29 years","1","Male","30","Upper secondary and post-secondary non-tertiary education (Levels 3 and 4)","IE0","Ireland","%","82"
"ALF01C01","Annual employment rate","2025","2025","410","25 - 29 years","1","Male","30","Upper secondary and post-secondary non-tertiary education (Levels 3 and 4)","811D29A4-1E05-4F4A-B61B-43DE64E07B29","Northern and Western","%",""
"ALF01C01","Annual employment rate","2025","2025","410","25 - 29 years","1","Male","30","Upper secondary and post-secondary non-tertiary education (Levels 3 and 4)","97227605-23D5-4B98-BDB8-3EB5D0682A5A","Southern","%","90.4"
"ALF01C01","Annual employment rate","2025","2025","410","25 - 29 years","1","Male","30","Upper secondary and post-secondary non-tertiary education (Levels 3 and 4)","C32761EB-7A21-4B95-8C7A-DB195C2955CE","Eastern and Midland","%","81.5"
"ALF01C01","Annual employment rate","2025","2025","410","25 - 29 years","1","Male","40","Tertiary education (Levels 5-8)","IE0","Ireland","%","91.8"
"ALF01C01","Annual employment rate","2025","2025","410","25 - 29 years","1","Male","40","Tertiary education (Levels 5-8)","811D29A4-1E05-4F4A-B61B-43DE64E07B29","Northern and Western","%",""
"ALF01C01","Annual employment rate","2025","2025","410","25 - 29 years","1","Male","40","Tertiary education (Levels 5-8)","97227605-23D5-4B98-BDB8-3EB5D0682A5A","Southern","%","97"
"ALF01C01","Annual employment rate","2025","2025","410","25 - 29 years","1","Male","40","Tertiary education (Levels 5-8)","C32761EB-7A21-4B95-8C7A-DB195C2955CE","Eastern and Midland","%","90.9"
"ALF01C01","Annual employment rate","2025","2025","410","25 - 29 years","1","Male","99","Level of education - not stated","IE0","Ireland","%",""
"ALF01C01","Annual employment rate","2025","2025","410","25 - 29 years","1","Male","99","Level of education - not stated","811D29A4-1E05-4F4A-B61B-43DE64E07B29","Northern and Western","%",""
"ALF01C01","Annual employment rate","2025","2025","410","25 - 29 years","1","Male","99","Level of education - not stated","97227605-23D5-4B98-BDB8-3EB5D0682A5A","Southern","%",""
"ALF01C01","Annual employment rate","2025","2025","410","25 - 29 years","1","Male","99","Level of education - not stated","C32761EB-7A21-4B95-8C7A-DB195C2955CE","Eastern and Midland","%",""
"ALF01C01","Annual employment rate","2025","2025","410","25 - 29 years","2","Female","-","Levels of Education (Levels  0-8)","IE0","Ireland","%","82.4"
"ALF01C01","Annual employment rate","2025","2025","410","25 - 29 years","2","Female","-","Levels of Education (Levels  0-8)","811D29A4-1E05-4F4A-B61B-43DE64E07B29","Northern and Western","%","83.3"
"ALF01C01","Annual employment rate","2025","2025","410","25 - 29 years","2","Female","-","Levels of Education (Levels  0-8)","97227605-23D5-4B98-BDB8-3EB5D0682A5A","Southern","%","86"
"ALF01C01","Annual employment rate","2025","2025","410","25 - 29 years","2","Female","-","Levels of Education (Levels  0-8)","C32761EB-7A21-4B95-8C7A-DB195C2955CE","Eastern and Midland","%","79.9"
"ALF01C01","Annual employment rate","2025","2025","410","25 - 29 years","2","Female","10","Less than primary (Level 0)","IE0","Ireland","%",""
"ALF01C01","Annual employment rate","2025","2025","410","25 - 29 years","2","Female","10","Less than primary (Level 0)","811D29A4-1E05-4F4A-B61B-43DE64E07B29","Northern and Western","%",""
"ALF01C01","Annual employment rate","2025","2025","410","25 - 29 years","2","Female","10","Less than primary (Level 0)","97227605-23D5-4B98-BDB8-3EB5D0682A5A","Southern","%",""
"ALF01C01","Annual employment rate","2025","2025","410","25 - 29 years","2","Female","10","Less than primary (Level 0)","C32761EB-7A21-4B95-8C7A-DB195C2955CE","Eastern and Midland","%",""
"ALF01C01","Annual employment rate","2025","2025","410","25 - 29 years","2","Female","20","Primary and lower secondary education (Levels 1-2)","IE0","Ireland","%",""
"ALF01C01","Annual employment rate","2025","2025","410","25 - 29 years","2","Female","20","Primary and lower secondary education (Levels 1-2)","811D29A4-1E05-4F4A-B61B-43DE64E07B29","Northern and Western","%",""
"ALF01C01","Annual employment rate","2025","2025","410","25 - 29 years","2","Female","20","Primary and lower secondary education (Levels 1-2)","97227605-23D5-4B98-BDB8-3EB5D0682A5A","Southern","%",""
"ALF01C01","Annual employment rate","2025","2025","410","25 - 29 years","2","Female","20","Primary and lower secondary education (Levels 1-2)","C32761EB-7A21-4B95-8C7A-DB195C2955CE","Eastern and Midland","%",""
"ALF01C01","Annual employment rate","2025","2025","410","25 - 29 years","2","Female","30","Upper secondary and post-secondary non-tertiary education (Levels 3 and 4)","IE0","Ireland","%","67.7"
"ALF01C01","Annual employment rate","2025","2025","410","25 - 29 years","2","Female","30","Upper secondary and post-secondary non-tertiary education (Levels 3 and 4)","811D29A4-1E05-4F4A-B61B-43DE64E07B29","Northern and Western","%",""
"ALF01C01","Annual employment rate","2025","2025","410","25 - 29 years","2","Female","30","Upper secondary and post-secondary non-tertiary education (Levels 3 and 4)","97227605-23D5-4B98-BDB8-3EB5D0682A5A","Southern","%",""
"ALF01C01","Annual employment rate","2025","2025","410","25 - 29 years","2","Female","30","Upper secondary and post-secondary non-tertiary education (Levels 3 and 4)","C32761EB-7A21-4B95-8C7A-DB195C2955CE","Eastern and Midland","%","66.5"
"ALF01C01","Annual employment rate","2025","2025","410","25 - 29 years","2","Female","40","Tertiary education (Levels 5-8)","IE0","Ireland","%","90.4"
"ALF01C01","Annual employment rate","2025","2025","410","25 - 29 years","2","Female","40","Tertiary education (Levels 5-8)","811D29A4-1E05-4F4A-B61B-43DE64E07B29","Northern and Western","%","90.7"
"ALF01C01","Annual employment rate","2025","2025","410","25 - 29 years","2","Female","40","Tertiary education (Levels 5-8)","97227605-23D5-4B98-BDB8-3EB5D0682A5A","Southern","%","92.7"
"ALF01C01","Annual employment rate","2025","2025","410","25 - 29 years","2","Female","40","Tertiary education (Levels 5-8)","C32761EB-7A21-4B95-8C7A-DB195C2955CE","Eastern and Midland","%","88.8"
"ALF01C01","Annual employment rate","2025","2025","410","25 - 29 years","2","Female","99","Level of education - not stated","IE0","Ireland","%",""
"ALF01C01","Annual employment rate","2025","2025","410","25 - 29 years","2","Female","99","Level of education - not stated","811D29A4-1E05-4F4A-B61B-43DE64E07B29","Northern and Western","%",""
"ALF01C01","Annual employment rate","2025","2025","410","25 - 29 years","2","Female","99","Level of education - not stated","97227605-23D5-4B98-BDB8-3EB5D0682A5A","Southern","%",""
"ALF01C01","Annual employment rate","2025","2025","410","25 - 29 years","2","Female","99","Level of education - not stated","C32761EB-7A21-4B95-8C7A-DB195C2955CE","Eastern and Midland","%",""
"ALF01C01","Annual employment rate","2025","2025","440","30 - 34 years","-","Both sexes","-","Levels of Education (Levels  0-8)","IE0","Ireland","%","83.1"
"ALF01C01","Annual employment rate","2025","2025","440","30 - 34 years","-","Both sexes","-","Levels of Education (Levels  0-8)","811D29A4-1E05-4F4A-B61B-43DE64E07B29","Northern and Western","%","85.3"
"ALF01C01","Annual employment rate","2025","2025","440","30 - 34 years","-","Both sexes","-","Levels of Education (Levels  0-8)","97227605-23D5-4B98-BDB8-3EB5D0682A5A","Southern","%","77.5"
"ALF01C01","Annual employment rate","2025","2025","440","30 - 34 years","-","Both sexes","-","Levels of Education (Levels  0-8)","C32761EB-7A21-4B95-8C7A-DB195C2955CE","Eastern and Midland","%","85.6"
"ALF01C01","Annual employment rate","2025","2025","440","30 - 34 years","-","Both sexes","10","Less than primary (Level 0)","IE0","Ireland","%",""
"ALF01C01","Annual employment rate","2025","2025","440","30 - 34 years","-","Both sexes","10","Less than primary (Level 0)","811D29A4-1E05-4F4A-B61B-43DE64E07B29","Northern and Western","%",""
"ALF01C01","Annual employment rate","2025","2025","440","30 - 34 years","-","Both sexes","10","Less than primary (Level 0)","97227605-23D5-4B98-BDB8-3EB5D0682A5A","Southern","%",""
"ALF01C01","Annual employment rate","2025","2025","440","30 - 34 years","-","Both sexes","10","Less than primary (Level 0)","C32761EB-7A21-4B95-8C7A-DB195C2955CE","Eastern and Midland","%",""
"ALF01C01","Annual employment rate","2025","2025","440","30 - 34 years","-","Both sexes","20","Primary and lower secondary education (Levels 1-2)","IE0","Ireland","%",""
"ALF01C01","Annual employment rate","2025","2025","440","30 - 34 years","-","Both sexes","20","Primary and lower secondary education (Levels 1-2)","811D29A4-1E05-4F4A-B61B-43DE64E07B29","Northern and Western","%",""
"ALF01C01","Annual employment rate","2025","2025","440","30 - 34 years","-","Both sexes","20","Primary and lower secondary education (Levels 1-2)","97227605-23D5-4B98-BDB8-3EB5D0682A5A","Southern","%",""
"ALF01C01","Annual employment rate","2025","2025","440","30 - 34 years","-","Both sexes","20","Primary and lower secondary education (Levels 1-2)","C32761EB-7A21-4B95-8C7A-DB195C2955CE","Eastern and Midland","%",""
"ALF01C01","Annual employment rate","2025","2025","440","30 - 34 years","-","Both sexes","30","Upper secondary and post-secondary non-tertiary education (Levels 3 and 4)","IE0","Ireland","%","74.2"
"ALF01C01","Annual employment rate","2025","2025","440","30 - 34 years","-","Both sexes","30","Upper secondary and post-secondary non-tertiary education (Levels 3 and 4)","811D29A4-1E05-4F4A-B61B-43DE64E07B29","Northern and Western","%",""
"ALF01C01","Annual employment rate","2025","2025","440","30 - 34 years","-","Both sexes","30","Upper secondary and post-secondary non-tertiary education (Levels 3 and 4)","97227605-23D5-4B98-BDB8-3EB5D0682A5A","Southern","%","71.8"
"ALF01C01","Annual employment rate","2025","2025","440","30 - 34 years","-","Both sexes","30","Upper secondary and post-secondary non-tertiary education (Levels 3 and 4)","C32761EB-7A21-4B95-8C7A-DB195C2955CE","Eastern and Midland","%","73.6"
"ALF01C01","Annual employment rate","2025","2025","440","30 - 34 years","-","Both sexes","40","Tertiary education (Levels 5-8)","IE0","Ireland","%","89.2"
"ALF01C01","Annual employment rate","2025","2025","440","30 - 34 years","-","Both sexes","40","Tertiary education (Levels 5-8)","811D29A4-1E05-4F4A-B61B-43DE64E07B29","Northern and Western","%","91.4"
"ALF01C01","Annual employment rate","2025","2025","440","30 - 34 years","-","Both sexes","40","Tertiary education (Levels 5-8)","97227605-23D5-4B98-BDB8-3EB5D0682A5A","Southern","%","86.3"
"ALF01C01","Annual employment rate","2025","2025","440","30 - 34 years","-","Both sexes","40","Tertiary education (Levels 5-8)","C32761EB-7A21-4B95-8C7A-DB195C2955CE","Eastern and Midland","%","90.2"
"ALF01C01","Annual employment rate","2025","2025","440","30 - 34 years","-","Both sexes","99","Level of education - not stated","IE0","Ireland","%",""
"ALF01C01","Annual employment rate","2025","2025","440","30 - 34 years","-","Both sexes","99","Level of education - not stated","811D29A4-1E05-4F4A-B61B-43DE64E07B29","Northern and Western","%",""
"ALF01C01","Annual employment rate","2025","2025","440","30 - 34 years","-","Both sexes","99","Level of education - not stated","97227605-23D5-4B98-BDB8-3EB5D0682A5A","Southern","%",""
"ALF01C01","Annual employment rate","2025","2025","440","30 - 34 years","-","Both sexes","99","Level of education - not stated","C32761EB-7A21-4B95-8C7A-DB195C2955CE","Eastern and Midland","%",""
"ALF01C01","Annual employment rate","2025","2025","440","30 - 34 years","1","Male","-","Levels of Education (Levels  0-8)","IE0","Ireland","%","87.7"
"ALF01C01","Annual employment rate","2025","2025","440","30 - 34 years","1","Male","-","Levels of Education (Levels  0-8)","811D29A4-1E05-4F4A-B61B-43DE64E07B29","Northern and Western","%","93.8"
"ALF01C01","Annual employment rate","2025","2025","440","30 - 34 years","1","Male","-","Levels of Education (Levels  0-8)","97227605-23D5-4B98-BDB8-3EB5D0682A5A","Southern","%","83.2"
"ALF01C01","Annual employment rate","2025","2025","440","30 - 34 years","1","Male","-","Levels of Education (Levels  0-8)","C32761EB-7A21-4B95-8C7A-DB195C2955CE","Eastern and Midland","%","88.4"
"ALF01C01","Annual employment rate","2025","2025","440","30 - 34 years","1","Male","10","Less than primary (Level 0)","IE0","Ireland","%",""
"ALF01C01","Annual employment rate","2025","2025","440","30 - 34 years","1","Male","10","Less than primary (Level 0)","811D29A4-1E05-4F4A-B61B-43DE64E07B29","Northern and Western","%",""
"ALF01C01","Annual employment rate","2025","2025","440","30 - 34 years","1","Male","10","Less than primary (Level 0)","97227605-23D5-4B98-BDB8-3EB5D0682A5A","Southern","%",""
"ALF01C01","Annual employment rate","2025","2025","440","30 - 34 years","1","Male","10","Less than primary (Level 0)","C32761EB-7A21-4B95-8C7A-DB195C2955CE","Eastern and Midland","%",""
"ALF01C01","Annual employment rate","2025","2025","440","30 - 34 years","1","Male","20","Primary and lower secondary education (Levels 1-2)","IE0","Ireland","%",""
"ALF01C01","Annual employment rate","2025","2025","440","30 - 34 years","1","Male","20","Primary and lower secondary education (Levels 1-2)","811D29A4-1E05-4F4A-B61B-43DE64E07B29","Northern and Western","%",""
"ALF01C01","Annual employment rate","2025","2025","440","30 - 34 years","1","Male","20","Primary and lower secondary education (Levels 1-2)","97227605-23D5-4B98-BDB8-3EB5D0682A5A","Southern","%",""
"ALF01C01","Annual employment rate","2025","2025","440","30 - 34 years","1","Male","20","Primary and lower secondary education (Levels 1-2)","C32761EB-7A21-4B95-8C7A-DB195C2955CE","Eastern and Midland","%",""
"ALF01C01","Annual employment rate","2025","2025","440","30 - 34 years","1","Male","30","Upper secondary and post-secondary non-tertiary education (Levels 3 and 4)","IE0","Ireland","%","85.3"
"ALF01C01","Annual employment rate","2025","2025","440","30 - 34 years","1","Male","30","Upper secondary and post-secondary non-tertiary education (Levels 3 and 4)","811D29A4-1E05-4F4A-B61B-43DE64E07B29","Northern and Western","%",""
"ALF01C01","Annual employment rate","2025","2025","440","30 - 34 years","1","Male","30","Upper secondary and post-secondary non-tertiary education (Levels 3 and 4)","97227605-23D5-4B98-BDB8-3EB5D0682A5A","Southern","%","80.3"
"ALF01C01","Annual employment rate","2025","2025","440","30 - 34 years","1","Male","30","Upper secondary and post-secondary non-tertiary education (Levels 3 and 4)","C32761EB-7A21-4B95-8C7A-DB195C2955CE","Eastern and Midland","%","85.3"
"ALF01C01","Annual employment rate","2025","2025","440","30 - 34 years","1","Male","40","Tertiary education (Levels 5-8)","IE0","Ireland","%","92.1"
"ALF01C01","Annual employment rate","2025","2025","440","30 - 34 years","1","Male","40","Tertiary education (Levels 5-8)","811D29A4-1E05-4F4A-B61B-43DE64E07B29","Northern and Western","%",""
"ALF01C01","Annual employment rate","2025","2025","440","30 - 34 years","1","Male","40","Tertiary education (Levels 5-8)","97227605-23D5-4B98-BDB8-3EB5D0682A5A","Southern","%","93.7"
"ALF01C01","Annual employment rate","2025","2025","440","30 - 34 years","1","Male","40","Tertiary education (Levels 5-8)","C32761EB-7A21-4B95-8C7A-DB195C2955CE","Eastern and Midland","%","90.5"
"ALF01C01","Annual employment rate","2025","2025","440","30 - 34 years","1","Male","99","Level of education - not stated","IE0","Ireland","%",""
"ALF01C01","Annual employment rate","2025","2025","440","30 - 34 years","1","Male","99","Level of education - not stated","811D29A4-1E05-4F4A-B61B-43DE64E07B29","Northern and Western","%",""
"ALF01C01","Annual employment rate","2025","2025","440","30 - 34 years","1","Male","99","Level of education - not stated","97227605-23D5-4B98-BDB8-3EB5D0682A5A","Southern","%",""
"ALF01C01","Annual employment rate","2025","2025","440","30 - 34 years","1","Male","99","Level of education - not stated","C32761EB-7A21-4B95-8C7A-DB195C2955CE","Eastern and Midland","%",""
"ALF01C01","Annual employment rate","2025","2025","440","30 - 34 years","2","Female","-","Levels of Education (Levels  0-8)","IE0","Ireland","%","78.7"
"ALF01C01","Annual employment rate","2025","2025","440","30 - 34 years","2","Female","-","Levels of Education (Levels  0-8)","811D29A4-1E05-4F4A-B61B-43DE64E07B29","Northern and Western","%","76.8"
"ALF01C01","Annual employment rate","2025","2025","440","30 - 34 years","2","Female","-","Levels of Education (Levels  0-8)","97227605-23D5-4B98-BDB8-3EB5D0682A5A","Southern","%","72.2"
"ALF01C01","Annual employment rate","2025","2025","440","30 - 34 years","2","Female","-","Levels of Education (Levels  0-8)","C32761EB-7A21-4B95-8C7A-DB195C2955CE","Eastern and Midland","%","82.9"
"ALF01C01","Annual employment rate","2025","2025","440","30 - 34 years","2","Female","10","Less than primary (Level 0)","IE0","Ireland","%",""
"ALF01C01","Annual employment rate","2025","2025","440","30 - 34 years","2","Female","10","Less than primary (Level 0)","811D29A4-1E05-4F4A-B61B-43DE64E07B29","Northern and Western","%",""
"ALF01C01","Annual employment rate","2025","2025","440","30 - 34 years","2","Female","10","Less than primary (Level 0)","97227605-23D5-4B98-BDB8-3EB5D0682A5A","Southern","%",""
"ALF01C01","Annual employment rate","2025","2025","440","30 - 34 years","2","Female","10","Less than primary (Level 0)","C32761EB-7A21-4B95-8C7A-DB195C2955CE","Eastern and Midland","%",""
"ALF01C01","Annual employment rate","2025","2025","440","30 - 34 years","2","Female","20","Primary and lower secondary education (Levels 1-2)","IE0","Ireland","%",""
"ALF01C01","Annual employment rate","2025","2025","440","30 - 34 years","2","Female","20","Primary and lower secondary education (Levels 1-2)","811D29A4-1E05-4F4A-B61B-43DE64E07B29","Northern and Western","%",""
"ALF01C01","Annual employment rate","2025","2025","440","30 - 34 years","2","Female","20","Primary and lower secondary education (Levels 1-2)","97227605-23D5-4B98-BDB8-3EB5D0682A5A","Southern","%",""
"ALF01C01","Annual employment rate","2025","2025","440","30 - 34 years","2","Female","20","Primary and lower secondary education (Levels 1-2)","C32761EB-7A21-4B95-8C7A-DB195C2955CE","Eastern and Midland","%",""
"ALF01C01","Annual employment rate","2025","2025","440","30 - 34 years","2","Female","30","Upper secondary and post-secondary non-tertiary education (Levels 3 and 4)","IE0","Ireland","%","61.7"
"ALF01C01","Annual employment rate","2025","2025","440","30 - 34 years","2","Female","30","Upper secondary and post-secondary non-tertiary education (Levels 3 and 4)","811D29A4-1E05-4F4A-B61B-43DE64E07B29","Northern and Western","%",""
"ALF01C01","Annual employment rate","2025","2025","440","30 - 34 years","2","Female","30","Upper secondary and post-secondary non-tertiary education (Levels 3 and 4)","97227605-23D5-4B98-BDB8-3EB5D0682A5A","Southern","%",""
"ALF01C01","Annual employment rate","2025","2025","440","30 - 34 years","2","Female","30","Upper secondary and post-secondary non-tertiary education (Levels 3 and 4)","C32761EB-7A21-4B95-8C7A-DB195C2955CE","Eastern and Midland","%","62.2"
"ALF01C01","Annual employment rate","2025","2025","440","30 - 34 years","2","Female","40","Tertiary education (Levels 5-8)","IE0","Ireland","%","86.7"
"ALF01C01","Annual employment rate","2025","2025","440","30 - 34 years","2","Female","40","Tertiary education (Levels 5-8)","811D29A4-1E05-4F4A-B61B-43DE64E07B29","Northern and Western","%","87.6"
"ALF01C01","Annual employment rate","2025","2025","440","30 - 34 years","2","Female","40","Tertiary education (Levels 5-8)","97227605-23D5-4B98-BDB8-3EB5D0682A5A","Southern","%","80.6"
"ALF01C01","Annual employment rate","2025","2025","440","30 - 34 years","2","Female","40","Tertiary education (Levels 5-8)","C32761EB-7A21-4B95-8C7A-DB195C2955CE","Eastern and Midland","%","89.9"
"ALF01C01","Annual employment rate","2025","2025","440","30 - 34 years","2","Female","99","Level of education - not stated","IE0","Ireland","%",""
"ALF01C01","Annual employment rate","2025","2025","440","30 - 34 years","2","Female","99","Level of education - not stated","811D29A4-1E05-4F4A-B61B-43DE64E07B29","Northern and Western","%",""
"ALF01C01","Annual employment rate","2025","2025","440","30 - 34 years","2","Female","99","Level of education - not stated","97227605-23D5-4B98-BDB8-3EB5D0682A5A","Southern","%",""
"ALF01C01","Annual employment rate","2025","2025","440","30 - 34 years","2","Female","99","Level of education - not stated","C32761EB-7A21-4B95-8C7A-DB195C2955CE","Eastern and Midland","%",""
"ALF01C01","Annual employment rate","2025","2025","460","35 - 39 years","-","Both sexes","-","Levels of Education (Levels  0-8)","IE0","Ireland","%","85.7"
"ALF01C01","Annual employment rate","2025","2025","460","35 - 39 years","-","Both sexes","-","Levels of Education (Levels  0-8)","811D29A4-1E05-4F4A-B61B-43DE64E07B29","Northern and Western","%","84"
"ALF01C01","Annual employment rate","2025","2025","460","35 - 39 years","-","Both sexes","-","Levels of Education (Levels  0-8)","97227605-23D5-4B98-BDB8-3EB5D0682A5A","Southern","%","84.6"
"ALF01C01","Annual employment rate","2025","2025","460","35 - 39 years","-","Both sexes","-","Levels of Education (Levels  0-8)","C32761EB-7A21-4B95-8C7A-DB195C2955CE","Eastern and Midland","%","86.8"
"ALF01C01","Annual employment rate","2025","2025","460","35 - 39 years","-","Both sexes","10","Less than primary (Level 0)","IE0","Ireland","%",""
"ALF01C01","Annual employment rate","2025","2025","460","35 - 39 years","-","Both sexes","10","Less than primary (Level 0)","811D29A4-1E05-4F4A-B61B-43DE64E07B29","Northern and Western","%",""
"ALF01C01","Annual employment rate","2025","2025","460","35 - 39 years","-","Both sexes","10","Less than primary (Level 0)","97227605-23D5-4B98-BDB8-3EB5D0682A5A","Southern","%",""
"ALF01C01","Annual employment rate","2025","2025","460","35 - 39 years","-","Both sexes","10","Less than primary (Level 0)","C32761EB-7A21-4B95-8C7A-DB195C2955CE","Eastern and Midland","%",""
"ALF01C01","Annual employment rate","2025","2025","460","35 - 39 years","-","Both sexes","20","Primary and lower secondary education (Levels 1-2)","IE0","Ireland","%",""
"ALF01C01","Annual employment rate","2025","2025","460","35 - 39 years","-","Both sexes","20","Primary and lower secondary education (Levels 1-2)","811D29A4-1E05-4F4A-B61B-43DE64E07B29","Northern and Western","%",""
"ALF01C01","Annual employment rate","2025","2025","460","35 - 39 years","-","Both sexes","20","Primary and lower secondary education (Levels 1-2)","97227605-23D5-4B98-BDB8-3EB5D0682A5A","Southern","%",""
"ALF01C01","Annual employment rate","2025","2025","460","35 - 39 years","-","Both sexes","20","Primary and lower secondary education (Levels 1-2)","C32761EB-7A21-4B95-8C7A-DB195C2955CE","Eastern and Midland","%",""
"ALF01C01","Annual employment rate","2025","2025","460","35 - 39 years","-","Both sexes","30","Upper secondary and post-secondary non-tertiary education (Levels 3 and 4)","IE0","Ireland","%","78.8"
"ALF01C01","Annual employment rate","2025","2025","460","35 - 39 years","-","Both sexes","30","Upper secondary and post-secondary non-tertiary education (Levels 3 and 4)","811D29A4-1E05-4F4A-B61B-43DE64E07B29","Northern and Western","%","85.2"
"ALF01C01","Annual employment rate","2025","2025","460","35 - 39 years","-","Both sexes","30","Upper secondary and post-secondary non-tertiary education (Levels 3 and 4)","97227605-23D5-4B98-BDB8-3EB5D0682A5A","Southern","%","75.9"
"ALF01C01","Annual employment rate","2025","2025","460","35 - 39 years","-","Both sexes","30","Upper secondary and post-secondary non-tertiary education (Levels 3 and 4)","C32761EB-7A21-4B95-8C7A-DB195C2955CE","Eastern and Midland","%","78.3"
"ALF01C01","Annual employment rate","2025","2025","460","35 - 39 years","-","Both sexes","40","Tertiary education (Levels 5-8)","IE0","Ireland","%","92.1"
"ALF01C01","Annual employment rate","2025","2025","460","35 - 39 years","-","Both sexes","40","Tertiary education (Levels 5-8)","811D29A4-1E05-4F4A-B61B-43DE64E07B29","Northern and Western","%","89.1"
"ALF01C01","Annual employment rate","2025","2025","460","35 - 39 years","-","Both sexes","40","Tertiary education (Levels 5-8)","97227605-23D5-4B98-BDB8-3EB5D0682A5A","Southern","%","91.9"
"ALF01C01","Annual employment rate","2025","2025","460","35 - 39 years","-","Both sexes","40","Tertiary education (Levels 5-8)","C32761EB-7A21-4B95-8C7A-DB195C2955CE","Eastern and Midland","%","92.9"
"ALF01C01","Annual employment rate","2025","2025","460","35 - 39 years","-","Both sexes","99","Level of education - not stated","IE0","Ireland","%",""
"ALF01C01","Annual employment rate","2025","2025","460","35 - 39 years","-","Both sexes","99","Level of education - not stated","811D29A4-1E05-4F4A-B61B-43DE64E07B29","Northern and Western","%",""
"ALF01C01","Annual employment rate","2025","2025","460","35 - 39 years","-","Both sexes","99","Level of education - not stated","97227605-23D5-4B98-BDB8-3EB5D0682A5A","Southern","%",""
"ALF01C01","Annual employment rate","2025","2025","460","35 - 39 years","-","Both sexes","99","Level of education - not stated","C32761EB-7A21-4B95-8C7A-DB195C2955CE","Eastern and Midland","%",""
"ALF01C01","Annual employment rate","2025","2025","460","35 - 39 years","1","Male","-","Levels of Education (Levels  0-8)","IE0","Ireland","%","92"
"ALF01C01","Annual employment rate","2025","2025","460","35 - 39 years","1","Male","-","Levels of Education (Levels  0-8)","811D29A4-1E05-4F4A-B61B-43DE64E07B29","Northern and Western","%","91.8"
"ALF01C01","Annual employment rate","2025","2025","460","35 - 39 years","1","Male","-","Levels of Education (Levels  0-8)","97227605-23D5-4B98-BDB8-3EB5D0682A5A","Southern","%","92.7"
"ALF01C01","Annual employment rate","2025","2025","460","35 - 39 years","1","Male","-","Levels of Education (Levels  0-8)","C32761EB-7A21-4B95-8C7A-DB195C2955CE","Eastern and Midland","%","91.7"
"ALF01C01","Annual employment rate","2025","2025","460","35 - 39 years","1","Male","10","Less than primary (Level 0)","IE0","Ireland","%",""
"ALF01C01","Annual employment rate","2025","2025","460","35 - 39 years","1","Male","10","Less than primary (Level 0)","811D29A4-1E05-4F4A-B61B-43DE64E07B29","Northern and Western","%",""
"ALF01C01","Annual employment rate","2025","2025","460","35 - 39 years","1","Male","10","Less than primary (Level 0)","97227605-23D5-4B98-BDB8-3EB5D0682A5A","Southern","%",""
"ALF01C01","Annual employment rate","2025","2025","460","35 - 39 years","1","Male","10","Less than primary (Level 0)","C32761EB-7A21-4B95-8C7A-DB195C2955CE","Eastern and Midland","%",""
"ALF01C01","Annual employment rate","2025","2025","460","35 - 39 years","1","Male","20","Primary and lower secondary education (Levels 1-2)","IE0","Ireland","%",""
"ALF01C01","Annual employment rate","2025","2025","460","35 - 39 years","1","Male","20","Primary and lower secondary education (Levels 1-2)","811D29A4-1E05-4F4A-B61B-43DE64E07B29","Northern and Western","%",""
"ALF01C01","Annual employment rate","2025","2025","460","35 - 39 years","1","Male","20","Primary and lower secondary education (Levels 1-2)","97227605-23D5-4B98-BDB8-3EB5D0682A5A","Southern","%",""
"ALF01C01","Annual employment rate","2025","2025","460","35 - 39 years","1","Male","20","Primary and lower secondary education (Levels 1-2)","C32761EB-7A21-4B95-8C7A-DB195C2955CE","Eastern and Midland","%",""
"ALF01C01","Annual employment rate","2025","2025","460","35 - 39 years","1","Male","30","Upper secondary and post-secondary non-tertiary education (Levels 3 and 4)","IE0","Ireland","%","86"
"ALF01C01","Annual employment rate","2025","2025","460","35 - 39 years","1","Male","30","Upper secondary and post-secondary non-tertiary education (Levels 3 and 4)","811D29A4-1E05-4F4A-B61B-43DE64E07B29","Northern and Western","%","93.2"
"ALF01C01","Annual employment rate","2025","2025","460","35 - 39 years","1","Male","30","Upper secondary and post-secondary non-tertiary education (Levels 3 and 4)","97227605-23D5-4B98-BDB8-3EB5D0682A5A","Southern","%","85.1"
"ALF01C01","Annual employment rate","2025","2025","460","35 - 39 years","1","Male","30","Upper secondary and post-secondary non-tertiary education (Levels 3 and 4)","C32761EB-7A21-4B95-8C7A-DB195C2955CE","Eastern and Midland","%","83.6"
"ALF01C01","Annual employment rate","2025","2025","460","35 - 39 years","1","Male","40","Tertiary education (Levels 5-8)","IE0","Ireland","%","98.3"
"ALF01C01","Annual employment rate","2025","2025","460","35 - 39 years","1","Male","40","Tertiary education (Levels 5-8)","811D29A4-1E05-4F4A-B61B-43DE64E07B29","Northern and Western","%","100"
"ALF01C01","Annual employment rate","2025","2025","460","35 - 39 years","1","Male","40","Tertiary education (Levels 5-8)","97227605-23D5-4B98-BDB8-3EB5D0682A5A","Southern","%","97.1"
"ALF01C01","Annual employment rate","2025","2025","460","35 - 39 years","1","Male","40","Tertiary education (Levels 5-8)","C32761EB-7A21-4B95-8C7A-DB195C2955CE","Eastern and Midland","%","98.5"
"ALF01C01","Annual employment rate","2025","2025","460","35 - 39 years","1","Male","99","Level of education - not stated","IE0","Ireland","%",""
"ALF01C01","Annual employment rate","2025","2025","460","35 - 39 years","1","Male","99","Level of education - not stated","811D29A4-1E05-4F4A-B61B-43DE64E07B29","Northern and Western","%",""
"ALF01C01","Annual employment rate","2025","2025","460","35 - 39 years","1","Male","99","Level of education - not stated","97227605-23D5-4B98-BDB8-3EB5D0682A5A","Southern","%",""
"ALF01C01","Annual employment rate","2025","2025","460","35 - 39 years","1","Male","99","Level of education - not stated","C32761EB-7A21-4B95-8C7A-DB195C2955CE","Eastern and Midland","%",""
"ALF01C01","Annual employment rate","2025","2025","460","35 - 39 years","2","Female","-","Levels of Education (Levels  0-8)","IE0","Ireland","%","79.8"
"ALF01C01","Annual employment rate","2025","2025","460","35 - 39 years","2","Female","-","Levels of Education (Levels  0-8)","811D29A4-1E05-4F4A-B61B-43DE64E07B29","Northern and Western","%","76.4"
"ALF01C01","Annual employment rate","2025","2025","460","35 - 39 years","2","Female","-","Levels of Education (Levels  0-8)","97227605-23D5-4B98-BDB8-3EB5D0682A5A","Southern","%","77.1"
"ALF01C01","Annual employment rate","2025","2025","460","35 - 39 years","2","Female","-","Levels of Education (Levels  0-8)","C32761EB-7A21-4B95-8C7A-DB195C2955CE","Eastern and Midland","%","82.3"
"ALF01C01","Annual employment rate","2025","2025","460","35 - 39 years","2","Female","10","Less than primary (Level 0)","IE0","Ireland","%",""
"ALF01C01","Annual employment rate","2025","2025","460","35 - 39 years","2","Female","10","Less than primary (Level 0)","811D29A4-1E05-4F4A-B61B-43DE64E07B29","Northern and Western","%",""
"ALF01C01","Annual employment rate","2025","2025","460","35 - 39 years","2","Female","10","Less than primary (Level 0)","97227605-23D5-4B98-BDB8-3EB5D0682A5A","Southern","%",""
"ALF01C01","Annual employment rate","2025","2025","460","35 - 39 years","2","Female","10","Less than primary (Level 0)","C32761EB-7A21-4B95-8C7A-DB195C2955CE","Eastern and Midland","%",""
"ALF01C01","Annual employment rate","2025","2025","460","35 - 39 years","2","Female","20","Primary and lower secondary education (Levels 1-2)","IE0","Ireland","%",""
"ALF01C01","Annual employment rate","2025","2025","460","35 - 39 years","2","Female","20","Primary and lower secondary education (Levels 1-2)","811D29A4-1E05-4F4A-B61B-43DE64E07B29","Northern and Western","%",""
"ALF01C01","Annual employment rate","2025","2025","460","35 - 39 years","2","Female","20","Primary and lower secondary education (Levels 1-2)","97227605-23D5-4B98-BDB8-3EB5D0682A5A","Southern","%",""
"ALF01C01","Annual employment rate","2025","2025","460","35 - 39 years","2","Female","20","Primary and lower secondary education (Levels 1-2)","C32761EB-7A21-4B95-8C7A-DB195C2955CE","Eastern and Midland","%",""
"ALF01C01","Annual employment rate","2025","2025","460","35 - 39 years","2","Female","30","Upper secondary and post-secondary non-tertiary education (Levels 3 and 4)","IE0","Ireland","%","71.2"
"ALF01C01","Annual employment rate","2025","2025","460","35 - 39 years","2","Female","30","Upper secondary and post-secondary non-tertiary education (Levels 3 and 4)","811D29A4-1E05-4F4A-B61B-43DE64E07B29","Northern and Western","%",""
"ALF01C01","Annual employment rate","2025","2025","460","35 - 39 years","2","Female","30","Upper secondary and post-secondary non-tertiary education (Levels 3 and 4)","97227605-23D5-4B98-BDB8-3EB5D0682A5A","Southern","%","66.6"
"ALF01C01","Annual employment rate","2025","2025","460","35 - 39 years","2","Female","30","Upper secondary and post-secondary non-tertiary education (Levels 3 and 4)","C32761EB-7A21-4B95-8C7A-DB195C2955CE","Eastern and Midland","%","73.1"
"ALF01C01","Annual employment rate","2025","2025","460","35 - 39 years","2","Female","40","Tertiary education (Levels 5-8)","IE0","Ireland","%","86.8"
"ALF01C01","Annual employment rate","2025","2025","460","35 - 39 years","2","Female","40","Tertiary education (Levels 5-8)","811D29A4-1E05-4F4A-B61B-43DE64E07B29","Northern and Western","%","81.4"
"ALF01C01","Annual employment rate","2025","2025","460","35 - 39 years","2","Female","40","Tertiary education (Levels 5-8)","97227605-23D5-4B98-BDB8-3EB5D0682A5A","Southern","%","87.5"
"ALF01C01","Annual employment rate","2025","2025","460","35 - 39 years","2","Female","40","Tertiary education (Levels 5-8)","C32761EB-7A21-4B95-8C7A-DB195C2955CE","Eastern and Midland","%","87.9"
"ALF01C01","Annual employment rate","2025","2025","460","35 - 39 years","2","Female","99","Level of education - not stated","IE0","Ireland","%",""
"ALF01C01","Annual employment rate","2025","2025","460","35 - 39 years","2","Female","99","Level of education - not stated","811D29A4-1E05-4F4A-B61B-43DE64E07B29","Northern and Western","%",""
"ALF01C01","Annual employment rate","2025","2025","460","35 - 39 years","2","Female","99","Level of education - not stated","97227605-23D5-4B98-BDB8-3EB5D0682A5A","Southern","%",""
"ALF01C01","Annual employment rate","2025","2025","460","35 - 39 years","2","Female","99","Level of education - not stated","C32761EB-7A21-4B95-8C7A-DB195C2955CE","Eastern and Midland","%",""
"ALF01C01","Annual employment rate","2025","2025","475","40 - 44 years","-","Both sexes","-","Levels of Education (Levels  0-8)","IE0","Ireland","%","85"
"ALF01C01","Annual employment rate","2025","2025","475","40 - 44 years","-","Both sexes","-","Levels of Education (Levels  0-8)","811D29A4-1E05-4F4A-B61B-43DE64E07B29","Northern and Western","%","86.2"
"ALF01C01","Annual employment rate","2025","2025","475","40 - 44 years","-","Both sexes","-","Levels of Education (Levels  0-8)","97227605-23D5-4B98-BDB8-3EB5D0682A5A","Southern","%","83.4"
"ALF01C01","Annual employment rate","2025","2025","475","40 - 44 years","-","Both sexes","-","Levels of Education (Levels  0-8)","C32761EB-7A21-4B95-8C7A-DB195C2955CE","Eastern and Midland","%","85.6"
"ALF01C01","Annual employment rate","2025","2025","475","40 - 44 years","-","Both sexes","10","Less than primary (Level 0)","IE0","Ireland","%",""
"ALF01C01","Annual employment rate","2025","2025","475","40 - 44 years","-","Both sexes","10","Less than primary (Level 0)","811D29A4-1E05-4F4A-B61B-43DE64E07B29","Northern and Western","%",""
"ALF01C01","Annual employment rate","2025","2025","475","40 - 44 years","-","Both sexes","10","Less than primary (Level 0)","97227605-23D5-4B98-BDB8-3EB5D0682A5A","Southern","%",""
"ALF01C01","Annual employment rate","2025","2025","475","40 - 44 years","-","Both sexes","10","Less than primary (Level 0)","C32761EB-7A21-4B95-8C7A-DB195C2955CE","Eastern and Midland","%",""
"ALF01C01","Annual employment rate","2025","2025","475","40 - 44 years","-","Both sexes","20","Primary and lower secondary education (Levels 1-2)","IE0","Ireland","%","54.6"
"ALF01C01","Annual employment rate","2025","2025","475","40 - 44 years","-","Both sexes","20","Primary and lower secondary education (Levels 1-2)","811D29A4-1E05-4F4A-B61B-43DE64E07B29","Northern and Western","%",""
"ALF01C01","Annual employment rate","2025","2025","475","40 - 44 years","-","Both sexes","20","Primary and lower secondary education (Levels 1-2)","97227605-23D5-4B98-BDB8-3EB5D0682A5A","Southern","%",""
"ALF01C01","Annual employment rate","2025","2025","475","40 - 44 years","-","Both sexes","20","Primary and lower secondary education (Levels 1-2)","C32761EB-7A21-4B95-8C7A-DB195C2955CE","Eastern and Midland","%",""
"ALF01C01","Annual employment rate","2025","2025","475","40 - 44 years","-","Both sexes","30","Upper secondary and post-secondary non-tertiary education (Levels 3 and 4)","IE0","Ireland","%","81.4"
"ALF01C01","Annual employment rate","2025","2025","475","40 - 44 years","-","Both sexes","30","Upper secondary and post-secondary non-tertiary education (Levels 3 and 4)","811D29A4-1E05-4F4A-B61B-43DE64E07B29","Northern and Western","%","85.5"
"ALF01C01","Annual employment rate","2025","2025","475","40 - 44 years","-","Both sexes","30","Upper secondary and post-secondary non-tertiary education (Levels 3 and 4)","97227605-23D5-4B98-BDB8-3EB5D0682A5A","Southern","%","82.3"
"ALF01C01","Annual employment rate","2025","2025","475","40 - 44 years","-","Both sexes","30","Upper secondary and post-secondary non-tertiary education (Levels 3 and 4)","C32761EB-7A21-4B95-8C7A-DB195C2955CE","Eastern and Midland","%","79.2"
"ALF01C01","Annual employment rate","2025","2025","475","40 - 44 years","-","Both sexes","40","Tertiary education (Levels 5-8)","IE0","Ireland","%","90.1"
"ALF01C01","Annual employment rate","2025","2025","475","40 - 44 years","-","Both sexes","40","Tertiary education (Levels 5-8)","811D29A4-1E05-4F4A-B61B-43DE64E07B29","Northern and Western","%","92.1"
"ALF01C01","Annual employment rate","2025","2025","475","40 - 44 years","-","Both sexes","40","Tertiary education (Levels 5-8)","97227605-23D5-4B98-BDB8-3EB5D0682A5A","Southern","%","88.5"
"ALF01C01","Annual employment rate","2025","2025","475","40 - 44 years","-","Both sexes","40","Tertiary education (Levels 5-8)","C32761EB-7A21-4B95-8C7A-DB195C2955CE","Eastern and Midland","%","90.4"
"ALF01C01","Annual employment rate","2025","2025","475","40 - 44 years","-","Both sexes","99","Level of education - not stated","IE0","Ireland","%",""
"ALF01C01","Annual employment rate","2025","2025","475","40 - 44 years","-","Both sexes","99","Level of education - not stated","811D29A4-1E05-4F4A-B61B-43DE64E07B29","Northern and Western","%",""
"ALF01C01","Annual employment rate","2025","2025","475","40 - 44 years","-","Both sexes","99","Level of education - not stated","97227605-23D5-4B98-BDB8-3EB5D0682A5A","Southern","%",""
"ALF01C01","Annual employment rate","2025","2025","475","40 - 44 years","-","Both sexes","99","Level of education - not stated","C32761EB-7A21-4B95-8C7A-DB195C2955CE","Eastern and Midland","%",""
"ALF01C01","Annual employment rate","2025","2025","475","40 - 44 years","1","Male","-","Levels of Education (Levels  0-8)","IE0","Ireland","%","89.6"
"ALF01C01","Annual employment rate","2025","2025","475","40 - 44 years","1","Male","-","Levels of Education (Levels  0-8)","811D29A4-1E05-4F4A-B61B-43DE64E07B29","Northern and Western","%","93.4"
"ALF01C01","Annual employment rate","2025","2025","475","40 - 44 years","1","Male","-","Levels of Education (Levels  0-8)","97227605-23D5-4B98-BDB8-3EB5D0682A5A","Southern","%","87.9"
"ALF01C01","Annual employment rate","2025","2025","475","40 - 44 years","1","Male","-","Levels of Education (Levels  0-8)","C32761EB-7A21-4B95-8C7A-DB195C2955CE","Eastern and Midland","%","89.3"
"ALF01C01","Annual employment rate","2025","2025","475","40 - 44 years","1","Male","10","Less than primary (Level 0)","IE0","Ireland","%",""
"ALF01C01","Annual employment rate","2025","2025","475","40 - 44 years","1","Male","10","Less than primary (Level 0)","811D29A4-1E05-4F4A-B61B-43DE64E07B29","Northern and Western","%",""
"ALF01C01","Annual employment rate","2025","2025","475","40 - 44 years","1","Male","10","Less than primary (Level 0)","97227605-23D5-4B98-BDB8-3EB5D0682A5A","Southern","%",""
"ALF01C01","Annual employment rate","2025","2025","475","40 - 44 years","1","Male","10","Less than primary (Level 0)","C32761EB-7A21-4B95-8C7A-DB195C2955CE","Eastern and Midland","%",""
"ALF01C01","Annual employment rate","2025","2025","475","40 - 44 years","1","Male","20","Primary and lower secondary education (Levels 1-2)","IE0","Ireland","%","63.5"
"ALF01C01","Annual employment rate","2025","2025","475","40 - 44 years","1","Male","20","Primary and lower secondary education (Levels 1-2)","811D29A4-1E05-4F4A-B61B-43DE64E07B29","Northern and Western","%",""
"ALF01C01","Annual employment rate","2025","2025","475","40 - 44 years","1","Male","20","Primary and lower secondary education (Levels 1-2)","97227605-23D5-4B98-BDB8-3EB5D0682A5A","Southern","%",""
"ALF01C01","Annual employment rate","2025","2025","475","40 - 44 years","1","Male","20","Primary and lower secondary education (Levels 1-2)","C32761EB-7A21-4B95-8C7A-DB195C2955CE","Eastern and Midland","%",""
"ALF01C01","Annual employment rate","2025","2025","475","40 - 44 years","1","Male","30","Upper secondary and post-secondary non-tertiary education (Levels 3 and 4)","IE0","Ireland","%","89.9"
"ALF01C01","Annual employment rate","2025","2025","475","40 - 44 years","1","Male","30","Upper secondary and post-secondary non-tertiary education (Levels 3 and 4)","811D29A4-1E05-4F4A-B61B-43DE64E07B29","Northern and Western","%","94.4"
"ALF01C01","Annual employment rate","2025","2025","475","40 - 44 years","1","Male","30","Upper secondary and post-secondary non-tertiary education (Levels 3 and 4)","97227605-23D5-4B98-BDB8-3EB5D0682A5A","Southern","%","88.4"
"ALF01C01","Annual employment rate","2025","2025","475","40 - 44 years","1","Male","30","Upper secondary and post-secondary non-tertiary education (Levels 3 and 4)","C32761EB-7A21-4B95-8C7A-DB195C2955CE","Eastern and Midland","%","89.2"
"ALF01C01","Annual employment rate","2025","2025","475","40 - 44 years","1","Male","40","Tertiary education (Levels 5-8)","IE0","Ireland","%","94.2"
"ALF01C01","Annual employment rate","2025","2025","475","40 - 44 years","1","Male","40","Tertiary education (Levels 5-8)","811D29A4-1E05-4F4A-B61B-43DE64E07B29","Northern and Western","%","97.3"
"ALF01C01","Annual employment rate","2025","2025","475","40 - 44 years","1","Male","40","Tertiary education (Levels 5-8)","97227605-23D5-4B98-BDB8-3EB5D0682A5A","Southern","%","90.9"
"ALF01C01","Annual employment rate","2025","2025","475","40 - 44 years","1","Male","40","Tertiary education (Levels 5-8)","C32761EB-7A21-4B95-8C7A-DB195C2955CE","Eastern and Midland","%","94.9"
"ALF01C01","Annual employment rate","2025","2025","475","40 - 44 years","1","Male","99","Level of education - not stated","IE0","Ireland","%",""
"ALF01C01","Annual employment rate","2025","2025","475","40 - 44 years","1","Male","99","Level of education - not stated","811D29A4-1E05-4F4A-B61B-43DE64E07B29","Northern and Western","%",""
"ALF01C01","Annual employment rate","2025","2025","475","40 - 44 years","1","Male","99","Level of education - not stated","97227605-23D5-4B98-BDB8-3EB5D0682A5A","Southern","%",""
"ALF01C01","Annual employment rate","2025","2025","475","40 - 44 years","1","Male","99","Level of education - not stated","C32761EB-7A21-4B95-8C7A-DB195C2955CE","Eastern and Midland","%",""
"ALF01C01","Annual employment rate","2025","2025","475","40 - 44 years","2","Female","-","Levels of Education (Levels  0-8)","IE0","Ireland","%","80.7"
"ALF01C01","Annual employment rate","2025","2025","475","40 - 44 years","2","Female","-","Levels of Education (Levels  0-8)","811D29A4-1E05-4F4A-B61B-43DE64E07B29","Northern and Western","%","79.3"
"ALF01C01","Annual employment rate","2025","2025","475","40 - 44 years","2","Female","-","Levels of Education (Levels  0-8)","97227605-23D5-4B98-BDB8-3EB5D0682A5A","Southern","%","79.4"
"ALF01C01","Annual employment rate","2025","2025","475","40 - 44 years","2","Female","-","Levels of Education (Levels  0-8)","C32761EB-7A21-4B95-8C7A-DB195C2955CE","Eastern and Midland","%","82"
"ALF01C01","Annual employment rate","2025","2025","475","40 - 44 years","2","Female","10","Less than primary (Level 0)","IE0","Ireland","%",""
"ALF01C01","Annual employment rate","2025","2025","475","40 - 44 years","2","Female","10","Less than primary (Level 0)","811D29A4-1E05-4F4A-B61B-43DE64E07B29","Northern and Western","%",""
"ALF01C01","Annual employment rate","2025","2025","475","40 - 44 years","2","Female","10","Less than primary (Level 0)","97227605-23D5-4B98-BDB8-3EB5D0682A5A","Southern","%",""
"ALF01C01","Annual employment rate","2025","2025","475","40 - 44 years","2","Female","10","Less than primary (Level 0)","C32761EB-7A21-4B95-8C7A-DB195C2955CE","Eastern and Midland","%",""
"ALF01C01","Annual employment rate","2025","2025","475","40 - 44 years","2","Female","20","Primary and lower secondary education (Levels 1-2)","IE0","Ireland","%",""
"ALF01C01","Annual employment rate","2025","2025","475","40 - 44 years","2","Female","20","Primary and lower secondary education (Levels 1-2)","811D29A4-1E05-4F4A-B61B-43DE64E07B29","Northern and Western","%",""
"ALF01C01","Annual employment rate","2025","2025","475","40 - 44 years","2","Female","20","Primary and lower secondary education (Levels 1-2)","97227605-23D5-4B98-BDB8-3EB5D0682A5A","Southern","%",""
"ALF01C01","Annual employment rate","2025","2025","475","40 - 44 years","2","Female","20","Primary and lower secondary education (Levels 1-2)","C32761EB-7A21-4B95-8C7A-DB195C2955CE","Eastern and Midland","%",""
"ALF01C01","Annual employment rate","2025","2025","475","40 - 44 years","2","Female","30","Upper secondary and post-secondary non-tertiary education (Levels 3 and 4)","IE0","Ireland","%","70.4"
"ALF01C01","Annual employment rate","2025","2025","475","40 - 44 years","2","Female","30","Upper secondary and post-secondary non-tertiary education (Levels 3 and 4)","811D29A4-1E05-4F4A-B61B-43DE64E07B29","Northern and Western","%",""
"ALF01C01","Annual employment rate","2025","2025","475","40 - 44 years","2","Female","30","Upper secondary and post-secondary non-tertiary education (Levels 3 and 4)","97227605-23D5-4B98-BDB8-3EB5D0682A5A","Southern","%","76.3"
"ALF01C01","Annual employment rate","2025","2025","475","40 - 44 years","2","Female","30","Upper secondary and post-secondary non-tertiary education (Levels 3 and 4)","C32761EB-7A21-4B95-8C7A-DB195C2955CE","Eastern and Midland","%","63.7"
"ALF01C01","Annual employment rate","2025","2025","475","40 - 44 years","2","Female","40","Tertiary education (Levels 5-8)","IE0","Ireland","%","87.3"
"ALF01C01","Annual employment rate","2025","2025","475","40 - 44 years","2","Female","40","Tertiary education (Levels 5-8)","811D29A4-1E05-4F4A-B61B-43DE64E07B29","Northern and Western","%","88.8"
"ALF01C01","Annual employment rate","2025","2025","475","40 - 44 years","2","Female","40","Tertiary education (Levels 5-8)","97227605-23D5-4B98-BDB8-3EB5D0682A5A","Southern","%","86.7"
"ALF01C01","Annual employment rate","2025","2025","475","40 - 44 years","2","Female","40","Tertiary education (Levels 5-8)","C32761EB-7A21-4B95-8C7A-DB195C2955CE","Eastern and Midland","%","87.2"
"ALF01C01","Annual employment rate","2025","2025","475","40 - 44 years","2","Female","99","Level of education - not stated","IE0","Ireland","%",""
"ALF01C01","Annual employment rate","2025","2025","475","40 - 44 years","2","Female","99","Level of education - not stated","811D29A4-1E05-4F4A-B61B-43DE64E07B29","Northern and Western","%",""
"ALF01C01","Annual employment rate","2025","2025","475","40 - 44 years","2","Female","99","Level of education - not stated","97227605-23D5-4B98-BDB8-3EB5D0682A5A","Southern","%",""
"ALF01C01","Annual employment rate","2025","2025","475","40 - 44 years","2","Female","99","Level of education - not stated","C32761EB-7A21-4B95-8C7A-DB195C2955CE","Eastern and Midland","%",""
"ALF01C01","Annual employment rate","2025","2025","495","45 - 49 years","-","Both sexes","-","Levels of Education (Levels  0-8)","IE0","Ireland","%","87.5"
"ALF01C01","Annual employment rate","2025","2025","495","45 - 49 years","-","Both sexes","-","Levels of Education (Levels  0-8)","811D29A4-1E05-4F4A-B61B-43DE64E07B29","Northern and Western","%","88.2"
"ALF01C01","Annual employment rate","2025","2025","495","45 - 49 years","-","Both sexes","-","Levels of Education (Levels  0-8)","97227605-23D5-4B98-BDB8-3EB5D0682A5A","Southern","%","85.5"
"ALF01C01","Annual employment rate","2025","2025","495","45 - 49 years","-","Both sexes","-","Levels of Education (Levels  0-8)","C32761EB-7A21-4B95-8C7A-DB195C2955CE","Eastern and Midland","%","88.6"
"ALF01C01","Annual employment rate","2025","2025","495","45 - 49 years","-","Both sexes","10","Less than primary (Level 0)","IE0","Ireland","%",""
"ALF01C01","Annual employment rate","2025","2025","495","45 - 49 years","-","Both sexes","10","Less than primary (Level 0)","811D29A4-1E05-4F4A-B61B-43DE64E07B29","Northern and Western","%",""
"ALF01C01","Annual employment rate","2025","2025","495","45 - 49 years","-","Both sexes","10","Less than primary (Level 0)","97227605-23D5-4B98-BDB8-3EB5D0682A5A","Southern","%",""
"ALF01C01","Annual employment rate","2025","2025","495","45 - 49 years","-","Both sexes","10","Less than primary (Level 0)","C32761EB-7A21-4B95-8C7A-DB195C2955CE","Eastern and Midland","%",""
"ALF01C01","Annual employment rate","2025","2025","495","45 - 49 years","-","Both sexes","20","Primary and lower secondary education (Levels 1-2)","IE0","Ireland","%","60.1"
"ALF01C01","Annual employment rate","2025","2025","495","45 - 49 years","-","Both sexes","20","Primary and lower secondary education (Levels 1-2)","811D29A4-1E05-4F4A-B61B-43DE64E07B29","Northern and Western","%",""
"ALF01C01","Annual employment rate","2025","2025","495","45 - 49 years","-","Both sexes","20","Primary and lower secondary education (Levels 1-2)","97227605-23D5-4B98-BDB8-3EB5D0682A5A","Southern","%",""
"ALF01C01","Annual employment rate","2025","2025","495","45 - 49 years","-","Both sexes","20","Primary and lower secondary education (Levels 1-2)","C32761EB-7A21-4B95-8C7A-DB195C2955CE","Eastern and Midland","%",""
"ALF01C01","Annual employment rate","2025","2025","495","45 - 49 years","-","Both sexes","30","Upper secondary and post-secondary non-tertiary education (Levels 3 and 4)","IE0","Ireland","%","84.8"
"ALF01C01","Annual employment rate","2025","2025","495","45 - 49 years","-","Both sexes","30","Upper secondary and post-secondary non-tertiary education (Levels 3 and 4)","811D29A4-1E05-4F4A-B61B-43DE64E07B29","Northern and Western","%","85.3"
"ALF01C01","Annual employment rate","2025","2025","495","45 - 49 years","-","Both sexes","30","Upper secondary and post-secondary non-tertiary education (Levels 3 and 4)","97227605-23D5-4B98-BDB8-3EB5D0682A5A","Southern","%","84.3"
"ALF01C01","Annual employment rate","2025","2025","495","45 - 49 years","-","Both sexes","30","Upper secondary and post-secondary non-tertiary education (Levels 3 and 4)","C32761EB-7A21-4B95-8C7A-DB195C2955CE","Eastern and Midland","%","85"
"ALF01C01","Annual employment rate","2025","2025","495","45 - 49 years","-","Both sexes","40","Tertiary education (Levels 5-8)","IE0","Ireland","%","91.4"
"ALF01C01","Annual employment rate","2025","2025","495","45 - 49 years","-","Both sexes","40","Tertiary education (Levels 5-8)","811D29A4-1E05-4F4A-B61B-43DE64E07B29","Northern and Western","%","92.9"
"ALF01C01","Annual employment rate","2025","2025","495","45 - 49 years","-","Both sexes","40","Tertiary education (Levels 5-8)","97227605-23D5-4B98-BDB8-3EB5D0682A5A","Southern","%","89.3"
"ALF01C01","Annual employment rate","2025","2025","495","45 - 49 years","-","Both sexes","40","Tertiary education (Levels 5-8)","C32761EB-7A21-4B95-8C7A-DB195C2955CE","Eastern and Midland","%","92.1"
"ALF01C01","Annual employment rate","2025","2025","495","45 - 49 years","-","Both sexes","99","Level of education - not stated","IE0","Ireland","%","85.6"
"ALF01C01","Annual employment rate","2025","2025","495","45 - 49 years","-","Both sexes","99","Level of education - not stated","811D29A4-1E05-4F4A-B61B-43DE64E07B29","Northern and Western","%",""
"ALF01C01","Annual employment rate","2025","2025","495","45 - 49 years","-","Both sexes","99","Level of education - not stated","97227605-23D5-4B98-BDB8-3EB5D0682A5A","Southern","%",""
"ALF01C01","Annual employment rate","2025","2025","495","45 - 49 years","-","Both sexes","99","Level of education - not stated","C32761EB-7A21-4B95-8C7A-DB195C2955CE","Eastern and Midland","%",""
"ALF01C01","Annual employment rate","2025","2025","495","45 - 49 years","1","Male","-","Levels of Education (Levels  0-8)","IE0","Ireland","%","92.3"
"ALF01C01","Annual employment rate","2025","2025","495","45 - 49 years","1","Male","-","Levels of Education (Levels  0-8)","811D29A4-1E05-4F4A-B61B-43DE64E07B29","Northern and Western","%","93.9"
"ALF01C01","Annual employment rate","2025","2025","495","45 - 49 years","1","Male","-","Levels of Education (Levels  0-8)","97227605-23D5-4B98-BDB8-3EB5D0682A5A","Southern","%","89"
"ALF01C01","Annual employment rate","2025","2025","495","45 - 49 years","1","Male","-","Levels of Education (Levels  0-8)","C32761EB-7A21-4B95-8C7A-DB195C2955CE","Eastern and Midland","%","93.9"
"ALF01C01","Annual employment rate","2025","2025","495","45 - 49 years","1","Male","10","Less than primary (Level 0)","IE0","Ireland","%",""
"ALF01C01","Annual employment rate","2025","2025","495","45 - 49 years","1","Male","10","Less than primary (Level 0)","811D29A4-1E05-4F4A-B61B-43DE64E07B29","Northern and Western","%",""
"ALF01C01","Annual employment rate","2025","2025","495","45 - 49 years","1","Male","10","Less than primary (Level 0)","97227605-23D5-4B98-BDB8-3EB5D0682A5A","Southern","%",""
"ALF01C01","Annual employment rate","2025","2025","495","45 - 49 years","1","Male","10","Less than primary (Level 0)","C32761EB-7A21-4B95-8C7A-DB195C2955CE","Eastern and Midland","%",""
"ALF01C01","Annual employment rate","2025","2025","495","45 - 49 years","1","Male","20","Primary and lower secondary education (Levels 1-2)","IE0","Ireland","%",""
"ALF01C01","Annual employment rate","2025","2025","495","45 - 49 years","1","Male","20","Primary and lower secondary education (Levels 1-2)","811D29A4-1E05-4F4A-B61B-43DE64E07B29","Northern and Western","%",""
"ALF01C01","Annual employment rate","2025","2025","495","45 - 49 years","1","Male","20","Primary and lower secondary education (Levels 1-2)","97227605-23D5-4B98-BDB8-3EB5D0682A5A","Southern","%",""
"ALF01C01","Annual employment rate","2025","2025","495","45 - 49 years","1","Male","20","Primary and lower secondary education (Levels 1-2)","C32761EB-7A21-4B95-8C7A-DB195C2955CE","Eastern and Midland","%",""
"ALF01C01","Annual employment rate","2025","2025","495","45 - 49 years","1","Male","30","Upper secondary and post-secondary non-tertiary education (Levels 3 and 4)","IE0","Ireland","%","92.4"
"ALF01C01","Annual employment rate","2025","2025","495","45 - 49 years","1","Male","30","Upper secondary and post-secondary non-tertiary education (Levels 3 and 4)","811D29A4-1E05-4F4A-B61B-43DE64E07B29","Northern and Western","%","90.4"
"ALF01C01","Annual employment rate","2025","2025","495","45 - 49 years","1","Male","30","Upper secondary and post-secondary non-tertiary education (Levels 3 and 4)","97227605-23D5-4B98-BDB8-3EB5D0682A5A","Southern","%","93.4"
"ALF01C01","Annual employment rate","2025","2025","495","45 - 49 years","1","Male","30","Upper secondary and post-secondary non-tertiary education (Levels 3 and 4)","C32761EB-7A21-4B95-8C7A-DB195C2955CE","Eastern and Midland","%","92.4"
"ALF01C01","Annual employment rate","2025","2025","495","45 - 49 years","1","Male","40","Tertiary education (Levels 5-8)","IE0","Ireland","%","94.4"
"ALF01C01","Annual employment rate","2025","2025","495","45 - 49 years","1","Male","40","Tertiary education (Levels 5-8)","811D29A4-1E05-4F4A-B61B-43DE64E07B29","Northern and Western","%","97.2"
"ALF01C01","Annual employment rate","2025","2025","495","45 - 49 years","1","Male","40","Tertiary education (Levels 5-8)","97227605-23D5-4B98-BDB8-3EB5D0682A5A","Southern","%","88.1"
"ALF01C01","Annual employment rate","2025","2025","495","45 - 49 years","1","Male","40","Tertiary education (Levels 5-8)","C32761EB-7A21-4B95-8C7A-DB195C2955CE","Eastern and Midland","%","96.7"
"ALF01C01","Annual employment rate","2025","2025","495","45 - 49 years","1","Male","99","Level of education - not stated","IE0","Ireland","%",""
"ALF01C01","Annual employment rate","2025","2025","495","45 - 49 years","1","Male","99","Level of education - not stated","811D29A4-1E05-4F4A-B61B-43DE64E07B29","Northern and Western","%",""
"ALF01C01","Annual employment rate","2025","2025","495","45 - 49 years","1","Male","99","Level of education - not stated","97227605-23D5-4B98-BDB8-3EB5D0682A5A","Southern","%",""
"ALF01C01","Annual employment rate","2025","2025","495","45 - 49 years","1","Male","99","Level of education - not stated","C32761EB-7A21-4B95-8C7A-DB195C2955CE","Eastern and Midland","%",""
"ALF01C01","Annual employment rate","2025","2025","495","45 - 49 years","2","Female","-","Levels of Education (Levels  0-8)","IE0","Ireland","%","83"
"ALF01C01","Annual employment rate","2025","2025","495","45 - 49 years","2","Female","-","Levels of Education (Levels  0-8)","811D29A4-1E05-4F4A-B61B-43DE64E07B29","Northern and Western","%","82.6"
"ALF01C01","Annual employment rate","2025","2025","495","45 - 49 years","2","Female","-","Levels of Education (Levels  0-8)","97227605-23D5-4B98-BDB8-3EB5D0682A5A","Southern","%","82.3"
"ALF01C01","Annual employment rate","2025","2025","495","45 - 49 years","2","Female","-","Levels of Education (Levels  0-8)","C32761EB-7A21-4B95-8C7A-DB195C2955CE","Eastern and Midland","%","83.5"
"ALF01C01","Annual employment rate","2025","2025","495","45 - 49 years","2","Female","10","Less than primary (Level 0)","IE0","Ireland","%",""
"ALF01C01","Annual employment rate","2025","2025","495","45 - 49 years","2","Female","10","Less than primary (Level 0)","811D29A4-1E05-4F4A-B61B-43DE64E07B29","Northern and Western","%",""
"ALF01C01","Annual employment rate","2025","2025","495","45 - 49 years","2","Female","10","Less than primary (Level 0)","97227605-23D5-4B98-BDB8-3EB5D0682A5A","Southern","%",""
"ALF01C01","Annual employment rate","2025","2025","495","45 - 49 years","2","Female","10","Less than primary (Level 0)","C32761EB-7A21-4B95-8C7A-DB195C2955CE","Eastern and Midland","%",""
"ALF01C01","Annual employment rate","2025","2025","495","45 - 49 years","2","Female","20","Primary and lower secondary education (Levels 1-2)","IE0","Ireland","%",""
"ALF01C01","Annual employment rate","2025","2025","495","45 - 49 years","2","Female","20","Primary and lower secondary education (Levels 1-2)","811D29A4-1E05-4F4A-B61B-43DE64E07B29","Northern and Western","%",""
"ALF01C01","Annual employment rate","2025","2025","495","45 - 49 years","2","Female","20","Primary and lower secondary education (Levels 1-2)","97227605-23D5-4B98-BDB8-3EB5D0682A5A","Southern","%",""
"ALF01C01","Annual employment rate","2025","2025","495","45 - 49 years","2","Female","20","Primary and lower secondary education (Levels 1-2)","C32761EB-7A21-4B95-8C7A-DB195C2955CE","Eastern and Midland","%",""
"ALF01C01","Annual employment rate","2025","2025","495","45 - 49 years","2","Female","30","Upper secondary and post-secondary non-tertiary education (Levels 3 and 4)","IE0","Ireland","%","75.9"
"ALF01C01","Annual employment rate","2025","2025","495","45 - 49 years","2","Female","30","Upper secondary and post-secondary non-tertiary education (Levels 3 and 4)","811D29A4-1E05-4F4A-B61B-43DE64E07B29","Northern and Western","%","78.3"
"ALF01C01","Annual employment rate","2025","2025","495","45 - 49 years","2","Female","30","Upper secondary and post-secondary non-tertiary education (Levels 3 and 4)","97227605-23D5-4B98-BDB8-3EB5D0682A5A","Southern","%","72.5"
"ALF01C01","Annual employment rate","2025","2025","495","45 - 49 years","2","Female","30","Upper secondary and post-secondary non-tertiary education (Levels 3 and 4)","C32761EB-7A21-4B95-8C7A-DB195C2955CE","Eastern and Midland","%","77.4"
"ALF01C01","Annual employment rate","2025","2025","495","45 - 49 years","2","Female","40","Tertiary education (Levels 5-8)","IE0","Ireland","%","88.8"
"ALF01C01","Annual employment rate","2025","2025","495","45 - 49 years","2","Female","40","Tertiary education (Levels 5-8)","811D29A4-1E05-4F4A-B61B-43DE64E07B29","Northern and Western","%","89.6"
"ALF01C01","Annual employment rate","2025","2025","495","45 - 49 years","2","Female","40","Tertiary education (Levels 5-8)","97227605-23D5-4B98-BDB8-3EB5D0682A5A","Southern","%","90.1"
"ALF01C01","Annual employment rate","2025","2025","495","45 - 49 years","2","Female","40","Tertiary education (Levels 5-8)","C32761EB-7A21-4B95-8C7A-DB195C2955CE","Eastern and Midland","%","87.8"
"ALF01C01","Annual employment rate","2025","2025","495","45 - 49 years","2","Female","99","Level of education - not stated","IE0","Ireland","%",""
"ALF01C01","Annual employment rate","2025","2025","495","45 - 49 years","2","Female","99","Level of education - not stated","811D29A4-1E05-4F4A-B61B-43DE64E07B29","Northern and Western","%",""
"ALF01C01","Annual employment rate","2025","2025","495","45 - 49 years","2","Female","99","Level of education - not stated","97227605-23D5-4B98-BDB8-3EB5D0682A5A","Southern","%",""
"ALF01C01","Annual employment rate","2025","2025","495","45 - 49 years","2","Female","99","Level of education - not stated","C32761EB-7A21-4B95-8C7A-DB195C2955CE","Eastern and Midland","%",""
"ALF01C01","Annual employment rate","2025","2025","515","50 - 54 years","-","Both sexes","-","Levels of Education (Levels  0-8)","IE0","Ireland","%","82.3"
"ALF01C01","Annual employment rate","2025","2025","515","50 - 54 years","-","Both sexes","-","Levels of Education (Levels  0-8)","811D29A4-1E05-4F4A-B61B-43DE64E07B29","Northern and Western","%","82.2"
"ALF01C01","Annual employment rate","2025","2025","515","50 - 54 years","-","Both sexes","-","Levels of Education (Levels  0-8)","97227605-23D5-4B98-BDB8-3EB5D0682A5A","Southern","%","87.9"
"ALF01C01","Annual employment rate","2025","2025","515","50 - 54 years","-","Both sexes","-","Levels of Education (Levels  0-8)","C32761EB-7A21-4B95-8C7A-DB195C2955CE","Eastern and Midland","%","78.6"
"ALF01C01","Annual employment rate","2025","2025","515","50 - 54 years","-","Both sexes","10","Less than primary (Level 0)","IE0","Ireland","%",""
"ALF01C01","Annual employment rate","2025","2025","515","50 - 54 years","-","Both sexes","10","Less than primary (Level 0)","811D29A4-1E05-4F4A-B61B-43DE64E07B29","Northern and Western","%",""
"ALF01C01","Annual employment rate","2025","2025","515","50 - 54 years","-","Both sexes","10","Less than primary (Level 0)","97227605-23D5-4B98-BDB8-3EB5D0682A5A","Southern","%",""
"ALF01C01","Annual employment rate","2025","2025","515","50 - 54 years","-","Both sexes","10","Less than primary (Level 0)","C32761EB-7A21-4B95-8C7A-DB195C2955CE","Eastern and Midland","%",""
"ALF01C01","Annual employment rate","2025","2025","515","50 - 54 years","-","Both sexes","20","Primary and lower secondary education (Levels 1-2)","IE0","Ireland","%","61.3"
"ALF01C01","Annual employment rate","2025","2025","515","50 - 54 years","-","Both sexes","20","Primary and lower secondary education (Levels 1-2)","811D29A4-1E05-4F4A-B61B-43DE64E07B29","Northern and Western","%",""
"ALF01C01","Annual employment rate","2025","2025","515","50 - 54 years","-","Both sexes","20","Primary and lower secondary education (Levels 1-2)","97227605-23D5-4B98-BDB8-3EB5D0682A5A","Southern","%","75.6"
"ALF01C01","Annual employment rate","2025","2025","515","50 - 54 years","-","Both sexes","20","Primary and lower secondary education (Levels 1-2)","C32761EB-7A21-4B95-8C7A-DB195C2955CE","Eastern and Midland","%","52.6"
"ALF01C01","Annual employment rate","2025","2025","515","50 - 54 years","-","Both sexes","30","Upper secondary and post-secondary non-tertiary education (Levels 3 and 4)","IE0","Ireland","%","80.8"
"ALF01C01","Annual employment rate","2025","2025","515","50 - 54 years","-","Both sexes","30","Upper secondary and post-secondary non-tertiary education (Levels 3 and 4)","811D29A4-1E05-4F4A-B61B-43DE64E07B29","Northern and Western","%","79.9"
"ALF01C01","Annual employment rate","2025","2025","515","50 - 54 years","-","Both sexes","30","Upper secondary and post-secondary non-tertiary education (Levels 3 and 4)","97227605-23D5-4B98-BDB8-3EB5D0682A5A","Southern","%","87.7"
"ALF01C01","Annual employment rate","2025","2025","515","50 - 54 years","-","Both sexes","30","Upper secondary and post-secondary non-tertiary education (Levels 3 and 4)","C32761EB-7A21-4B95-8C7A-DB195C2955CE","Eastern and Midland","%","76.2"
"ALF01C01","Annual employment rate","2025","2025","515","50 - 54 years","-","Both sexes","40","Tertiary education (Levels 5-8)","IE0","Ireland","%","88.5"
"ALF01C01","Annual employment rate","2025","2025","515","50 - 54 years","-","Both sexes","40","Tertiary education (Levels 5-8)","811D29A4-1E05-4F4A-B61B-43DE64E07B29","Northern and Western","%","88.1"
"ALF01C01","Annual employment rate","2025","2025","515","50 - 54 years","-","Both sexes","40","Tertiary education (Levels 5-8)","97227605-23D5-4B98-BDB8-3EB5D0682A5A","Southern","%","92"
"ALF01C01","Annual employment rate","2025","2025","515","50 - 54 years","-","Both sexes","40","Tertiary education (Levels 5-8)","C32761EB-7A21-4B95-8C7A-DB195C2955CE","Eastern and Midland","%","86.2"
"ALF01C01","Annual employment rate","2025","2025","515","50 - 54 years","-","Both sexes","99","Level of education - not stated","IE0","Ireland","%",""
"ALF01C01","Annual employment rate","2025","2025","515","50 - 54 years","-","Both sexes","99","Level of education - not stated","811D29A4-1E05-4F4A-B61B-43DE64E07B29","Northern and Western","%",""
"ALF01C01","Annual employment rate","2025","2025","515","50 - 54 years","-","Both sexes","99","Level of education - not stated","97227605-23D5-4B98-BDB8-3EB5D0682A5A","Southern","%",""
"ALF01C01","Annual employment rate","2025","2025","515","50 - 54 years","-","Both sexes","99","Level of education - not stated","C32761EB-7A21-4B95-8C7A-DB195C2955CE","Eastern and Midland","%",""
"ALF01C01","Annual employment rate","2025","2025","515","50 - 54 years","1","Male","-","Levels of Education (Levels  0-8)","IE0","Ireland","%","87.3"
"ALF01C01","Annual employment rate","2025","2025","515","50 - 54 years","1","Male","-","Levels of Education (Levels  0-8)","811D29A4-1E05-4F4A-B61B-43DE64E07B29","Northern and Western","%","85.4"
"ALF01C01","Annual employment rate","2025","2025","515","50 - 54 years","1","Male","-","Levels of Education (Levels  0-8)","97227605-23D5-4B98-BDB8-3EB5D0682A5A","Southern","%","92.3"
"ALF01C01","Annual employment rate","2025","2025","515","50 - 54 years","1","Male","-","Levels of Education (Levels  0-8)","C32761EB-7A21-4B95-8C7A-DB195C2955CE","Eastern and Midland","%","84.5"
"ALF01C01","Annual employment rate","2025","2025","515","50 - 54 years","1","Male","10","Less than primary (Level 0)","IE0","Ireland","%",""
"ALF01C01","Annual employment rate","2025","2025","515","50 - 54 years","1","Male","10","Less than primary (Level 0)","811D29A4-1E05-4F4A-B61B-43DE64E07B29","Northern and Western","%",""
"ALF01C01","Annual employment rate","2025","2025","515","50 - 54 years","1","Male","10","Less than primary (Level 0)","97227605-23D5-4B98-BDB8-3EB5D0682A5A","Southern","%",""
"ALF01C01","Annual employment rate","2025","2025","515","50 - 54 years","1","Male","10","Less than primary (Level 0)","C32761EB-7A21-4B95-8C7A-DB195C2955CE","Eastern and Midland","%",""
"ALF01C01","Annual employment rate","2025","2025","515","50 - 54 years","1","Male","20","Primary and lower secondary education (Levels 1-2)","IE0","Ireland","%","74.8"
"ALF01C01","Annual employment rate","2025","2025","515","50 - 54 years","1","Male","20","Primary and lower secondary education (Levels 1-2)","811D29A4-1E05-4F4A-B61B-43DE64E07B29","Northern and Western","%",""
"ALF01C01","Annual employment rate","2025","2025","515","50 - 54 years","1","Male","20","Primary and lower secondary education (Levels 1-2)","97227605-23D5-4B98-BDB8-3EB5D0682A5A","Southern","%",""
"ALF01C01","Annual employment rate","2025","2025","515","50 - 54 years","1","Male","20","Primary and lower secondary education (Levels 1-2)","C32761EB-7A21-4B95-8C7A-DB195C2955CE","Eastern and Midland","%",""
"ALF01C01","Annual employment rate","2025","2025","515","50 - 54 years","1","Male","30","Upper secondary and post-secondary non-tertiary education (Levels 3 and 4)","IE0","Ireland","%","87.8"
"ALF01C01","Annual employment rate","2025","2025","515","50 - 54 years","1","Male","30","Upper secondary and post-secondary non-tertiary education (Levels 3 and 4)","811D29A4-1E05-4F4A-B61B-43DE64E07B29","Northern and Western","%","89.5"
"ALF01C01","Annual employment rate","2025","2025","515","50 - 54 years","1","Male","30","Upper secondary and post-secondary non-tertiary education (Levels 3 and 4)","97227605-23D5-4B98-BDB8-3EB5D0682A5A","Southern","%","92.6"
"ALF01C01","Annual employment rate","2025","2025","515","50 - 54 years","1","Male","30","Upper secondary and post-secondary non-tertiary education (Levels 3 and 4)","C32761EB-7A21-4B95-8C7A-DB195C2955CE","Eastern and Midland","%","83.5"
"ALF01C01","Annual employment rate","2025","2025","515","50 - 54 years","1","Male","40","Tertiary education (Levels 5-8)","IE0","Ireland","%","90.9"
"ALF01C01","Annual employment rate","2025","2025","515","50 - 54 years","1","Male","40","Tertiary education (Levels 5-8)","811D29A4-1E05-4F4A-B61B-43DE64E07B29","Northern and Western","%","88.4"
"ALF01C01","Annual employment rate","2025","2025","515","50 - 54 years","1","Male","40","Tertiary education (Levels 5-8)","97227605-23D5-4B98-BDB8-3EB5D0682A5A","Southern","%","93.3"
"ALF01C01","Annual employment rate","2025","2025","515","50 - 54 years","1","Male","40","Tertiary education (Levels 5-8)","C32761EB-7A21-4B95-8C7A-DB195C2955CE","Eastern and Midland","%","90.1"
"ALF01C01","Annual employment rate","2025","2025","515","50 - 54 years","1","Male","99","Level of education - not stated","IE0","Ireland","%",""
"ALF01C01","Annual employment rate","2025","2025","515","50 - 54 years","1","Male","99","Level of education - not stated","811D29A4-1E05-4F4A-B61B-43DE64E07B29","Northern and Western","%",""
"ALF01C01","Annual employment rate","2025","2025","515","50 - 54 years","1","Male","99","Level of education - not stated","97227605-23D5-4B98-BDB8-3EB5D0682A5A","Southern","%",""
"ALF01C01","Annual employment rate","2025","2025","515","50 - 54 years","1","Male","99","Level of education - not stated","C32761EB-7A21-4B95-8C7A-DB195C2955CE","Eastern and Midland","%",""
"ALF01C01","Annual employment rate","2025","2025","515","50 - 54 years","2","Female","-","Levels of Education (Levels  0-8)","IE0","Ireland","%","77.5"
"ALF01C01","Annual employment rate","2025","2025","515","50 - 54 years","2","Female","-","Levels of Education (Levels  0-8)","811D29A4-1E05-4F4A-B61B-43DE64E07B29","Northern and Western","%","79.1"
"ALF01C01","Annual employment rate","2025","2025","515","50 - 54 years","2","Female","-","Levels of Education (Levels  0-8)","97227605-23D5-4B98-BDB8-3EB5D0682A5A","Southern","%","83.5"
"ALF01C01","Annual employment rate","2025","2025","515","50 - 54 years","2","Female","-","Levels of Education (Levels  0-8)","C32761EB-7A21-4B95-8C7A-DB195C2955CE","Eastern and Midland","%","72.7"
"ALF01C01","Annual employment rate","2025","2025","515","50 - 54 years","2","Female","10","Less than primary (Level 0)","IE0","Ireland","%",""
"ALF01C01","Annual employment rate","2025","2025","515","50 - 54 years","2","Female","10","Less than primary (Level 0)","811D29A4-1E05-4F4A-B61B-43DE64E07B29","Northern and Western","%",""
"ALF01C01","Annual employment rate","2025","2025","515","50 - 54 years","2","Female","10","Less than primary (Level 0)","97227605-23D5-4B98-BDB8-3EB5D0682A5A","Southern","%",""
"ALF01C01","Annual employment rate","2025","2025","515","50 - 54 years","2","Female","10","Less than primary (Level 0)","C32761EB-7A21-4B95-8C7A-DB195C2955CE","Eastern and Midland","%",""
"ALF01C01","Annual employment rate","2025","2025","515","50 - 54 years","2","Female","20","Primary and lower secondary education (Levels 1-2)","IE0","Ireland","%",""
"ALF01C01","Annual employment rate","2025","2025","515","50 - 54 years","2","Female","20","Primary and lower secondary education (Levels 1-2)","811D29A4-1E05-4F4A-B61B-43DE64E07B29","Northern and Western","%",""
"ALF01C01","Annual employment rate","2025","2025","515","50 - 54 years","2","Female","20","Primary and lower secondary education (Levels 1-2)","97227605-23D5-4B98-BDB8-3EB5D0682A5A","Southern","%",""
"ALF01C01","Annual employment rate","2025","2025","515","50 - 54 years","2","Female","20","Primary and lower secondary education (Levels 1-2)","C32761EB-7A21-4B95-8C7A-DB195C2955CE","Eastern and Midland","%",""
"ALF01C01","Annual employment rate","2025","2025","515","50 - 54 years","2","Female","30","Upper secondary and post-secondary non-tertiary education (Levels 3 and 4)","IE0","Ireland","%","72.6"
"ALF01C01","Annual employment rate","2025","2025","515","50 - 54 years","2","Female","30","Upper secondary and post-secondary non-tertiary education (Levels 3 and 4)","811D29A4-1E05-4F4A-B61B-43DE64E07B29","Northern and Western","%",""
"ALF01C01","Annual employment rate","2025","2025","515","50 - 54 years","2","Female","30","Upper secondary and post-secondary non-tertiary education (Levels 3 and 4)","97227605-23D5-4B98-BDB8-3EB5D0682A5A","Southern","%","81.8"
"ALF01C01","Annual employment rate","2025","2025","515","50 - 54 years","2","Female","30","Upper secondary and post-secondary non-tertiary education (Levels 3 and 4)","C32761EB-7A21-4B95-8C7A-DB195C2955CE","Eastern and Midland","%","68.2"
"ALF01C01","Annual employment rate","2025","2025","515","50 - 54 years","2","Female","40","Tertiary education (Levels 5-8)","IE0","Ireland","%","86.4"
"ALF01C01","Annual employment rate","2025","2025","515","50 - 54 years","2","Female","40","Tertiary education (Levels 5-8)","811D29A4-1E05-4F4A-B61B-43DE64E07B29","Northern and Western","%","88"
"ALF01C01","Annual employment rate","2025","2025","515","50 - 54 years","2","Female","40","Tertiary education (Levels 5-8)","97227605-23D5-4B98-BDB8-3EB5D0682A5A","Southern","%","91"
"ALF01C01","Annual employment rate","2025","2025","515","50 - 54 years","2","Female","40","Tertiary education (Levels 5-8)","C32761EB-7A21-4B95-8C7A-DB195C2955CE","Eastern and Midland","%","82.4"
"ALF01C01","Annual employment rate","2025","2025","515","50 - 54 years","2","Female","99","Level of education - not stated","IE0","Ireland","%",""
"ALF01C01","Annual employment rate","2025","2025","515","50 - 54 years","2","Female","99","Level of education - not stated","811D29A4-1E05-4F4A-B61B-43DE64E07B29","Northern and Western","%",""
"ALF01C01","Annual employment rate","2025","2025","515","50 - 54 years","2","Female","99","Level of education - not stated","97227605-23D5-4B98-BDB8-3EB5D0682A5A","Southern","%",""
"ALF01C01","Annual employment rate","2025","2025","515","50 - 54 years","2","Female","99","Level of education - not stated","C32761EB-7A21-4B95-8C7A-DB195C2955CE","Eastern and Midland","%",""
"ALF01C01","Annual employment rate","2025","2025","530","55 - 59 years","-","Both sexes","-","Levels of Education (Levels  0-8)","IE0","Ireland","%","75.9"
"ALF01C01","Annual employment rate","2025","2025","530","55 - 59 years","-","Both sexes","-","Levels of Education (Levels  0-8)","811D29A4-1E05-4F4A-B61B-43DE64E07B29","Northern and Western","%","78.1"
"ALF01C01","Annual employment rate","2025","2025","530","55 - 59 years","-","Both sexes","-","Levels of Education (Levels  0-8)","97227605-23D5-4B98-BDB8-3EB5D0682A5A","Southern","%","76"
"ALF01C01","Annual employment rate","2025","2025","530","55 - 59 years","-","Both sexes","-","Levels of Education (Levels  0-8)","C32761EB-7A21-4B95-8C7A-DB195C2955CE","Eastern and Midland","%","74.9"
"ALF01C01","Annual employment rate","2025","2025","530","55 - 59 years","-","Both sexes","10","Less than primary (Level 0)","IE0","Ireland","%",""
"ALF01C01","Annual employment rate","2025","2025","530","55 - 59 years","-","Both sexes","10","Less than primary (Level 0)","811D29A4-1E05-4F4A-B61B-43DE64E07B29","Northern and Western","%",""
"ALF01C01","Annual employment rate","2025","2025","530","55 - 59 years","-","Both sexes","10","Less than primary (Level 0)","97227605-23D5-4B98-BDB8-3EB5D0682A5A","Southern","%",""
"ALF01C01","Annual employment rate","2025","2025","530","55 - 59 years","-","Both sexes","10","Less than primary (Level 0)","C32761EB-7A21-4B95-8C7A-DB195C2955CE","Eastern and Midland","%",""
"ALF01C01","Annual employment rate","2025","2025","530","55 - 59 years","-","Both sexes","20","Primary and lower secondary education (Levels 1-2)","IE0","Ireland","%","58"
"ALF01C01","Annual employment rate","2025","2025","530","55 - 59 years","-","Both sexes","20","Primary and lower secondary education (Levels 1-2)","811D29A4-1E05-4F4A-B61B-43DE64E07B29","Northern and Western","%","77.1"
"ALF01C01","Annual employment rate","2025","2025","530","55 - 59 years","-","Both sexes","20","Primary and lower secondary education (Levels 1-2)","97227605-23D5-4B98-BDB8-3EB5D0682A5A","Southern","%","55.8"
"ALF01C01","Annual employment rate","2025","2025","530","55 - 59 years","-","Both sexes","20","Primary and lower secondary education (Levels 1-2)","C32761EB-7A21-4B95-8C7A-DB195C2955CE","Eastern and Midland","%","49.6"
"ALF01C01","Annual employment rate","2025","2025","530","55 - 59 years","-","Both sexes","30","Upper secondary and post-secondary non-tertiary education (Levels 3 and 4)","IE0","Ireland","%","71.8"
"ALF01C01","Annual employment rate","2025","2025","530","55 - 59 years","-","Both sexes","30","Upper secondary and post-secondary non-tertiary education (Levels 3 and 4)","811D29A4-1E05-4F4A-B61B-43DE64E07B29","Northern and Western","%","70.4"
"ALF01C01","Annual employment rate","2025","2025","530","55 - 59 years","-","Both sexes","30","Upper secondary and post-secondary non-tertiary education (Levels 3 and 4)","97227605-23D5-4B98-BDB8-3EB5D0682A5A","Southern","%","76.9"
"ALF01C01","Annual employment rate","2025","2025","530","55 - 59 years","-","Both sexes","30","Upper secondary and post-secondary non-tertiary education (Levels 3 and 4)","C32761EB-7A21-4B95-8C7A-DB195C2955CE","Eastern and Midland","%","67.7"
"ALF01C01","Annual employment rate","2025","2025","530","55 - 59 years","-","Both sexes","40","Tertiary education (Levels 5-8)","IE0","Ireland","%","86.3"
"ALF01C01","Annual employment rate","2025","2025","530","55 - 59 years","-","Both sexes","40","Tertiary education (Levels 5-8)","811D29A4-1E05-4F4A-B61B-43DE64E07B29","Northern and Western","%","87.9"
"ALF01C01","Annual employment rate","2025","2025","530","55 - 59 years","-","Both sexes","40","Tertiary education (Levels 5-8)","97227605-23D5-4B98-BDB8-3EB5D0682A5A","Southern","%","85.3"
"ALF01C01","Annual employment rate","2025","2025","530","55 - 59 years","-","Both sexes","40","Tertiary education (Levels 5-8)","C32761EB-7A21-4B95-8C7A-DB195C2955CE","Eastern and Midland","%","86.4"
"ALF01C01","Annual employment rate","2025","2025","530","55 - 59 years","-","Both sexes","99","Level of education - not stated","IE0","Ireland","%","73.8"
"ALF01C01","Annual employment rate","2025","2025","530","55 - 59 years","-","Both sexes","99","Level of education - not stated","811D29A4-1E05-4F4A-B61B-43DE64E07B29","Northern and Western","%",""
"ALF01C01","Annual employment rate","2025","2025","530","55 - 59 years","-","Both sexes","99","Level of education - not stated","97227605-23D5-4B98-BDB8-3EB5D0682A5A","Southern","%",""
"ALF01C01","Annual employment rate","2025","2025","530","55 - 59 years","-","Both sexes","99","Level of education - not stated","C32761EB-7A21-4B95-8C7A-DB195C2955CE","Eastern and Midland","%",""
"ALF01C01","Annual employment rate","2025","2025","530","55 - 59 years","1","Male","-","Levels of Education (Levels  0-8)","IE0","Ireland","%","82"
"ALF01C01","Annual employment rate","2025","2025","530","55 - 59 years","1","Male","-","Levels of Education (Levels  0-8)","811D29A4-1E05-4F4A-B61B-43DE64E07B29","Northern and Western","%","84.4"
"ALF01C01","Annual employment rate","2025","2025","530","55 - 59 years","1","Male","-","Levels of Education (Levels  0-8)","97227605-23D5-4B98-BDB8-3EB5D0682A5A","Southern","%","81.7"
"ALF01C01","Annual employment rate","2025","2025","530","55 - 59 years","1","Male","-","Levels of Education (Levels  0-8)","C32761EB-7A21-4B95-8C7A-DB195C2955CE","Eastern and Midland","%","81.3"
"ALF01C01","Annual employment rate","2025","2025","530","55 - 59 years","1","Male","10","Less than primary (Level 0)","IE0","Ireland","%",""
"ALF01C01","Annual employment rate","2025","2025","530","55 - 59 years","1","Male","10","Less than primary (Level 0)","811D29A4-1E05-4F4A-B61B-43DE64E07B29","Northern and Western","%",""
"ALF01C01","Annual employment rate","2025","2025","530","55 - 59 years","1","Male","10","Less than primary (Level 0)","97227605-23D5-4B98-BDB8-3EB5D0682A5A","Southern","%",""
"ALF01C01","Annual employment rate","2025","2025","530","55 - 59 years","1","Male","10","Less than primary (Level 0)","C32761EB-7A21-4B95-8C7A-DB195C2955CE","Eastern and Midland","%",""
"ALF01C01","Annual employment rate","2025","2025","530","55 - 59 years","1","Male","20","Primary and lower secondary education (Levels 1-2)","IE0","Ireland","%","68.2"
"ALF01C01","Annual employment rate","2025","2025","530","55 - 59 years","1","Male","20","Primary and lower secondary education (Levels 1-2)","811D29A4-1E05-4F4A-B61B-43DE64E07B29","Northern and Western","%",""
"ALF01C01","Annual employment rate","2025","2025","530","55 - 59 years","1","Male","20","Primary and lower secondary education (Levels 1-2)","97227605-23D5-4B98-BDB8-3EB5D0682A5A","Southern","%","69.2"
"ALF01C01","Annual employment rate","2025","2025","530","55 - 59 years","1","Male","20","Primary and lower secondary education (Levels 1-2)","C32761EB-7A21-4B95-8C7A-DB195C2955CE","Eastern and Midland","%","57.3"
"ALF01C01","Annual employment rate","2025","2025","530","55 - 59 years","1","Male","30","Upper secondary and post-secondary non-tertiary education (Levels 3 and 4)","IE0","Ireland","%","81.1"
"ALF01C01","Annual employment rate","2025","2025","530","55 - 59 years","1","Male","30","Upper secondary and post-secondary non-tertiary education (Levels 3 and 4)","811D29A4-1E05-4F4A-B61B-43DE64E07B29","Northern and Western","%","81.1"
"ALF01C01","Annual employment rate","2025","2025","530","55 - 59 years","1","Male","30","Upper secondary and post-secondary non-tertiary education (Levels 3 and 4)","97227605-23D5-4B98-BDB8-3EB5D0682A5A","Southern","%","84.9"
"ALF01C01","Annual employment rate","2025","2025","530","55 - 59 years","1","Male","30","Upper secondary and post-secondary non-tertiary education (Levels 3 and 4)","C32761EB-7A21-4B95-8C7A-DB195C2955CE","Eastern and Midland","%","77.5"
"ALF01C01","Annual employment rate","2025","2025","530","55 - 59 years","1","Male","40","Tertiary education (Levels 5-8)","IE0","Ireland","%","91"
"ALF01C01","Annual employment rate","2025","2025","530","55 - 59 years","1","Male","40","Tertiary education (Levels 5-8)","811D29A4-1E05-4F4A-B61B-43DE64E07B29","Northern and Western","%","92.2"
"ALF01C01","Annual employment rate","2025","2025","530","55 - 59 years","1","Male","40","Tertiary education (Levels 5-8)","97227605-23D5-4B98-BDB8-3EB5D0682A5A","Southern","%","89.9"
"ALF01C01","Annual employment rate","2025","2025","530","55 - 59 years","1","Male","40","Tertiary education (Levels 5-8)","C32761EB-7A21-4B95-8C7A-DB195C2955CE","Eastern and Midland","%","91.3"
"ALF01C01","Annual employment rate","2025","2025","530","55 - 59 years","1","Male","99","Level of education - not stated","IE0","Ireland","%",""
"ALF01C01","Annual employment rate","2025","2025","530","55 - 59 years","1","Male","99","Level of education - not stated","811D29A4-1E05-4F4A-B61B-43DE64E07B29","Northern and Western","%",""
"ALF01C01","Annual employment rate","2025","2025","530","55 - 59 years","1","Male","99","Level of education - not stated","97227605-23D5-4B98-BDB8-3EB5D0682A5A","Southern","%",""
"ALF01C01","Annual employment rate","2025","2025","530","55 - 59 years","1","Male","99","Level of education - not stated","C32761EB-7A21-4B95-8C7A-DB195C2955CE","Eastern and Midland","%",""
"ALF01C01","Annual employment rate","2025","2025","530","55 - 59 years","2","Female","-","Levels of Education (Levels  0-8)","IE0","Ireland","%","69.8"
"ALF01C01","Annual employment rate","2025","2025","530","55 - 59 years","2","Female","-","Levels of Education (Levels  0-8)","811D29A4-1E05-4F4A-B61B-43DE64E07B29","Northern and Western","%","71.8"
"ALF01C01","Annual employment rate","2025","2025","530","55 - 59 years","2","Female","-","Levels of Education (Levels  0-8)","97227605-23D5-4B98-BDB8-3EB5D0682A5A","Southern","%","70.5"
"ALF01C01","Annual employment rate","2025","2025","530","55 - 59 years","2","Female","-","Levels of Education (Levels  0-8)","C32761EB-7A21-4B95-8C7A-DB195C2955CE","Eastern and Midland","%","68.5"
"ALF01C01","Annual employment rate","2025","2025","530","55 - 59 years","2","Female","10","Less than primary (Level 0)","IE0","Ireland","%",""
"ALF01C01","Annual employment rate","2025","2025","530","55 - 59 years","2","Female","10","Less than primary (Level 0)","811D29A4-1E05-4F4A-B61B-43DE64E07B29","Northern and Western","%",""
"ALF01C01","Annual employment rate","2025","2025","530","55 - 59 years","2","Female","10","Less than primary (Level 0)","97227605-23D5-4B98-BDB8-3EB5D0682A5A","Southern","%",""
"ALF01C01","Annual employment rate","2025","2025","530","55 - 59 years","2","Female","10","Less than primary (Level 0)","C32761EB-7A21-4B95-8C7A-DB195C2955CE","Eastern and Midland","%",""
"ALF01C01","Annual employment rate","2025","2025","530","55 - 59 years","2","Female","20","Primary and lower secondary education (Levels 1-2)","IE0","Ireland","%","42.2"
"ALF01C01","Annual employment rate","2025","2025","530","55 - 59 years","2","Female","20","Primary and lower secondary education (Levels 1-2)","811D29A4-1E05-4F4A-B61B-43DE64E07B29","Northern and Western","%",""
"ALF01C01","Annual employment rate","2025","2025","530","55 - 59 years","2","Female","20","Primary and lower secondary education (Levels 1-2)","97227605-23D5-4B98-BDB8-3EB5D0682A5A","Southern","%",""
"ALF01C01","Annual employment rate","2025","2025","530","55 - 59 years","2","Female","20","Primary and lower secondary education (Levels 1-2)","C32761EB-7A21-4B95-8C7A-DB195C2955CE","Eastern and Midland","%",""
"ALF01C01","Annual employment rate","2025","2025","530","55 - 59 years","2","Female","30","Upper secondary and post-secondary non-tertiary education (Levels 3 and 4)","IE0","Ireland","%","63"
"ALF01C01","Annual employment rate","2025","2025","530","55 - 59 years","2","Female","30","Upper secondary and post-secondary non-tertiary education (Levels 3 and 4)","811D29A4-1E05-4F4A-B61B-43DE64E07B29","Northern and Western","%",""
"ALF01C01","Annual employment rate","2025","2025","530","55 - 59 years","2","Female","30","Upper secondary and post-secondary non-tertiary education (Levels 3 and 4)","97227605-23D5-4B98-BDB8-3EB5D0682A5A","Southern","%","69"
"ALF01C01","Annual employment rate","2025","2025","530","55 - 59 years","2","Female","30","Upper secondary and post-secondary non-tertiary education (Levels 3 and 4)","C32761EB-7A21-4B95-8C7A-DB195C2955CE","Eastern and Midland","%","58.4"
"ALF01C01","Annual employment rate","2025","2025","530","55 - 59 years","2","Female","40","Tertiary education (Levels 5-8)","IE0","Ireland","%","82.1"
"ALF01C01","Annual employment rate","2025","2025","530","55 - 59 years","2","Female","40","Tertiary education (Levels 5-8)","811D29A4-1E05-4F4A-B61B-43DE64E07B29","Northern and Western","%","84.6"
"ALF01C01","Annual employment rate","2025","2025","530","55 - 59 years","2","Female","40","Tertiary education (Levels 5-8)","97227605-23D5-4B98-BDB8-3EB5D0682A5A","Southern","%","81.6"
"ALF01C01","Annual employment rate","2025","2025","530","55 - 59 years","2","Female","40","Tertiary education (Levels 5-8)","C32761EB-7A21-4B95-8C7A-DB195C2955CE","Eastern and Midland","%","81.8"
"ALF01C01","Annual employment rate","2025","2025","530","55 - 59 years","2","Female","99","Level of education - not stated","IE0","Ireland","%",""
"ALF01C01","Annual employment rate","2025","2025","530","55 - 59 years","2","Female","99","Level of education - not stated","811D29A4-1E05-4F4A-B61B-43DE64E07B29","Northern and Western","%",""
"ALF01C01","Annual employment rate","2025","2025","530","55 - 59 years","2","Female","99","Level of education - not stated","97227605-23D5-4B98-BDB8-3EB5D0682A5A","Southern","%",""
"ALF01C01","Annual employment rate","2025","2025","530","55 - 59 years","2","Female","99","Level of education - not stated","C32761EB-7A21-4B95-8C7A-DB195C2955CE","Eastern and Midland","%",""
"ALF01C01","Annual employment rate","2025","2025","550","60 - 64 years","-","Both sexes","-","Levels of Education (Levels  0-8)","IE0","Ireland","%","59.5"
"ALF01C01","Annual employment rate","2025","2025","550","60 - 64 years","-","Both sexes","-","Levels of Education (Levels  0-8)","811D29A4-1E05-4F4A-B61B-43DE64E07B29","Northern and Western","%","56.7"
"ALF01C01","Annual employment rate","2025","2025","550","60 - 64 years","-","Both sexes","-","Levels of Education (Levels  0-8)","97227605-23D5-4B98-BDB8-3EB5D0682A5A","Southern","%","60.2"
"ALF01C01","Annual employment rate","2025","2025","550","60 - 64 years","-","Both sexes","-","Levels of Education (Levels  0-8)","C32761EB-7A21-4B95-8C7A-DB195C2955CE","Eastern and Midland","%","60.1"
"ALF01C01","Annual employment rate","2025","2025","550","60 - 64 years","-","Both sexes","10","Less than primary (Level 0)","IE0","Ireland","%",""
"ALF01C01","Annual employment rate","2025","2025","550","60 - 64 years","-","Both sexes","10","Less than primary (Level 0)","811D29A4-1E05-4F4A-B61B-43DE64E07B29","Northern and Western","%",""
"ALF01C01","Annual employment rate","2025","2025","550","60 - 64 years","-","Both sexes","10","Less than primary (Level 0)","97227605-23D5-4B98-BDB8-3EB5D0682A5A","Southern","%",""
"ALF01C01","Annual employment rate","2025","2025","550","60 - 64 years","-","Both sexes","10","Less than primary (Level 0)","C32761EB-7A21-4B95-8C7A-DB195C2955CE","Eastern and Midland","%",""
"ALF01C01","Annual employment rate","2025","2025","550","60 - 64 years","-","Both sexes","20","Primary and lower secondary education (Levels 1-2)","IE0","Ireland","%","52"
"ALF01C01","Annual employment rate","2025","2025","550","60 - 64 years","-","Both sexes","20","Primary and lower secondary education (Levels 1-2)","811D29A4-1E05-4F4A-B61B-43DE64E07B29","Northern and Western","%","49.4"
"ALF01C01","Annual employment rate","2025","2025","550","60 - 64 years","-","Both sexes","20","Primary and lower secondary education (Levels 1-2)","97227605-23D5-4B98-BDB8-3EB5D0682A5A","Southern","%","51.9"
"ALF01C01","Annual employment rate","2025","2025","550","60 - 64 years","-","Both sexes","20","Primary and lower secondary education (Levels 1-2)","C32761EB-7A21-4B95-8C7A-DB195C2955CE","Eastern and Midland","%","53.3"
"ALF01C01","Annual employment rate","2025","2025","550","60 - 64 years","-","Both sexes","30","Upper secondary and post-secondary non-tertiary education (Levels 3 and 4)","IE0","Ireland","%","63.5"
"ALF01C01","Annual employment rate","2025","2025","550","60 - 64 years","-","Both sexes","30","Upper secondary and post-secondary non-tertiary education (Levels 3 and 4)","811D29A4-1E05-4F4A-B61B-43DE64E07B29","Northern and Western","%","63.1"
"ALF01C01","Annual employment rate","2025","2025","550","60 - 64 years","-","Both sexes","30","Upper secondary and post-secondary non-tertiary education (Levels 3 and 4)","97227605-23D5-4B98-BDB8-3EB5D0682A5A","Southern","%","66.6"
"ALF01C01","Annual employment rate","2025","2025","550","60 - 64 years","-","Both sexes","30","Upper secondary and post-secondary non-tertiary education (Levels 3 and 4)","C32761EB-7A21-4B95-8C7A-DB195C2955CE","Eastern and Midland","%","61.2"
"ALF01C01","Annual employment rate","2025","2025","550","60 - 64 years","-","Both sexes","40","Tertiary education (Levels 5-8)","IE0","Ireland","%","61.9"
"ALF01C01","Annual employment rate","2025","2025","550","60 - 64 years","-","Both sexes","40","Tertiary education (Levels 5-8)","811D29A4-1E05-4F4A-B61B-43DE64E07B29","Northern and Western","%","57.2"
"ALF01C01","Annual employment rate","2025","2025","550","60 - 64 years","-","Both sexes","40","Tertiary education (Levels 5-8)","97227605-23D5-4B98-BDB8-3EB5D0682A5A","Southern","%","60.8"
"ALF01C01","Annual employment rate","2025","2025","550","60 - 64 years","-","Both sexes","40","Tertiary education (Levels 5-8)","C32761EB-7A21-4B95-8C7A-DB195C2955CE","Eastern and Midland","%","63.9"
"ALF01C01","Annual employment rate","2025","2025","550","60 - 64 years","-","Both sexes","99","Level of education - not stated","IE0","Ireland","%",""
"ALF01C01","Annual employment rate","2025","2025","550","60 - 64 years","-","Both sexes","99","Level of education - not stated","811D29A4-1E05-4F4A-B61B-43DE64E07B29","Northern and Western","%",""
"ALF01C01","Annual employment rate","2025","2025","550","60 - 64 years","-","Both sexes","99","Level of education - not stated","97227605-23D5-4B98-BDB8-3EB5D0682A5A","Southern","%",""
"ALF01C01","Annual employment rate","2025","2025","550","60 - 64 years","-","Both sexes","99","Level of education - not stated","C32761EB-7A21-4B95-8C7A-DB195C2955CE","Eastern and Midland","%",""
"ALF01C01","Annual employment rate","2025","2025","550","60 - 64 years","1","Male","-","Levels of Education (Levels  0-8)","IE0","Ireland","%","68.1"
"ALF01C01","Annual employment rate","2025","2025","550","60 - 64 years","1","Male","-","Levels of Education (Levels  0-8)","811D29A4-1E05-4F4A-B61B-43DE64E07B29","Northern and Western","%","65.3"
"ALF01C01","Annual employment rate","2025","2025","550","60 - 64 years","1","Male","-","Levels of Education (Levels  0-8)","97227605-23D5-4B98-BDB8-3EB5D0682A5A","Southern","%","70.1"
"ALF01C01","Annual employment rate","2025","2025","550","60 - 64 years","1","Male","-","Levels of Education (Levels  0-8)","C32761EB-7A21-4B95-8C7A-DB195C2955CE","Eastern and Midland","%","67.7"
"ALF01C01","Annual employment rate","2025","2025","550","60 - 64 years","1","Male","10","Less than primary (Level 0)","IE0","Ireland","%",""
"ALF01C01","Annual employment rate","2025","2025","550","60 - 64 years","1","Male","10","Less than primary (Level 0)","811D29A4-1E05-4F4A-B61B-43DE64E07B29","Northern and Western","%",""
"ALF01C01","Annual employment rate","2025","2025","550","60 - 64 years","1","Male","10","Less than primary (Level 0)","97227605-23D5-4B98-BDB8-3EB5D0682A5A","Southern","%",""
"ALF01C01","Annual employment rate","2025","2025","550","60 - 64 years","1","Male","10","Less than primary (Level 0)","C32761EB-7A21-4B95-8C7A-DB195C2955CE","Eastern and Midland","%",""
"ALF01C01","Annual employment rate","2025","2025","550","60 - 64 years","1","Male","20","Primary and lower secondary education (Levels 1-2)","IE0","Ireland","%","65.8"
"ALF01C01","Annual employment rate","2025","2025","550","60 - 64 years","1","Male","20","Primary and lower secondary education (Levels 1-2)","811D29A4-1E05-4F4A-B61B-43DE64E07B29","Northern and Western","%",""
"ALF01C01","Annual employment rate","2025","2025","550","60 - 64 years","1","Male","20","Primary and lower secondary education (Levels 1-2)","97227605-23D5-4B98-BDB8-3EB5D0682A5A","Southern","%","66"
"ALF01C01","Annual employment rate","2025","2025","550","60 - 64 years","1","Male","20","Primary and lower secondary education (Levels 1-2)","C32761EB-7A21-4B95-8C7A-DB195C2955CE","Eastern and Midland","%","63.3"
"ALF01C01","Annual employment rate","2025","2025","550","60 - 64 years","1","Male","30","Upper secondary and post-secondary non-tertiary education (Levels 3 and 4)","IE0","Ireland","%","71.6"
"ALF01C01","Annual employment rate","2025","2025","550","60 - 64 years","1","Male","30","Upper secondary and post-secondary non-tertiary education (Levels 3 and 4)","811D29A4-1E05-4F4A-B61B-43DE64E07B29","Northern and Western","%","68.3"
"ALF01C01","Annual employment rate","2025","2025","550","60 - 64 years","1","Male","30","Upper secondary and post-secondary non-tertiary education (Levels 3 and 4)","97227605-23D5-4B98-BDB8-3EB5D0682A5A","Southern","%","75.5"
"ALF01C01","Annual employment rate","2025","2025","550","60 - 64 years","1","Male","30","Upper secondary and post-secondary non-tertiary education (Levels 3 and 4)","C32761EB-7A21-4B95-8C7A-DB195C2955CE","Eastern and Midland","%","70.3"
"ALF01C01","Annual employment rate","2025","2025","550","60 - 64 years","1","Male","40","Tertiary education (Levels 5-8)","IE0","Ireland","%","68.3"
"ALF01C01","Annual employment rate","2025","2025","550","60 - 64 years","1","Male","40","Tertiary education (Levels 5-8)","811D29A4-1E05-4F4A-B61B-43DE64E07B29","Northern and Western","%",""
"ALF01C01","Annual employment rate","2025","2025","550","60 - 64 years","1","Male","40","Tertiary education (Levels 5-8)","97227605-23D5-4B98-BDB8-3EB5D0682A5A","Southern","%","69.5"
"ALF01C01","Annual employment rate","2025","2025","550","60 - 64 years","1","Male","40","Tertiary education (Levels 5-8)","C32761EB-7A21-4B95-8C7A-DB195C2955CE","Eastern and Midland","%","69.7"
"ALF01C01","Annual employment rate","2025","2025","550","60 - 64 years","1","Male","99","Level of education - not stated","IE0","Ireland","%",""
"ALF01C01","Annual employment rate","2025","2025","550","60 - 64 years","1","Male","99","Level of education - not stated","811D29A4-1E05-4F4A-B61B-43DE64E07B29","Northern and Western","%",""
"ALF01C01","Annual employment rate","2025","2025","550","60 - 64 years","1","Male","99","Level of education - not stated","97227605-23D5-4B98-BDB8-3EB5D0682A5A","Southern","%",""
"ALF01C01","Annual employment rate","2025","2025","550","60 - 64 years","1","Male","99","Level of education - not stated","C32761EB-7A21-4B95-8C7A-DB195C2955CE","Eastern and Midland","%",""
"ALF01C01","Annual employment rate","2025","2025","550","60 - 64 years","2","Female","-","Levels of Education (Levels  0-8)","IE0","Ireland","%","51.3"
"ALF01C01","Annual employment rate","2025","2025","550","60 - 64 years","2","Female","-","Levels of Education (Levels  0-8)","811D29A4-1E05-4F4A-B61B-43DE64E07B29","Northern and Western","%","48.3"
"ALF01C01","Annual employment rate","2025","2025","550","60 - 64 years","2","Female","-","Levels of Education (Levels  0-8)","97227605-23D5-4B98-BDB8-3EB5D0682A5A","Southern","%","50.9"
"ALF01C01","Annual employment rate","2025","2025","550","60 - 64 years","2","Female","-","Levels of Education (Levels  0-8)","C32761EB-7A21-4B95-8C7A-DB195C2955CE","Eastern and Midland","%","52.8"
"ALF01C01","Annual employment rate","2025","2025","550","60 - 64 years","2","Female","10","Less than primary (Level 0)","IE0","Ireland","%",""
"ALF01C01","Annual employment rate","2025","2025","550","60 - 64 years","2","Female","10","Less than primary (Level 0)","811D29A4-1E05-4F4A-B61B-43DE64E07B29","Northern and Western","%",""
"ALF01C01","Annual employment rate","2025","2025","550","60 - 64 years","2","Female","10","Less than primary (Level 0)","97227605-23D5-4B98-BDB8-3EB5D0682A5A","Southern","%",""
"ALF01C01","Annual employment rate","2025","2025","550","60 - 64 years","2","Female","10","Less than primary (Level 0)","C32761EB-7A21-4B95-8C7A-DB195C2955CE","Eastern and Midland","%",""
"ALF01C01","Annual employment rate","2025","2025","550","60 - 64 years","2","Female","20","Primary and lower secondary education (Levels 1-2)","IE0","Ireland","%","33.5"
"ALF01C01","Annual employment rate","2025","2025","550","60 - 64 years","2","Female","20","Primary and lower secondary education (Levels 1-2)","811D29A4-1E05-4F4A-B61B-43DE64E07B29","Northern and Western","%",""
"ALF01C01","Annual employment rate","2025","2025","550","60 - 64 years","2","Female","20","Primary and lower secondary education (Levels 1-2)","97227605-23D5-4B98-BDB8-3EB5D0682A5A","Southern","%",""
"ALF01C01","Annual employment rate","2025","2025","550","60 - 64 years","2","Female","20","Primary and lower secondary education (Levels 1-2)","C32761EB-7A21-4B95-8C7A-DB195C2955CE","Eastern and Midland","%",""
"ALF01C01","Annual employment rate","2025","2025","550","60 - 64 years","2","Female","30","Upper secondary and post-secondary non-tertiary education (Levels 3 and 4)","IE0","Ireland","%","56"
"ALF01C01","Annual employment rate","2025","2025","550","60 - 64 years","2","Female","30","Upper secondary and post-secondary non-tertiary education (Levels 3 and 4)","811D29A4-1E05-4F4A-B61B-43DE64E07B29","Northern and Western","%","56.9"
"ALF01C01","Annual employment rate","2025","2025","550","60 - 64 years","2","Female","30","Upper secondary and post-secondary non-tertiary education (Levels 3 and 4)","97227605-23D5-4B98-BDB8-3EB5D0682A5A","Southern","%","59.2"
"ALF01C01","Annual employment rate","2025","2025","550","60 - 64 years","2","Female","30","Upper secondary and post-secondary non-tertiary education (Levels 3 and 4)","C32761EB-7A21-4B95-8C7A-DB195C2955CE","Eastern and Midland","%","53.1"
"ALF01C01","Annual employment rate","2025","2025","550","60 - 64 years","2","Female","40","Tertiary education (Levels 5-8)","IE0","Ireland","%","56.7"
"ALF01C01","Annual employment rate","2025","2025","550","60 - 64 years","2","Female","40","Tertiary education (Levels 5-8)","811D29A4-1E05-4F4A-B61B-43DE64E07B29","Northern and Western","%","56.2"
"ALF01C01","Annual employment rate","2025","2025","550","60 - 64 years","2","Female","40","Tertiary education (Levels 5-8)","97227605-23D5-4B98-BDB8-3EB5D0682A5A","Southern","%","54"
"ALF01C01","Annual employment rate","2025","2025","550","60 - 64 years","2","Female","40","Tertiary education (Levels 5-8)","C32761EB-7A21-4B95-8C7A-DB195C2955CE","Eastern and Midland","%","58.8"
"ALF01C01","Annual employment rate","2025","2025","550","60 - 64 years","2","Female","99","Level of education - not stated","IE0","Ireland","%",""
"ALF01C01","Annual employment rate","2025","2025","550","60 - 64 years","2","Female","99","Level of education - not stated","811D29A4-1E05-4F4A-B61B-43DE64E07B29","Northern and Western","%",""
"ALF01C01","Annual employment rate","2025","2025","550","60 - 64 years","2","Female","99","Level of education - not stated","97227605-23D5-4B98-BDB8-3EB5D0682A5A","Southern","%",""
"ALF01C01","Annual employment rate","2025","2025","550","60 - 64 years","2","Female","99","Level of education - not stated","C32761EB-7A21-4B95-8C7A-DB195C2955CE","Eastern and Midland","%",""
