"STATISTIC","Statistic Label","TLIST(Q1)","Quarter","C04004V04762","Citizenship","C04498V05282","NACE Rev 2.1 Economic Sector","UNIT","VALUE"
"QLF59C01","Persons aged 15 years and over in Employment","20191","2019Q1","-","All Countries","-","All NACE Economic Sectors (A-V)","Thousand",""
"QLF59C01","Persons aged 15 years and over in Employment","20191","2019Q1","-","All Countries","A","Agriculture, Forestry and Fishing (A)","Thousand",""
"QLF59C01","Persons aged 15 years and over in Employment","20191","2019Q1","-","All Countries","F","Construction (F)","Thousand",""
"QLF59C01","Persons aged 15 years and over in Employment","20191","2019Q1","-","All Countries","G","Wholesale and Retail Trade (G)","Thousand",""
"QLF59C01","Persons aged 15 years and over in Employment","20191","2019Q1","-","All Countries","H","Transportation and Storage (H)","Thousand",""
"QLF59C01","Persons aged 15 years and over in Employment","20191","2019Q1","-","All Countries","I","Accommodation and Food Service Activities (I)","Thousand",""
"QLF59C01","Persons aged 15 years and over in Employment","20191","2019Q1","-","All Countries","ZZ210228","Information and Communication (J,K)","Thousand",""
"QLF59C01","Persons aged 15 years and over in Employment","20191","2019Q1","-","All Countries","N","Professional, Scientific and Technical Activities (N)","Thousand",""
"QLF59C01","Persons aged 15 years and over in Employment","20191","2019Q1","-","All Countries","O","Administrative and Support Service Activities (O)","Thousand",""
"QLF59C01","Persons aged 15 years and over in Employment","20191","2019Q1","-","All Countries","P","Public Administration and Defence; Compulsory Social Security (P)","Thousand",""
"QLF59C01","Persons aged 15 years and over in Employment","20191","2019Q1","-","All Countries","Q","Education (Q)","Thousand",""
"QLF59C01","Persons aged 15 years and over in Employment","20191","2019Q1","-","All Countries","R","Human Health and Social Work Activities (R)","Thousand",""
"QLF59C01","Persons aged 15 years and over in Employment","20191","2019Q1","-","All Countries","ZZ210011","Industry (B-E)","Thousand",""
"QLF59C01","Persons aged 15 years and over in Employment","20191","2019Q1","-","All Countries","ZZ210010","Industry and Construction (B-F)","Thousand",""
"QLF59C01","Persons aged 15 years and over in Employment","20191","2019Q1","-","All Countries","ZZ210023","Services (G-V)","Thousand",""
"QLF59C01","Persons aged 15 years and over in Employment","20191","2019Q1","-","All Countries","ZZ210221","Financial, Insurance and Real Estate Activities (L,M)","Thousand",""
"QLF59C01","Persons aged 15 years and over in Employment","20191","2019Q1","-","All Countries","ZZ210224","Other NACE Activities (S to V)","Thousand",""
"QLF59C01","Persons aged 15 years and over in Employment","20191","2019Q1","-","All Countries","ZZ219990","NACE Unknown","Thousand",""
"QLF59C01","Persons aged 15 years and over in Employment","20191","2019Q1","E1420XIE","EU14 excl Irl (countries in the EU pre 2004 excluding UK & Ireland)","-","All NACE Economic Sectors (A-V)","Thousand",""
"QLF59C01","Persons aged 15 years and over in Employment","20191","2019Q1","E1420XIE","EU14 excl Irl (countries in the EU pre 2004 excluding UK & Ireland)","A","Agriculture, Forestry and Fishing (A)","Thousand",""
"QLF59C01","Persons aged 15 years and over in Employment","20191","2019Q1","E1420XIE","EU14 excl Irl (countries in the EU pre 2004 excluding UK & Ireland)","F","Construction (F)","Thousand",""
"QLF59C01","Persons aged 15 years and over in Employment","20191","2019Q1","E1420XIE","EU14 excl Irl (countries in the EU pre 2004 excluding UK & Ireland)","G","Wholesale and Retail Trade (G)","Thousand",""
"QLF59C01","Persons aged 15 years and over in Employment","20191","2019Q1","E1420XIE","EU14 excl Irl (countries in the EU pre 2004 excluding UK & Ireland)","H","Transportation and Storage (H)","Thousand",""
"QLF59C01","Persons aged 15 years and over in Employment","20191","2019Q1","E1420XIE","EU14 excl Irl (countries in the EU pre 2004 excluding UK & Ireland)","I","Accommodation and Food Service Activities (I)","Thousand",""
"QLF59C01","Persons aged 15 years and over in Employment","20191","2019Q1","E1420XIE","EU14 excl Irl (countries in the EU pre 2004 excluding UK & Ireland)","ZZ210228","Information and Communication (J,K)","Thousand",""
"QLF59C01","Persons aged 15 years and over in Employment","20191","2019Q1","E1420XIE","EU14 excl Irl (countries in the EU pre 2004 excluding UK & Ireland)","N","Professional, Scientific and Technical Activities (N)","Thousand",""
"QLF59C01","Persons aged 15 years and over in Employment","20191","2019Q1","E1420XIE","EU14 excl Irl (countries in the EU pre 2004 excluding UK & Ireland)","O","Administrative and Support Service Activities (O)","Thousand",""
"QLF59C01","Persons aged 15 years and over in Employment","20191","2019Q1","E1420XIE","EU14 excl Irl (countries in the EU pre 2004 excluding UK & Ireland)","P","Public Administration and Defence; Compulsory Social Security (P)","Thousand",""
"QLF59C01","Persons aged 15 years and over in Employment","20191","2019Q1","E1420XIE","EU14 excl Irl (countries in the EU pre 2004 excluding UK & Ireland)","Q","Education (Q)","Thousand",""
"QLF59C01","Persons aged 15 years and over in Employment","20191","2019Q1","E1420XIE","EU14 excl Irl (countries in the EU pre 2004 excluding UK & Ireland)","R","Human Health and Social Work Activities (R)","Thousand",""
"QLF59C01","Persons aged 15 years and over in Employment","20191","2019Q1","E1420XIE","EU14 excl Irl (countries in the EU pre 2004 excluding UK & Ireland)","ZZ210011","Industry (B-E)","Thousand",""
"QLF59C01","Persons aged 15 years and over in Employment","20191","2019Q1","E1420XIE","EU14 excl Irl (countries in the EU pre 2004 excluding UK & Ireland)","ZZ210010","Industry and Construction (B-F)","Thousand",""
"QLF59C01","Persons aged 15 years and over in Employment","20191","2019Q1","E1420XIE","EU14 excl Irl (countries in the EU pre 2004 excluding UK & Ireland)","ZZ210023","Services (G-V)","Thousand",""
"QLF59C01","Persons aged 15 years and over in Employment","20191","2019Q1","E1420XIE","EU14 excl Irl (countries in the EU pre 2004 excluding UK & Ireland)","ZZ210221","Financial, Insurance and Real Estate Activities (L,M)","Thousand",""
"QLF59C01","Persons aged 15 years and over in Employment","20191","2019Q1","E1420XIE","EU14 excl Irl (countries in the EU pre 2004 excluding UK & Ireland)","ZZ210224","Other NACE Activities (S to V)","Thousand",""
"QLF59C01","Persons aged 15 years and over in Employment","20191","2019Q1","E1420XIE","EU14 excl Irl (countries in the EU pre 2004 excluding UK & Ireland)","ZZ219990","NACE Unknown","Thousand",""
"QLF59C01","Persons aged 15 years and over in Employment","20191","2019Q1","E15E2720","EU15 to EU27 (accession countries joined post 2004)","-","All NACE Economic Sectors (A-V)","Thousand",""
"QLF59C01","Persons aged 15 years and over in Employment","20191","2019Q1","E15E2720","EU15 to EU27 (accession countries joined post 2004)","A","Agriculture, Forestry and Fishing (A)","Thousand",""
"QLF59C01","Persons aged 15 years and over in Employment","20191","2019Q1","E15E2720","EU15 to EU27 (accession countries joined post 2004)","F","Construction (F)","Thousand",""
"QLF59C01","Persons aged 15 years and over in Employment","20191","2019Q1","E15E2720","EU15 to EU27 (accession countries joined post 2004)","G","Wholesale and Retail Trade (G)","Thousand",""
"QLF59C01","Persons aged 15 years and over in Employment","20191","2019Q1","E15E2720","EU15 to EU27 (accession countries joined post 2004)","H","Transportation and Storage (H)","Thousand",""
"QLF59C01","Persons aged 15 years and over in Employment","20191","2019Q1","E15E2720","EU15 to EU27 (accession countries joined post 2004)","I","Accommodation and Food Service Activities (I)","Thousand",""
"QLF59C01","Persons aged 15 years and over in Employment","20191","2019Q1","E15E2720","EU15 to EU27 (accession countries joined post 2004)","ZZ210228","Information and Communication (J,K)","Thousand",""
"QLF59C01","Persons aged 15 years and over in Employment","20191","2019Q1","E15E2720","EU15 to EU27 (accession countries joined post 2004)","N","Professional, Scientific and Technical Activities (N)","Thousand",""
"QLF59C01","Persons aged 15 years and over in Employment","20191","2019Q1","E15E2720","EU15 to EU27 (accession countries joined post 2004)","O","Administrative and Support Service Activities (O)","Thousand",""
"QLF59C01","Persons aged 15 years and over in Employment","20191","2019Q1","E15E2720","EU15 to EU27 (accession countries joined post 2004)","P","Public Administration and Defence; Compulsory Social Security (P)","Thousand",""
"QLF59C01","Persons aged 15 years and over in Employment","20191","2019Q1","E15E2720","EU15 to EU27 (accession countries joined post 2004)","Q","Education (Q)","Thousand",""
"QLF59C01","Persons aged 15 years and over in Employment","20191","2019Q1","E15E2720","EU15 to EU27 (accession countries joined post 2004)","R","Human Health and Social Work Activities (R)","Thousand",""
"QLF59C01","Persons aged 15 years and over in Employment","20191","2019Q1","E15E2720","EU15 to EU27 (accession countries joined post 2004)","ZZ210011","Industry (B-E)","Thousand",""
"QLF59C01","Persons aged 15 years and over in Employment","20191","2019Q1","E15E2720","EU15 to EU27 (accession countries joined post 2004)","ZZ210010","Industry and Construction (B-F)","Thousand",""
"QLF59C01","Persons aged 15 years and over in Employment","20191","2019Q1","E15E2720","EU15 to EU27 (accession countries joined post 2004)","ZZ210023","Services (G-V)","Thousand",""
"QLF59C01","Persons aged 15 years and over in Employment","20191","2019Q1","E15E2720","EU15 to EU27 (accession countries joined post 2004)","ZZ210221","Financial, Insurance and Real Estate Activities (L,M)","Thousand",""
"QLF59C01","Persons aged 15 years and over in Employment","20191","2019Q1","E15E2720","EU15 to EU27 (accession countries joined post 2004)","ZZ210224","Other NACE Activities (S to V)","Thousand",""
"QLF59C01","Persons aged 15 years and over in Employment","20191","2019Q1","E15E2720","EU15 to EU27 (accession countries joined post 2004)","ZZ219990","NACE Unknown","Thousand",""
"QLF59C01","Persons aged 15 years and over in Employment","20191","2019Q1","GB","United Kingdom","-","All NACE Economic Sectors (A-V)","Thousand",""
"QLF59C01","Persons aged 15 years and over in Employment","20191","2019Q1","GB","United Kingdom","A","Agriculture, Forestry and Fishing (A)","Thousand",""
"QLF59C01","Persons aged 15 years and over in Employment","20191","2019Q1","GB","United Kingdom","F","Construction (F)","Thousand",""
"QLF59C01","Persons aged 15 years and over in Employment","20191","2019Q1","GB","United Kingdom","G","Wholesale and Retail Trade (G)","Thousand",""
"QLF59C01","Persons aged 15 years and over in Employment","20191","2019Q1","GB","United Kingdom","H","Transportation and Storage (H)","Thousand",""
"QLF59C01","Persons aged 15 years and over in Employment","20191","2019Q1","GB","United Kingdom","I","Accommodation and Food Service Activities (I)","Thousand",""
"QLF59C01","Persons aged 15 years and over in Employment","20191","2019Q1","GB","United Kingdom","ZZ210228","Information and Communication (J,K)","Thousand",""
"QLF59C01","Persons aged 15 years and over in Employment","20191","2019Q1","GB","United Kingdom","N","Professional, Scientific and Technical Activities (N)","Thousand",""
"QLF59C01","Persons aged 15 years and over in Employment","20191","2019Q1","GB","United Kingdom","O","Administrative and Support Service Activities (O)","Thousand",""
"QLF59C01","Persons aged 15 years and over in Employment","20191","2019Q1","GB","United Kingdom","P","Public Administration and Defence; Compulsory Social Security (P)","Thousand",""
"QLF59C01","Persons aged 15 years and over in Employment","20191","2019Q1","GB","United Kingdom","Q","Education (Q)","Thousand",""
"QLF59C01","Persons aged 15 years and over in Employment","20191","2019Q1","GB","United Kingdom","R","Human Health and Social Work Activities (R)","Thousand",""
"QLF59C01","Persons aged 15 years and over in Employment","20191","2019Q1","GB","United Kingdom","ZZ210011","Industry (B-E)","Thousand",""
"QLF59C01","Persons aged 15 years and over in Employment","20191","2019Q1","GB","United Kingdom","ZZ210010","Industry and Construction (B-F)","Thousand",""
"QLF59C01","Persons aged 15 years and over in Employment","20191","2019Q1","GB","United Kingdom","ZZ210023","Services (G-V)","Thousand",""
"QLF59C01","Persons aged 15 years and over in Employment","20191","2019Q1","GB","United Kingdom","ZZ210221","Financial, Insurance and Real Estate Activities (L,M)","Thousand",""
"QLF59C01","Persons aged 15 years and over in Employment","20191","2019Q1","GB","United Kingdom","ZZ210224","Other NACE Activities (S to V)","Thousand",""
"QLF59C01","Persons aged 15 years and over in Employment","20191","2019Q1","GB","United Kingdom","ZZ219990","NACE Unknown","Thousand",""
"QLF59C01","Persons aged 15 years and over in Employment","20191","2019Q1","IE","Ireland","-","All NACE Economic Sectors (A-V)","Thousand",""
"QLF59C01","Persons aged 15 years and over in Employment","20191","2019Q1","IE","Ireland","A","Agriculture, Forestry and Fishing (A)","Thousand",""
"QLF59C01","Persons aged 15 years and over in Employment","20191","2019Q1","IE","Ireland","F","Construction (F)","Thousand",""
"QLF59C01","Persons aged 15 years and over in Employment","20191","2019Q1","IE","Ireland","G","Wholesale and Retail Trade (G)","Thousand",""
"QLF59C01","Persons aged 15 years and over in Employment","20191","2019Q1","IE","Ireland","H","Transportation and Storage (H)","Thousand",""
"QLF59C01","Persons aged 15 years and over in Employment","20191","2019Q1","IE","Ireland","I","Accommodation and Food Service Activities (I)","Thousand",""
"QLF59C01","Persons aged 15 years and over in Employment","20191","2019Q1","IE","Ireland","ZZ210228","Information and Communication (J,K)","Thousand",""
"QLF59C01","Persons aged 15 years and over in Employment","20191","2019Q1","IE","Ireland","N","Professional, Scientific and Technical Activities (N)","Thousand",""
"QLF59C01","Persons aged 15 years and over in Employment","20191","2019Q1","IE","Ireland","O","Administrative and Support Service Activities (O)","Thousand",""
"QLF59C01","Persons aged 15 years and over in Employment","20191","2019Q1","IE","Ireland","P","Public Administration and Defence; Compulsory Social Security (P)","Thousand",""
"QLF59C01","Persons aged 15 years and over in Employment","20191","2019Q1","IE","Ireland","Q","Education (Q)","Thousand",""
"QLF59C01","Persons aged 15 years and over in Employment","20191","2019Q1","IE","Ireland","R","Human Health and Social Work Activities (R)","Thousand",""
"QLF59C01","Persons aged 15 years and over in Employment","20191","2019Q1","IE","Ireland","ZZ210011","Industry (B-E)","Thousand",""
"QLF59C01","Persons aged 15 years and over in Employment","20191","2019Q1","IE","Ireland","ZZ210010","Industry and Construction (B-F)","Thousand",""
"QLF59C01","Persons aged 15 years and over in Employment","20191","2019Q1","IE","Ireland","ZZ210023","Services (G-V)","Thousand",""
"QLF59C01","Persons aged 15 years and over in Employment","20191","2019Q1","IE","Ireland","ZZ210221","Financial, Insurance and Real Estate Activities (L,M)","Thousand",""
"QLF59C01","Persons aged 15 years and over in Employment","20191","2019Q1","IE","Ireland","ZZ210224","Other NACE Activities (S to V)","Thousand",""
"QLF59C01","Persons aged 15 years and over in Employment","20191","2019Q1","IE","Ireland","ZZ219990","NACE Unknown","Thousand",""
"QLF59C01","Persons aged 15 years and over in Employment","20191","2019Q1","ZZZZ1","All countries excluding Ireland","-","All NACE Economic Sectors (A-V)","Thousand",""
"QLF59C01","Persons aged 15 years and over in Employment","20191","2019Q1","ZZZZ1","All countries excluding Ireland","A","Agriculture, Forestry and Fishing (A)","Thousand",""
"QLF59C01","Persons aged 15 years and over in Employment","20191","2019Q1","ZZZZ1","All countries excluding Ireland","F","Construction (F)","Thousand",""
"QLF59C01","Persons aged 15 years and over in Employment","20191","2019Q1","ZZZZ1","All countries excluding Ireland","G","Wholesale and Retail Trade (G)","Thousand",""
"QLF59C01","Persons aged 15 years and over in Employment","20191","2019Q1","ZZZZ1","All countries excluding Ireland","H","Transportation and Storage (H)","Thousand",""
"QLF59C01","Persons aged 15 years and over in Employment","20191","2019Q1","ZZZZ1","All countries excluding Ireland","I","Accommodation and Food Service Activities (I)","Thousand",""
"QLF59C01","Persons aged 15 years and over in Employment","20191","2019Q1","ZZZZ1","All countries excluding Ireland","ZZ210228","Information and Communication (J,K)","Thousand",""
"QLF59C01","Persons aged 15 years and over in Employment","20191","2019Q1","ZZZZ1","All countries excluding Ireland","N","Professional, Scientific and Technical Activities (N)","Thousand",""
"QLF59C01","Persons aged 15 years and over in Employment","20191","2019Q1","ZZZZ1","All countries excluding Ireland","O","Administrative and Support Service Activities (O)","Thousand",""
"QLF59C01","Persons aged 15 years and over in Employment","20191","2019Q1","ZZZZ1","All countries excluding Ireland","P","Public Administration and Defence; Compulsory Social Security (P)","Thousand",""
"QLF59C01","Persons aged 15 years and over in Employment","20191","2019Q1","ZZZZ1","All countries excluding Ireland","Q","Education (Q)","Thousand",""
"QLF59C01","Persons aged 15 years and over in Employment","20191","2019Q1","ZZZZ1","All countries excluding Ireland","R","Human Health and Social Work Activities (R)","Thousand",""
"QLF59C01","Persons aged 15 years and over in Employment","20191","2019Q1","ZZZZ1","All countries excluding Ireland","ZZ210011","Industry (B-E)","Thousand",""
"QLF59C01","Persons aged 15 years and over in Employment","20191","2019Q1","ZZZZ1","All countries excluding Ireland","ZZ210010","Industry and Construction (B-F)","Thousand",""
"QLF59C01","Persons aged 15 years and over in Employment","20191","2019Q1","ZZZZ1","All countries excluding Ireland","ZZ210023","Services (G-V)","Thousand",""
"QLF59C01","Persons aged 15 years and over in Employment","20191","2019Q1","ZZZZ1","All countries excluding Ireland","ZZ210221","Financial, Insurance and Real Estate Activities (L,M)","Thousand",""
"QLF59C01","Persons aged 15 years and over in Employment","20191","2019Q1","ZZZZ1","All countries excluding Ireland","ZZ210224","Other NACE Activities (S to V)","Thousand",""
"QLF59C01","Persons aged 15 years and over in Employment","20191","2019Q1","ZZZZ1","All countries excluding Ireland","ZZ219990","NACE Unknown","Thousand",""
"QLF59C01","Persons aged 15 years and over in Employment","20191","2019Q1","ZZZZ2","All countries excluding Ireland,United Kingdom and EU272020","-","All NACE Economic Sectors (A-V)","Thousand",""
"QLF59C01","Persons aged 15 years and over in Employment","20191","2019Q1","ZZZZ2","All countries excluding Ireland,United Kingdom and EU272020","A","Agriculture, Forestry and Fishing (A)","Thousand",""
"QLF59C01","Persons aged 15 years and over in Employment","20191","2019Q1","ZZZZ2","All countries excluding Ireland,United Kingdom and EU272020","F","Construction (F)","Thousand",""
"QLF59C01","Persons aged 15 years and over in Employment","20191","2019Q1","ZZZZ2","All countries excluding Ireland,United Kingdom and EU272020","G","Wholesale and Retail Trade (G)","Thousand",""
"QLF59C01","Persons aged 15 years and over in Employment","20191","2019Q1","ZZZZ2","All countries excluding Ireland,United Kingdom and EU272020","H","Transportation and Storage (H)","Thousand",""
"QLF59C01","Persons aged 15 years and over in Employment","20191","2019Q1","ZZZZ2","All countries excluding Ireland,United Kingdom and EU272020","I","Accommodation and Food Service Activities (I)","Thousand",""
"QLF59C01","Persons aged 15 years and over in Employment","20191","2019Q1","ZZZZ2","All countries excluding Ireland,United Kingdom and EU272020","ZZ210228","Information and Communication (J,K)","Thousand",""
"QLF59C01","Persons aged 15 years and over in Employment","20191","2019Q1","ZZZZ2","All countries excluding Ireland,United Kingdom and EU272020","N","Professional, Scientific and Technical Activities (N)","Thousand",""
"QLF59C01","Persons aged 15 years and over in Employment","20191","2019Q1","ZZZZ2","All countries excluding Ireland,United Kingdom and EU272020","O","Administrative and Support Service Activities (O)","Thousand",""
"QLF59C01","Persons aged 15 years and over in Employment","20191","2019Q1","ZZZZ2","All countries excluding Ireland,United Kingdom and EU272020","P","Public Administration and Defence; Compulsory Social Security (P)","Thousand",""
"QLF59C01","Persons aged 15 years and over in Employment","20191","2019Q1","ZZZZ2","All countries excluding Ireland,United Kingdom and EU272020","Q","Education (Q)","Thousand",""
"QLF59C01","Persons aged 15 years and over in Employment","20191","2019Q1","ZZZZ2","All countries excluding Ireland,United Kingdom and EU272020","R","Human Health and Social Work Activities (R)","Thousand",""
"QLF59C01","Persons aged 15 years and over in Employment","20191","2019Q1","ZZZZ2","All countries excluding Ireland,United Kingdom and EU272020","ZZ210011","Industry (B-E)","Thousand",""
"QLF59C01","Persons aged 15 years and over in Employment","20191","2019Q1","ZZZZ2","All countries excluding Ireland,United Kingdom and EU272020","ZZ210010","Industry and Construction (B-F)","Thousand",""
"QLF59C01","Persons aged 15 years and over in Employment","20191","2019Q1","ZZZZ2","All countries excluding Ireland,United Kingdom and EU272020","ZZ210023","Services (G-V)","Thousand",""
"QLF59C01","Persons aged 15 years and over in Employment","20191","2019Q1","ZZZZ2","All countries excluding Ireland,United Kingdom and EU272020","ZZ210221","Financial, Insurance and Real Estate Activities (L,M)","Thousand",""
"QLF59C01","Persons aged 15 years and over in Employment","20191","2019Q1","ZZZZ2","All countries excluding Ireland,United Kingdom and EU272020","ZZ210224","Other NACE Activities (S to V)","Thousand",""
"QLF59C01","Persons aged 15 years and over in Employment","20191","2019Q1","ZZZZ2","All countries excluding Ireland,United Kingdom and EU272020","ZZ219990","NACE Unknown","Thousand",""
"QLF59C01","Persons aged 15 years and over in Employment","20192","2019Q2","-","All Countries","-","All NACE Economic Sectors (A-V)","Thousand",""
"QLF59C01","Persons aged 15 years and over in Employment","20192","2019Q2","-","All Countries","A","Agriculture, Forestry and Fishing (A)","Thousand",""
"QLF59C01","Persons aged 15 years and over in Employment","20192","2019Q2","-","All Countries","F","Construction (F)","Thousand",""
"QLF59C01","Persons aged 15 years and over in Employment","20192","2019Q2","-","All Countries","G","Wholesale and Retail Trade (G)","Thousand",""
"QLF59C01","Persons aged 15 years and over in Employment","20192","2019Q2","-","All Countries","H","Transportation and Storage (H)","Thousand",""
"QLF59C01","Persons aged 15 years and over in Employment","20192","2019Q2","-","All Countries","I","Accommodation and Food Service Activities (I)","Thousand",""
"QLF59C01","Persons aged 15 years and over in Employment","20192","2019Q2","-","All Countries","ZZ210228","Information and Communication (J,K)","Thousand",""
"QLF59C01","Persons aged 15 years and over in Employment","20192","2019Q2","-","All Countries","N","Professional, Scientific and Technical Activities (N)","Thousand",""
"QLF59C01","Persons aged 15 years and over in Employment","20192","2019Q2","-","All Countries","O","Administrative and Support Service Activities (O)","Thousand",""
"QLF59C01","Persons aged 15 years and over in Employment","20192","2019Q2","-","All Countries","P","Public Administration and Defence; Compulsory Social Security (P)","Thousand",""
"QLF59C01","Persons aged 15 years and over in Employment","20192","2019Q2","-","All Countries","Q","Education (Q)","Thousand",""
"QLF59C01","Persons aged 15 years and over in Employment","20192","2019Q2","-","All Countries","R","Human Health and Social Work Activities (R)","Thousand",""
"QLF59C01","Persons aged 15 years and over in Employment","20192","2019Q2","-","All Countries","ZZ210011","Industry (B-E)","Thousand",""
"QLF59C01","Persons aged 15 years and over in Employment","20192","2019Q2","-","All Countries","ZZ210010","Industry and Construction (B-F)","Thousand",""
"QLF59C01","Persons aged 15 years and over in Employment","20192","2019Q2","-","All Countries","ZZ210023","Services (G-V)","Thousand",""
"QLF59C01","Persons aged 15 years and over in Employment","20192","2019Q2","-","All Countries","ZZ210221","Financial, Insurance and Real Estate Activities (L,M)","Thousand",""
"QLF59C01","Persons aged 15 years and over in Employment","20192","2019Q2","-","All Countries","ZZ210224","Other NACE Activities (S to V)","Thousand",""
"QLF59C01","Persons aged 15 years and over in Employment","20192","2019Q2","-","All Countries","ZZ219990","NACE Unknown","Thousand",""
"QLF59C01","Persons aged 15 years and over in Employment","20192","2019Q2","E1420XIE","EU14 excl Irl (countries in the EU pre 2004 excluding UK & Ireland)","-","All NACE Economic Sectors (A-V)","Thousand",""
"QLF59C01","Persons aged 15 years and over in Employment","20192","2019Q2","E1420XIE","EU14 excl Irl (countries in the EU pre 2004 excluding UK & Ireland)","A","Agriculture, Forestry and Fishing (A)","Thousand",""
"QLF59C01","Persons aged 15 years and over in Employment","20192","2019Q2","E1420XIE","EU14 excl Irl (countries in the EU pre 2004 excluding UK & Ireland)","F","Construction (F)","Thousand",""
"QLF59C01","Persons aged 15 years and over in Employment","20192","2019Q2","E1420XIE","EU14 excl Irl (countries in the EU pre 2004 excluding UK & Ireland)","G","Wholesale and Retail Trade (G)","Thousand",""
"QLF59C01","Persons aged 15 years and over in Employment","20192","2019Q2","E1420XIE","EU14 excl Irl (countries in the EU pre 2004 excluding UK & Ireland)","H","Transportation and Storage (H)","Thousand",""
"QLF59C01","Persons aged 15 years and over in Employment","20192","2019Q2","E1420XIE","EU14 excl Irl (countries in the EU pre 2004 excluding UK & Ireland)","I","Accommodation and Food Service Activities (I)","Thousand",""
"QLF59C01","Persons aged 15 years and over in Employment","20192","2019Q2","E1420XIE","EU14 excl Irl (countries in the EU pre 2004 excluding UK & Ireland)","ZZ210228","Information and Communication (J,K)","Thousand",""
"QLF59C01","Persons aged 15 years and over in Employment","20192","2019Q2","E1420XIE","EU14 excl Irl (countries in the EU pre 2004 excluding UK & Ireland)","N","Professional, Scientific and Technical Activities (N)","Thousand",""
"QLF59C01","Persons aged 15 years and over in Employment","20192","2019Q2","E1420XIE","EU14 excl Irl (countries in the EU pre 2004 excluding UK & Ireland)","O","Administrative and Support Service Activities (O)","Thousand",""
"QLF59C01","Persons aged 15 years and over in Employment","20192","2019Q2","E1420XIE","EU14 excl Irl (countries in the EU pre 2004 excluding UK & Ireland)","P","Public Administration and Defence; Compulsory Social Security (P)","Thousand",""
"QLF59C01","Persons aged 15 years and over in Employment","20192","2019Q2","E1420XIE","EU14 excl Irl (countries in the EU pre 2004 excluding UK & Ireland)","Q","Education (Q)","Thousand",""
"QLF59C01","Persons aged 15 years and over in Employment","20192","2019Q2","E1420XIE","EU14 excl Irl (countries in the EU pre 2004 excluding UK & Ireland)","R","Human Health and Social Work Activities (R)","Thousand",""
"QLF59C01","Persons aged 15 years and over in Employment","20192","2019Q2","E1420XIE","EU14 excl Irl (countries in the EU pre 2004 excluding UK & Ireland)","ZZ210011","Industry (B-E)","Thousand",""
"QLF59C01","Persons aged 15 years and over in Employment","20192","2019Q2","E1420XIE","EU14 excl Irl (countries in the EU pre 2004 excluding UK & Ireland)","ZZ210010","Industry and Construction (B-F)","Thousand",""
"QLF59C01","Persons aged 15 years and over in Employment","20192","2019Q2","E1420XIE","EU14 excl Irl (countries in the EU pre 2004 excluding UK & Ireland)","ZZ210023","Services (G-V)","Thousand",""
"QLF59C01","Persons aged 15 years and over in Employment","20192","2019Q2","E1420XIE","EU14 excl Irl (countries in the EU pre 2004 excluding UK & Ireland)","ZZ210221","Financial, Insurance and Real Estate Activities (L,M)","Thousand",""
"QLF59C01","Persons aged 15 years and over in Employment","20192","2019Q2","E1420XIE","EU14 excl Irl (countries in the EU pre 2004 excluding UK & Ireland)","ZZ210224","Other NACE Activities (S to V)","Thousand",""
"QLF59C01","Persons aged 15 years and over in Employment","20192","2019Q2","E1420XIE","EU14 excl Irl (countries in the EU pre 2004 excluding UK & Ireland)","ZZ219990","NACE Unknown","Thousand",""
"QLF59C01","Persons aged 15 years and over in Employment","20192","2019Q2","E15E2720","EU15 to EU27 (accession countries joined post 2004)","-","All NACE Economic Sectors (A-V)","Thousand",""
"QLF59C01","Persons aged 15 years and over in Employment","20192","2019Q2","E15E2720","EU15 to EU27 (accession countries joined post 2004)","A","Agriculture, Forestry and Fishing (A)","Thousand",""
"QLF59C01","Persons aged 15 years and over in Employment","20192","2019Q2","E15E2720","EU15 to EU27 (accession countries joined post 2004)","F","Construction (F)","Thousand",""
"QLF59C01","Persons aged 15 years and over in Employment","20192","2019Q2","E15E2720","EU15 to EU27 (accession countries joined post 2004)","G","Wholesale and Retail Trade (G)","Thousand",""
"QLF59C01","Persons aged 15 years and over in Employment","20192","2019Q2","E15E2720","EU15 to EU27 (accession countries joined post 2004)","H","Transportation and Storage (H)","Thousand",""
"QLF59C01","Persons aged 15 years and over in Employment","20192","2019Q2","E15E2720","EU15 to EU27 (accession countries joined post 2004)","I","Accommodation and Food Service Activities (I)","Thousand",""
"QLF59C01","Persons aged 15 years and over in Employment","20192","2019Q2","E15E2720","EU15 to EU27 (accession countries joined post 2004)","ZZ210228","Information and Communication (J,K)","Thousand",""
"QLF59C01","Persons aged 15 years and over in Employment","20192","2019Q2","E15E2720","EU15 to EU27 (accession countries joined post 2004)","N","Professional, Scientific and Technical Activities (N)","Thousand",""
"QLF59C01","Persons aged 15 years and over in Employment","20192","2019Q2","E15E2720","EU15 to EU27 (accession countries joined post 2004)","O","Administrative and Support Service Activities (O)","Thousand",""
"QLF59C01","Persons aged 15 years and over in Employment","20192","2019Q2","E15E2720","EU15 to EU27 (accession countries joined post 2004)","P","Public Administration and Defence; Compulsory Social Security (P)","Thousand",""
"QLF59C01","Persons aged 15 years and over in Employment","20192","2019Q2","E15E2720","EU15 to EU27 (accession countries joined post 2004)","Q","Education (Q)","Thousand",""
"QLF59C01","Persons aged 15 years and over in Employment","20192","2019Q2","E15E2720","EU15 to EU27 (accession countries joined post 2004)","R","Human Health and Social Work Activities (R)","Thousand",""
"QLF59C01","Persons aged 15 years and over in Employment","20192","2019Q2","E15E2720","EU15 to EU27 (accession countries joined post 2004)","ZZ210011","Industry (B-E)","Thousand",""
"QLF59C01","Persons aged 15 years and over in Employment","20192","2019Q2","E15E2720","EU15 to EU27 (accession countries joined post 2004)","ZZ210010","Industry and Construction (B-F)","Thousand",""
"QLF59C01","Persons aged 15 years and over in Employment","20192","2019Q2","E15E2720","EU15 to EU27 (accession countries joined post 2004)","ZZ210023","Services (G-V)","Thousand",""
"QLF59C01","Persons aged 15 years and over in Employment","20192","2019Q2","E15E2720","EU15 to EU27 (accession countries joined post 2004)","ZZ210221","Financial, Insurance and Real Estate Activities (L,M)","Thousand",""
"QLF59C01","Persons aged 15 years and over in Employment","20192","2019Q2","E15E2720","EU15 to EU27 (accession countries joined post 2004)","ZZ210224","Other NACE Activities (S to V)","Thousand",""
"QLF59C01","Persons aged 15 years and over in Employment","20192","2019Q2","E15E2720","EU15 to EU27 (accession countries joined post 2004)","ZZ219990","NACE Unknown","Thousand",""
"QLF59C01","Persons aged 15 years and over in Employment","20192","2019Q2","GB","United Kingdom","-","All NACE Economic Sectors (A-V)","Thousand",""
"QLF59C01","Persons aged 15 years and over in Employment","20192","2019Q2","GB","United Kingdom","A","Agriculture, Forestry and Fishing (A)","Thousand",""
"QLF59C01","Persons aged 15 years and over in Employment","20192","2019Q2","GB","United Kingdom","F","Construction (F)","Thousand",""
"QLF59C01","Persons aged 15 years and over in Employment","20192","2019Q2","GB","United Kingdom","G","Wholesale and Retail Trade (G)","Thousand",""
"QLF59C01","Persons aged 15 years and over in Employment","20192","2019Q2","GB","United Kingdom","H","Transportation and Storage (H)","Thousand",""
"QLF59C01","Persons aged 15 years and over in Employment","20192","2019Q2","GB","United Kingdom","I","Accommodation and Food Service Activities (I)","Thousand",""
"QLF59C01","Persons aged 15 years and over in Employment","20192","2019Q2","GB","United Kingdom","ZZ210228","Information and Communication (J,K)","Thousand",""
"QLF59C01","Persons aged 15 years and over in Employment","20192","2019Q2","GB","United Kingdom","N","Professional, Scientific and Technical Activities (N)","Thousand",""
"QLF59C01","Persons aged 15 years and over in Employment","20192","2019Q2","GB","United Kingdom","O","Administrative and Support Service Activities (O)","Thousand",""
"QLF59C01","Persons aged 15 years and over in Employment","20192","2019Q2","GB","United Kingdom","P","Public Administration and Defence; Compulsory Social Security (P)","Thousand",""
"QLF59C01","Persons aged 15 years and over in Employment","20192","2019Q2","GB","United Kingdom","Q","Education (Q)","Thousand",""
"QLF59C01","Persons aged 15 years and over in Employment","20192","2019Q2","GB","United Kingdom","R","Human Health and Social Work Activities (R)","Thousand",""
"QLF59C01","Persons aged 15 years and over in Employment","20192","2019Q2","GB","United Kingdom","ZZ210011","Industry (B-E)","Thousand",""
"QLF59C01","Persons aged 15 years and over in Employment","20192","2019Q2","GB","United Kingdom","ZZ210010","Industry and Construction (B-F)","Thousand",""
"QLF59C01","Persons aged 15 years and over in Employment","20192","2019Q2","GB","United Kingdom","ZZ210023","Services (G-V)","Thousand",""
"QLF59C01","Persons aged 15 years and over in Employment","20192","2019Q2","GB","United Kingdom","ZZ210221","Financial, Insurance and Real Estate Activities (L,M)","Thousand",""
"QLF59C01","Persons aged 15 years and over in Employment","20192","2019Q2","GB","United Kingdom","ZZ210224","Other NACE Activities (S to V)","Thousand",""
"QLF59C01","Persons aged 15 years and over in Employment","20192","2019Q2","GB","United Kingdom","ZZ219990","NACE Unknown","Thousand",""
"QLF59C01","Persons aged 15 years and over in Employment","20192","2019Q2","IE","Ireland","-","All NACE Economic Sectors (A-V)","Thousand",""
"QLF59C01","Persons aged 15 years and over in Employment","20192","2019Q2","IE","Ireland","A","Agriculture, Forestry and Fishing (A)","Thousand",""
"QLF59C01","Persons aged 15 years and over in Employment","20192","2019Q2","IE","Ireland","F","Construction (F)","Thousand",""
"QLF59C01","Persons aged 15 years and over in Employment","20192","2019Q2","IE","Ireland","G","Wholesale and Retail Trade (G)","Thousand",""
"QLF59C01","Persons aged 15 years and over in Employment","20192","2019Q2","IE","Ireland","H","Transportation and Storage (H)","Thousand",""
"QLF59C01","Persons aged 15 years and over in Employment","20192","2019Q2","IE","Ireland","I","Accommodation and Food Service Activities (I)","Thousand",""
"QLF59C01","Persons aged 15 years and over in Employment","20192","2019Q2","IE","Ireland","ZZ210228","Information and Communication (J,K)","Thousand",""
"QLF59C01","Persons aged 15 years and over in Employment","20192","2019Q2","IE","Ireland","N","Professional, Scientific and Technical Activities (N)","Thousand",""
"QLF59C01","Persons aged 15 years and over in Employment","20192","2019Q2","IE","Ireland","O","Administrative and Support Service Activities (O)","Thousand",""
"QLF59C01","Persons aged 15 years and over in Employment","20192","2019Q2","IE","Ireland","P","Public Administration and Defence; Compulsory Social Security (P)","Thousand",""
"QLF59C01","Persons aged 15 years and over in Employment","20192","2019Q2","IE","Ireland","Q","Education (Q)","Thousand",""
"QLF59C01","Persons aged 15 years and over in Employment","20192","2019Q2","IE","Ireland","R","Human Health and Social Work Activities (R)","Thousand",""
"QLF59C01","Persons aged 15 years and over in Employment","20192","2019Q2","IE","Ireland","ZZ210011","Industry (B-E)","Thousand",""
"QLF59C01","Persons aged 15 years and over in Employment","20192","2019Q2","IE","Ireland","ZZ210010","Industry and Construction (B-F)","Thousand",""
"QLF59C01","Persons aged 15 years and over in Employment","20192","2019Q2","IE","Ireland","ZZ210023","Services (G-V)","Thousand",""
"QLF59C01","Persons aged 15 years and over in Employment","20192","2019Q2","IE","Ireland","ZZ210221","Financial, Insurance and Real Estate Activities (L,M)","Thousand",""
"QLF59C01","Persons aged 15 years and over in Employment","20192","2019Q2","IE","Ireland","ZZ210224","Other NACE Activities (S to V)","Thousand",""
"QLF59C01","Persons aged 15 years and over in Employment","20192","2019Q2","IE","Ireland","ZZ219990","NACE Unknown","Thousand",""
"QLF59C01","Persons aged 15 years and over in Employment","20192","2019Q2","ZZZZ1","All countries excluding Ireland","-","All NACE Economic Sectors (A-V)","Thousand",""
"QLF59C01","Persons aged 15 years and over in Employment","20192","2019Q2","ZZZZ1","All countries excluding Ireland","A","Agriculture, Forestry and Fishing (A)","Thousand",""
"QLF59C01","Persons aged 15 years and over in Employment","20192","2019Q2","ZZZZ1","All countries excluding Ireland","F","Construction (F)","Thousand",""
"QLF59C01","Persons aged 15 years and over in Employment","20192","2019Q2","ZZZZ1","All countries excluding Ireland","G","Wholesale and Retail Trade (G)","Thousand",""
"QLF59C01","Persons aged 15 years and over in Employment","20192","2019Q2","ZZZZ1","All countries excluding Ireland","H","Transportation and Storage (H)","Thousand",""
"QLF59C01","Persons aged 15 years and over in Employment","20192","2019Q2","ZZZZ1","All countries excluding Ireland","I","Accommodation and Food Service Activities (I)","Thousand",""
"QLF59C01","Persons aged 15 years and over in Employment","20192","2019Q2","ZZZZ1","All countries excluding Ireland","ZZ210228","Information and Communication (J,K)","Thousand",""
"QLF59C01","Persons aged 15 years and over in Employment","20192","2019Q2","ZZZZ1","All countries excluding Ireland","N","Professional, Scientific and Technical Activities (N)","Thousand",""
"QLF59C01","Persons aged 15 years and over in Employment","20192","2019Q2","ZZZZ1","All countries excluding Ireland","O","Administrative and Support Service Activities (O)","Thousand",""
"QLF59C01","Persons aged 15 years and over in Employment","20192","2019Q2","ZZZZ1","All countries excluding Ireland","P","Public Administration and Defence; Compulsory Social Security (P)","Thousand",""
"QLF59C01","Persons aged 15 years and over in Employment","20192","2019Q2","ZZZZ1","All countries excluding Ireland","Q","Education (Q)","Thousand",""
"QLF59C01","Persons aged 15 years and over in Employment","20192","2019Q2","ZZZZ1","All countries excluding Ireland","R","Human Health and Social Work Activities (R)","Thousand",""
"QLF59C01","Persons aged 15 years and over in Employment","20192","2019Q2","ZZZZ1","All countries excluding Ireland","ZZ210011","Industry (B-E)","Thousand",""
"QLF59C01","Persons aged 15 years and over in Employment","20192","2019Q2","ZZZZ1","All countries excluding Ireland","ZZ210010","Industry and Construction (B-F)","Thousand",""
"QLF59C01","Persons aged 15 years and over in Employment","20192","2019Q2","ZZZZ1","All countries excluding Ireland","ZZ210023","Services (G-V)","Thousand",""
"QLF59C01","Persons aged 15 years and over in Employment","20192","2019Q2","ZZZZ1","All countries excluding Ireland","ZZ210221","Financial, Insurance and Real Estate Activities (L,M)","Thousand",""
"QLF59C01","Persons aged 15 years and over in Employment","20192","2019Q2","ZZZZ1","All countries excluding Ireland","ZZ210224","Other NACE Activities (S to V)","Thousand",""
"QLF59C01","Persons aged 15 years and over in Employment","20192","2019Q2","ZZZZ1","All countries excluding Ireland","ZZ219990","NACE Unknown","Thousand",""
"QLF59C01","Persons aged 15 years and over in Employment","20192","2019Q2","ZZZZ2","All countries excluding Ireland,United Kingdom and EU272020","-","All NACE Economic Sectors (A-V)","Thousand",""
"QLF59C01","Persons aged 15 years and over in Employment","20192","2019Q2","ZZZZ2","All countries excluding Ireland,United Kingdom and EU272020","A","Agriculture, Forestry and Fishing (A)","Thousand",""
"QLF59C01","Persons aged 15 years and over in Employment","20192","2019Q2","ZZZZ2","All countries excluding Ireland,United Kingdom and EU272020","F","Construction (F)","Thousand",""
"QLF59C01","Persons aged 15 years and over in Employment","20192","2019Q2","ZZZZ2","All countries excluding Ireland,United Kingdom and EU272020","G","Wholesale and Retail Trade (G)","Thousand",""
"QLF59C01","Persons aged 15 years and over in Employment","20192","2019Q2","ZZZZ2","All countries excluding Ireland,United Kingdom and EU272020","H","Transportation and Storage (H)","Thousand",""
"QLF59C01","Persons aged 15 years and over in Employment","20192","2019Q2","ZZZZ2","All countries excluding Ireland,United Kingdom and EU272020","I","Accommodation and Food Service Activities (I)","Thousand",""
"QLF59C01","Persons aged 15 years and over in Employment","20192","2019Q2","ZZZZ2","All countries excluding Ireland,United Kingdom and EU272020","ZZ210228","Information and Communication (J,K)","Thousand",""
"QLF59C01","Persons aged 15 years and over in Employment","20192","2019Q2","ZZZZ2","All countries excluding Ireland,United Kingdom and EU272020","N","Professional, Scientific and Technical Activities (N)","Thousand",""
"QLF59C01","Persons aged 15 years and over in Employment","20192","2019Q2","ZZZZ2","All countries excluding Ireland,United Kingdom and EU272020","O","Administrative and Support Service Activities (O)","Thousand",""
"QLF59C01","Persons aged 15 years and over in Employment","20192","2019Q2","ZZZZ2","All countries excluding Ireland,United Kingdom and EU272020","P","Public Administration and Defence; Compulsory Social Security (P)","Thousand",""
"QLF59C01","Persons aged 15 years and over in Employment","20192","2019Q2","ZZZZ2","All countries excluding Ireland,United Kingdom and EU272020","Q","Education (Q)","Thousand",""
"QLF59C01","Persons aged 15 years and over in Employment","20192","2019Q2","ZZZZ2","All countries excluding Ireland,United Kingdom and EU272020","R","Human Health and Social Work Activities (R)","Thousand",""
"QLF59C01","Persons aged 15 years and over in Employment","20192","2019Q2","ZZZZ2","All countries excluding Ireland,United Kingdom and EU272020","ZZ210011","Industry (B-E)","Thousand",""
"QLF59C01","Persons aged 15 years and over in Employment","20192","2019Q2","ZZZZ2","All countries excluding Ireland,United Kingdom and EU272020","ZZ210010","Industry and Construction (B-F)","Thousand",""
"QLF59C01","Persons aged 15 years and over in Employment","20192","2019Q2","ZZZZ2","All countries excluding Ireland,United Kingdom and EU272020","ZZ210023","Services (G-V)","Thousand",""
"QLF59C01","Persons aged 15 years and over in Employment","20192","2019Q2","ZZZZ2","All countries excluding Ireland,United Kingdom and EU272020","ZZ210221","Financial, Insurance and Real Estate Activities (L,M)","Thousand",""
"QLF59C01","Persons aged 15 years and over in Employment","20192","2019Q2","ZZZZ2","All countries excluding Ireland,United Kingdom and EU272020","ZZ210224","Other NACE Activities (S to V)","Thousand",""
"QLF59C01","Persons aged 15 years and over in Employment","20192","2019Q2","ZZZZ2","All countries excluding Ireland,United Kingdom and EU272020","ZZ219990","NACE Unknown","Thousand",""
"QLF59C01","Persons aged 15 years and over in Employment","20193","2019Q3","-","All Countries","-","All NACE Economic Sectors (A-V)","Thousand",""
"QLF59C01","Persons aged 15 years and over in Employment","20193","2019Q3","-","All Countries","A","Agriculture, Forestry and Fishing (A)","Thousand",""
"QLF59C01","Persons aged 15 years and over in Employment","20193","2019Q3","-","All Countries","F","Construction (F)","Thousand",""
"QLF59C01","Persons aged 15 years and over in Employment","20193","2019Q3","-","All Countries","G","Wholesale and Retail Trade (G)","Thousand",""
"QLF59C01","Persons aged 15 years and over in Employment","20193","2019Q3","-","All Countries","H","Transportation and Storage (H)","Thousand",""
"QLF59C01","Persons aged 15 years and over in Employment","20193","2019Q3","-","All Countries","I","Accommodation and Food Service Activities (I)","Thousand",""
"QLF59C01","Persons aged 15 years and over in Employment","20193","2019Q3","-","All Countries","ZZ210228","Information and Communication (J,K)","Thousand",""
"QLF59C01","Persons aged 15 years and over in Employment","20193","2019Q3","-","All Countries","N","Professional, Scientific and Technical Activities (N)","Thousand",""
"QLF59C01","Persons aged 15 years and over in Employment","20193","2019Q3","-","All Countries","O","Administrative and Support Service Activities (O)","Thousand",""
"QLF59C01","Persons aged 15 years and over in Employment","20193","2019Q3","-","All Countries","P","Public Administration and Defence; Compulsory Social Security (P)","Thousand",""
"QLF59C01","Persons aged 15 years and over in Employment","20193","2019Q3","-","All Countries","Q","Education (Q)","Thousand",""
"QLF59C01","Persons aged 15 years and over in Employment","20193","2019Q3","-","All Countries","R","Human Health and Social Work Activities (R)","Thousand",""
"QLF59C01","Persons aged 15 years and over in Employment","20193","2019Q3","-","All Countries","ZZ210011","Industry (B-E)","Thousand",""
"QLF59C01","Persons aged 15 years and over in Employment","20193","2019Q3","-","All Countries","ZZ210010","Industry and Construction (B-F)","Thousand",""
"QLF59C01","Persons aged 15 years and over in Employment","20193","2019Q3","-","All Countries","ZZ210023","Services (G-V)","Thousand",""
"QLF59C01","Persons aged 15 years and over in Employment","20193","2019Q3","-","All Countries","ZZ210221","Financial, Insurance and Real Estate Activities (L,M)","Thousand",""
"QLF59C01","Persons aged 15 years and over in Employment","20193","2019Q3","-","All Countries","ZZ210224","Other NACE Activities (S to V)","Thousand",""
"QLF59C01","Persons aged 15 years and over in Employment","20193","2019Q3","-","All Countries","ZZ219990","NACE Unknown","Thousand",""
"QLF59C01","Persons aged 15 years and over in Employment","20193","2019Q3","E1420XIE","EU14 excl Irl (countries in the EU pre 2004 excluding UK & Ireland)","-","All NACE Economic Sectors (A-V)","Thousand",""
"QLF59C01","Persons aged 15 years and over in Employment","20193","2019Q3","E1420XIE","EU14 excl Irl (countries in the EU pre 2004 excluding UK & Ireland)","A","Agriculture, Forestry and Fishing (A)","Thousand",""
"QLF59C01","Persons aged 15 years and over in Employment","20193","2019Q3","E1420XIE","EU14 excl Irl (countries in the EU pre 2004 excluding UK & Ireland)","F","Construction (F)","Thousand",""
"QLF59C01","Persons aged 15 years and over in Employment","20193","2019Q3","E1420XIE","EU14 excl Irl (countries in the EU pre 2004 excluding UK & Ireland)","G","Wholesale and Retail Trade (G)","Thousand",""
"QLF59C01","Persons aged 15 years and over in Employment","20193","2019Q3","E1420XIE","EU14 excl Irl (countries in the EU pre 2004 excluding UK & Ireland)","H","Transportation and Storage (H)","Thousand",""
"QLF59C01","Persons aged 15 years and over in Employment","20193","2019Q3","E1420XIE","EU14 excl Irl (countries in the EU pre 2004 excluding UK & Ireland)","I","Accommodation and Food Service Activities (I)","Thousand",""
"QLF59C01","Persons aged 15 years and over in Employment","20193","2019Q3","E1420XIE","EU14 excl Irl (countries in the EU pre 2004 excluding UK & Ireland)","ZZ210228","Information and Communication (J,K)","Thousand",""
"QLF59C01","Persons aged 15 years and over in Employment","20193","2019Q3","E1420XIE","EU14 excl Irl (countries in the EU pre 2004 excluding UK & Ireland)","N","Professional, Scientific and Technical Activities (N)","Thousand",""
"QLF59C01","Persons aged 15 years and over in Employment","20193","2019Q3","E1420XIE","EU14 excl Irl (countries in the EU pre 2004 excluding UK & Ireland)","O","Administrative and Support Service Activities (O)","Thousand",""
"QLF59C01","Persons aged 15 years and over in Employment","20193","2019Q3","E1420XIE","EU14 excl Irl (countries in the EU pre 2004 excluding UK & Ireland)","P","Public Administration and Defence; Compulsory Social Security (P)","Thousand",""
"QLF59C01","Persons aged 15 years and over in Employment","20193","2019Q3","E1420XIE","EU14 excl Irl (countries in the EU pre 2004 excluding UK & Ireland)","Q","Education (Q)","Thousand",""
"QLF59C01","Persons aged 15 years and over in Employment","20193","2019Q3","E1420XIE","EU14 excl Irl (countries in the EU pre 2004 excluding UK & Ireland)","R","Human Health and Social Work Activities (R)","Thousand",""
"QLF59C01","Persons aged 15 years and over in Employment","20193","2019Q3","E1420XIE","EU14 excl Irl (countries in the EU pre 2004 excluding UK & Ireland)","ZZ210011","Industry (B-E)","Thousand",""
"QLF59C01","Persons aged 15 years and over in Employment","20193","2019Q3","E1420XIE","EU14 excl Irl (countries in the EU pre 2004 excluding UK & Ireland)","ZZ210010","Industry and Construction (B-F)","Thousand",""
"QLF59C01","Persons aged 15 years and over in Employment","20193","2019Q3","E1420XIE","EU14 excl Irl (countries in the EU pre 2004 excluding UK & Ireland)","ZZ210023","Services (G-V)","Thousand",""
"QLF59C01","Persons aged 15 years and over in Employment","20193","2019Q3","E1420XIE","EU14 excl Irl (countries in the EU pre 2004 excluding UK & Ireland)","ZZ210221","Financial, Insurance and Real Estate Activities (L,M)","Thousand",""
"QLF59C01","Persons aged 15 years and over in Employment","20193","2019Q3","E1420XIE","EU14 excl Irl (countries in the EU pre 2004 excluding UK & Ireland)","ZZ210224","Other NACE Activities (S to V)","Thousand",""
"QLF59C01","Persons aged 15 years and over in Employment","20193","2019Q3","E1420XIE","EU14 excl Irl (countries in the EU pre 2004 excluding UK & Ireland)","ZZ219990","NACE Unknown","Thousand",""
"QLF59C01","Persons aged 15 years and over in Employment","20193","2019Q3","E15E2720","EU15 to EU27 (accession countries joined post 2004)","-","All NACE Economic Sectors (A-V)","Thousand",""
"QLF59C01","Persons aged 15 years and over in Employment","20193","2019Q3","E15E2720","EU15 to EU27 (accession countries joined post 2004)","A","Agriculture, Forestry and Fishing (A)","Thousand",""
"QLF59C01","Persons aged 15 years and over in Employment","20193","2019Q3","E15E2720","EU15 to EU27 (accession countries joined post 2004)","F","Construction (F)","Thousand",""
"QLF59C01","Persons aged 15 years and over in Employment","20193","2019Q3","E15E2720","EU15 to EU27 (accession countries joined post 2004)","G","Wholesale and Retail Trade (G)","Thousand",""
"QLF59C01","Persons aged 15 years and over in Employment","20193","2019Q3","E15E2720","EU15 to EU27 (accession countries joined post 2004)","H","Transportation and Storage (H)","Thousand",""
"QLF59C01","Persons aged 15 years and over in Employment","20193","2019Q3","E15E2720","EU15 to EU27 (accession countries joined post 2004)","I","Accommodation and Food Service Activities (I)","Thousand",""
"QLF59C01","Persons aged 15 years and over in Employment","20193","2019Q3","E15E2720","EU15 to EU27 (accession countries joined post 2004)","ZZ210228","Information and Communication (J,K)","Thousand",""
"QLF59C01","Persons aged 15 years and over in Employment","20193","2019Q3","E15E2720","EU15 to EU27 (accession countries joined post 2004)","N","Professional, Scientific and Technical Activities (N)","Thousand",""
"QLF59C01","Persons aged 15 years and over in Employment","20193","2019Q3","E15E2720","EU15 to EU27 (accession countries joined post 2004)","O","Administrative and Support Service Activities (O)","Thousand",""
"QLF59C01","Persons aged 15 years and over in Employment","20193","2019Q3","E15E2720","EU15 to EU27 (accession countries joined post 2004)","P","Public Administration and Defence; Compulsory Social Security (P)","Thousand",""
"QLF59C01","Persons aged 15 years and over in Employment","20193","2019Q3","E15E2720","EU15 to EU27 (accession countries joined post 2004)","Q","Education (Q)","Thousand",""
"QLF59C01","Persons aged 15 years and over in Employment","20193","2019Q3","E15E2720","EU15 to EU27 (accession countries joined post 2004)","R","Human Health and Social Work Activities (R)","Thousand",""
"QLF59C01","Persons aged 15 years and over in Employment","20193","2019Q3","E15E2720","EU15 to EU27 (accession countries joined post 2004)","ZZ210011","Industry (B-E)","Thousand",""
"QLF59C01","Persons aged 15 years and over in Employment","20193","2019Q3","E15E2720","EU15 to EU27 (accession countries joined post 2004)","ZZ210010","Industry and Construction (B-F)","Thousand",""
"QLF59C01","Persons aged 15 years and over in Employment","20193","2019Q3","E15E2720","EU15 to EU27 (accession countries joined post 2004)","ZZ210023","Services (G-V)","Thousand",""
"QLF59C01","Persons aged 15 years and over in Employment","20193","2019Q3","E15E2720","EU15 to EU27 (accession countries joined post 2004)","ZZ210221","Financial, Insurance and Real Estate Activities (L,M)","Thousand",""
"QLF59C01","Persons aged 15 years and over in Employment","20193","2019Q3","E15E2720","EU15 to EU27 (accession countries joined post 2004)","ZZ210224","Other NACE Activities (S to V)","Thousand",""
"QLF59C01","Persons aged 15 years and over in Employment","20193","2019Q3","E15E2720","EU15 to EU27 (accession countries joined post 2004)","ZZ219990","NACE Unknown","Thousand",""
"QLF59C01","Persons aged 15 years and over in Employment","20193","2019Q3","GB","United Kingdom","-","All NACE Economic Sectors (A-V)","Thousand",""
"QLF59C01","Persons aged 15 years and over in Employment","20193","2019Q3","GB","United Kingdom","A","Agriculture, Forestry and Fishing (A)","Thousand",""
"QLF59C01","Persons aged 15 years and over in Employment","20193","2019Q3","GB","United Kingdom","F","Construction (F)","Thousand",""
"QLF59C01","Persons aged 15 years and over in Employment","20193","2019Q3","GB","United Kingdom","G","Wholesale and Retail Trade (G)","Thousand",""
"QLF59C01","Persons aged 15 years and over in Employment","20193","2019Q3","GB","United Kingdom","H","Transportation and Storage (H)","Thousand",""
"QLF59C01","Persons aged 15 years and over in Employment","20193","2019Q3","GB","United Kingdom","I","Accommodation and Food Service Activities (I)","Thousand",""
"QLF59C01","Persons aged 15 years and over in Employment","20193","2019Q3","GB","United Kingdom","ZZ210228","Information and Communication (J,K)","Thousand",""
"QLF59C01","Persons aged 15 years and over in Employment","20193","2019Q3","GB","United Kingdom","N","Professional, Scientific and Technical Activities (N)","Thousand",""
"QLF59C01","Persons aged 15 years and over in Employment","20193","2019Q3","GB","United Kingdom","O","Administrative and Support Service Activities (O)","Thousand",""
"QLF59C01","Persons aged 15 years and over in Employment","20193","2019Q3","GB","United Kingdom","P","Public Administration and Defence; Compulsory Social Security (P)","Thousand",""
"QLF59C01","Persons aged 15 years and over in Employment","20193","2019Q3","GB","United Kingdom","Q","Education (Q)","Thousand",""
"QLF59C01","Persons aged 15 years and over in Employment","20193","2019Q3","GB","United Kingdom","R","Human Health and Social Work Activities (R)","Thousand",""
"QLF59C01","Persons aged 15 years and over in Employment","20193","2019Q3","GB","United Kingdom","ZZ210011","Industry (B-E)","Thousand",""
"QLF59C01","Persons aged 15 years and over in Employment","20193","2019Q3","GB","United Kingdom","ZZ210010","Industry and Construction (B-F)","Thousand",""
"QLF59C01","Persons aged 15 years and over in Employment","20193","2019Q3","GB","United Kingdom","ZZ210023","Services (G-V)","Thousand",""
"QLF59C01","Persons aged 15 years and over in Employment","20193","2019Q3","GB","United Kingdom","ZZ210221","Financial, Insurance and Real Estate Activities (L,M)","Thousand",""
"QLF59C01","Persons aged 15 years and over in Employment","20193","2019Q3","GB","United Kingdom","ZZ210224","Other NACE Activities (S to V)","Thousand",""
"QLF59C01","Persons aged 15 years and over in Employment","20193","2019Q3","GB","United Kingdom","ZZ219990","NACE Unknown","Thousand",""
"QLF59C01","Persons aged 15 years and over in Employment","20193","2019Q3","IE","Ireland","-","All NACE Economic Sectors (A-V)","Thousand",""
"QLF59C01","Persons aged 15 years and over in Employment","20193","2019Q3","IE","Ireland","A","Agriculture, Forestry and Fishing (A)","Thousand",""
"QLF59C01","Persons aged 15 years and over in Employment","20193","2019Q3","IE","Ireland","F","Construction (F)","Thousand",""
"QLF59C01","Persons aged 15 years and over in Employment","20193","2019Q3","IE","Ireland","G","Wholesale and Retail Trade (G)","Thousand",""
"QLF59C01","Persons aged 15 years and over in Employment","20193","2019Q3","IE","Ireland","H","Transportation and Storage (H)","Thousand",""
"QLF59C01","Persons aged 15 years and over in Employment","20193","2019Q3","IE","Ireland","I","Accommodation and Food Service Activities (I)","Thousand",""
"QLF59C01","Persons aged 15 years and over in Employment","20193","2019Q3","IE","Ireland","ZZ210228","Information and Communication (J,K)","Thousand",""
"QLF59C01","Persons aged 15 years and over in Employment","20193","2019Q3","IE","Ireland","N","Professional, Scientific and Technical Activities (N)","Thousand",""
"QLF59C01","Persons aged 15 years and over in Employment","20193","2019Q3","IE","Ireland","O","Administrative and Support Service Activities (O)","Thousand",""
"QLF59C01","Persons aged 15 years and over in Employment","20193","2019Q3","IE","Ireland","P","Public Administration and Defence; Compulsory Social Security (P)","Thousand",""
"QLF59C01","Persons aged 15 years and over in Employment","20193","2019Q3","IE","Ireland","Q","Education (Q)","Thousand",""
"QLF59C01","Persons aged 15 years and over in Employment","20193","2019Q3","IE","Ireland","R","Human Health and Social Work Activities (R)","Thousand",""
"QLF59C01","Persons aged 15 years and over in Employment","20193","2019Q3","IE","Ireland","ZZ210011","Industry (B-E)","Thousand",""
"QLF59C01","Persons aged 15 years and over in Employment","20193","2019Q3","IE","Ireland","ZZ210010","Industry and Construction (B-F)","Thousand",""
"QLF59C01","Persons aged 15 years and over in Employment","20193","2019Q3","IE","Ireland","ZZ210023","Services (G-V)","Thousand",""
"QLF59C01","Persons aged 15 years and over in Employment","20193","2019Q3","IE","Ireland","ZZ210221","Financial, Insurance and Real Estate Activities (L,M)","Thousand",""
"QLF59C01","Persons aged 15 years and over in Employment","20193","2019Q3","IE","Ireland","ZZ210224","Other NACE Activities (S to V)","Thousand",""
"QLF59C01","Persons aged 15 years and over in Employment","20193","2019Q3","IE","Ireland","ZZ219990","NACE Unknown","Thousand",""
"QLF59C01","Persons aged 15 years and over in Employment","20193","2019Q3","ZZZZ1","All countries excluding Ireland","-","All NACE Economic Sectors (A-V)","Thousand",""
"QLF59C01","Persons aged 15 years and over in Employment","20193","2019Q3","ZZZZ1","All countries excluding Ireland","A","Agriculture, Forestry and Fishing (A)","Thousand",""
"QLF59C01","Persons aged 15 years and over in Employment","20193","2019Q3","ZZZZ1","All countries excluding Ireland","F","Construction (F)","Thousand",""
"QLF59C01","Persons aged 15 years and over in Employment","20193","2019Q3","ZZZZ1","All countries excluding Ireland","G","Wholesale and Retail Trade (G)","Thousand",""
"QLF59C01","Persons aged 15 years and over in Employment","20193","2019Q3","ZZZZ1","All countries excluding Ireland","H","Transportation and Storage (H)","Thousand",""
"QLF59C01","Persons aged 15 years and over in Employment","20193","2019Q3","ZZZZ1","All countries excluding Ireland","I","Accommodation and Food Service Activities (I)","Thousand",""
"QLF59C01","Persons aged 15 years and over in Employment","20193","2019Q3","ZZZZ1","All countries excluding Ireland","ZZ210228","Information and Communication (J,K)","Thousand",""
"QLF59C01","Persons aged 15 years and over in Employment","20193","2019Q3","ZZZZ1","All countries excluding Ireland","N","Professional, Scientific and Technical Activities (N)","Thousand",""
"QLF59C01","Persons aged 15 years and over in Employment","20193","2019Q3","ZZZZ1","All countries excluding Ireland","O","Administrative and Support Service Activities (O)","Thousand",""
"QLF59C01","Persons aged 15 years and over in Employment","20193","2019Q3","ZZZZ1","All countries excluding Ireland","P","Public Administration and Defence; Compulsory Social Security (P)","Thousand",""
"QLF59C01","Persons aged 15 years and over in Employment","20193","2019Q3","ZZZZ1","All countries excluding Ireland","Q","Education (Q)","Thousand",""
"QLF59C01","Persons aged 15 years and over in Employment","20193","2019Q3","ZZZZ1","All countries excluding Ireland","R","Human Health and Social Work Activities (R)","Thousand",""
"QLF59C01","Persons aged 15 years and over in Employment","20193","2019Q3","ZZZZ1","All countries excluding Ireland","ZZ210011","Industry (B-E)","Thousand",""
"QLF59C01","Persons aged 15 years and over in Employment","20193","2019Q3","ZZZZ1","All countries excluding Ireland","ZZ210010","Industry and Construction (B-F)","Thousand",""
"QLF59C01","Persons aged 15 years and over in Employment","20193","2019Q3","ZZZZ1","All countries excluding Ireland","ZZ210023","Services (G-V)","Thousand",""
"QLF59C01","Persons aged 15 years and over in Employment","20193","2019Q3","ZZZZ1","All countries excluding Ireland","ZZ210221","Financial, Insurance and Real Estate Activities (L,M)","Thousand",""
"QLF59C01","Persons aged 15 years and over in Employment","20193","2019Q3","ZZZZ1","All countries excluding Ireland","ZZ210224","Other NACE Activities (S to V)","Thousand",""
"QLF59C01","Persons aged 15 years and over in Employment","20193","2019Q3","ZZZZ1","All countries excluding Ireland","ZZ219990","NACE Unknown","Thousand",""
"QLF59C01","Persons aged 15 years and over in Employment","20193","2019Q3","ZZZZ2","All countries excluding Ireland,United Kingdom and EU272020","-","All NACE Economic Sectors (A-V)","Thousand",""
"QLF59C01","Persons aged 15 years and over in Employment","20193","2019Q3","ZZZZ2","All countries excluding Ireland,United Kingdom and EU272020","A","Agriculture, Forestry and Fishing (A)","Thousand",""
"QLF59C01","Persons aged 15 years and over in Employment","20193","2019Q3","ZZZZ2","All countries excluding Ireland,United Kingdom and EU272020","F","Construction (F)","Thousand",""
"QLF59C01","Persons aged 15 years and over in Employment","20193","2019Q3","ZZZZ2","All countries excluding Ireland,United Kingdom and EU272020","G","Wholesale and Retail Trade (G)","Thousand",""
"QLF59C01","Persons aged 15 years and over in Employment","20193","2019Q3","ZZZZ2","All countries excluding Ireland,United Kingdom and EU272020","H","Transportation and Storage (H)","Thousand",""
"QLF59C01","Persons aged 15 years and over in Employment","20193","2019Q3","ZZZZ2","All countries excluding Ireland,United Kingdom and EU272020","I","Accommodation and Food Service Activities (I)","Thousand",""
"QLF59C01","Persons aged 15 years and over in Employment","20193","2019Q3","ZZZZ2","All countries excluding Ireland,United Kingdom and EU272020","ZZ210228","Information and Communication (J,K)","Thousand",""
"QLF59C01","Persons aged 15 years and over in Employment","20193","2019Q3","ZZZZ2","All countries excluding Ireland,United Kingdom and EU272020","N","Professional, Scientific and Technical Activities (N)","Thousand",""
"QLF59C01","Persons aged 15 years and over in Employment","20193","2019Q3","ZZZZ2","All countries excluding Ireland,United Kingdom and EU272020","O","Administrative and Support Service Activities (O)","Thousand",""
"QLF59C01","Persons aged 15 years and over in Employment","20193","2019Q3","ZZZZ2","All countries excluding Ireland,United Kingdom and EU272020","P","Public Administration and Defence; Compulsory Social Security (P)","Thousand",""
"QLF59C01","Persons aged 15 years and over in Employment","20193","2019Q3","ZZZZ2","All countries excluding Ireland,United Kingdom and EU272020","Q","Education (Q)","Thousand",""
"QLF59C01","Persons aged 15 years and over in Employment","20193","2019Q3","ZZZZ2","All countries excluding Ireland,United Kingdom and EU272020","R","Human Health and Social Work Activities (R)","Thousand",""
"QLF59C01","Persons aged 15 years and over in Employment","20193","2019Q3","ZZZZ2","All countries excluding Ireland,United Kingdom and EU272020","ZZ210011","Industry (B-E)","Thousand",""
"QLF59C01","Persons aged 15 years and over in Employment","20193","2019Q3","ZZZZ2","All countries excluding Ireland,United Kingdom and EU272020","ZZ210010","Industry and Construction (B-F)","Thousand",""
"QLF59C01","Persons aged 15 years and over in Employment","20193","2019Q3","ZZZZ2","All countries excluding Ireland,United Kingdom and EU272020","ZZ210023","Services (G-V)","Thousand",""
"QLF59C01","Persons aged 15 years and over in Employment","20193","2019Q3","ZZZZ2","All countries excluding Ireland,United Kingdom and EU272020","ZZ210221","Financial, Insurance and Real Estate Activities (L,M)","Thousand",""
"QLF59C01","Persons aged 15 years and over in Employment","20193","2019Q3","ZZZZ2","All countries excluding Ireland,United Kingdom and EU272020","ZZ210224","Other NACE Activities (S to V)","Thousand",""
"QLF59C01","Persons aged 15 years and over in Employment","20193","2019Q3","ZZZZ2","All countries excluding Ireland,United Kingdom and EU272020","ZZ219990","NACE Unknown","Thousand",""
"QLF59C01","Persons aged 15 years and over in Employment","20194","2019Q4","-","All Countries","-","All NACE Economic Sectors (A-V)","Thousand",""
"QLF59C01","Persons aged 15 years and over in Employment","20194","2019Q4","-","All Countries","A","Agriculture, Forestry and Fishing (A)","Thousand",""
"QLF59C01","Persons aged 15 years and over in Employment","20194","2019Q4","-","All Countries","F","Construction (F)","Thousand",""
"QLF59C01","Persons aged 15 years and over in Employment","20194","2019Q4","-","All Countries","G","Wholesale and Retail Trade (G)","Thousand",""
"QLF59C01","Persons aged 15 years and over in Employment","20194","2019Q4","-","All Countries","H","Transportation and Storage (H)","Thousand",""
"QLF59C01","Persons aged 15 years and over in Employment","20194","2019Q4","-","All Countries","I","Accommodation and Food Service Activities (I)","Thousand",""
"QLF59C01","Persons aged 15 years and over in Employment","20194","2019Q4","-","All Countries","ZZ210228","Information and Communication (J,K)","Thousand",""
"QLF59C01","Persons aged 15 years and over in Employment","20194","2019Q4","-","All Countries","N","Professional, Scientific and Technical Activities (N)","Thousand",""
"QLF59C01","Persons aged 15 years and over in Employment","20194","2019Q4","-","All Countries","O","Administrative and Support Service Activities (O)","Thousand",""
"QLF59C01","Persons aged 15 years and over in Employment","20194","2019Q4","-","All Countries","P","Public Administration and Defence; Compulsory Social Security (P)","Thousand",""
"QLF59C01","Persons aged 15 years and over in Employment","20194","2019Q4","-","All Countries","Q","Education (Q)","Thousand",""
"QLF59C01","Persons aged 15 years and over in Employment","20194","2019Q4","-","All Countries","R","Human Health and Social Work Activities (R)","Thousand",""
"QLF59C01","Persons aged 15 years and over in Employment","20194","2019Q4","-","All Countries","ZZ210011","Industry (B-E)","Thousand",""
"QLF59C01","Persons aged 15 years and over in Employment","20194","2019Q4","-","All Countries","ZZ210010","Industry and Construction (B-F)","Thousand",""
"QLF59C01","Persons aged 15 years and over in Employment","20194","2019Q4","-","All Countries","ZZ210023","Services (G-V)","Thousand",""
"QLF59C01","Persons aged 15 years and over in Employment","20194","2019Q4","-","All Countries","ZZ210221","Financial, Insurance and Real Estate Activities (L,M)","Thousand",""
"QLF59C01","Persons aged 15 years and over in Employment","20194","2019Q4","-","All Countries","ZZ210224","Other NACE Activities (S to V)","Thousand",""
"QLF59C01","Persons aged 15 years and over in Employment","20194","2019Q4","-","All Countries","ZZ219990","NACE Unknown","Thousand",""
"QLF59C01","Persons aged 15 years and over in Employment","20194","2019Q4","E1420XIE","EU14 excl Irl (countries in the EU pre 2004 excluding UK & Ireland)","-","All NACE Economic Sectors (A-V)","Thousand",""
"QLF59C01","Persons aged 15 years and over in Employment","20194","2019Q4","E1420XIE","EU14 excl Irl (countries in the EU pre 2004 excluding UK & Ireland)","A","Agriculture, Forestry and Fishing (A)","Thousand",""
"QLF59C01","Persons aged 15 years and over in Employment","20194","2019Q4","E1420XIE","EU14 excl Irl (countries in the EU pre 2004 excluding UK & Ireland)","F","Construction (F)","Thousand",""
"QLF59C01","Persons aged 15 years and over in Employment","20194","2019Q4","E1420XIE","EU14 excl Irl (countries in the EU pre 2004 excluding UK & Ireland)","G","Wholesale and Retail Trade (G)","Thousand",""
"QLF59C01","Persons aged 15 years and over in Employment","20194","2019Q4","E1420XIE","EU14 excl Irl (countries in the EU pre 2004 excluding UK & Ireland)","H","Transportation and Storage (H)","Thousand",""
"QLF59C01","Persons aged 15 years and over in Employment","20194","2019Q4","E1420XIE","EU14 excl Irl (countries in the EU pre 2004 excluding UK & Ireland)","I","Accommodation and Food Service Activities (I)","Thousand",""
"QLF59C01","Persons aged 15 years and over in Employment","20194","2019Q4","E1420XIE","EU14 excl Irl (countries in the EU pre 2004 excluding UK & Ireland)","ZZ210228","Information and Communication (J,K)","Thousand",""
"QLF59C01","Persons aged 15 years and over in Employment","20194","2019Q4","E1420XIE","EU14 excl Irl (countries in the EU pre 2004 excluding UK & Ireland)","N","Professional, Scientific and Technical Activities (N)","Thousand",""
"QLF59C01","Persons aged 15 years and over in Employment","20194","2019Q4","E1420XIE","EU14 excl Irl (countries in the EU pre 2004 excluding UK & Ireland)","O","Administrative and Support Service Activities (O)","Thousand",""
"QLF59C01","Persons aged 15 years and over in Employment","20194","2019Q4","E1420XIE","EU14 excl Irl (countries in the EU pre 2004 excluding UK & Ireland)","P","Public Administration and Defence; Compulsory Social Security (P)","Thousand",""
"QLF59C01","Persons aged 15 years and over in Employment","20194","2019Q4","E1420XIE","EU14 excl Irl (countries in the EU pre 2004 excluding UK & Ireland)","Q","Education (Q)","Thousand",""
"QLF59C01","Persons aged 15 years and over in Employment","20194","2019Q4","E1420XIE","EU14 excl Irl (countries in the EU pre 2004 excluding UK & Ireland)","R","Human Health and Social Work Activities (R)","Thousand",""
"QLF59C01","Persons aged 15 years and over in Employment","20194","2019Q4","E1420XIE","EU14 excl Irl (countries in the EU pre 2004 excluding UK & Ireland)","ZZ210011","Industry (B-E)","Thousand",""
"QLF59C01","Persons aged 15 years and over in Employment","20194","2019Q4","E1420XIE","EU14 excl Irl (countries in the EU pre 2004 excluding UK & Ireland)","ZZ210010","Industry and Construction (B-F)","Thousand",""
"QLF59C01","Persons aged 15 years and over in Employment","20194","2019Q4","E1420XIE","EU14 excl Irl (countries in the EU pre 2004 excluding UK & Ireland)","ZZ210023","Services (G-V)","Thousand",""
"QLF59C01","Persons aged 15 years and over in Employment","20194","2019Q4","E1420XIE","EU14 excl Irl (countries in the EU pre 2004 excluding UK & Ireland)","ZZ210221","Financial, Insurance and Real Estate Activities (L,M)","Thousand",""
"QLF59C01","Persons aged 15 years and over in Employment","20194","2019Q4","E1420XIE","EU14 excl Irl (countries in the EU pre 2004 excluding UK & Ireland)","ZZ210224","Other NACE Activities (S to V)","Thousand",""
"QLF59C01","Persons aged 15 years and over in Employment","20194","2019Q4","E1420XIE","EU14 excl Irl (countries in the EU pre 2004 excluding UK & Ireland)","ZZ219990","NACE Unknown","Thousand",""
"QLF59C01","Persons aged 15 years and over in Employment","20194","2019Q4","E15E2720","EU15 to EU27 (accession countries joined post 2004)","-","All NACE Economic Sectors (A-V)","Thousand",""
"QLF59C01","Persons aged 15 years and over in Employment","20194","2019Q4","E15E2720","EU15 to EU27 (accession countries joined post 2004)","A","Agriculture, Forestry and Fishing (A)","Thousand",""
"QLF59C01","Persons aged 15 years and over in Employment","20194","2019Q4","E15E2720","EU15 to EU27 (accession countries joined post 2004)","F","Construction (F)","Thousand",""
"QLF59C01","Persons aged 15 years and over in Employment","20194","2019Q4","E15E2720","EU15 to EU27 (accession countries joined post 2004)","G","Wholesale and Retail Trade (G)","Thousand",""
"QLF59C01","Persons aged 15 years and over in Employment","20194","2019Q4","E15E2720","EU15 to EU27 (accession countries joined post 2004)","H","Transportation and Storage (H)","Thousand",""
"QLF59C01","Persons aged 15 years and over in Employment","20194","2019Q4","E15E2720","EU15 to EU27 (accession countries joined post 2004)","I","Accommodation and Food Service Activities (I)","Thousand",""
"QLF59C01","Persons aged 15 years and over in Employment","20194","2019Q4","E15E2720","EU15 to EU27 (accession countries joined post 2004)","ZZ210228","Information and Communication (J,K)","Thousand",""
"QLF59C01","Persons aged 15 years and over in Employment","20194","2019Q4","E15E2720","EU15 to EU27 (accession countries joined post 2004)","N","Professional, Scientific and Technical Activities (N)","Thousand",""
"QLF59C01","Persons aged 15 years and over in Employment","20194","2019Q4","E15E2720","EU15 to EU27 (accession countries joined post 2004)","O","Administrative and Support Service Activities (O)","Thousand",""
"QLF59C01","Persons aged 15 years and over in Employment","20194","2019Q4","E15E2720","EU15 to EU27 (accession countries joined post 2004)","P","Public Administration and Defence; Compulsory Social Security (P)","Thousand",""
"QLF59C01","Persons aged 15 years and over in Employment","20194","2019Q4","E15E2720","EU15 to EU27 (accession countries joined post 2004)","Q","Education (Q)","Thousand",""
"QLF59C01","Persons aged 15 years and over in Employment","20194","2019Q4","E15E2720","EU15 to EU27 (accession countries joined post 2004)","R","Human Health and Social Work Activities (R)","Thousand",""
"QLF59C01","Persons aged 15 years and over in Employment","20194","2019Q4","E15E2720","EU15 to EU27 (accession countries joined post 2004)","ZZ210011","Industry (B-E)","Thousand",""
"QLF59C01","Persons aged 15 years and over in Employment","20194","2019Q4","E15E2720","EU15 to EU27 (accession countries joined post 2004)","ZZ210010","Industry and Construction (B-F)","Thousand",""
"QLF59C01","Persons aged 15 years and over in Employment","20194","2019Q4","E15E2720","EU15 to EU27 (accession countries joined post 2004)","ZZ210023","Services (G-V)","Thousand",""
"QLF59C01","Persons aged 15 years and over in Employment","20194","2019Q4","E15E2720","EU15 to EU27 (accession countries joined post 2004)","ZZ210221","Financial, Insurance and Real Estate Activities (L,M)","Thousand",""
"QLF59C01","Persons aged 15 years and over in Employment","20194","2019Q4","E15E2720","EU15 to EU27 (accession countries joined post 2004)","ZZ210224","Other NACE Activities (S to V)","Thousand",""
"QLF59C01","Persons aged 15 years and over in Employment","20194","2019Q4","E15E2720","EU15 to EU27 (accession countries joined post 2004)","ZZ219990","NACE Unknown","Thousand",""
"QLF59C01","Persons aged 15 years and over in Employment","20194","2019Q4","GB","United Kingdom","-","All NACE Economic Sectors (A-V)","Thousand",""
"QLF59C01","Persons aged 15 years and over in Employment","20194","2019Q4","GB","United Kingdom","A","Agriculture, Forestry and Fishing (A)","Thousand",""
"QLF59C01","Persons aged 15 years and over in Employment","20194","2019Q4","GB","United Kingdom","F","Construction (F)","Thousand",""
"QLF59C01","Persons aged 15 years and over in Employment","20194","2019Q4","GB","United Kingdom","G","Wholesale and Retail Trade (G)","Thousand",""
"QLF59C01","Persons aged 15 years and over in Employment","20194","2019Q4","GB","United Kingdom","H","Transportation and Storage (H)","Thousand",""
"QLF59C01","Persons aged 15 years and over in Employment","20194","2019Q4","GB","United Kingdom","I","Accommodation and Food Service Activities (I)","Thousand",""
"QLF59C01","Persons aged 15 years and over in Employment","20194","2019Q4","GB","United Kingdom","ZZ210228","Information and Communication (J,K)","Thousand",""
"QLF59C01","Persons aged 15 years and over in Employment","20194","2019Q4","GB","United Kingdom","N","Professional, Scientific and Technical Activities (N)","Thousand",""
"QLF59C01","Persons aged 15 years and over in Employment","20194","2019Q4","GB","United Kingdom","O","Administrative and Support Service Activities (O)","Thousand",""
"QLF59C01","Persons aged 15 years and over in Employment","20194","2019Q4","GB","United Kingdom","P","Public Administration and Defence; Compulsory Social Security (P)","Thousand",""
"QLF59C01","Persons aged 15 years and over in Employment","20194","2019Q4","GB","United Kingdom","Q","Education (Q)","Thousand",""
"QLF59C01","Persons aged 15 years and over in Employment","20194","2019Q4","GB","United Kingdom","R","Human Health and Social Work Activities (R)","Thousand",""
"QLF59C01","Persons aged 15 years and over in Employment","20194","2019Q4","GB","United Kingdom","ZZ210011","Industry (B-E)","Thousand",""
"QLF59C01","Persons aged 15 years and over in Employment","20194","2019Q4","GB","United Kingdom","ZZ210010","Industry and Construction (B-F)","Thousand",""
"QLF59C01","Persons aged 15 years and over in Employment","20194","2019Q4","GB","United Kingdom","ZZ210023","Services (G-V)","Thousand",""
"QLF59C01","Persons aged 15 years and over in Employment","20194","2019Q4","GB","United Kingdom","ZZ210221","Financial, Insurance and Real Estate Activities (L,M)","Thousand",""
"QLF59C01","Persons aged 15 years and over in Employment","20194","2019Q4","GB","United Kingdom","ZZ210224","Other NACE Activities (S to V)","Thousand",""
"QLF59C01","Persons aged 15 years and over in Employment","20194","2019Q4","GB","United Kingdom","ZZ219990","NACE Unknown","Thousand",""
"QLF59C01","Persons aged 15 years and over in Employment","20194","2019Q4","IE","Ireland","-","All NACE Economic Sectors (A-V)","Thousand",""
"QLF59C01","Persons aged 15 years and over in Employment","20194","2019Q4","IE","Ireland","A","Agriculture, Forestry and Fishing (A)","Thousand",""
"QLF59C01","Persons aged 15 years and over in Employment","20194","2019Q4","IE","Ireland","F","Construction (F)","Thousand",""
"QLF59C01","Persons aged 15 years and over in Employment","20194","2019Q4","IE","Ireland","G","Wholesale and Retail Trade (G)","Thousand",""
"QLF59C01","Persons aged 15 years and over in Employment","20194","2019Q4","IE","Ireland","H","Transportation and Storage (H)","Thousand",""
"QLF59C01","Persons aged 15 years and over in Employment","20194","2019Q4","IE","Ireland","I","Accommodation and Food Service Activities (I)","Thousand",""
"QLF59C01","Persons aged 15 years and over in Employment","20194","2019Q4","IE","Ireland","ZZ210228","Information and Communication (J,K)","Thousand",""
"QLF59C01","Persons aged 15 years and over in Employment","20194","2019Q4","IE","Ireland","N","Professional, Scientific and Technical Activities (N)","Thousand",""
"QLF59C01","Persons aged 15 years and over in Employment","20194","2019Q4","IE","Ireland","O","Administrative and Support Service Activities (O)","Thousand",""
"QLF59C01","Persons aged 15 years and over in Employment","20194","2019Q4","IE","Ireland","P","Public Administration and Defence; Compulsory Social Security (P)","Thousand",""
"QLF59C01","Persons aged 15 years and over in Employment","20194","2019Q4","IE","Ireland","Q","Education (Q)","Thousand",""
"QLF59C01","Persons aged 15 years and over in Employment","20194","2019Q4","IE","Ireland","R","Human Health and Social Work Activities (R)","Thousand",""
"QLF59C01","Persons aged 15 years and over in Employment","20194","2019Q4","IE","Ireland","ZZ210011","Industry (B-E)","Thousand",""
"QLF59C01","Persons aged 15 years and over in Employment","20194","2019Q4","IE","Ireland","ZZ210010","Industry and Construction (B-F)","Thousand",""
"QLF59C01","Persons aged 15 years and over in Employment","20194","2019Q4","IE","Ireland","ZZ210023","Services (G-V)","Thousand",""
"QLF59C01","Persons aged 15 years and over in Employment","20194","2019Q4","IE","Ireland","ZZ210221","Financial, Insurance and Real Estate Activities (L,M)","Thousand",""
"QLF59C01","Persons aged 15 years and over in Employment","20194","2019Q4","IE","Ireland","ZZ210224","Other NACE Activities (S to V)","Thousand",""
"QLF59C01","Persons aged 15 years and over in Employment","20194","2019Q4","IE","Ireland","ZZ219990","NACE Unknown","Thousand",""
"QLF59C01","Persons aged 15 years and over in Employment","20194","2019Q4","ZZZZ1","All countries excluding Ireland","-","All NACE Economic Sectors (A-V)","Thousand",""
"QLF59C01","Persons aged 15 years and over in Employment","20194","2019Q4","ZZZZ1","All countries excluding Ireland","A","Agriculture, Forestry and Fishing (A)","Thousand",""
"QLF59C01","Persons aged 15 years and over in Employment","20194","2019Q4","ZZZZ1","All countries excluding Ireland","F","Construction (F)","Thousand",""
"QLF59C01","Persons aged 15 years and over in Employment","20194","2019Q4","ZZZZ1","All countries excluding Ireland","G","Wholesale and Retail Trade (G)","Thousand",""
"QLF59C01","Persons aged 15 years and over in Employment","20194","2019Q4","ZZZZ1","All countries excluding Ireland","H","Transportation and Storage (H)","Thousand",""
"QLF59C01","Persons aged 15 years and over in Employment","20194","2019Q4","ZZZZ1","All countries excluding Ireland","I","Accommodation and Food Service Activities (I)","Thousand",""
"QLF59C01","Persons aged 15 years and over in Employment","20194","2019Q4","ZZZZ1","All countries excluding Ireland","ZZ210228","Information and Communication (J,K)","Thousand",""
"QLF59C01","Persons aged 15 years and over in Employment","20194","2019Q4","ZZZZ1","All countries excluding Ireland","N","Professional, Scientific and Technical Activities (N)","Thousand",""
"QLF59C01","Persons aged 15 years and over in Employment","20194","2019Q4","ZZZZ1","All countries excluding Ireland","O","Administrative and Support Service Activities (O)","Thousand",""
"QLF59C01","Persons aged 15 years and over in Employment","20194","2019Q4","ZZZZ1","All countries excluding Ireland","P","Public Administration and Defence; Compulsory Social Security (P)","Thousand",""
"QLF59C01","Persons aged 15 years and over in Employment","20194","2019Q4","ZZZZ1","All countries excluding Ireland","Q","Education (Q)","Thousand",""
"QLF59C01","Persons aged 15 years and over in Employment","20194","2019Q4","ZZZZ1","All countries excluding Ireland","R","Human Health and Social Work Activities (R)","Thousand",""
"QLF59C01","Persons aged 15 years and over in Employment","20194","2019Q4","ZZZZ1","All countries excluding Ireland","ZZ210011","Industry (B-E)","Thousand",""
"QLF59C01","Persons aged 15 years and over in Employment","20194","2019Q4","ZZZZ1","All countries excluding Ireland","ZZ210010","Industry and Construction (B-F)","Thousand",""
"QLF59C01","Persons aged 15 years and over in Employment","20194","2019Q4","ZZZZ1","All countries excluding Ireland","ZZ210023","Services (G-V)","Thousand",""
"QLF59C01","Persons aged 15 years and over in Employment","20194","2019Q4","ZZZZ1","All countries excluding Ireland","ZZ210221","Financial, Insurance and Real Estate Activities (L,M)","Thousand",""
"QLF59C01","Persons aged 15 years and over in Employment","20194","2019Q4","ZZZZ1","All countries excluding Ireland","ZZ210224","Other NACE Activities (S to V)","Thousand",""
"QLF59C01","Persons aged 15 years and over in Employment","20194","2019Q4","ZZZZ1","All countries excluding Ireland","ZZ219990","NACE Unknown","Thousand",""
"QLF59C01","Persons aged 15 years and over in Employment","20194","2019Q4","ZZZZ2","All countries excluding Ireland,United Kingdom and EU272020","-","All NACE Economic Sectors (A-V)","Thousand",""
"QLF59C01","Persons aged 15 years and over in Employment","20194","2019Q4","ZZZZ2","All countries excluding Ireland,United Kingdom and EU272020","A","Agriculture, Forestry and Fishing (A)","Thousand",""
"QLF59C01","Persons aged 15 years and over in Employment","20194","2019Q4","ZZZZ2","All countries excluding Ireland,United Kingdom and EU272020","F","Construction (F)","Thousand",""
"QLF59C01","Persons aged 15 years and over in Employment","20194","2019Q4","ZZZZ2","All countries excluding Ireland,United Kingdom and EU272020","G","Wholesale and Retail Trade (G)","Thousand",""
"QLF59C01","Persons aged 15 years and over in Employment","20194","2019Q4","ZZZZ2","All countries excluding Ireland,United Kingdom and EU272020","H","Transportation and Storage (H)","Thousand",""
"QLF59C01","Persons aged 15 years and over in Employment","20194","2019Q4","ZZZZ2","All countries excluding Ireland,United Kingdom and EU272020","I","Accommodation and Food Service Activities (I)","Thousand",""
"QLF59C01","Persons aged 15 years and over in Employment","20194","2019Q4","ZZZZ2","All countries excluding Ireland,United Kingdom and EU272020","ZZ210228","Information and Communication (J,K)","Thousand",""
"QLF59C01","Persons aged 15 years and over in Employment","20194","2019Q4","ZZZZ2","All countries excluding Ireland,United Kingdom and EU272020","N","Professional, Scientific and Technical Activities (N)","Thousand",""
"QLF59C01","Persons aged 15 years and over in Employment","20194","2019Q4","ZZZZ2","All countries excluding Ireland,United Kingdom and EU272020","O","Administrative and Support Service Activities (O)","Thousand",""
"QLF59C01","Persons aged 15 years and over in Employment","20194","2019Q4","ZZZZ2","All countries excluding Ireland,United Kingdom and EU272020","P","Public Administration and Defence; Compulsory Social Security (P)","Thousand",""
"QLF59C01","Persons aged 15 years and over in Employment","20194","2019Q4","ZZZZ2","All countries excluding Ireland,United Kingdom and EU272020","Q","Education (Q)","Thousand",""
"QLF59C01","Persons aged 15 years and over in Employment","20194","2019Q4","ZZZZ2","All countries excluding Ireland,United Kingdom and EU272020","R","Human Health and Social Work Activities (R)","Thousand",""
"QLF59C01","Persons aged 15 years and over in Employment","20194","2019Q4","ZZZZ2","All countries excluding Ireland,United Kingdom and EU272020","ZZ210011","Industry (B-E)","Thousand",""
"QLF59C01","Persons aged 15 years and over in Employment","20194","2019Q4","ZZZZ2","All countries excluding Ireland,United Kingdom and EU272020","ZZ210010","Industry and Construction (B-F)","Thousand",""
"QLF59C01","Persons aged 15 years and over in Employment","20194","2019Q4","ZZZZ2","All countries excluding Ireland,United Kingdom and EU272020","ZZ210023","Services (G-V)","Thousand",""
"QLF59C01","Persons aged 15 years and over in Employment","20194","2019Q4","ZZZZ2","All countries excluding Ireland,United Kingdom and EU272020","ZZ210221","Financial, Insurance and Real Estate Activities (L,M)","Thousand",""
"QLF59C01","Persons aged 15 years and over in Employment","20194","2019Q4","ZZZZ2","All countries excluding Ireland,United Kingdom and EU272020","ZZ210224","Other NACE Activities (S to V)","Thousand",""
"QLF59C01","Persons aged 15 years and over in Employment","20194","2019Q4","ZZZZ2","All countries excluding Ireland,United Kingdom and EU272020","ZZ219990","NACE Unknown","Thousand",""
"QLF59C01","Persons aged 15 years and over in Employment","20201","2020Q1","-","All Countries","-","All NACE Economic Sectors (A-V)","Thousand",""
"QLF59C01","Persons aged 15 years and over in Employment","20201","2020Q1","-","All Countries","A","Agriculture, Forestry and Fishing (A)","Thousand",""
"QLF59C01","Persons aged 15 years and over in Employment","20201","2020Q1","-","All Countries","F","Construction (F)","Thousand",""
"QLF59C01","Persons aged 15 years and over in Employment","20201","2020Q1","-","All Countries","G","Wholesale and Retail Trade (G)","Thousand",""
"QLF59C01","Persons aged 15 years and over in Employment","20201","2020Q1","-","All Countries","H","Transportation and Storage (H)","Thousand",""
"QLF59C01","Persons aged 15 years and over in Employment","20201","2020Q1","-","All Countries","I","Accommodation and Food Service Activities (I)","Thousand",""
"QLF59C01","Persons aged 15 years and over in Employment","20201","2020Q1","-","All Countries","ZZ210228","Information and Communication (J,K)","Thousand",""
"QLF59C01","Persons aged 15 years and over in Employment","20201","2020Q1","-","All Countries","N","Professional, Scientific and Technical Activities (N)","Thousand",""
"QLF59C01","Persons aged 15 years and over in Employment","20201","2020Q1","-","All Countries","O","Administrative and Support Service Activities (O)","Thousand",""
"QLF59C01","Persons aged 15 years and over in Employment","20201","2020Q1","-","All Countries","P","Public Administration and Defence; Compulsory Social Security (P)","Thousand",""
"QLF59C01","Persons aged 15 years and over in Employment","20201","2020Q1","-","All Countries","Q","Education (Q)","Thousand",""
"QLF59C01","Persons aged 15 years and over in Employment","20201","2020Q1","-","All Countries","R","Human Health and Social Work Activities (R)","Thousand",""
"QLF59C01","Persons aged 15 years and over in Employment","20201","2020Q1","-","All Countries","ZZ210011","Industry (B-E)","Thousand",""
"QLF59C01","Persons aged 15 years and over in Employment","20201","2020Q1","-","All Countries","ZZ210010","Industry and Construction (B-F)","Thousand",""
"QLF59C01","Persons aged 15 years and over in Employment","20201","2020Q1","-","All Countries","ZZ210023","Services (G-V)","Thousand",""
"QLF59C01","Persons aged 15 years and over in Employment","20201","2020Q1","-","All Countries","ZZ210221","Financial, Insurance and Real Estate Activities (L,M)","Thousand",""
"QLF59C01","Persons aged 15 years and over in Employment","20201","2020Q1","-","All Countries","ZZ210224","Other NACE Activities (S to V)","Thousand",""
"QLF59C01","Persons aged 15 years and over in Employment","20201","2020Q1","-","All Countries","ZZ219990","NACE Unknown","Thousand",""
"QLF59C01","Persons aged 15 years and over in Employment","20201","2020Q1","E1420XIE","EU14 excl Irl (countries in the EU pre 2004 excluding UK & Ireland)","-","All NACE Economic Sectors (A-V)","Thousand",""
"QLF59C01","Persons aged 15 years and over in Employment","20201","2020Q1","E1420XIE","EU14 excl Irl (countries in the EU pre 2004 excluding UK & Ireland)","A","Agriculture, Forestry and Fishing (A)","Thousand",""
"QLF59C01","Persons aged 15 years and over in Employment","20201","2020Q1","E1420XIE","EU14 excl Irl (countries in the EU pre 2004 excluding UK & Ireland)","F","Construction (F)","Thousand",""
"QLF59C01","Persons aged 15 years and over in Employment","20201","2020Q1","E1420XIE","EU14 excl Irl (countries in the EU pre 2004 excluding UK & Ireland)","G","Wholesale and Retail Trade (G)","Thousand",""
"QLF59C01","Persons aged 15 years and over in Employment","20201","2020Q1","E1420XIE","EU14 excl Irl (countries in the EU pre 2004 excluding UK & Ireland)","H","Transportation and Storage (H)","Thousand",""
"QLF59C01","Persons aged 15 years and over in Employment","20201","2020Q1","E1420XIE","EU14 excl Irl (countries in the EU pre 2004 excluding UK & Ireland)","I","Accommodation and Food Service Activities (I)","Thousand",""
"QLF59C01","Persons aged 15 years and over in Employment","20201","2020Q1","E1420XIE","EU14 excl Irl (countries in the EU pre 2004 excluding UK & Ireland)","ZZ210228","Information and Communication (J,K)","Thousand",""
"QLF59C01","Persons aged 15 years and over in Employment","20201","2020Q1","E1420XIE","EU14 excl Irl (countries in the EU pre 2004 excluding UK & Ireland)","N","Professional, Scientific and Technical Activities (N)","Thousand",""
"QLF59C01","Persons aged 15 years and over in Employment","20201","2020Q1","E1420XIE","EU14 excl Irl (countries in the EU pre 2004 excluding UK & Ireland)","O","Administrative and Support Service Activities (O)","Thousand",""
"QLF59C01","Persons aged 15 years and over in Employment","20201","2020Q1","E1420XIE","EU14 excl Irl (countries in the EU pre 2004 excluding UK & Ireland)","P","Public Administration and Defence; Compulsory Social Security (P)","Thousand",""
"QLF59C01","Persons aged 15 years and over in Employment","20201","2020Q1","E1420XIE","EU14 excl Irl (countries in the EU pre 2004 excluding UK & Ireland)","Q","Education (Q)","Thousand",""
"QLF59C01","Persons aged 15 years and over in Employment","20201","2020Q1","E1420XIE","EU14 excl Irl (countries in the EU pre 2004 excluding UK & Ireland)","R","Human Health and Social Work Activities (R)","Thousand",""
"QLF59C01","Persons aged 15 years and over in Employment","20201","2020Q1","E1420XIE","EU14 excl Irl (countries in the EU pre 2004 excluding UK & Ireland)","ZZ210011","Industry (B-E)","Thousand",""
"QLF59C01","Persons aged 15 years and over in Employment","20201","2020Q1","E1420XIE","EU14 excl Irl (countries in the EU pre 2004 excluding UK & Ireland)","ZZ210010","Industry and Construction (B-F)","Thousand",""
"QLF59C01","Persons aged 15 years and over in Employment","20201","2020Q1","E1420XIE","EU14 excl Irl (countries in the EU pre 2004 excluding UK & Ireland)","ZZ210023","Services (G-V)","Thousand",""
"QLF59C01","Persons aged 15 years and over in Employment","20201","2020Q1","E1420XIE","EU14 excl Irl (countries in the EU pre 2004 excluding UK & Ireland)","ZZ210221","Financial, Insurance and Real Estate Activities (L,M)","Thousand",""
"QLF59C01","Persons aged 15 years and over in Employment","20201","2020Q1","E1420XIE","EU14 excl Irl (countries in the EU pre 2004 excluding UK & Ireland)","ZZ210224","Other NACE Activities (S to V)","Thousand",""
"QLF59C01","Persons aged 15 years and over in Employment","20201","2020Q1","E1420XIE","EU14 excl Irl (countries in the EU pre 2004 excluding UK & Ireland)","ZZ219990","NACE Unknown","Thousand",""
"QLF59C01","Persons aged 15 years and over in Employment","20201","2020Q1","E15E2720","EU15 to EU27 (accession countries joined post 2004)","-","All NACE Economic Sectors (A-V)","Thousand",""
"QLF59C01","Persons aged 15 years and over in Employment","20201","2020Q1","E15E2720","EU15 to EU27 (accession countries joined post 2004)","A","Agriculture, Forestry and Fishing (A)","Thousand",""
"QLF59C01","Persons aged 15 years and over in Employment","20201","2020Q1","E15E2720","EU15 to EU27 (accession countries joined post 2004)","F","Construction (F)","Thousand",""
"QLF59C01","Persons aged 15 years and over in Employment","20201","2020Q1","E15E2720","EU15 to EU27 (accession countries joined post 2004)","G","Wholesale and Retail Trade (G)","Thousand",""
"QLF59C01","Persons aged 15 years and over in Employment","20201","2020Q1","E15E2720","EU15 to EU27 (accession countries joined post 2004)","H","Transportation and Storage (H)","Thousand",""
"QLF59C01","Persons aged 15 years and over in Employment","20201","2020Q1","E15E2720","EU15 to EU27 (accession countries joined post 2004)","I","Accommodation and Food Service Activities (I)","Thousand",""
"QLF59C01","Persons aged 15 years and over in Employment","20201","2020Q1","E15E2720","EU15 to EU27 (accession countries joined post 2004)","ZZ210228","Information and Communication (J,K)","Thousand",""
"QLF59C01","Persons aged 15 years and over in Employment","20201","2020Q1","E15E2720","EU15 to EU27 (accession countries joined post 2004)","N","Professional, Scientific and Technical Activities (N)","Thousand",""
"QLF59C01","Persons aged 15 years and over in Employment","20201","2020Q1","E15E2720","EU15 to EU27 (accession countries joined post 2004)","O","Administrative and Support Service Activities (O)","Thousand",""
"QLF59C01","Persons aged 15 years and over in Employment","20201","2020Q1","E15E2720","EU15 to EU27 (accession countries joined post 2004)","P","Public Administration and Defence; Compulsory Social Security (P)","Thousand",""
"QLF59C01","Persons aged 15 years and over in Employment","20201","2020Q1","E15E2720","EU15 to EU27 (accession countries joined post 2004)","Q","Education (Q)","Thousand",""
"QLF59C01","Persons aged 15 years and over in Employment","20201","2020Q1","E15E2720","EU15 to EU27 (accession countries joined post 2004)","R","Human Health and Social Work Activities (R)","Thousand",""
"QLF59C01","Persons aged 15 years and over in Employment","20201","2020Q1","E15E2720","EU15 to EU27 (accession countries joined post 2004)","ZZ210011","Industry (B-E)","Thousand",""
"QLF59C01","Persons aged 15 years and over in Employment","20201","2020Q1","E15E2720","EU15 to EU27 (accession countries joined post 2004)","ZZ210010","Industry and Construction (B-F)","Thousand",""
"QLF59C01","Persons aged 15 years and over in Employment","20201","2020Q1","E15E2720","EU15 to EU27 (accession countries joined post 2004)","ZZ210023","Services (G-V)","Thousand",""
"QLF59C01","Persons aged 15 years and over in Employment","20201","2020Q1","E15E2720","EU15 to EU27 (accession countries joined post 2004)","ZZ210221","Financial, Insurance and Real Estate Activities (L,M)","Thousand",""
"QLF59C01","Persons aged 15 years and over in Employment","20201","2020Q1","E15E2720","EU15 to EU27 (accession countries joined post 2004)","ZZ210224","Other NACE Activities (S to V)","Thousand",""
"QLF59C01","Persons aged 15 years and over in Employment","20201","2020Q1","E15E2720","EU15 to EU27 (accession countries joined post 2004)","ZZ219990","NACE Unknown","Thousand",""
"QLF59C01","Persons aged 15 years and over in Employment","20201","2020Q1","GB","United Kingdom","-","All NACE Economic Sectors (A-V)","Thousand",""
"QLF59C01","Persons aged 15 years and over in Employment","20201","2020Q1","GB","United Kingdom","A","Agriculture, Forestry and Fishing (A)","Thousand",""
"QLF59C01","Persons aged 15 years and over in Employment","20201","2020Q1","GB","United Kingdom","F","Construction (F)","Thousand",""
"QLF59C01","Persons aged 15 years and over in Employment","20201","2020Q1","GB","United Kingdom","G","Wholesale and Retail Trade (G)","Thousand",""
"QLF59C01","Persons aged 15 years and over in Employment","20201","2020Q1","GB","United Kingdom","H","Transportation and Storage (H)","Thousand",""
"QLF59C01","Persons aged 15 years and over in Employment","20201","2020Q1","GB","United Kingdom","I","Accommodation and Food Service Activities (I)","Thousand",""
"QLF59C01","Persons aged 15 years and over in Employment","20201","2020Q1","GB","United Kingdom","ZZ210228","Information and Communication (J,K)","Thousand",""
"QLF59C01","Persons aged 15 years and over in Employment","20201","2020Q1","GB","United Kingdom","N","Professional, Scientific and Technical Activities (N)","Thousand",""
"QLF59C01","Persons aged 15 years and over in Employment","20201","2020Q1","GB","United Kingdom","O","Administrative and Support Service Activities (O)","Thousand",""
"QLF59C01","Persons aged 15 years and over in Employment","20201","2020Q1","GB","United Kingdom","P","Public Administration and Defence; Compulsory Social Security (P)","Thousand",""
"QLF59C01","Persons aged 15 years and over in Employment","20201","2020Q1","GB","United Kingdom","Q","Education (Q)","Thousand",""
"QLF59C01","Persons aged 15 years and over in Employment","20201","2020Q1","GB","United Kingdom","R","Human Health and Social Work Activities (R)","Thousand",""
"QLF59C01","Persons aged 15 years and over in Employment","20201","2020Q1","GB","United Kingdom","ZZ210011","Industry (B-E)","Thousand",""
"QLF59C01","Persons aged 15 years and over in Employment","20201","2020Q1","GB","United Kingdom","ZZ210010","Industry and Construction (B-F)","Thousand",""
"QLF59C01","Persons aged 15 years and over in Employment","20201","2020Q1","GB","United Kingdom","ZZ210023","Services (G-V)","Thousand",""
"QLF59C01","Persons aged 15 years and over in Employment","20201","2020Q1","GB","United Kingdom","ZZ210221","Financial, Insurance and Real Estate Activities (L,M)","Thousand",""
"QLF59C01","Persons aged 15 years and over in Employment","20201","2020Q1","GB","United Kingdom","ZZ210224","Other NACE Activities (S to V)","Thousand",""
"QLF59C01","Persons aged 15 years and over in Employment","20201","2020Q1","GB","United Kingdom","ZZ219990","NACE Unknown","Thousand",""
"QLF59C01","Persons aged 15 years and over in Employment","20201","2020Q1","IE","Ireland","-","All NACE Economic Sectors (A-V)","Thousand",""
"QLF59C01","Persons aged 15 years and over in Employment","20201","2020Q1","IE","Ireland","A","Agriculture, Forestry and Fishing (A)","Thousand",""
"QLF59C01","Persons aged 15 years and over in Employment","20201","2020Q1","IE","Ireland","F","Construction (F)","Thousand",""
"QLF59C01","Persons aged 15 years and over in Employment","20201","2020Q1","IE","Ireland","G","Wholesale and Retail Trade (G)","Thousand",""
"QLF59C01","Persons aged 15 years and over in Employment","20201","2020Q1","IE","Ireland","H","Transportation and Storage (H)","Thousand",""
"QLF59C01","Persons aged 15 years and over in Employment","20201","2020Q1","IE","Ireland","I","Accommodation and Food Service Activities (I)","Thousand",""
"QLF59C01","Persons aged 15 years and over in Employment","20201","2020Q1","IE","Ireland","ZZ210228","Information and Communication (J,K)","Thousand",""
"QLF59C01","Persons aged 15 years and over in Employment","20201","2020Q1","IE","Ireland","N","Professional, Scientific and Technical Activities (N)","Thousand",""
"QLF59C01","Persons aged 15 years and over in Employment","20201","2020Q1","IE","Ireland","O","Administrative and Support Service Activities (O)","Thousand",""
"QLF59C01","Persons aged 15 years and over in Employment","20201","2020Q1","IE","Ireland","P","Public Administration and Defence; Compulsory Social Security (P)","Thousand",""
"QLF59C01","Persons aged 15 years and over in Employment","20201","2020Q1","IE","Ireland","Q","Education (Q)","Thousand",""
"QLF59C01","Persons aged 15 years and over in Employment","20201","2020Q1","IE","Ireland","R","Human Health and Social Work Activities (R)","Thousand",""
"QLF59C01","Persons aged 15 years and over in Employment","20201","2020Q1","IE","Ireland","ZZ210011","Industry (B-E)","Thousand",""
"QLF59C01","Persons aged 15 years and over in Employment","20201","2020Q1","IE","Ireland","ZZ210010","Industry and Construction (B-F)","Thousand",""
"QLF59C01","Persons aged 15 years and over in Employment","20201","2020Q1","IE","Ireland","ZZ210023","Services (G-V)","Thousand",""
"QLF59C01","Persons aged 15 years and over in Employment","20201","2020Q1","IE","Ireland","ZZ210221","Financial, Insurance and Real Estate Activities (L,M)","Thousand",""
"QLF59C01","Persons aged 15 years and over in Employment","20201","2020Q1","IE","Ireland","ZZ210224","Other NACE Activities (S to V)","Thousand",""
"QLF59C01","Persons aged 15 years and over in Employment","20201","2020Q1","IE","Ireland","ZZ219990","NACE Unknown","Thousand",""
"QLF59C01","Persons aged 15 years and over in Employment","20201","2020Q1","ZZZZ1","All countries excluding Ireland","-","All NACE Economic Sectors (A-V)","Thousand",""
"QLF59C01","Persons aged 15 years and over in Employment","20201","2020Q1","ZZZZ1","All countries excluding Ireland","A","Agriculture, Forestry and Fishing (A)","Thousand",""
"QLF59C01","Persons aged 15 years and over in Employment","20201","2020Q1","ZZZZ1","All countries excluding Ireland","F","Construction (F)","Thousand",""
"QLF59C01","Persons aged 15 years and over in Employment","20201","2020Q1","ZZZZ1","All countries excluding Ireland","G","Wholesale and Retail Trade (G)","Thousand",""
"QLF59C01","Persons aged 15 years and over in Employment","20201","2020Q1","ZZZZ1","All countries excluding Ireland","H","Transportation and Storage (H)","Thousand",""
"QLF59C01","Persons aged 15 years and over in Employment","20201","2020Q1","ZZZZ1","All countries excluding Ireland","I","Accommodation and Food Service Activities (I)","Thousand",""
"QLF59C01","Persons aged 15 years and over in Employment","20201","2020Q1","ZZZZ1","All countries excluding Ireland","ZZ210228","Information and Communication (J,K)","Thousand",""
"QLF59C01","Persons aged 15 years and over in Employment","20201","2020Q1","ZZZZ1","All countries excluding Ireland","N","Professional, Scientific and Technical Activities (N)","Thousand",""
"QLF59C01","Persons aged 15 years and over in Employment","20201","2020Q1","ZZZZ1","All countries excluding Ireland","O","Administrative and Support Service Activities (O)","Thousand",""
"QLF59C01","Persons aged 15 years and over in Employment","20201","2020Q1","ZZZZ1","All countries excluding Ireland","P","Public Administration and Defence; Compulsory Social Security (P)","Thousand",""
"QLF59C01","Persons aged 15 years and over in Employment","20201","2020Q1","ZZZZ1","All countries excluding Ireland","Q","Education (Q)","Thousand",""
"QLF59C01","Persons aged 15 years and over in Employment","20201","2020Q1","ZZZZ1","All countries excluding Ireland","R","Human Health and Social Work Activities (R)","Thousand",""
"QLF59C01","Persons aged 15 years and over in Employment","20201","2020Q1","ZZZZ1","All countries excluding Ireland","ZZ210011","Industry (B-E)","Thousand",""
"QLF59C01","Persons aged 15 years and over in Employment","20201","2020Q1","ZZZZ1","All countries excluding Ireland","ZZ210010","Industry and Construction (B-F)","Thousand",""
"QLF59C01","Persons aged 15 years and over in Employment","20201","2020Q1","ZZZZ1","All countries excluding Ireland","ZZ210023","Services (G-V)","Thousand",""
"QLF59C01","Persons aged 15 years and over in Employment","20201","2020Q1","ZZZZ1","All countries excluding Ireland","ZZ210221","Financial, Insurance and Real Estate Activities (L,M)","Thousand",""
"QLF59C01","Persons aged 15 years and over in Employment","20201","2020Q1","ZZZZ1","All countries excluding Ireland","ZZ210224","Other NACE Activities (S to V)","Thousand",""
"QLF59C01","Persons aged 15 years and over in Employment","20201","2020Q1","ZZZZ1","All countries excluding Ireland","ZZ219990","NACE Unknown","Thousand",""
"QLF59C01","Persons aged 15 years and over in Employment","20201","2020Q1","ZZZZ2","All countries excluding Ireland,United Kingdom and EU272020","-","All NACE Economic Sectors (A-V)","Thousand",""
"QLF59C01","Persons aged 15 years and over in Employment","20201","2020Q1","ZZZZ2","All countries excluding Ireland,United Kingdom and EU272020","A","Agriculture, Forestry and Fishing (A)","Thousand",""
"QLF59C01","Persons aged 15 years and over in Employment","20201","2020Q1","ZZZZ2","All countries excluding Ireland,United Kingdom and EU272020","F","Construction (F)","Thousand",""
"QLF59C01","Persons aged 15 years and over in Employment","20201","2020Q1","ZZZZ2","All countries excluding Ireland,United Kingdom and EU272020","G","Wholesale and Retail Trade (G)","Thousand",""
"QLF59C01","Persons aged 15 years and over in Employment","20201","2020Q1","ZZZZ2","All countries excluding Ireland,United Kingdom and EU272020","H","Transportation and Storage (H)","Thousand",""
"QLF59C01","Persons aged 15 years and over in Employment","20201","2020Q1","ZZZZ2","All countries excluding Ireland,United Kingdom and EU272020","I","Accommodation and Food Service Activities (I)","Thousand",""
"QLF59C01","Persons aged 15 years and over in Employment","20201","2020Q1","ZZZZ2","All countries excluding Ireland,United Kingdom and EU272020","ZZ210228","Information and Communication (J,K)","Thousand",""
"QLF59C01","Persons aged 15 years and over in Employment","20201","2020Q1","ZZZZ2","All countries excluding Ireland,United Kingdom and EU272020","N","Professional, Scientific and Technical Activities (N)","Thousand",""
"QLF59C01","Persons aged 15 years and over in Employment","20201","2020Q1","ZZZZ2","All countries excluding Ireland,United Kingdom and EU272020","O","Administrative and Support Service Activities (O)","Thousand",""
"QLF59C01","Persons aged 15 years and over in Employment","20201","2020Q1","ZZZZ2","All countries excluding Ireland,United Kingdom and EU272020","P","Public Administration and Defence; Compulsory Social Security (P)","Thousand",""
"QLF59C01","Persons aged 15 years and over in Employment","20201","2020Q1","ZZZZ2","All countries excluding Ireland,United Kingdom and EU272020","Q","Education (Q)","Thousand",""
"QLF59C01","Persons aged 15 years and over in Employment","20201","2020Q1","ZZZZ2","All countries excluding Ireland,United Kingdom and EU272020","R","Human Health and Social Work Activities (R)","Thousand",""
"QLF59C01","Persons aged 15 years and over in Employment","20201","2020Q1","ZZZZ2","All countries excluding Ireland,United Kingdom and EU272020","ZZ210011","Industry (B-E)","Thousand",""
"QLF59C01","Persons aged 15 years and over in Employment","20201","2020Q1","ZZZZ2","All countries excluding Ireland,United Kingdom and EU272020","ZZ210010","Industry and Construction (B-F)","Thousand",""
"QLF59C01","Persons aged 15 years and over in Employment","20201","2020Q1","ZZZZ2","All countries excluding Ireland,United Kingdom and EU272020","ZZ210023","Services (G-V)","Thousand",""
"QLF59C01","Persons aged 15 years and over in Employment","20201","2020Q1","ZZZZ2","All countries excluding Ireland,United Kingdom and EU272020","ZZ210221","Financial, Insurance and Real Estate Activities (L,M)","Thousand",""
"QLF59C01","Persons aged 15 years and over in Employment","20201","2020Q1","ZZZZ2","All countries excluding Ireland,United Kingdom and EU272020","ZZ210224","Other NACE Activities (S to V)","Thousand",""
"QLF59C01","Persons aged 15 years and over in Employment","20201","2020Q1","ZZZZ2","All countries excluding Ireland,United Kingdom and EU272020","ZZ219990","NACE Unknown","Thousand",""
"QLF59C01","Persons aged 15 years and over in Employment","20202","2020Q2","-","All Countries","-","All NACE Economic Sectors (A-V)","Thousand",""
"QLF59C01","Persons aged 15 years and over in Employment","20202","2020Q2","-","All Countries","A","Agriculture, Forestry and Fishing (A)","Thousand",""
"QLF59C01","Persons aged 15 years and over in Employment","20202","2020Q2","-","All Countries","F","Construction (F)","Thousand",""
"QLF59C01","Persons aged 15 years and over in Employment","20202","2020Q2","-","All Countries","G","Wholesale and Retail Trade (G)","Thousand",""
"QLF59C01","Persons aged 15 years and over in Employment","20202","2020Q2","-","All Countries","H","Transportation and Storage (H)","Thousand",""
"QLF59C01","Persons aged 15 years and over in Employment","20202","2020Q2","-","All Countries","I","Accommodation and Food Service Activities (I)","Thousand",""
"QLF59C01","Persons aged 15 years and over in Employment","20202","2020Q2","-","All Countries","ZZ210228","Information and Communication (J,K)","Thousand",""
"QLF59C01","Persons aged 15 years and over in Employment","20202","2020Q2","-","All Countries","N","Professional, Scientific and Technical Activities (N)","Thousand",""
"QLF59C01","Persons aged 15 years and over in Employment","20202","2020Q2","-","All Countries","O","Administrative and Support Service Activities (O)","Thousand",""
"QLF59C01","Persons aged 15 years and over in Employment","20202","2020Q2","-","All Countries","P","Public Administration and Defence; Compulsory Social Security (P)","Thousand",""
"QLF59C01","Persons aged 15 years and over in Employment","20202","2020Q2","-","All Countries","Q","Education (Q)","Thousand",""
"QLF59C01","Persons aged 15 years and over in Employment","20202","2020Q2","-","All Countries","R","Human Health and Social Work Activities (R)","Thousand",""
"QLF59C01","Persons aged 15 years and over in Employment","20202","2020Q2","-","All Countries","ZZ210011","Industry (B-E)","Thousand",""
"QLF59C01","Persons aged 15 years and over in Employment","20202","2020Q2","-","All Countries","ZZ210010","Industry and Construction (B-F)","Thousand",""
"QLF59C01","Persons aged 15 years and over in Employment","20202","2020Q2","-","All Countries","ZZ210023","Services (G-V)","Thousand",""
"QLF59C01","Persons aged 15 years and over in Employment","20202","2020Q2","-","All Countries","ZZ210221","Financial, Insurance and Real Estate Activities (L,M)","Thousand",""
"QLF59C01","Persons aged 15 years and over in Employment","20202","2020Q2","-","All Countries","ZZ210224","Other NACE Activities (S to V)","Thousand",""
"QLF59C01","Persons aged 15 years and over in Employment","20202","2020Q2","-","All Countries","ZZ219990","NACE Unknown","Thousand",""
"QLF59C01","Persons aged 15 years and over in Employment","20202","2020Q2","E1420XIE","EU14 excl Irl (countries in the EU pre 2004 excluding UK & Ireland)","-","All NACE Economic Sectors (A-V)","Thousand",""
"QLF59C01","Persons aged 15 years and over in Employment","20202","2020Q2","E1420XIE","EU14 excl Irl (countries in the EU pre 2004 excluding UK & Ireland)","A","Agriculture, Forestry and Fishing (A)","Thousand",""
"QLF59C01","Persons aged 15 years and over in Employment","20202","2020Q2","E1420XIE","EU14 excl Irl (countries in the EU pre 2004 excluding UK & Ireland)","F","Construction (F)","Thousand",""
"QLF59C01","Persons aged 15 years and over in Employment","20202","2020Q2","E1420XIE","EU14 excl Irl (countries in the EU pre 2004 excluding UK & Ireland)","G","Wholesale and Retail Trade (G)","Thousand",""
"QLF59C01","Persons aged 15 years and over in Employment","20202","2020Q2","E1420XIE","EU14 excl Irl (countries in the EU pre 2004 excluding UK & Ireland)","H","Transportation and Storage (H)","Thousand",""
"QLF59C01","Persons aged 15 years and over in Employment","20202","2020Q2","E1420XIE","EU14 excl Irl (countries in the EU pre 2004 excluding UK & Ireland)","I","Accommodation and Food Service Activities (I)","Thousand",""
"QLF59C01","Persons aged 15 years and over in Employment","20202","2020Q2","E1420XIE","EU14 excl Irl (countries in the EU pre 2004 excluding UK & Ireland)","ZZ210228","Information and Communication (J,K)","Thousand",""
"QLF59C01","Persons aged 15 years and over in Employment","20202","2020Q2","E1420XIE","EU14 excl Irl (countries in the EU pre 2004 excluding UK & Ireland)","N","Professional, Scientific and Technical Activities (N)","Thousand",""
"QLF59C01","Persons aged 15 years and over in Employment","20202","2020Q2","E1420XIE","EU14 excl Irl (countries in the EU pre 2004 excluding UK & Ireland)","O","Administrative and Support Service Activities (O)","Thousand",""
"QLF59C01","Persons aged 15 years and over in Employment","20202","2020Q2","E1420XIE","EU14 excl Irl (countries in the EU pre 2004 excluding UK & Ireland)","P","Public Administration and Defence; Compulsory Social Security (P)","Thousand",""
"QLF59C01","Persons aged 15 years and over in Employment","20202","2020Q2","E1420XIE","EU14 excl Irl (countries in the EU pre 2004 excluding UK & Ireland)","Q","Education (Q)","Thousand",""
"QLF59C01","Persons aged 15 years and over in Employment","20202","2020Q2","E1420XIE","EU14 excl Irl (countries in the EU pre 2004 excluding UK & Ireland)","R","Human Health and Social Work Activities (R)","Thousand",""
"QLF59C01","Persons aged 15 years and over in Employment","20202","2020Q2","E1420XIE","EU14 excl Irl (countries in the EU pre 2004 excluding UK & Ireland)","ZZ210011","Industry (B-E)","Thousand",""
"QLF59C01","Persons aged 15 years and over in Employment","20202","2020Q2","E1420XIE","EU14 excl Irl (countries in the EU pre 2004 excluding UK & Ireland)","ZZ210010","Industry and Construction (B-F)","Thousand",""
"QLF59C01","Persons aged 15 years and over in Employment","20202","2020Q2","E1420XIE","EU14 excl Irl (countries in the EU pre 2004 excluding UK & Ireland)","ZZ210023","Services (G-V)","Thousand",""
"QLF59C01","Persons aged 15 years and over in Employment","20202","2020Q2","E1420XIE","EU14 excl Irl (countries in the EU pre 2004 excluding UK & Ireland)","ZZ210221","Financial, Insurance and Real Estate Activities (L,M)","Thousand",""
"QLF59C01","Persons aged 15 years and over in Employment","20202","2020Q2","E1420XIE","EU14 excl Irl (countries in the EU pre 2004 excluding UK & Ireland)","ZZ210224","Other NACE Activities (S to V)","Thousand",""
"QLF59C01","Persons aged 15 years and over in Employment","20202","2020Q2","E1420XIE","EU14 excl Irl (countries in the EU pre 2004 excluding UK & Ireland)","ZZ219990","NACE Unknown","Thousand",""
"QLF59C01","Persons aged 15 years and over in Employment","20202","2020Q2","E15E2720","EU15 to EU27 (accession countries joined post 2004)","-","All NACE Economic Sectors (A-V)","Thousand",""
"QLF59C01","Persons aged 15 years and over in Employment","20202","2020Q2","E15E2720","EU15 to EU27 (accession countries joined post 2004)","A","Agriculture, Forestry and Fishing (A)","Thousand",""
"QLF59C01","Persons aged 15 years and over in Employment","20202","2020Q2","E15E2720","EU15 to EU27 (accession countries joined post 2004)","F","Construction (F)","Thousand",""
"QLF59C01","Persons aged 15 years and over in Employment","20202","2020Q2","E15E2720","EU15 to EU27 (accession countries joined post 2004)","G","Wholesale and Retail Trade (G)","Thousand",""
"QLF59C01","Persons aged 15 years and over in Employment","20202","2020Q2","E15E2720","EU15 to EU27 (accession countries joined post 2004)","H","Transportation and Storage (H)","Thousand",""
"QLF59C01","Persons aged 15 years and over in Employment","20202","2020Q2","E15E2720","EU15 to EU27 (accession countries joined post 2004)","I","Accommodation and Food Service Activities (I)","Thousand",""
"QLF59C01","Persons aged 15 years and over in Employment","20202","2020Q2","E15E2720","EU15 to EU27 (accession countries joined post 2004)","ZZ210228","Information and Communication (J,K)","Thousand",""
"QLF59C01","Persons aged 15 years and over in Employment","20202","2020Q2","E15E2720","EU15 to EU27 (accession countries joined post 2004)","N","Professional, Scientific and Technical Activities (N)","Thousand",""
"QLF59C01","Persons aged 15 years and over in Employment","20202","2020Q2","E15E2720","EU15 to EU27 (accession countries joined post 2004)","O","Administrative and Support Service Activities (O)","Thousand",""
"QLF59C01","Persons aged 15 years and over in Employment","20202","2020Q2","E15E2720","EU15 to EU27 (accession countries joined post 2004)","P","Public Administration and Defence; Compulsory Social Security (P)","Thousand",""
"QLF59C01","Persons aged 15 years and over in Employment","20202","2020Q2","E15E2720","EU15 to EU27 (accession countries joined post 2004)","Q","Education (Q)","Thousand",""
"QLF59C01","Persons aged 15 years and over in Employment","20202","2020Q2","E15E2720","EU15 to EU27 (accession countries joined post 2004)","R","Human Health and Social Work Activities (R)","Thousand",""
"QLF59C01","Persons aged 15 years and over in Employment","20202","2020Q2","E15E2720","EU15 to EU27 (accession countries joined post 2004)","ZZ210011","Industry (B-E)","Thousand",""
"QLF59C01","Persons aged 15 years and over in Employment","20202","2020Q2","E15E2720","EU15 to EU27 (accession countries joined post 2004)","ZZ210010","Industry and Construction (B-F)","Thousand",""
"QLF59C01","Persons aged 15 years and over in Employment","20202","2020Q2","E15E2720","EU15 to EU27 (accession countries joined post 2004)","ZZ210023","Services (G-V)","Thousand",""
"QLF59C01","Persons aged 15 years and over in Employment","20202","2020Q2","E15E2720","EU15 to EU27 (accession countries joined post 2004)","ZZ210221","Financial, Insurance and Real Estate Activities (L,M)","Thousand",""
"QLF59C01","Persons aged 15 years and over in Employment","20202","2020Q2","E15E2720","EU15 to EU27 (accession countries joined post 2004)","ZZ210224","Other NACE Activities (S to V)","Thousand",""
"QLF59C01","Persons aged 15 years and over in Employment","20202","2020Q2","E15E2720","EU15 to EU27 (accession countries joined post 2004)","ZZ219990","NACE Unknown","Thousand",""
"QLF59C01","Persons aged 15 years and over in Employment","20202","2020Q2","GB","United Kingdom","-","All NACE Economic Sectors (A-V)","Thousand",""
"QLF59C01","Persons aged 15 years and over in Employment","20202","2020Q2","GB","United Kingdom","A","Agriculture, Forestry and Fishing (A)","Thousand",""
"QLF59C01","Persons aged 15 years and over in Employment","20202","2020Q2","GB","United Kingdom","F","Construction (F)","Thousand",""
"QLF59C01","Persons aged 15 years and over in Employment","20202","2020Q2","GB","United Kingdom","G","Wholesale and Retail Trade (G)","Thousand",""
"QLF59C01","Persons aged 15 years and over in Employment","20202","2020Q2","GB","United Kingdom","H","Transportation and Storage (H)","Thousand",""
"QLF59C01","Persons aged 15 years and over in Employment","20202","2020Q2","GB","United Kingdom","I","Accommodation and Food Service Activities (I)","Thousand",""
"QLF59C01","Persons aged 15 years and over in Employment","20202","2020Q2","GB","United Kingdom","ZZ210228","Information and Communication (J,K)","Thousand",""
"QLF59C01","Persons aged 15 years and over in Employment","20202","2020Q2","GB","United Kingdom","N","Professional, Scientific and Technical Activities (N)","Thousand",""
"QLF59C01","Persons aged 15 years and over in Employment","20202","2020Q2","GB","United Kingdom","O","Administrative and Support Service Activities (O)","Thousand",""
"QLF59C01","Persons aged 15 years and over in Employment","20202","2020Q2","GB","United Kingdom","P","Public Administration and Defence; Compulsory Social Security (P)","Thousand",""
"QLF59C01","Persons aged 15 years and over in Employment","20202","2020Q2","GB","United Kingdom","Q","Education (Q)","Thousand",""
"QLF59C01","Persons aged 15 years and over in Employment","20202","2020Q2","GB","United Kingdom","R","Human Health and Social Work Activities (R)","Thousand",""
"QLF59C01","Persons aged 15 years and over in Employment","20202","2020Q2","GB","United Kingdom","ZZ210011","Industry (B-E)","Thousand",""
"QLF59C01","Persons aged 15 years and over in Employment","20202","2020Q2","GB","United Kingdom","ZZ210010","Industry and Construction (B-F)","Thousand",""
"QLF59C01","Persons aged 15 years and over in Employment","20202","2020Q2","GB","United Kingdom","ZZ210023","Services (G-V)","Thousand",""
"QLF59C01","Persons aged 15 years and over in Employment","20202","2020Q2","GB","United Kingdom","ZZ210221","Financial, Insurance and Real Estate Activities (L,M)","Thousand",""
"QLF59C01","Persons aged 15 years and over in Employment","20202","2020Q2","GB","United Kingdom","ZZ210224","Other NACE Activities (S to V)","Thousand",""
"QLF59C01","Persons aged 15 years and over in Employment","20202","2020Q2","GB","United Kingdom","ZZ219990","NACE Unknown","Thousand",""
"QLF59C01","Persons aged 15 years and over in Employment","20202","2020Q2","IE","Ireland","-","All NACE Economic Sectors (A-V)","Thousand",""
"QLF59C01","Persons aged 15 years and over in Employment","20202","2020Q2","IE","Ireland","A","Agriculture, Forestry and Fishing (A)","Thousand",""
"QLF59C01","Persons aged 15 years and over in Employment","20202","2020Q2","IE","Ireland","F","Construction (F)","Thousand",""
"QLF59C01","Persons aged 15 years and over in Employment","20202","2020Q2","IE","Ireland","G","Wholesale and Retail Trade (G)","Thousand",""
"QLF59C01","Persons aged 15 years and over in Employment","20202","2020Q2","IE","Ireland","H","Transportation and Storage (H)","Thousand",""
"QLF59C01","Persons aged 15 years and over in Employment","20202","2020Q2","IE","Ireland","I","Accommodation and Food Service Activities (I)","Thousand",""
"QLF59C01","Persons aged 15 years and over in Employment","20202","2020Q2","IE","Ireland","ZZ210228","Information and Communication (J,K)","Thousand",""
"QLF59C01","Persons aged 15 years and over in Employment","20202","2020Q2","IE","Ireland","N","Professional, Scientific and Technical Activities (N)","Thousand",""
"QLF59C01","Persons aged 15 years and over in Employment","20202","2020Q2","IE","Ireland","O","Administrative and Support Service Activities (O)","Thousand",""
"QLF59C01","Persons aged 15 years and over in Employment","20202","2020Q2","IE","Ireland","P","Public Administration and Defence; Compulsory Social Security (P)","Thousand",""
"QLF59C01","Persons aged 15 years and over in Employment","20202","2020Q2","IE","Ireland","Q","Education (Q)","Thousand",""
"QLF59C01","Persons aged 15 years and over in Employment","20202","2020Q2","IE","Ireland","R","Human Health and Social Work Activities (R)","Thousand",""
"QLF59C01","Persons aged 15 years and over in Employment","20202","2020Q2","IE","Ireland","ZZ210011","Industry (B-E)","Thousand",""
"QLF59C01","Persons aged 15 years and over in Employment","20202","2020Q2","IE","Ireland","ZZ210010","Industry and Construction (B-F)","Thousand",""
"QLF59C01","Persons aged 15 years and over in Employment","20202","2020Q2","IE","Ireland","ZZ210023","Services (G-V)","Thousand",""
"QLF59C01","Persons aged 15 years and over in Employment","20202","2020Q2","IE","Ireland","ZZ210221","Financial, Insurance and Real Estate Activities (L,M)","Thousand",""
"QLF59C01","Persons aged 15 years and over in Employment","20202","2020Q2","IE","Ireland","ZZ210224","Other NACE Activities (S to V)","Thousand",""
"QLF59C01","Persons aged 15 years and over in Employment","20202","2020Q2","IE","Ireland","ZZ219990","NACE Unknown","Thousand",""
"QLF59C01","Persons aged 15 years and over in Employment","20202","2020Q2","ZZZZ1","All countries excluding Ireland","-","All NACE Economic Sectors (A-V)","Thousand",""
"QLF59C01","Persons aged 15 years and over in Employment","20202","2020Q2","ZZZZ1","All countries excluding Ireland","A","Agriculture, Forestry and Fishing (A)","Thousand",""
"QLF59C01","Persons aged 15 years and over in Employment","20202","2020Q2","ZZZZ1","All countries excluding Ireland","F","Construction (F)","Thousand",""
"QLF59C01","Persons aged 15 years and over in Employment","20202","2020Q2","ZZZZ1","All countries excluding Ireland","G","Wholesale and Retail Trade (G)","Thousand",""
"QLF59C01","Persons aged 15 years and over in Employment","20202","2020Q2","ZZZZ1","All countries excluding Ireland","H","Transportation and Storage (H)","Thousand",""
"QLF59C01","Persons aged 15 years and over in Employment","20202","2020Q2","ZZZZ1","All countries excluding Ireland","I","Accommodation and Food Service Activities (I)","Thousand",""
"QLF59C01","Persons aged 15 years and over in Employment","20202","2020Q2","ZZZZ1","All countries excluding Ireland","ZZ210228","Information and Communication (J,K)","Thousand",""
"QLF59C01","Persons aged 15 years and over in Employment","20202","2020Q2","ZZZZ1","All countries excluding Ireland","N","Professional, Scientific and Technical Activities (N)","Thousand",""
"QLF59C01","Persons aged 15 years and over in Employment","20202","2020Q2","ZZZZ1","All countries excluding Ireland","O","Administrative and Support Service Activities (O)","Thousand",""
"QLF59C01","Persons aged 15 years and over in Employment","20202","2020Q2","ZZZZ1","All countries excluding Ireland","P","Public Administration and Defence; Compulsory Social Security (P)","Thousand",""
"QLF59C01","Persons aged 15 years and over in Employment","20202","2020Q2","ZZZZ1","All countries excluding Ireland","Q","Education (Q)","Thousand",""
"QLF59C01","Persons aged 15 years and over in Employment","20202","2020Q2","ZZZZ1","All countries excluding Ireland","R","Human Health and Social Work Activities (R)","Thousand",""
"QLF59C01","Persons aged 15 years and over in Employment","20202","2020Q2","ZZZZ1","All countries excluding Ireland","ZZ210011","Industry (B-E)","Thousand",""
"QLF59C01","Persons aged 15 years and over in Employment","20202","2020Q2","ZZZZ1","All countries excluding Ireland","ZZ210010","Industry and Construction (B-F)","Thousand",""
"QLF59C01","Persons aged 15 years and over in Employment","20202","2020Q2","ZZZZ1","All countries excluding Ireland","ZZ210023","Services (G-V)","Thousand",""
"QLF59C01","Persons aged 15 years and over in Employment","20202","2020Q2","ZZZZ1","All countries excluding Ireland","ZZ210221","Financial, Insurance and Real Estate Activities (L,M)","Thousand",""
"QLF59C01","Persons aged 15 years and over in Employment","20202","2020Q2","ZZZZ1","All countries excluding Ireland","ZZ210224","Other NACE Activities (S to V)","Thousand",""
"QLF59C01","Persons aged 15 years and over in Employment","20202","2020Q2","ZZZZ1","All countries excluding Ireland","ZZ219990","NACE Unknown","Thousand",""
"QLF59C01","Persons aged 15 years and over in Employment","20202","2020Q2","ZZZZ2","All countries excluding Ireland,United Kingdom and EU272020","-","All NACE Economic Sectors (A-V)","Thousand",""
"QLF59C01","Persons aged 15 years and over in Employment","20202","2020Q2","ZZZZ2","All countries excluding Ireland,United Kingdom and EU272020","A","Agriculture, Forestry and Fishing (A)","Thousand",""
"QLF59C01","Persons aged 15 years and over in Employment","20202","2020Q2","ZZZZ2","All countries excluding Ireland,United Kingdom and EU272020","F","Construction (F)","Thousand",""
"QLF59C01","Persons aged 15 years and over in Employment","20202","2020Q2","ZZZZ2","All countries excluding Ireland,United Kingdom and EU272020","G","Wholesale and Retail Trade (G)","Thousand",""
"QLF59C01","Persons aged 15 years and over in Employment","20202","2020Q2","ZZZZ2","All countries excluding Ireland,United Kingdom and EU272020","H","Transportation and Storage (H)","Thousand",""
"QLF59C01","Persons aged 15 years and over in Employment","20202","2020Q2","ZZZZ2","All countries excluding Ireland,United Kingdom and EU272020","I","Accommodation and Food Service Activities (I)","Thousand",""
"QLF59C01","Persons aged 15 years and over in Employment","20202","2020Q2","ZZZZ2","All countries excluding Ireland,United Kingdom and EU272020","ZZ210228","Information and Communication (J,K)","Thousand",""
"QLF59C01","Persons aged 15 years and over in Employment","20202","2020Q2","ZZZZ2","All countries excluding Ireland,United Kingdom and EU272020","N","Professional, Scientific and Technical Activities (N)","Thousand",""
"QLF59C01","Persons aged 15 years and over in Employment","20202","2020Q2","ZZZZ2","All countries excluding Ireland,United Kingdom and EU272020","O","Administrative and Support Service Activities (O)","Thousand",""
"QLF59C01","Persons aged 15 years and over in Employment","20202","2020Q2","ZZZZ2","All countries excluding Ireland,United Kingdom and EU272020","P","Public Administration and Defence; Compulsory Social Security (P)","Thousand",""
"QLF59C01","Persons aged 15 years and over in Employment","20202","2020Q2","ZZZZ2","All countries excluding Ireland,United Kingdom and EU272020","Q","Education (Q)","Thousand",""
"QLF59C01","Persons aged 15 years and over in Employment","20202","2020Q2","ZZZZ2","All countries excluding Ireland,United Kingdom and EU272020","R","Human Health and Social Work Activities (R)","Thousand",""
"QLF59C01","Persons aged 15 years and over in Employment","20202","2020Q2","ZZZZ2","All countries excluding Ireland,United Kingdom and EU272020","ZZ210011","Industry (B-E)","Thousand",""
"QLF59C01","Persons aged 15 years and over in Employment","20202","2020Q2","ZZZZ2","All countries excluding Ireland,United Kingdom and EU272020","ZZ210010","Industry and Construction (B-F)","Thousand",""
"QLF59C01","Persons aged 15 years and over in Employment","20202","2020Q2","ZZZZ2","All countries excluding Ireland,United Kingdom and EU272020","ZZ210023","Services (G-V)","Thousand",""
"QLF59C01","Persons aged 15 years and over in Employment","20202","2020Q2","ZZZZ2","All countries excluding Ireland,United Kingdom and EU272020","ZZ210221","Financial, Insurance and Real Estate Activities (L,M)","Thousand",""
"QLF59C01","Persons aged 15 years and over in Employment","20202","2020Q2","ZZZZ2","All countries excluding Ireland,United Kingdom and EU272020","ZZ210224","Other NACE Activities (S to V)","Thousand",""
"QLF59C01","Persons aged 15 years and over in Employment","20202","2020Q2","ZZZZ2","All countries excluding Ireland,United Kingdom and EU272020","ZZ219990","NACE Unknown","Thousand",""
"QLF59C01","Persons aged 15 years and over in Employment","20203","2020Q3","-","All Countries","-","All NACE Economic Sectors (A-V)","Thousand",""
"QLF59C01","Persons aged 15 years and over in Employment","20203","2020Q3","-","All Countries","A","Agriculture, Forestry and Fishing (A)","Thousand",""
"QLF59C01","Persons aged 15 years and over in Employment","20203","2020Q3","-","All Countries","F","Construction (F)","Thousand",""
"QLF59C01","Persons aged 15 years and over in Employment","20203","2020Q3","-","All Countries","G","Wholesale and Retail Trade (G)","Thousand",""
"QLF59C01","Persons aged 15 years and over in Employment","20203","2020Q3","-","All Countries","H","Transportation and Storage (H)","Thousand",""
"QLF59C01","Persons aged 15 years and over in Employment","20203","2020Q3","-","All Countries","I","Accommodation and Food Service Activities (I)","Thousand",""
"QLF59C01","Persons aged 15 years and over in Employment","20203","2020Q3","-","All Countries","ZZ210228","Information and Communication (J,K)","Thousand",""
"QLF59C01","Persons aged 15 years and over in Employment","20203","2020Q3","-","All Countries","N","Professional, Scientific and Technical Activities (N)","Thousand",""
"QLF59C01","Persons aged 15 years and over in Employment","20203","2020Q3","-","All Countries","O","Administrative and Support Service Activities (O)","Thousand",""
"QLF59C01","Persons aged 15 years and over in Employment","20203","2020Q3","-","All Countries","P","Public Administration and Defence; Compulsory Social Security (P)","Thousand",""
"QLF59C01","Persons aged 15 years and over in Employment","20203","2020Q3","-","All Countries","Q","Education (Q)","Thousand",""
"QLF59C01","Persons aged 15 years and over in Employment","20203","2020Q3","-","All Countries","R","Human Health and Social Work Activities (R)","Thousand",""
"QLF59C01","Persons aged 15 years and over in Employment","20203","2020Q3","-","All Countries","ZZ210011","Industry (B-E)","Thousand",""
"QLF59C01","Persons aged 15 years and over in Employment","20203","2020Q3","-","All Countries","ZZ210010","Industry and Construction (B-F)","Thousand",""
"QLF59C01","Persons aged 15 years and over in Employment","20203","2020Q3","-","All Countries","ZZ210023","Services (G-V)","Thousand",""
"QLF59C01","Persons aged 15 years and over in Employment","20203","2020Q3","-","All Countries","ZZ210221","Financial, Insurance and Real Estate Activities (L,M)","Thousand",""
"QLF59C01","Persons aged 15 years and over in Employment","20203","2020Q3","-","All Countries","ZZ210224","Other NACE Activities (S to V)","Thousand",""
"QLF59C01","Persons aged 15 years and over in Employment","20203","2020Q3","-","All Countries","ZZ219990","NACE Unknown","Thousand",""
"QLF59C01","Persons aged 15 years and over in Employment","20203","2020Q3","E1420XIE","EU14 excl Irl (countries in the EU pre 2004 excluding UK & Ireland)","-","All NACE Economic Sectors (A-V)","Thousand",""
"QLF59C01","Persons aged 15 years and over in Employment","20203","2020Q3","E1420XIE","EU14 excl Irl (countries in the EU pre 2004 excluding UK & Ireland)","A","Agriculture, Forestry and Fishing (A)","Thousand",""
"QLF59C01","Persons aged 15 years and over in Employment","20203","2020Q3","E1420XIE","EU14 excl Irl (countries in the EU pre 2004 excluding UK & Ireland)","F","Construction (F)","Thousand",""
"QLF59C01","Persons aged 15 years and over in Employment","20203","2020Q3","E1420XIE","EU14 excl Irl (countries in the EU pre 2004 excluding UK & Ireland)","G","Wholesale and Retail Trade (G)","Thousand",""
"QLF59C01","Persons aged 15 years and over in Employment","20203","2020Q3","E1420XIE","EU14 excl Irl (countries in the EU pre 2004 excluding UK & Ireland)","H","Transportation and Storage (H)","Thousand",""
"QLF59C01","Persons aged 15 years and over in Employment","20203","2020Q3","E1420XIE","EU14 excl Irl (countries in the EU pre 2004 excluding UK & Ireland)","I","Accommodation and Food Service Activities (I)","Thousand",""
"QLF59C01","Persons aged 15 years and over in Employment","20203","2020Q3","E1420XIE","EU14 excl Irl (countries in the EU pre 2004 excluding UK & Ireland)","ZZ210228","Information and Communication (J,K)","Thousand",""
"QLF59C01","Persons aged 15 years and over in Employment","20203","2020Q3","E1420XIE","EU14 excl Irl (countries in the EU pre 2004 excluding UK & Ireland)","N","Professional, Scientific and Technical Activities (N)","Thousand",""
"QLF59C01","Persons aged 15 years and over in Employment","20203","2020Q3","E1420XIE","EU14 excl Irl (countries in the EU pre 2004 excluding UK & Ireland)","O","Administrative and Support Service Activities (O)","Thousand",""
"QLF59C01","Persons aged 15 years and over in Employment","20203","2020Q3","E1420XIE","EU14 excl Irl (countries in the EU pre 2004 excluding UK & Ireland)","P","Public Administration and Defence; Compulsory Social Security (P)","Thousand",""
"QLF59C01","Persons aged 15 years and over in Employment","20203","2020Q3","E1420XIE","EU14 excl Irl (countries in the EU pre 2004 excluding UK & Ireland)","Q","Education (Q)","Thousand",""
"QLF59C01","Persons aged 15 years and over in Employment","20203","2020Q3","E1420XIE","EU14 excl Irl (countries in the EU pre 2004 excluding UK & Ireland)","R","Human Health and Social Work Activities (R)","Thousand",""
"QLF59C01","Persons aged 15 years and over in Employment","20203","2020Q3","E1420XIE","EU14 excl Irl (countries in the EU pre 2004 excluding UK & Ireland)","ZZ210011","Industry (B-E)","Thousand",""
"QLF59C01","Persons aged 15 years and over in Employment","20203","2020Q3","E1420XIE","EU14 excl Irl (countries in the EU pre 2004 excluding UK & Ireland)","ZZ210010","Industry and Construction (B-F)","Thousand",""
"QLF59C01","Persons aged 15 years and over in Employment","20203","2020Q3","E1420XIE","EU14 excl Irl (countries in the EU pre 2004 excluding UK & Ireland)","ZZ210023","Services (G-V)","Thousand",""
"QLF59C01","Persons aged 15 years and over in Employment","20203","2020Q3","E1420XIE","EU14 excl Irl (countries in the EU pre 2004 excluding UK & Ireland)","ZZ210221","Financial, Insurance and Real Estate Activities (L,M)","Thousand",""
"QLF59C01","Persons aged 15 years and over in Employment","20203","2020Q3","E1420XIE","EU14 excl Irl (countries in the EU pre 2004 excluding UK & Ireland)","ZZ210224","Other NACE Activities (S to V)","Thousand",""
"QLF59C01","Persons aged 15 years and over in Employment","20203","2020Q3","E1420XIE","EU14 excl Irl (countries in the EU pre 2004 excluding UK & Ireland)","ZZ219990","NACE Unknown","Thousand",""
"QLF59C01","Persons aged 15 years and over in Employment","20203","2020Q3","E15E2720","EU15 to EU27 (accession countries joined post 2004)","-","All NACE Economic Sectors (A-V)","Thousand",""
"QLF59C01","Persons aged 15 years and over in Employment","20203","2020Q3","E15E2720","EU15 to EU27 (accession countries joined post 2004)","A","Agriculture, Forestry and Fishing (A)","Thousand",""
"QLF59C01","Persons aged 15 years and over in Employment","20203","2020Q3","E15E2720","EU15 to EU27 (accession countries joined post 2004)","F","Construction (F)","Thousand",""
"QLF59C01","Persons aged 15 years and over in Employment","20203","2020Q3","E15E2720","EU15 to EU27 (accession countries joined post 2004)","G","Wholesale and Retail Trade (G)","Thousand",""
"QLF59C01","Persons aged 15 years and over in Employment","20203","2020Q3","E15E2720","EU15 to EU27 (accession countries joined post 2004)","H","Transportation and Storage (H)","Thousand",""
"QLF59C01","Persons aged 15 years and over in Employment","20203","2020Q3","E15E2720","EU15 to EU27 (accession countries joined post 2004)","I","Accommodation and Food Service Activities (I)","Thousand",""
"QLF59C01","Persons aged 15 years and over in Employment","20203","2020Q3","E15E2720","EU15 to EU27 (accession countries joined post 2004)","ZZ210228","Information and Communication (J,K)","Thousand",""
"QLF59C01","Persons aged 15 years and over in Employment","20203","2020Q3","E15E2720","EU15 to EU27 (accession countries joined post 2004)","N","Professional, Scientific and Technical Activities (N)","Thousand",""
"QLF59C01","Persons aged 15 years and over in Employment","20203","2020Q3","E15E2720","EU15 to EU27 (accession countries joined post 2004)","O","Administrative and Support Service Activities (O)","Thousand",""
"QLF59C01","Persons aged 15 years and over in Employment","20203","2020Q3","E15E2720","EU15 to EU27 (accession countries joined post 2004)","P","Public Administration and Defence; Compulsory Social Security (P)","Thousand",""
"QLF59C01","Persons aged 15 years and over in Employment","20203","2020Q3","E15E2720","EU15 to EU27 (accession countries joined post 2004)","Q","Education (Q)","Thousand",""
"QLF59C01","Persons aged 15 years and over in Employment","20203","2020Q3","E15E2720","EU15 to EU27 (accession countries joined post 2004)","R","Human Health and Social Work Activities (R)","Thousand",""
"QLF59C01","Persons aged 15 years and over in Employment","20203","2020Q3","E15E2720","EU15 to EU27 (accession countries joined post 2004)","ZZ210011","Industry (B-E)","Thousand",""
"QLF59C01","Persons aged 15 years and over in Employment","20203","2020Q3","E15E2720","EU15 to EU27 (accession countries joined post 2004)","ZZ210010","Industry and Construction (B-F)","Thousand",""
"QLF59C01","Persons aged 15 years and over in Employment","20203","2020Q3","E15E2720","EU15 to EU27 (accession countries joined post 2004)","ZZ210023","Services (G-V)","Thousand",""
"QLF59C01","Persons aged 15 years and over in Employment","20203","2020Q3","E15E2720","EU15 to EU27 (accession countries joined post 2004)","ZZ210221","Financial, Insurance and Real Estate Activities (L,M)","Thousand",""
"QLF59C01","Persons aged 15 years and over in Employment","20203","2020Q3","E15E2720","EU15 to EU27 (accession countries joined post 2004)","ZZ210224","Other NACE Activities (S to V)","Thousand",""
"QLF59C01","Persons aged 15 years and over in Employment","20203","2020Q3","E15E2720","EU15 to EU27 (accession countries joined post 2004)","ZZ219990","NACE Unknown","Thousand",""
"QLF59C01","Persons aged 15 years and over in Employment","20203","2020Q3","GB","United Kingdom","-","All NACE Economic Sectors (A-V)","Thousand",""
"QLF59C01","Persons aged 15 years and over in Employment","20203","2020Q3","GB","United Kingdom","A","Agriculture, Forestry and Fishing (A)","Thousand",""
"QLF59C01","Persons aged 15 years and over in Employment","20203","2020Q3","GB","United Kingdom","F","Construction (F)","Thousand",""
"QLF59C01","Persons aged 15 years and over in Employment","20203","2020Q3","GB","United Kingdom","G","Wholesale and Retail Trade (G)","Thousand",""
"QLF59C01","Persons aged 15 years and over in Employment","20203","2020Q3","GB","United Kingdom","H","Transportation and Storage (H)","Thousand",""
"QLF59C01","Persons aged 15 years and over in Employment","20203","2020Q3","GB","United Kingdom","I","Accommodation and Food Service Activities (I)","Thousand",""
"QLF59C01","Persons aged 15 years and over in Employment","20203","2020Q3","GB","United Kingdom","ZZ210228","Information and Communication (J,K)","Thousand",""
"QLF59C01","Persons aged 15 years and over in Employment","20203","2020Q3","GB","United Kingdom","N","Professional, Scientific and Technical Activities (N)","Thousand",""
"QLF59C01","Persons aged 15 years and over in Employment","20203","2020Q3","GB","United Kingdom","O","Administrative and Support Service Activities (O)","Thousand",""
"QLF59C01","Persons aged 15 years and over in Employment","20203","2020Q3","GB","United Kingdom","P","Public Administration and Defence; Compulsory Social Security (P)","Thousand",""
"QLF59C01","Persons aged 15 years and over in Employment","20203","2020Q3","GB","United Kingdom","Q","Education (Q)","Thousand",""
"QLF59C01","Persons aged 15 years and over in Employment","20203","2020Q3","GB","United Kingdom","R","Human Health and Social Work Activities (R)","Thousand",""
"QLF59C01","Persons aged 15 years and over in Employment","20203","2020Q3","GB","United Kingdom","ZZ210011","Industry (B-E)","Thousand",""
"QLF59C01","Persons aged 15 years and over in Employment","20203","2020Q3","GB","United Kingdom","ZZ210010","Industry and Construction (B-F)","Thousand",""
"QLF59C01","Persons aged 15 years and over in Employment","20203","2020Q3","GB","United Kingdom","ZZ210023","Services (G-V)","Thousand",""
"QLF59C01","Persons aged 15 years and over in Employment","20203","2020Q3","GB","United Kingdom","ZZ210221","Financial, Insurance and Real Estate Activities (L,M)","Thousand",""
"QLF59C01","Persons aged 15 years and over in Employment","20203","2020Q3","GB","United Kingdom","ZZ210224","Other NACE Activities (S to V)","Thousand",""
"QLF59C01","Persons aged 15 years and over in Employment","20203","2020Q3","GB","United Kingdom","ZZ219990","NACE Unknown","Thousand",""
"QLF59C01","Persons aged 15 years and over in Employment","20203","2020Q3","IE","Ireland","-","All NACE Economic Sectors (A-V)","Thousand",""
"QLF59C01","Persons aged 15 years and over in Employment","20203","2020Q3","IE","Ireland","A","Agriculture, Forestry and Fishing (A)","Thousand",""
"QLF59C01","Persons aged 15 years and over in Employment","20203","2020Q3","IE","Ireland","F","Construction (F)","Thousand",""
"QLF59C01","Persons aged 15 years and over in Employment","20203","2020Q3","IE","Ireland","G","Wholesale and Retail Trade (G)","Thousand",""
"QLF59C01","Persons aged 15 years and over in Employment","20203","2020Q3","IE","Ireland","H","Transportation and Storage (H)","Thousand",""
"QLF59C01","Persons aged 15 years and over in Employment","20203","2020Q3","IE","Ireland","I","Accommodation and Food Service Activities (I)","Thousand",""
"QLF59C01","Persons aged 15 years and over in Employment","20203","2020Q3","IE","Ireland","ZZ210228","Information and Communication (J,K)","Thousand",""
"QLF59C01","Persons aged 15 years and over in Employment","20203","2020Q3","IE","Ireland","N","Professional, Scientific and Technical Activities (N)","Thousand",""
"QLF59C01","Persons aged 15 years and over in Employment","20203","2020Q3","IE","Ireland","O","Administrative and Support Service Activities (O)","Thousand",""
"QLF59C01","Persons aged 15 years and over in Employment","20203","2020Q3","IE","Ireland","P","Public Administration and Defence; Compulsory Social Security (P)","Thousand",""
"QLF59C01","Persons aged 15 years and over in Employment","20203","2020Q3","IE","Ireland","Q","Education (Q)","Thousand",""
"QLF59C01","Persons aged 15 years and over in Employment","20203","2020Q3","IE","Ireland","R","Human Health and Social Work Activities (R)","Thousand",""
"QLF59C01","Persons aged 15 years and over in Employment","20203","2020Q3","IE","Ireland","ZZ210011","Industry (B-E)","Thousand",""
"QLF59C01","Persons aged 15 years and over in Employment","20203","2020Q3","IE","Ireland","ZZ210010","Industry and Construction (B-F)","Thousand",""
"QLF59C01","Persons aged 15 years and over in Employment","20203","2020Q3","IE","Ireland","ZZ210023","Services (G-V)","Thousand",""
"QLF59C01","Persons aged 15 years and over in Employment","20203","2020Q3","IE","Ireland","ZZ210221","Financial, Insurance and Real Estate Activities (L,M)","Thousand",""
"QLF59C01","Persons aged 15 years and over in Employment","20203","2020Q3","IE","Ireland","ZZ210224","Other NACE Activities (S to V)","Thousand",""
"QLF59C01","Persons aged 15 years and over in Employment","20203","2020Q3","IE","Ireland","ZZ219990","NACE Unknown","Thousand",""
"QLF59C01","Persons aged 15 years and over in Employment","20203","2020Q3","ZZZZ1","All countries excluding Ireland","-","All NACE Economic Sectors (A-V)","Thousand",""
"QLF59C01","Persons aged 15 years and over in Employment","20203","2020Q3","ZZZZ1","All countries excluding Ireland","A","Agriculture, Forestry and Fishing (A)","Thousand",""
"QLF59C01","Persons aged 15 years and over in Employment","20203","2020Q3","ZZZZ1","All countries excluding Ireland","F","Construction (F)","Thousand",""
"QLF59C01","Persons aged 15 years and over in Employment","20203","2020Q3","ZZZZ1","All countries excluding Ireland","G","Wholesale and Retail Trade (G)","Thousand",""
"QLF59C01","Persons aged 15 years and over in Employment","20203","2020Q3","ZZZZ1","All countries excluding Ireland","H","Transportation and Storage (H)","Thousand",""
"QLF59C01","Persons aged 15 years and over in Employment","20203","2020Q3","ZZZZ1","All countries excluding Ireland","I","Accommodation and Food Service Activities (I)","Thousand",""
"QLF59C01","Persons aged 15 years and over in Employment","20203","2020Q3","ZZZZ1","All countries excluding Ireland","ZZ210228","Information and Communication (J,K)","Thousand",""
"QLF59C01","Persons aged 15 years and over in Employment","20203","2020Q3","ZZZZ1","All countries excluding Ireland","N","Professional, Scientific and Technical Activities (N)","Thousand",""
"QLF59C01","Persons aged 15 years and over in Employment","20203","2020Q3","ZZZZ1","All countries excluding Ireland","O","Administrative and Support Service Activities (O)","Thousand",""
"QLF59C01","Persons aged 15 years and over in Employment","20203","2020Q3","ZZZZ1","All countries excluding Ireland","P","Public Administration and Defence; Compulsory Social Security (P)","Thousand",""
"QLF59C01","Persons aged 15 years and over in Employment","20203","2020Q3","ZZZZ1","All countries excluding Ireland","Q","Education (Q)","Thousand",""
"QLF59C01","Persons aged 15 years and over in Employment","20203","2020Q3","ZZZZ1","All countries excluding Ireland","R","Human Health and Social Work Activities (R)","Thousand",""
"QLF59C01","Persons aged 15 years and over in Employment","20203","2020Q3","ZZZZ1","All countries excluding Ireland","ZZ210011","Industry (B-E)","Thousand",""
"QLF59C01","Persons aged 15 years and over in Employment","20203","2020Q3","ZZZZ1","All countries excluding Ireland","ZZ210010","Industry and Construction (B-F)","Thousand",""
"QLF59C01","Persons aged 15 years and over in Employment","20203","2020Q3","ZZZZ1","All countries excluding Ireland","ZZ210023","Services (G-V)","Thousand",""
"QLF59C01","Persons aged 15 years and over in Employment","20203","2020Q3","ZZZZ1","All countries excluding Ireland","ZZ210221","Financial, Insurance and Real Estate Activities (L,M)","Thousand",""
"QLF59C01","Persons aged 15 years and over in Employment","20203","2020Q3","ZZZZ1","All countries excluding Ireland","ZZ210224","Other NACE Activities (S to V)","Thousand",""
"QLF59C01","Persons aged 15 years and over in Employment","20203","2020Q3","ZZZZ1","All countries excluding Ireland","ZZ219990","NACE Unknown","Thousand",""
"QLF59C01","Persons aged 15 years and over in Employment","20203","2020Q3","ZZZZ2","All countries excluding Ireland,United Kingdom and EU272020","-","All NACE Economic Sectors (A-V)","Thousand",""
"QLF59C01","Persons aged 15 years and over in Employment","20203","2020Q3","ZZZZ2","All countries excluding Ireland,United Kingdom and EU272020","A","Agriculture, Forestry and Fishing (A)","Thousand",""
"QLF59C01","Persons aged 15 years and over in Employment","20203","2020Q3","ZZZZ2","All countries excluding Ireland,United Kingdom and EU272020","F","Construction (F)","Thousand",""
"QLF59C01","Persons aged 15 years and over in Employment","20203","2020Q3","ZZZZ2","All countries excluding Ireland,United Kingdom and EU272020","G","Wholesale and Retail Trade (G)","Thousand",""
"QLF59C01","Persons aged 15 years and over in Employment","20203","2020Q3","ZZZZ2","All countries excluding Ireland,United Kingdom and EU272020","H","Transportation and Storage (H)","Thousand",""
"QLF59C01","Persons aged 15 years and over in Employment","20203","2020Q3","ZZZZ2","All countries excluding Ireland,United Kingdom and EU272020","I","Accommodation and Food Service Activities (I)","Thousand",""
"QLF59C01","Persons aged 15 years and over in Employment","20203","2020Q3","ZZZZ2","All countries excluding Ireland,United Kingdom and EU272020","ZZ210228","Information and Communication (J,K)","Thousand",""
"QLF59C01","Persons aged 15 years and over in Employment","20203","2020Q3","ZZZZ2","All countries excluding Ireland,United Kingdom and EU272020","N","Professional, Scientific and Technical Activities (N)","Thousand",""
"QLF59C01","Persons aged 15 years and over in Employment","20203","2020Q3","ZZZZ2","All countries excluding Ireland,United Kingdom and EU272020","O","Administrative and Support Service Activities (O)","Thousand",""
"QLF59C01","Persons aged 15 years and over in Employment","20203","2020Q3","ZZZZ2","All countries excluding Ireland,United Kingdom and EU272020","P","Public Administration and Defence; Compulsory Social Security (P)","Thousand",""
"QLF59C01","Persons aged 15 years and over in Employment","20203","2020Q3","ZZZZ2","All countries excluding Ireland,United Kingdom and EU272020","Q","Education (Q)","Thousand",""
"QLF59C01","Persons aged 15 years and over in Employment","20203","2020Q3","ZZZZ2","All countries excluding Ireland,United Kingdom and EU272020","R","Human Health and Social Work Activities (R)","Thousand",""
"QLF59C01","Persons aged 15 years and over in Employment","20203","2020Q3","ZZZZ2","All countries excluding Ireland,United Kingdom and EU272020","ZZ210011","Industry (B-E)","Thousand",""
"QLF59C01","Persons aged 15 years and over in Employment","20203","2020Q3","ZZZZ2","All countries excluding Ireland,United Kingdom and EU272020","ZZ210010","Industry and Construction (B-F)","Thousand",""
"QLF59C01","Persons aged 15 years and over in Employment","20203","2020Q3","ZZZZ2","All countries excluding Ireland,United Kingdom and EU272020","ZZ210023","Services (G-V)","Thousand",""
"QLF59C01","Persons aged 15 years and over in Employment","20203","2020Q3","ZZZZ2","All countries excluding Ireland,United Kingdom and EU272020","ZZ210221","Financial, Insurance and Real Estate Activities (L,M)","Thousand",""
"QLF59C01","Persons aged 15 years and over in Employment","20203","2020Q3","ZZZZ2","All countries excluding Ireland,United Kingdom and EU272020","ZZ210224","Other NACE Activities (S to V)","Thousand",""
"QLF59C01","Persons aged 15 years and over in Employment","20203","2020Q3","ZZZZ2","All countries excluding Ireland,United Kingdom and EU272020","ZZ219990","NACE Unknown","Thousand",""
"QLF59C01","Persons aged 15 years and over in Employment","20204","2020Q4","-","All Countries","-","All NACE Economic Sectors (A-V)","Thousand",""
"QLF59C01","Persons aged 15 years and over in Employment","20204","2020Q4","-","All Countries","A","Agriculture, Forestry and Fishing (A)","Thousand",""
"QLF59C01","Persons aged 15 years and over in Employment","20204","2020Q4","-","All Countries","F","Construction (F)","Thousand",""
"QLF59C01","Persons aged 15 years and over in Employment","20204","2020Q4","-","All Countries","G","Wholesale and Retail Trade (G)","Thousand",""
"QLF59C01","Persons aged 15 years and over in Employment","20204","2020Q4","-","All Countries","H","Transportation and Storage (H)","Thousand",""
"QLF59C01","Persons aged 15 years and over in Employment","20204","2020Q4","-","All Countries","I","Accommodation and Food Service Activities (I)","Thousand",""
"QLF59C01","Persons aged 15 years and over in Employment","20204","2020Q4","-","All Countries","ZZ210228","Information and Communication (J,K)","Thousand",""
"QLF59C01","Persons aged 15 years and over in Employment","20204","2020Q4","-","All Countries","N","Professional, Scientific and Technical Activities (N)","Thousand",""
"QLF59C01","Persons aged 15 years and over in Employment","20204","2020Q4","-","All Countries","O","Administrative and Support Service Activities (O)","Thousand",""
"QLF59C01","Persons aged 15 years and over in Employment","20204","2020Q4","-","All Countries","P","Public Administration and Defence; Compulsory Social Security (P)","Thousand",""
"QLF59C01","Persons aged 15 years and over in Employment","20204","2020Q4","-","All Countries","Q","Education (Q)","Thousand",""
"QLF59C01","Persons aged 15 years and over in Employment","20204","2020Q4","-","All Countries","R","Human Health and Social Work Activities (R)","Thousand",""
"QLF59C01","Persons aged 15 years and over in Employment","20204","2020Q4","-","All Countries","ZZ210011","Industry (B-E)","Thousand",""
"QLF59C01","Persons aged 15 years and over in Employment","20204","2020Q4","-","All Countries","ZZ210010","Industry and Construction (B-F)","Thousand",""
"QLF59C01","Persons aged 15 years and over in Employment","20204","2020Q4","-","All Countries","ZZ210023","Services (G-V)","Thousand",""
"QLF59C01","Persons aged 15 years and over in Employment","20204","2020Q4","-","All Countries","ZZ210221","Financial, Insurance and Real Estate Activities (L,M)","Thousand",""
"QLF59C01","Persons aged 15 years and over in Employment","20204","2020Q4","-","All Countries","ZZ210224","Other NACE Activities (S to V)","Thousand",""
"QLF59C01","Persons aged 15 years and over in Employment","20204","2020Q4","-","All Countries","ZZ219990","NACE Unknown","Thousand",""
"QLF59C01","Persons aged 15 years and over in Employment","20204","2020Q4","E1420XIE","EU14 excl Irl (countries in the EU pre 2004 excluding UK & Ireland)","-","All NACE Economic Sectors (A-V)","Thousand",""
"QLF59C01","Persons aged 15 years and over in Employment","20204","2020Q4","E1420XIE","EU14 excl Irl (countries in the EU pre 2004 excluding UK & Ireland)","A","Agriculture, Forestry and Fishing (A)","Thousand",""
"QLF59C01","Persons aged 15 years and over in Employment","20204","2020Q4","E1420XIE","EU14 excl Irl (countries in the EU pre 2004 excluding UK & Ireland)","F","Construction (F)","Thousand",""
"QLF59C01","Persons aged 15 years and over in Employment","20204","2020Q4","E1420XIE","EU14 excl Irl (countries in the EU pre 2004 excluding UK & Ireland)","G","Wholesale and Retail Trade (G)","Thousand",""
"QLF59C01","Persons aged 15 years and over in Employment","20204","2020Q4","E1420XIE","EU14 excl Irl (countries in the EU pre 2004 excluding UK & Ireland)","H","Transportation and Storage (H)","Thousand",""
"QLF59C01","Persons aged 15 years and over in Employment","20204","2020Q4","E1420XIE","EU14 excl Irl (countries in the EU pre 2004 excluding UK & Ireland)","I","Accommodation and Food Service Activities (I)","Thousand",""
"QLF59C01","Persons aged 15 years and over in Employment","20204","2020Q4","E1420XIE","EU14 excl Irl (countries in the EU pre 2004 excluding UK & Ireland)","ZZ210228","Information and Communication (J,K)","Thousand",""
"QLF59C01","Persons aged 15 years and over in Employment","20204","2020Q4","E1420XIE","EU14 excl Irl (countries in the EU pre 2004 excluding UK & Ireland)","N","Professional, Scientific and Technical Activities (N)","Thousand",""
"QLF59C01","Persons aged 15 years and over in Employment","20204","2020Q4","E1420XIE","EU14 excl Irl (countries in the EU pre 2004 excluding UK & Ireland)","O","Administrative and Support Service Activities (O)","Thousand",""
"QLF59C01","Persons aged 15 years and over in Employment","20204","2020Q4","E1420XIE","EU14 excl Irl (countries in the EU pre 2004 excluding UK & Ireland)","P","Public Administration and Defence; Compulsory Social Security (P)","Thousand",""
"QLF59C01","Persons aged 15 years and over in Employment","20204","2020Q4","E1420XIE","EU14 excl Irl (countries in the EU pre 2004 excluding UK & Ireland)","Q","Education (Q)","Thousand",""
"QLF59C01","Persons aged 15 years and over in Employment","20204","2020Q4","E1420XIE","EU14 excl Irl (countries in the EU pre 2004 excluding UK & Ireland)","R","Human Health and Social Work Activities (R)","Thousand",""
"QLF59C01","Persons aged 15 years and over in Employment","20204","2020Q4","E1420XIE","EU14 excl Irl (countries in the EU pre 2004 excluding UK & Ireland)","ZZ210011","Industry (B-E)","Thousand",""
"QLF59C01","Persons aged 15 years and over in Employment","20204","2020Q4","E1420XIE","EU14 excl Irl (countries in the EU pre 2004 excluding UK & Ireland)","ZZ210010","Industry and Construction (B-F)","Thousand",""
"QLF59C01","Persons aged 15 years and over in Employment","20204","2020Q4","E1420XIE","EU14 excl Irl (countries in the EU pre 2004 excluding UK & Ireland)","ZZ210023","Services (G-V)","Thousand",""
"QLF59C01","Persons aged 15 years and over in Employment","20204","2020Q4","E1420XIE","EU14 excl Irl (countries in the EU pre 2004 excluding UK & Ireland)","ZZ210221","Financial, Insurance and Real Estate Activities (L,M)","Thousand",""
"QLF59C01","Persons aged 15 years and over in Employment","20204","2020Q4","E1420XIE","EU14 excl Irl (countries in the EU pre 2004 excluding UK & Ireland)","ZZ210224","Other NACE Activities (S to V)","Thousand",""
"QLF59C01","Persons aged 15 years and over in Employment","20204","2020Q4","E1420XIE","EU14 excl Irl (countries in the EU pre 2004 excluding UK & Ireland)","ZZ219990","NACE Unknown","Thousand",""
"QLF59C01","Persons aged 15 years and over in Employment","20204","2020Q4","E15E2720","EU15 to EU27 (accession countries joined post 2004)","-","All NACE Economic Sectors (A-V)","Thousand",""
"QLF59C01","Persons aged 15 years and over in Employment","20204","2020Q4","E15E2720","EU15 to EU27 (accession countries joined post 2004)","A","Agriculture, Forestry and Fishing (A)","Thousand",""
"QLF59C01","Persons aged 15 years and over in Employment","20204","2020Q4","E15E2720","EU15 to EU27 (accession countries joined post 2004)","F","Construction (F)","Thousand",""
"QLF59C01","Persons aged 15 years and over in Employment","20204","2020Q4","E15E2720","EU15 to EU27 (accession countries joined post 2004)","G","Wholesale and Retail Trade (G)","Thousand",""
"QLF59C01","Persons aged 15 years and over in Employment","20204","2020Q4","E15E2720","EU15 to EU27 (accession countries joined post 2004)","H","Transportation and Storage (H)","Thousand",""
"QLF59C01","Persons aged 15 years and over in Employment","20204","2020Q4","E15E2720","EU15 to EU27 (accession countries joined post 2004)","I","Accommodation and Food Service Activities (I)","Thousand",""
"QLF59C01","Persons aged 15 years and over in Employment","20204","2020Q4","E15E2720","EU15 to EU27 (accession countries joined post 2004)","ZZ210228","Information and Communication (J,K)","Thousand",""
"QLF59C01","Persons aged 15 years and over in Employment","20204","2020Q4","E15E2720","EU15 to EU27 (accession countries joined post 2004)","N","Professional, Scientific and Technical Activities (N)","Thousand",""
"QLF59C01","Persons aged 15 years and over in Employment","20204","2020Q4","E15E2720","EU15 to EU27 (accession countries joined post 2004)","O","Administrative and Support Service Activities (O)","Thousand",""
"QLF59C01","Persons aged 15 years and over in Employment","20204","2020Q4","E15E2720","EU15 to EU27 (accession countries joined post 2004)","P","Public Administration and Defence; Compulsory Social Security (P)","Thousand",""
"QLF59C01","Persons aged 15 years and over in Employment","20204","2020Q4","E15E2720","EU15 to EU27 (accession countries joined post 2004)","Q","Education (Q)","Thousand",""
"QLF59C01","Persons aged 15 years and over in Employment","20204","2020Q4","E15E2720","EU15 to EU27 (accession countries joined post 2004)","R","Human Health and Social Work Activities (R)","Thousand",""
"QLF59C01","Persons aged 15 years and over in Employment","20204","2020Q4","E15E2720","EU15 to EU27 (accession countries joined post 2004)","ZZ210011","Industry (B-E)","Thousand",""
"QLF59C01","Persons aged 15 years and over in Employment","20204","2020Q4","E15E2720","EU15 to EU27 (accession countries joined post 2004)","ZZ210010","Industry and Construction (B-F)","Thousand",""
"QLF59C01","Persons aged 15 years and over in Employment","20204","2020Q4","E15E2720","EU15 to EU27 (accession countries joined post 2004)","ZZ210023","Services (G-V)","Thousand",""
"QLF59C01","Persons aged 15 years and over in Employment","20204","2020Q4","E15E2720","EU15 to EU27 (accession countries joined post 2004)","ZZ210221","Financial, Insurance and Real Estate Activities (L,M)","Thousand",""
"QLF59C01","Persons aged 15 years and over in Employment","20204","2020Q4","E15E2720","EU15 to EU27 (accession countries joined post 2004)","ZZ210224","Other NACE Activities (S to V)","Thousand",""
"QLF59C01","Persons aged 15 years and over in Employment","20204","2020Q4","E15E2720","EU15 to EU27 (accession countries joined post 2004)","ZZ219990","NACE Unknown","Thousand",""
"QLF59C01","Persons aged 15 years and over in Employment","20204","2020Q4","GB","United Kingdom","-","All NACE Economic Sectors (A-V)","Thousand",""
"QLF59C01","Persons aged 15 years and over in Employment","20204","2020Q4","GB","United Kingdom","A","Agriculture, Forestry and Fishing (A)","Thousand",""
"QLF59C01","Persons aged 15 years and over in Employment","20204","2020Q4","GB","United Kingdom","F","Construction (F)","Thousand",""
"QLF59C01","Persons aged 15 years and over in Employment","20204","2020Q4","GB","United Kingdom","G","Wholesale and Retail Trade (G)","Thousand",""
"QLF59C01","Persons aged 15 years and over in Employment","20204","2020Q4","GB","United Kingdom","H","Transportation and Storage (H)","Thousand",""
"QLF59C01","Persons aged 15 years and over in Employment","20204","2020Q4","GB","United Kingdom","I","Accommodation and Food Service Activities (I)","Thousand",""
"QLF59C01","Persons aged 15 years and over in Employment","20204","2020Q4","GB","United Kingdom","ZZ210228","Information and Communication (J,K)","Thousand",""
"QLF59C01","Persons aged 15 years and over in Employment","20204","2020Q4","GB","United Kingdom","N","Professional, Scientific and Technical Activities (N)","Thousand",""
"QLF59C01","Persons aged 15 years and over in Employment","20204","2020Q4","GB","United Kingdom","O","Administrative and Support Service Activities (O)","Thousand",""
"QLF59C01","Persons aged 15 years and over in Employment","20204","2020Q4","GB","United Kingdom","P","Public Administration and Defence; Compulsory Social Security (P)","Thousand",""
"QLF59C01","Persons aged 15 years and over in Employment","20204","2020Q4","GB","United Kingdom","Q","Education (Q)","Thousand",""
"QLF59C01","Persons aged 15 years and over in Employment","20204","2020Q4","GB","United Kingdom","R","Human Health and Social Work Activities (R)","Thousand",""
"QLF59C01","Persons aged 15 years and over in Employment","20204","2020Q4","GB","United Kingdom","ZZ210011","Industry (B-E)","Thousand",""
"QLF59C01","Persons aged 15 years and over in Employment","20204","2020Q4","GB","United Kingdom","ZZ210010","Industry and Construction (B-F)","Thousand",""
"QLF59C01","Persons aged 15 years and over in Employment","20204","2020Q4","GB","United Kingdom","ZZ210023","Services (G-V)","Thousand",""
"QLF59C01","Persons aged 15 years and over in Employment","20204","2020Q4","GB","United Kingdom","ZZ210221","Financial, Insurance and Real Estate Activities (L,M)","Thousand",""
"QLF59C01","Persons aged 15 years and over in Employment","20204","2020Q4","GB","United Kingdom","ZZ210224","Other NACE Activities (S to V)","Thousand",""
"QLF59C01","Persons aged 15 years and over in Employment","20204","2020Q4","GB","United Kingdom","ZZ219990","NACE Unknown","Thousand",""
"QLF59C01","Persons aged 15 years and over in Employment","20204","2020Q4","IE","Ireland","-","All NACE Economic Sectors (A-V)","Thousand",""
"QLF59C01","Persons aged 15 years and over in Employment","20204","2020Q4","IE","Ireland","A","Agriculture, Forestry and Fishing (A)","Thousand",""
"QLF59C01","Persons aged 15 years and over in Employment","20204","2020Q4","IE","Ireland","F","Construction (F)","Thousand",""
"QLF59C01","Persons aged 15 years and over in Employment","20204","2020Q4","IE","Ireland","G","Wholesale and Retail Trade (G)","Thousand",""
"QLF59C01","Persons aged 15 years and over in Employment","20204","2020Q4","IE","Ireland","H","Transportation and Storage (H)","Thousand",""
"QLF59C01","Persons aged 15 years and over in Employment","20204","2020Q4","IE","Ireland","I","Accommodation and Food Service Activities (I)","Thousand",""
"QLF59C01","Persons aged 15 years and over in Employment","20204","2020Q4","IE","Ireland","ZZ210228","Information and Communication (J,K)","Thousand",""
"QLF59C01","Persons aged 15 years and over in Employment","20204","2020Q4","IE","Ireland","N","Professional, Scientific and Technical Activities (N)","Thousand",""
"QLF59C01","Persons aged 15 years and over in Employment","20204","2020Q4","IE","Ireland","O","Administrative and Support Service Activities (O)","Thousand",""
"QLF59C01","Persons aged 15 years and over in Employment","20204","2020Q4","IE","Ireland","P","Public Administration and Defence; Compulsory Social Security (P)","Thousand",""
"QLF59C01","Persons aged 15 years and over in Employment","20204","2020Q4","IE","Ireland","Q","Education (Q)","Thousand",""
"QLF59C01","Persons aged 15 years and over in Employment","20204","2020Q4","IE","Ireland","R","Human Health and Social Work Activities (R)","Thousand",""
"QLF59C01","Persons aged 15 years and over in Employment","20204","2020Q4","IE","Ireland","ZZ210011","Industry (B-E)","Thousand",""
"QLF59C01","Persons aged 15 years and over in Employment","20204","2020Q4","IE","Ireland","ZZ210010","Industry and Construction (B-F)","Thousand",""
"QLF59C01","Persons aged 15 years and over in Employment","20204","2020Q4","IE","Ireland","ZZ210023","Services (G-V)","Thousand",""
"QLF59C01","Persons aged 15 years and over in Employment","20204","2020Q4","IE","Ireland","ZZ210221","Financial, Insurance and Real Estate Activities (L,M)","Thousand",""
"QLF59C01","Persons aged 15 years and over in Employment","20204","2020Q4","IE","Ireland","ZZ210224","Other NACE Activities (S to V)","Thousand",""
"QLF59C01","Persons aged 15 years and over in Employment","20204","2020Q4","IE","Ireland","ZZ219990","NACE Unknown","Thousand",""
"QLF59C01","Persons aged 15 years and over in Employment","20204","2020Q4","ZZZZ1","All countries excluding Ireland","-","All NACE Economic Sectors (A-V)","Thousand",""
"QLF59C01","Persons aged 15 years and over in Employment","20204","2020Q4","ZZZZ1","All countries excluding Ireland","A","Agriculture, Forestry and Fishing (A)","Thousand",""
"QLF59C01","Persons aged 15 years and over in Employment","20204","2020Q4","ZZZZ1","All countries excluding Ireland","F","Construction (F)","Thousand",""
"QLF59C01","Persons aged 15 years and over in Employment","20204","2020Q4","ZZZZ1","All countries excluding Ireland","G","Wholesale and Retail Trade (G)","Thousand",""
"QLF59C01","Persons aged 15 years and over in Employment","20204","2020Q4","ZZZZ1","All countries excluding Ireland","H","Transportation and Storage (H)","Thousand",""
"QLF59C01","Persons aged 15 years and over in Employment","20204","2020Q4","ZZZZ1","All countries excluding Ireland","I","Accommodation and Food Service Activities (I)","Thousand",""
"QLF59C01","Persons aged 15 years and over in Employment","20204","2020Q4","ZZZZ1","All countries excluding Ireland","ZZ210228","Information and Communication (J,K)","Thousand",""
"QLF59C01","Persons aged 15 years and over in Employment","20204","2020Q4","ZZZZ1","All countries excluding Ireland","N","Professional, Scientific and Technical Activities (N)","Thousand",""
"QLF59C01","Persons aged 15 years and over in Employment","20204","2020Q4","ZZZZ1","All countries excluding Ireland","O","Administrative and Support Service Activities (O)","Thousand",""
"QLF59C01","Persons aged 15 years and over in Employment","20204","2020Q4","ZZZZ1","All countries excluding Ireland","P","Public Administration and Defence; Compulsory Social Security (P)","Thousand",""
"QLF59C01","Persons aged 15 years and over in Employment","20204","2020Q4","ZZZZ1","All countries excluding Ireland","Q","Education (Q)","Thousand",""
"QLF59C01","Persons aged 15 years and over in Employment","20204","2020Q4","ZZZZ1","All countries excluding Ireland","R","Human Health and Social Work Activities (R)","Thousand",""
"QLF59C01","Persons aged 15 years and over in Employment","20204","2020Q4","ZZZZ1","All countries excluding Ireland","ZZ210011","Industry (B-E)","Thousand",""
"QLF59C01","Persons aged 15 years and over in Employment","20204","2020Q4","ZZZZ1","All countries excluding Ireland","ZZ210010","Industry and Construction (B-F)","Thousand",""
"QLF59C01","Persons aged 15 years and over in Employment","20204","2020Q4","ZZZZ1","All countries excluding Ireland","ZZ210023","Services (G-V)","Thousand",""
"QLF59C01","Persons aged 15 years and over in Employment","20204","2020Q4","ZZZZ1","All countries excluding Ireland","ZZ210221","Financial, Insurance and Real Estate Activities (L,M)","Thousand",""
"QLF59C01","Persons aged 15 years and over in Employment","20204","2020Q4","ZZZZ1","All countries excluding Ireland","ZZ210224","Other NACE Activities (S to V)","Thousand",""
"QLF59C01","Persons aged 15 years and over in Employment","20204","2020Q4","ZZZZ1","All countries excluding Ireland","ZZ219990","NACE Unknown","Thousand",""
"QLF59C01","Persons aged 15 years and over in Employment","20204","2020Q4","ZZZZ2","All countries excluding Ireland,United Kingdom and EU272020","-","All NACE Economic Sectors (A-V)","Thousand",""
"QLF59C01","Persons aged 15 years and over in Employment","20204","2020Q4","ZZZZ2","All countries excluding Ireland,United Kingdom and EU272020","A","Agriculture, Forestry and Fishing (A)","Thousand",""
"QLF59C01","Persons aged 15 years and over in Employment","20204","2020Q4","ZZZZ2","All countries excluding Ireland,United Kingdom and EU272020","F","Construction (F)","Thousand",""
"QLF59C01","Persons aged 15 years and over in Employment","20204","2020Q4","ZZZZ2","All countries excluding Ireland,United Kingdom and EU272020","G","Wholesale and Retail Trade (G)","Thousand",""
"QLF59C01","Persons aged 15 years and over in Employment","20204","2020Q4","ZZZZ2","All countries excluding Ireland,United Kingdom and EU272020","H","Transportation and Storage (H)","Thousand",""
"QLF59C01","Persons aged 15 years and over in Employment","20204","2020Q4","ZZZZ2","All countries excluding Ireland,United Kingdom and EU272020","I","Accommodation and Food Service Activities (I)","Thousand",""
"QLF59C01","Persons aged 15 years and over in Employment","20204","2020Q4","ZZZZ2","All countries excluding Ireland,United Kingdom and EU272020","ZZ210228","Information and Communication (J,K)","Thousand",""
"QLF59C01","Persons aged 15 years and over in Employment","20204","2020Q4","ZZZZ2","All countries excluding Ireland,United Kingdom and EU272020","N","Professional, Scientific and Technical Activities (N)","Thousand",""
"QLF59C01","Persons aged 15 years and over in Employment","20204","2020Q4","ZZZZ2","All countries excluding Ireland,United Kingdom and EU272020","O","Administrative and Support Service Activities (O)","Thousand",""
"QLF59C01","Persons aged 15 years and over in Employment","20204","2020Q4","ZZZZ2","All countries excluding Ireland,United Kingdom and EU272020","P","Public Administration and Defence; Compulsory Social Security (P)","Thousand",""
"QLF59C01","Persons aged 15 years and over in Employment","20204","2020Q4","ZZZZ2","All countries excluding Ireland,United Kingdom and EU272020","Q","Education (Q)","Thousand",""
"QLF59C01","Persons aged 15 years and over in Employment","20204","2020Q4","ZZZZ2","All countries excluding Ireland,United Kingdom and EU272020","R","Human Health and Social Work Activities (R)","Thousand",""
"QLF59C01","Persons aged 15 years and over in Employment","20204","2020Q4","ZZZZ2","All countries excluding Ireland,United Kingdom and EU272020","ZZ210011","Industry (B-E)","Thousand",""
"QLF59C01","Persons aged 15 years and over in Employment","20204","2020Q4","ZZZZ2","All countries excluding Ireland,United Kingdom and EU272020","ZZ210010","Industry and Construction (B-F)","Thousand",""
"QLF59C01","Persons aged 15 years and over in Employment","20204","2020Q4","ZZZZ2","All countries excluding Ireland,United Kingdom and EU272020","ZZ210023","Services (G-V)","Thousand",""
"QLF59C01","Persons aged 15 years and over in Employment","20204","2020Q4","ZZZZ2","All countries excluding Ireland,United Kingdom and EU272020","ZZ210221","Financial, Insurance and Real Estate Activities (L,M)","Thousand",""
"QLF59C01","Persons aged 15 years and over in Employment","20204","2020Q4","ZZZZ2","All countries excluding Ireland,United Kingdom and EU272020","ZZ210224","Other NACE Activities (S to V)","Thousand",""
"QLF59C01","Persons aged 15 years and over in Employment","20204","2020Q4","ZZZZ2","All countries excluding Ireland,United Kingdom and EU272020","ZZ219990","NACE Unknown","Thousand",""
"QLF59C01","Persons aged 15 years and over in Employment","20211","2021Q1","-","All Countries","-","All NACE Economic Sectors (A-V)","Thousand","2259.9"
"QLF59C01","Persons aged 15 years and over in Employment","20211","2021Q1","-","All Countries","A","Agriculture, Forestry and Fishing (A)","Thousand","108.6"
"QLF59C01","Persons aged 15 years and over in Employment","20211","2021Q1","-","All Countries","F","Construction (F)","Thousand","123.3"
"QLF59C01","Persons aged 15 years and over in Employment","20211","2021Q1","-","All Countries","G","Wholesale and Retail Trade (G)","Thousand","288.3"
"QLF59C01","Persons aged 15 years and over in Employment","20211","2021Q1","-","All Countries","H","Transportation and Storage (H)","Thousand","91.8"
"QLF59C01","Persons aged 15 years and over in Employment","20211","2021Q1","-","All Countries","I","Accommodation and Food Service Activities (I)","Thousand","101.8"
"QLF59C01","Persons aged 15 years and over in Employment","20211","2021Q1","-","All Countries","ZZ210228","Information and Communication (J,K)","Thousand","142.6"
"QLF59C01","Persons aged 15 years and over in Employment","20211","2021Q1","-","All Countries","N","Professional, Scientific and Technical Activities (N)","Thousand","146.6"
"QLF59C01","Persons aged 15 years and over in Employment","20211","2021Q1","-","All Countries","O","Administrative and Support Service Activities (O)","Thousand","82.3"
"QLF59C01","Persons aged 15 years and over in Employment","20211","2021Q1","-","All Countries","P","Public Administration and Defence; Compulsory Social Security (P)","Thousand","126"
"QLF59C01","Persons aged 15 years and over in Employment","20211","2021Q1","-","All Countries","Q","Education (Q)","Thousand","206.4"
"QLF59C01","Persons aged 15 years and over in Employment","20211","2021Q1","-","All Countries","R","Human Health and Social Work Activities (R)","Thousand","299.5"
"QLF59C01","Persons aged 15 years and over in Employment","20211","2021Q1","-","All Countries","ZZ210011","Industry (B-E)","Thousand","308.2"
"QLF59C01","Persons aged 15 years and over in Employment","20211","2021Q1","-","All Countries","ZZ210010","Industry and Construction (B-F)","Thousand","431.6"
"QLF59C01","Persons aged 15 years and over in Employment","20211","2021Q1","-","All Countries","ZZ210023","Services (G-V)","Thousand","1708"
"QLF59C01","Persons aged 15 years and over in Employment","20211","2021Q1","-","All Countries","ZZ210221","Financial, Insurance and Real Estate Activities (L,M)","Thousand","123.7"
"QLF59C01","Persons aged 15 years and over in Employment","20211","2021Q1","-","All Countries","ZZ210224","Other NACE Activities (S to V)","Thousand","99"
"QLF59C01","Persons aged 15 years and over in Employment","20211","2021Q1","-","All Countries","ZZ219990","NACE Unknown","Thousand","11.8"
"QLF59C01","Persons aged 15 years and over in Employment","20211","2021Q1","E1420XIE","EU14 excl Irl (countries in the EU pre 2004 excluding UK & Ireland)","-","All NACE Economic Sectors (A-V)","Thousand","60.7"
"QLF59C01","Persons aged 15 years and over in Employment","20211","2021Q1","E1420XIE","EU14 excl Irl (countries in the EU pre 2004 excluding UK & Ireland)","A","Agriculture, Forestry and Fishing (A)","Thousand",""
"QLF59C01","Persons aged 15 years and over in Employment","20211","2021Q1","E1420XIE","EU14 excl Irl (countries in the EU pre 2004 excluding UK & Ireland)","F","Construction (F)","Thousand",""
"QLF59C01","Persons aged 15 years and over in Employment","20211","2021Q1","E1420XIE","EU14 excl Irl (countries in the EU pre 2004 excluding UK & Ireland)","G","Wholesale and Retail Trade (G)","Thousand",""
"QLF59C01","Persons aged 15 years and over in Employment","20211","2021Q1","E1420XIE","EU14 excl Irl (countries in the EU pre 2004 excluding UK & Ireland)","H","Transportation and Storage (H)","Thousand",""
"QLF59C01","Persons aged 15 years and over in Employment","20211","2021Q1","E1420XIE","EU14 excl Irl (countries in the EU pre 2004 excluding UK & Ireland)","I","Accommodation and Food Service Activities (I)","Thousand",""
"QLF59C01","Persons aged 15 years and over in Employment","20211","2021Q1","E1420XIE","EU14 excl Irl (countries in the EU pre 2004 excluding UK & Ireland)","ZZ210228","Information and Communication (J,K)","Thousand",""
"QLF59C01","Persons aged 15 years and over in Employment","20211","2021Q1","E1420XIE","EU14 excl Irl (countries in the EU pre 2004 excluding UK & Ireland)","N","Professional, Scientific and Technical Activities (N)","Thousand",""
"QLF59C01","Persons aged 15 years and over in Employment","20211","2021Q1","E1420XIE","EU14 excl Irl (countries in the EU pre 2004 excluding UK & Ireland)","O","Administrative and Support Service Activities (O)","Thousand",""
"QLF59C01","Persons aged 15 years and over in Employment","20211","2021Q1","E1420XIE","EU14 excl Irl (countries in the EU pre 2004 excluding UK & Ireland)","P","Public Administration and Defence; Compulsory Social Security (P)","Thousand",""
"QLF59C01","Persons aged 15 years and over in Employment","20211","2021Q1","E1420XIE","EU14 excl Irl (countries in the EU pre 2004 excluding UK & Ireland)","Q","Education (Q)","Thousand",""
"QLF59C01","Persons aged 15 years and over in Employment","20211","2021Q1","E1420XIE","EU14 excl Irl (countries in the EU pre 2004 excluding UK & Ireland)","R","Human Health and Social Work Activities (R)","Thousand",""
"QLF59C01","Persons aged 15 years and over in Employment","20211","2021Q1","E1420XIE","EU14 excl Irl (countries in the EU pre 2004 excluding UK & Ireland)","ZZ210011","Industry (B-E)","Thousand","10.9"
"QLF59C01","Persons aged 15 years and over in Employment","20211","2021Q1","E1420XIE","EU14 excl Irl (countries in the EU pre 2004 excluding UK & Ireland)","ZZ210010","Industry and Construction (B-F)","Thousand","11.1"
"QLF59C01","Persons aged 15 years and over in Employment","20211","2021Q1","E1420XIE","EU14 excl Irl (countries in the EU pre 2004 excluding UK & Ireland)","ZZ210023","Services (G-V)","Thousand","48.8"
"QLF59C01","Persons aged 15 years and over in Employment","20211","2021Q1","E1420XIE","EU14 excl Irl (countries in the EU pre 2004 excluding UK & Ireland)","ZZ210221","Financial, Insurance and Real Estate Activities (L,M)","Thousand",""
"QLF59C01","Persons aged 15 years and over in Employment","20211","2021Q1","E1420XIE","EU14 excl Irl (countries in the EU pre 2004 excluding UK & Ireland)","ZZ210224","Other NACE Activities (S to V)","Thousand",""
"QLF59C01","Persons aged 15 years and over in Employment","20211","2021Q1","E1420XIE","EU14 excl Irl (countries in the EU pre 2004 excluding UK & Ireland)","ZZ219990","NACE Unknown","Thousand",""
"QLF59C01","Persons aged 15 years and over in Employment","20211","2021Q1","E15E2720","EU15 to EU27 (accession countries joined post 2004)","-","All NACE Economic Sectors (A-V)","Thousand","137.1"
"QLF59C01","Persons aged 15 years and over in Employment","20211","2021Q1","E15E2720","EU15 to EU27 (accession countries joined post 2004)","A","Agriculture, Forestry and Fishing (A)","Thousand",""
"QLF59C01","Persons aged 15 years and over in Employment","20211","2021Q1","E15E2720","EU15 to EU27 (accession countries joined post 2004)","F","Construction (F)","Thousand",""
"QLF59C01","Persons aged 15 years and over in Employment","20211","2021Q1","E15E2720","EU15 to EU27 (accession countries joined post 2004)","G","Wholesale and Retail Trade (G)","Thousand","27.8"
"QLF59C01","Persons aged 15 years and over in Employment","20211","2021Q1","E15E2720","EU15 to EU27 (accession countries joined post 2004)","H","Transportation and Storage (H)","Thousand",""
"QLF59C01","Persons aged 15 years and over in Employment","20211","2021Q1","E15E2720","EU15 to EU27 (accession countries joined post 2004)","I","Accommodation and Food Service Activities (I)","Thousand",""
"QLF59C01","Persons aged 15 years and over in Employment","20211","2021Q1","E15E2720","EU15 to EU27 (accession countries joined post 2004)","ZZ210228","Information and Communication (J,K)","Thousand",""
"QLF59C01","Persons aged 15 years and over in Employment","20211","2021Q1","E15E2720","EU15 to EU27 (accession countries joined post 2004)","N","Professional, Scientific and Technical Activities (N)","Thousand",""
"QLF59C01","Persons aged 15 years and over in Employment","20211","2021Q1","E15E2720","EU15 to EU27 (accession countries joined post 2004)","O","Administrative and Support Service Activities (O)","Thousand",""
"QLF59C01","Persons aged 15 years and over in Employment","20211","2021Q1","E15E2720","EU15 to EU27 (accession countries joined post 2004)","P","Public Administration and Defence; Compulsory Social Security (P)","Thousand",""
"QLF59C01","Persons aged 15 years and over in Employment","20211","2021Q1","E15E2720","EU15 to EU27 (accession countries joined post 2004)","Q","Education (Q)","Thousand",""
"QLF59C01","Persons aged 15 years and over in Employment","20211","2021Q1","E15E2720","EU15 to EU27 (accession countries joined post 2004)","R","Human Health and Social Work Activities (R)","Thousand","12.2"
"QLF59C01","Persons aged 15 years and over in Employment","20211","2021Q1","E15E2720","EU15 to EU27 (accession countries joined post 2004)","ZZ210011","Industry (B-E)","Thousand","28.1"
"QLF59C01","Persons aged 15 years and over in Employment","20211","2021Q1","E15E2720","EU15 to EU27 (accession countries joined post 2004)","ZZ210010","Industry and Construction (B-F)","Thousand","36.2"
"QLF59C01","Persons aged 15 years and over in Employment","20211","2021Q1","E15E2720","EU15 to EU27 (accession countries joined post 2004)","ZZ210023","Services (G-V)","Thousand","97"
"QLF59C01","Persons aged 15 years and over in Employment","20211","2021Q1","E15E2720","EU15 to EU27 (accession countries joined post 2004)","ZZ210221","Financial, Insurance and Real Estate Activities (L,M)","Thousand",""
"QLF59C01","Persons aged 15 years and over in Employment","20211","2021Q1","E15E2720","EU15 to EU27 (accession countries joined post 2004)","ZZ210224","Other NACE Activities (S to V)","Thousand",""
"QLF59C01","Persons aged 15 years and over in Employment","20211","2021Q1","E15E2720","EU15 to EU27 (accession countries joined post 2004)","ZZ219990","NACE Unknown","Thousand",""
"QLF59C01","Persons aged 15 years and over in Employment","20211","2021Q1","GB","United Kingdom","-","All NACE Economic Sectors (A-V)","Thousand","46.4"
"QLF59C01","Persons aged 15 years and over in Employment","20211","2021Q1","GB","United Kingdom","A","Agriculture, Forestry and Fishing (A)","Thousand",""
"QLF59C01","Persons aged 15 years and over in Employment","20211","2021Q1","GB","United Kingdom","F","Construction (F)","Thousand",""
"QLF59C01","Persons aged 15 years and over in Employment","20211","2021Q1","GB","United Kingdom","G","Wholesale and Retail Trade (G)","Thousand",""
"QLF59C01","Persons aged 15 years and over in Employment","20211","2021Q1","GB","United Kingdom","H","Transportation and Storage (H)","Thousand",""
"QLF59C01","Persons aged 15 years and over in Employment","20211","2021Q1","GB","United Kingdom","I","Accommodation and Food Service Activities (I)","Thousand",""
"QLF59C01","Persons aged 15 years and over in Employment","20211","2021Q1","GB","United Kingdom","ZZ210228","Information and Communication (J,K)","Thousand",""
"QLF59C01","Persons aged 15 years and over in Employment","20211","2021Q1","GB","United Kingdom","N","Professional, Scientific and Technical Activities (N)","Thousand",""
"QLF59C01","Persons aged 15 years and over in Employment","20211","2021Q1","GB","United Kingdom","O","Administrative and Support Service Activities (O)","Thousand",""
"QLF59C01","Persons aged 15 years and over in Employment","20211","2021Q1","GB","United Kingdom","P","Public Administration and Defence; Compulsory Social Security (P)","Thousand",""
"QLF59C01","Persons aged 15 years and over in Employment","20211","2021Q1","GB","United Kingdom","Q","Education (Q)","Thousand",""
"QLF59C01","Persons aged 15 years and over in Employment","20211","2021Q1","GB","United Kingdom","R","Human Health and Social Work Activities (R)","Thousand","6.9"
"QLF59C01","Persons aged 15 years and over in Employment","20211","2021Q1","GB","United Kingdom","ZZ210011","Industry (B-E)","Thousand",""
"QLF59C01","Persons aged 15 years and over in Employment","20211","2021Q1","GB","United Kingdom","ZZ210010","Industry and Construction (B-F)","Thousand",""
"QLF59C01","Persons aged 15 years and over in Employment","20211","2021Q1","GB","United Kingdom","ZZ210023","Services (G-V)","Thousand","40.1"
"QLF59C01","Persons aged 15 years and over in Employment","20211","2021Q1","GB","United Kingdom","ZZ210221","Financial, Insurance and Real Estate Activities (L,M)","Thousand",""
"QLF59C01","Persons aged 15 years and over in Employment","20211","2021Q1","GB","United Kingdom","ZZ210224","Other NACE Activities (S to V)","Thousand",""
"QLF59C01","Persons aged 15 years and over in Employment","20211","2021Q1","GB","United Kingdom","ZZ219990","NACE Unknown","Thousand",""
"QLF59C01","Persons aged 15 years and over in Employment","20211","2021Q1","IE","Ireland","-","All NACE Economic Sectors (A-V)","Thousand","1898"
"QLF59C01","Persons aged 15 years and over in Employment","20211","2021Q1","IE","Ireland","A","Agriculture, Forestry and Fishing (A)","Thousand","105.1"
"QLF59C01","Persons aged 15 years and over in Employment","20211","2021Q1","IE","Ireland","F","Construction (F)","Thousand","112.4"
"QLF59C01","Persons aged 15 years and over in Employment","20211","2021Q1","IE","Ireland","G","Wholesale and Retail Trade (G)","Thousand","235.9"
"QLF59C01","Persons aged 15 years and over in Employment","20211","2021Q1","IE","Ireland","H","Transportation and Storage (H)","Thousand","79.4"
"QLF59C01","Persons aged 15 years and over in Employment","20211","2021Q1","IE","Ireland","I","Accommodation and Food Service Activities (I)","Thousand","74"
"QLF59C01","Persons aged 15 years and over in Employment","20211","2021Q1","IE","Ireland","ZZ210228","Information and Communication (J,K)","Thousand","100.4"
"QLF59C01","Persons aged 15 years and over in Employment","20211","2021Q1","IE","Ireland","N","Professional, Scientific and Technical Activities (N)","Thousand","122.7"
"QLF59C01","Persons aged 15 years and over in Employment","20211","2021Q1","IE","Ireland","O","Administrative and Support Service Activities (O)","Thousand","62"
"QLF59C01","Persons aged 15 years and over in Employment","20211","2021Q1","IE","Ireland","P","Public Administration and Defence; Compulsory Social Security (P)","Thousand","124"
"QLF59C01","Persons aged 15 years and over in Employment","20211","2021Q1","IE","Ireland","Q","Education (Q)","Thousand","186"
"QLF59C01","Persons aged 15 years and over in Employment","20211","2021Q1","IE","Ireland","R","Human Health and Social Work Activities (R)","Thousand","247.9"
"QLF59C01","Persons aged 15 years and over in Employment","20211","2021Q1","IE","Ireland","ZZ210011","Industry (B-E)","Thousand","252.6"
"QLF59C01","Persons aged 15 years and over in Employment","20211","2021Q1","IE","Ireland","ZZ210010","Industry and Construction (B-F)","Thousand","365"
"QLF59C01","Persons aged 15 years and over in Employment","20211","2021Q1","IE","Ireland","ZZ210023","Services (G-V)","Thousand","1418.4"
"QLF59C01","Persons aged 15 years and over in Employment","20211","2021Q1","IE","Ireland","ZZ210221","Financial, Insurance and Real Estate Activities (L,M)","Thousand","106.8"
"QLF59C01","Persons aged 15 years and over in Employment","20211","2021Q1","IE","Ireland","ZZ210224","Other NACE Activities (S to V)","Thousand","79.3"
"QLF59C01","Persons aged 15 years and over in Employment","20211","2021Q1","IE","Ireland","ZZ219990","NACE Unknown","Thousand","9.6"
"QLF59C01","Persons aged 15 years and over in Employment","20211","2021Q1","ZZZZ1","All countries excluding Ireland","-","All NACE Economic Sectors (A-V)","Thousand","361.9"
"QLF59C01","Persons aged 15 years and over in Employment","20211","2021Q1","ZZZZ1","All countries excluding Ireland","A","Agriculture, Forestry and Fishing (A)","Thousand",""
"QLF59C01","Persons aged 15 years and over in Employment","20211","2021Q1","ZZZZ1","All countries excluding Ireland","F","Construction (F)","Thousand",""
"QLF59C01","Persons aged 15 years and over in Employment","20211","2021Q1","ZZZZ1","All countries excluding Ireland","G","Wholesale and Retail Trade (G)","Thousand","52.4"
"QLF59C01","Persons aged 15 years and over in Employment","20211","2021Q1","ZZZZ1","All countries excluding Ireland","H","Transportation and Storage (H)","Thousand",""
"QLF59C01","Persons aged 15 years and over in Employment","20211","2021Q1","ZZZZ1","All countries excluding Ireland","I","Accommodation and Food Service Activities (I)","Thousand","27.8"
"QLF59C01","Persons aged 15 years and over in Employment","20211","2021Q1","ZZZZ1","All countries excluding Ireland","ZZ210228","Information and Communication (J,K)","Thousand","42.1"
"QLF59C01","Persons aged 15 years and over in Employment","20211","2021Q1","ZZZZ1","All countries excluding Ireland","N","Professional, Scientific and Technical Activities (N)","Thousand","23.8"
"QLF59C01","Persons aged 15 years and over in Employment","20211","2021Q1","ZZZZ1","All countries excluding Ireland","O","Administrative and Support Service Activities (O)","Thousand","20.4"
"QLF59C01","Persons aged 15 years and over in Employment","20211","2021Q1","ZZZZ1","All countries excluding Ireland","P","Public Administration and Defence; Compulsory Social Security (P)","Thousand",""
"QLF59C01","Persons aged 15 years and over in Employment","20211","2021Q1","ZZZZ1","All countries excluding Ireland","Q","Education (Q)","Thousand","20.4"
"QLF59C01","Persons aged 15 years and over in Employment","20211","2021Q1","ZZZZ1","All countries excluding Ireland","R","Human Health and Social Work Activities (R)","Thousand","51.6"
"QLF59C01","Persons aged 15 years and over in Employment","20211","2021Q1","ZZZZ1","All countries excluding Ireland","ZZ210011","Industry (B-E)","Thousand","55.6"
"QLF59C01","Persons aged 15 years and over in Employment","20211","2021Q1","ZZZZ1","All countries excluding Ireland","ZZ210010","Industry and Construction (B-F)","Thousand","66.6"
"QLF59C01","Persons aged 15 years and over in Employment","20211","2021Q1","ZZZZ1","All countries excluding Ireland","ZZ210023","Services (G-V)","Thousand","289.6"
"QLF59C01","Persons aged 15 years and over in Employment","20211","2021Q1","ZZZZ1","All countries excluding Ireland","ZZ210221","Financial, Insurance and Real Estate Activities (L,M)","Thousand","16.9"
"QLF59C01","Persons aged 15 years and over in Employment","20211","2021Q1","ZZZZ1","All countries excluding Ireland","ZZ210224","Other NACE Activities (S to V)","Thousand","19.6"
"QLF59C01","Persons aged 15 years and over in Employment","20211","2021Q1","ZZZZ1","All countries excluding Ireland","ZZ219990","NACE Unknown","Thousand",""
"QLF59C01","Persons aged 15 years and over in Employment","20211","2021Q1","ZZZZ2","All countries excluding Ireland,United Kingdom and EU272020","-","All NACE Economic Sectors (A-V)","Thousand","117.6"
"QLF59C01","Persons aged 15 years and over in Employment","20211","2021Q1","ZZZZ2","All countries excluding Ireland,United Kingdom and EU272020","A","Agriculture, Forestry and Fishing (A)","Thousand",""
"QLF59C01","Persons aged 15 years and over in Employment","20211","2021Q1","ZZZZ2","All countries excluding Ireland,United Kingdom and EU272020","F","Construction (F)","Thousand",""
"QLF59C01","Persons aged 15 years and over in Employment","20211","2021Q1","ZZZZ2","All countries excluding Ireland,United Kingdom and EU272020","G","Wholesale and Retail Trade (G)","Thousand",""
"QLF59C01","Persons aged 15 years and over in Employment","20211","2021Q1","ZZZZ2","All countries excluding Ireland,United Kingdom and EU272020","H","Transportation and Storage (H)","Thousand",""
"QLF59C01","Persons aged 15 years and over in Employment","20211","2021Q1","ZZZZ2","All countries excluding Ireland,United Kingdom and EU272020","I","Accommodation and Food Service Activities (I)","Thousand",""
"QLF59C01","Persons aged 15 years and over in Employment","20211","2021Q1","ZZZZ2","All countries excluding Ireland,United Kingdom and EU272020","ZZ210228","Information and Communication (J,K)","Thousand","17.9"
"QLF59C01","Persons aged 15 years and over in Employment","20211","2021Q1","ZZZZ2","All countries excluding Ireland,United Kingdom and EU272020","N","Professional, Scientific and Technical Activities (N)","Thousand",""
"QLF59C01","Persons aged 15 years and over in Employment","20211","2021Q1","ZZZZ2","All countries excluding Ireland,United Kingdom and EU272020","O","Administrative and Support Service Activities (O)","Thousand",""
"QLF59C01","Persons aged 15 years and over in Employment","20211","2021Q1","ZZZZ2","All countries excluding Ireland,United Kingdom and EU272020","P","Public Administration and Defence; Compulsory Social Security (P)","Thousand",""
"QLF59C01","Persons aged 15 years and over in Employment","20211","2021Q1","ZZZZ2","All countries excluding Ireland,United Kingdom and EU272020","Q","Education (Q)","Thousand",""
"QLF59C01","Persons aged 15 years and over in Employment","20211","2021Q1","ZZZZ2","All countries excluding Ireland,United Kingdom and EU272020","R","Human Health and Social Work Activities (R)","Thousand","24.2"
"QLF59C01","Persons aged 15 years and over in Employment","20211","2021Q1","ZZZZ2","All countries excluding Ireland,United Kingdom and EU272020","ZZ210011","Industry (B-E)","Thousand",""
"QLF59C01","Persons aged 15 years and over in Employment","20211","2021Q1","ZZZZ2","All countries excluding Ireland,United Kingdom and EU272020","ZZ210010","Industry and Construction (B-F)","Thousand",""
"QLF59C01","Persons aged 15 years and over in Employment","20211","2021Q1","ZZZZ2","All countries excluding Ireland,United Kingdom and EU272020","ZZ210023","Services (G-V)","Thousand","103.6"
"QLF59C01","Persons aged 15 years and over in Employment","20211","2021Q1","ZZZZ2","All countries excluding Ireland,United Kingdom and EU272020","ZZ210221","Financial, Insurance and Real Estate Activities (L,M)","Thousand",""
"QLF59C01","Persons aged 15 years and over in Employment","20211","2021Q1","ZZZZ2","All countries excluding Ireland,United Kingdom and EU272020","ZZ210224","Other NACE Activities (S to V)","Thousand",""
"QLF59C01","Persons aged 15 years and over in Employment","20211","2021Q1","ZZZZ2","All countries excluding Ireland,United Kingdom and EU272020","ZZ219990","NACE Unknown","Thousand",""
"QLF59C01","Persons aged 15 years and over in Employment","20212","2021Q2","-","All Countries","-","All NACE Economic Sectors (A-V)","Thousand","2382.2"
"QLF59C01","Persons aged 15 years and over in Employment","20212","2021Q2","-","All Countries","A","Agriculture, Forestry and Fishing (A)","Thousand","110"
"QLF59C01","Persons aged 15 years and over in Employment","20212","2021Q2","-","All Countries","F","Construction (F)","Thousand","129"
"QLF59C01","Persons aged 15 years and over in Employment","20212","2021Q2","-","All Countries","G","Wholesale and Retail Trade (G)","Thousand","289.2"
"QLF59C01","Persons aged 15 years and over in Employment","20212","2021Q2","-","All Countries","H","Transportation and Storage (H)","Thousand","101.6"
"QLF59C01","Persons aged 15 years and over in Employment","20212","2021Q2","-","All Countries","I","Accommodation and Food Service Activities (I)","Thousand","122.5"
"QLF59C01","Persons aged 15 years and over in Employment","20212","2021Q2","-","All Countries","ZZ210228","Information and Communication (J,K)","Thousand","143.3"
"QLF59C01","Persons aged 15 years and over in Employment","20212","2021Q2","-","All Countries","N","Professional, Scientific and Technical Activities (N)","Thousand","158.7"
"QLF59C01","Persons aged 15 years and over in Employment","20212","2021Q2","-","All Countries","O","Administrative and Support Service Activities (O)","Thousand","96.5"
"QLF59C01","Persons aged 15 years and over in Employment","20212","2021Q2","-","All Countries","P","Public Administration and Defence; Compulsory Social Security (P)","Thousand","131.1"
"QLF59C01","Persons aged 15 years and over in Employment","20212","2021Q2","-","All Countries","Q","Education (Q)","Thousand","214.4"
"QLF59C01","Persons aged 15 years and over in Employment","20212","2021Q2","-","All Countries","R","Human Health and Social Work Activities (R)","Thousand","311.4"
"QLF59C01","Persons aged 15 years and over in Employment","20212","2021Q2","-","All Countries","ZZ210011","Industry (B-E)","Thousand","315.5"
"QLF59C01","Persons aged 15 years and over in Employment","20212","2021Q2","-","All Countries","ZZ210010","Industry and Construction (B-F)","Thousand","444.5"
"QLF59C01","Persons aged 15 years and over in Employment","20212","2021Q2","-","All Countries","ZZ210023","Services (G-V)","Thousand","1815.7"
"QLF59C01","Persons aged 15 years and over in Employment","20212","2021Q2","-","All Countries","ZZ210221","Financial, Insurance and Real Estate Activities (L,M)","Thousand","132.6"
"QLF59C01","Persons aged 15 years and over in Employment","20212","2021Q2","-","All Countries","ZZ210224","Other NACE Activities (S to V)","Thousand","114.5"
"QLF59C01","Persons aged 15 years and over in Employment","20212","2021Q2","-","All Countries","ZZ219990","NACE Unknown","Thousand","12.1"
"QLF59C01","Persons aged 15 years and over in Employment","20212","2021Q2","E1420XIE","EU14 excl Irl (countries in the EU pre 2004 excluding UK & Ireland)","-","All NACE Economic Sectors (A-V)","Thousand","60.9"
"QLF59C01","Persons aged 15 years and over in Employment","20212","2021Q2","E1420XIE","EU14 excl Irl (countries in the EU pre 2004 excluding UK & Ireland)","A","Agriculture, Forestry and Fishing (A)","Thousand",""
"QLF59C01","Persons aged 15 years and over in Employment","20212","2021Q2","E1420XIE","EU14 excl Irl (countries in the EU pre 2004 excluding UK & Ireland)","F","Construction (F)","Thousand",""
"QLF59C01","Persons aged 15 years and over in Employment","20212","2021Q2","E1420XIE","EU14 excl Irl (countries in the EU pre 2004 excluding UK & Ireland)","G","Wholesale and Retail Trade (G)","Thousand",""
"QLF59C01","Persons aged 15 years and over in Employment","20212","2021Q2","E1420XIE","EU14 excl Irl (countries in the EU pre 2004 excluding UK & Ireland)","H","Transportation and Storage (H)","Thousand",""
"QLF59C01","Persons aged 15 years and over in Employment","20212","2021Q2","E1420XIE","EU14 excl Irl (countries in the EU pre 2004 excluding UK & Ireland)","I","Accommodation and Food Service Activities (I)","Thousand",""
"QLF59C01","Persons aged 15 years and over in Employment","20212","2021Q2","E1420XIE","EU14 excl Irl (countries in the EU pre 2004 excluding UK & Ireland)","ZZ210228","Information and Communication (J,K)","Thousand","12.1"
"QLF59C01","Persons aged 15 years and over in Employment","20212","2021Q2","E1420XIE","EU14 excl Irl (countries in the EU pre 2004 excluding UK & Ireland)","N","Professional, Scientific and Technical Activities (N)","Thousand",""
"QLF59C01","Persons aged 15 years and over in Employment","20212","2021Q2","E1420XIE","EU14 excl Irl (countries in the EU pre 2004 excluding UK & Ireland)","O","Administrative and Support Service Activities (O)","Thousand",""
"QLF59C01","Persons aged 15 years and over in Employment","20212","2021Q2","E1420XIE","EU14 excl Irl (countries in the EU pre 2004 excluding UK & Ireland)","P","Public Administration and Defence; Compulsory Social Security (P)","Thousand",""
"QLF59C01","Persons aged 15 years and over in Employment","20212","2021Q2","E1420XIE","EU14 excl Irl (countries in the EU pre 2004 excluding UK & Ireland)","Q","Education (Q)","Thousand",""
"QLF59C01","Persons aged 15 years and over in Employment","20212","2021Q2","E1420XIE","EU14 excl Irl (countries in the EU pre 2004 excluding UK & Ireland)","R","Human Health and Social Work Activities (R)","Thousand",""
"QLF59C01","Persons aged 15 years and over in Employment","20212","2021Q2","E1420XIE","EU14 excl Irl (countries in the EU pre 2004 excluding UK & Ireland)","ZZ210011","Industry (B-E)","Thousand",""
"QLF59C01","Persons aged 15 years and over in Employment","20212","2021Q2","E1420XIE","EU14 excl Irl (countries in the EU pre 2004 excluding UK & Ireland)","ZZ210010","Industry and Construction (B-F)","Thousand","11.4"
"QLF59C01","Persons aged 15 years and over in Employment","20212","2021Q2","E1420XIE","EU14 excl Irl (countries in the EU pre 2004 excluding UK & Ireland)","ZZ210023","Services (G-V)","Thousand","49.3"
"QLF59C01","Persons aged 15 years and over in Employment","20212","2021Q2","E1420XIE","EU14 excl Irl (countries in the EU pre 2004 excluding UK & Ireland)","ZZ210221","Financial, Insurance and Real Estate Activities (L,M)","Thousand",""
"QLF59C01","Persons aged 15 years and over in Employment","20212","2021Q2","E1420XIE","EU14 excl Irl (countries in the EU pre 2004 excluding UK & Ireland)","ZZ210224","Other NACE Activities (S to V)","Thousand",""
"QLF59C01","Persons aged 15 years and over in Employment","20212","2021Q2","E1420XIE","EU14 excl Irl (countries in the EU pre 2004 excluding UK & Ireland)","ZZ219990","NACE Unknown","Thousand",""
"QLF59C01","Persons aged 15 years and over in Employment","20212","2021Q2","E15E2720","EU15 to EU27 (accession countries joined post 2004)","-","All NACE Economic Sectors (A-V)","Thousand","147"
"QLF59C01","Persons aged 15 years and over in Employment","20212","2021Q2","E15E2720","EU15 to EU27 (accession countries joined post 2004)","A","Agriculture, Forestry and Fishing (A)","Thousand",""
"QLF59C01","Persons aged 15 years and over in Employment","20212","2021Q2","E15E2720","EU15 to EU27 (accession countries joined post 2004)","F","Construction (F)","Thousand",""
"QLF59C01","Persons aged 15 years and over in Employment","20212","2021Q2","E15E2720","EU15 to EU27 (accession countries joined post 2004)","G","Wholesale and Retail Trade (G)","Thousand","23.9"
"QLF59C01","Persons aged 15 years and over in Employment","20212","2021Q2","E15E2720","EU15 to EU27 (accession countries joined post 2004)","H","Transportation and Storage (H)","Thousand",""
"QLF59C01","Persons aged 15 years and over in Employment","20212","2021Q2","E15E2720","EU15 to EU27 (accession countries joined post 2004)","I","Accommodation and Food Service Activities (I)","Thousand","18"
"QLF59C01","Persons aged 15 years and over in Employment","20212","2021Q2","E15E2720","EU15 to EU27 (accession countries joined post 2004)","ZZ210228","Information and Communication (J,K)","Thousand",""
"QLF59C01","Persons aged 15 years and over in Employment","20212","2021Q2","E15E2720","EU15 to EU27 (accession countries joined post 2004)","N","Professional, Scientific and Technical Activities (N)","Thousand",""
"QLF59C01","Persons aged 15 years and over in Employment","20212","2021Q2","E15E2720","EU15 to EU27 (accession countries joined post 2004)","O","Administrative and Support Service Activities (O)","Thousand",""
"QLF59C01","Persons aged 15 years and over in Employment","20212","2021Q2","E15E2720","EU15 to EU27 (accession countries joined post 2004)","P","Public Administration and Defence; Compulsory Social Security (P)","Thousand",""
"QLF59C01","Persons aged 15 years and over in Employment","20212","2021Q2","E15E2720","EU15 to EU27 (accession countries joined post 2004)","Q","Education (Q)","Thousand",""
"QLF59C01","Persons aged 15 years and over in Employment","20212","2021Q2","E15E2720","EU15 to EU27 (accession countries joined post 2004)","R","Human Health and Social Work Activities (R)","Thousand","11.5"
"QLF59C01","Persons aged 15 years and over in Employment","20212","2021Q2","E15E2720","EU15 to EU27 (accession countries joined post 2004)","ZZ210011","Industry (B-E)","Thousand","36.7"
"QLF59C01","Persons aged 15 years and over in Employment","20212","2021Q2","E15E2720","EU15 to EU27 (accession countries joined post 2004)","ZZ210010","Industry and Construction (B-F)","Thousand","44.2"
"QLF59C01","Persons aged 15 years and over in Employment","20212","2021Q2","E15E2720","EU15 to EU27 (accession countries joined post 2004)","ZZ210023","Services (G-V)","Thousand","100.3"
"QLF59C01","Persons aged 15 years and over in Employment","20212","2021Q2","E15E2720","EU15 to EU27 (accession countries joined post 2004)","ZZ210221","Financial, Insurance and Real Estate Activities (L,M)","Thousand",""
"QLF59C01","Persons aged 15 years and over in Employment","20212","2021Q2","E15E2720","EU15 to EU27 (accession countries joined post 2004)","ZZ210224","Other NACE Activities (S to V)","Thousand",""
"QLF59C01","Persons aged 15 years and over in Employment","20212","2021Q2","E15E2720","EU15 to EU27 (accession countries joined post 2004)","ZZ219990","NACE Unknown","Thousand",""
"QLF59C01","Persons aged 15 years and over in Employment","20212","2021Q2","GB","United Kingdom","-","All NACE Economic Sectors (A-V)","Thousand","53.8"
"QLF59C01","Persons aged 15 years and over in Employment","20212","2021Q2","GB","United Kingdom","A","Agriculture, Forestry and Fishing (A)","Thousand",""
"QLF59C01","Persons aged 15 years and over in Employment","20212","2021Q2","GB","United Kingdom","F","Construction (F)","Thousand",""
"QLF59C01","Persons aged 15 years and over in Employment","20212","2021Q2","GB","United Kingdom","G","Wholesale and Retail Trade (G)","Thousand",""
"QLF59C01","Persons aged 15 years and over in Employment","20212","2021Q2","GB","United Kingdom","H","Transportation and Storage (H)","Thousand",""
"QLF59C01","Persons aged 15 years and over in Employment","20212","2021Q2","GB","United Kingdom","I","Accommodation and Food Service Activities (I)","Thousand",""
"QLF59C01","Persons aged 15 years and over in Employment","20212","2021Q2","GB","United Kingdom","ZZ210228","Information and Communication (J,K)","Thousand",""
"QLF59C01","Persons aged 15 years and over in Employment","20212","2021Q2","GB","United Kingdom","N","Professional, Scientific and Technical Activities (N)","Thousand",""
"QLF59C01","Persons aged 15 years and over in Employment","20212","2021Q2","GB","United Kingdom","O","Administrative and Support Service Activities (O)","Thousand",""
"QLF59C01","Persons aged 15 years and over in Employment","20212","2021Q2","GB","United Kingdom","P","Public Administration and Defence; Compulsory Social Security (P)","Thousand",""
"QLF59C01","Persons aged 15 years and over in Employment","20212","2021Q2","GB","United Kingdom","Q","Education (Q)","Thousand",""
"QLF59C01","Persons aged 15 years and over in Employment","20212","2021Q2","GB","United Kingdom","R","Human Health and Social Work Activities (R)","Thousand","7.5"
"QLF59C01","Persons aged 15 years and over in Employment","20212","2021Q2","GB","United Kingdom","ZZ210011","Industry (B-E)","Thousand",""
"QLF59C01","Persons aged 15 years and over in Employment","20212","2021Q2","GB","United Kingdom","ZZ210010","Industry and Construction (B-F)","Thousand",""
"QLF59C01","Persons aged 15 years and over in Employment","20212","2021Q2","GB","United Kingdom","ZZ210023","Services (G-V)","Thousand","44.9"
"QLF59C01","Persons aged 15 years and over in Employment","20212","2021Q2","GB","United Kingdom","ZZ210221","Financial, Insurance and Real Estate Activities (L,M)","Thousand",""
"QLF59C01","Persons aged 15 years and over in Employment","20212","2021Q2","GB","United Kingdom","ZZ210224","Other NACE Activities (S to V)","Thousand",""
"QLF59C01","Persons aged 15 years and over in Employment","20212","2021Q2","GB","United Kingdom","ZZ219990","NACE Unknown","Thousand",""
"QLF59C01","Persons aged 15 years and over in Employment","20212","2021Q2","IE","Ireland","-","All NACE Economic Sectors (A-V)","Thousand","1986.3"
"QLF59C01","Persons aged 15 years and over in Employment","20212","2021Q2","IE","Ireland","A","Agriculture, Forestry and Fishing (A)","Thousand","105.6"
"QLF59C01","Persons aged 15 years and over in Employment","20212","2021Q2","IE","Ireland","F","Construction (F)","Thousand","114"
"QLF59C01","Persons aged 15 years and over in Employment","20212","2021Q2","IE","Ireland","G","Wholesale and Retail Trade (G)","Thousand","241.5"
"QLF59C01","Persons aged 15 years and over in Employment","20212","2021Q2","IE","Ireland","H","Transportation and Storage (H)","Thousand","88.4"
"QLF59C01","Persons aged 15 years and over in Employment","20212","2021Q2","IE","Ireland","I","Accommodation and Food Service Activities (I)","Thousand","86"
"QLF59C01","Persons aged 15 years and over in Employment","20212","2021Q2","IE","Ireland","ZZ210228","Information and Communication (J,K)","Thousand","99.6"
"QLF59C01","Persons aged 15 years and over in Employment","20212","2021Q2","IE","Ireland","N","Professional, Scientific and Technical Activities (N)","Thousand","132.3"
"QLF59C01","Persons aged 15 years and over in Employment","20212","2021Q2","IE","Ireland","O","Administrative and Support Service Activities (O)","Thousand","72.9"
"QLF59C01","Persons aged 15 years and over in Employment","20212","2021Q2","IE","Ireland","P","Public Administration and Defence; Compulsory Social Security (P)","Thousand","127.2"
"QLF59C01","Persons aged 15 years and over in Employment","20212","2021Q2","IE","Ireland","Q","Education (Q)","Thousand","196.5"
"QLF59C01","Persons aged 15 years and over in Employment","20212","2021Q2","IE","Ireland","R","Human Health and Social Work Activities (R)","Thousand","258.4"
"QLF59C01","Persons aged 15 years and over in Employment","20212","2021Q2","IE","Ireland","ZZ210011","Industry (B-E)","Thousand","246.7"
"QLF59C01","Persons aged 15 years and over in Employment","20212","2021Q2","IE","Ireland","ZZ210010","Industry and Construction (B-F)","Thousand","360.8"
"QLF59C01","Persons aged 15 years and over in Employment","20212","2021Q2","IE","Ireland","ZZ210023","Services (G-V)","Thousand","1510.3"
"QLF59C01","Persons aged 15 years and over in Employment","20212","2021Q2","IE","Ireland","ZZ210221","Financial, Insurance and Real Estate Activities (L,M)","Thousand","113.8"
"QLF59C01","Persons aged 15 years and over in Employment","20212","2021Q2","IE","Ireland","ZZ210224","Other NACE Activities (S to V)","Thousand","93.7"
"QLF59C01","Persons aged 15 years and over in Employment","20212","2021Q2","IE","Ireland","ZZ219990","NACE Unknown","Thousand","9.5"
"QLF59C01","Persons aged 15 years and over in Employment","20212","2021Q2","ZZZZ1","All countries excluding Ireland","-","All NACE Economic Sectors (A-V)","Thousand","395.9"
"QLF59C01","Persons aged 15 years and over in Employment","20212","2021Q2","ZZZZ1","All countries excluding Ireland","A","Agriculture, Forestry and Fishing (A)","Thousand",""
"QLF59C01","Persons aged 15 years and over in Employment","20212","2021Q2","ZZZZ1","All countries excluding Ireland","F","Construction (F)","Thousand","14.9"
"QLF59C01","Persons aged 15 years and over in Employment","20212","2021Q2","ZZZZ1","All countries excluding Ireland","G","Wholesale and Retail Trade (G)","Thousand","47.8"
"QLF59C01","Persons aged 15 years and over in Employment","20212","2021Q2","ZZZZ1","All countries excluding Ireland","H","Transportation and Storage (H)","Thousand","13.2"
"QLF59C01","Persons aged 15 years and over in Employment","20212","2021Q2","ZZZZ1","All countries excluding Ireland","I","Accommodation and Food Service Activities (I)","Thousand","36.4"
"QLF59C01","Persons aged 15 years and over in Employment","20212","2021Q2","ZZZZ1","All countries excluding Ireland","ZZ210228","Information and Communication (J,K)","Thousand","43.7"
"QLF59C01","Persons aged 15 years and over in Employment","20212","2021Q2","ZZZZ1","All countries excluding Ireland","N","Professional, Scientific and Technical Activities (N)","Thousand","26.4"
"QLF59C01","Persons aged 15 years and over in Employment","20212","2021Q2","ZZZZ1","All countries excluding Ireland","O","Administrative and Support Service Activities (O)","Thousand","23.6"
"QLF59C01","Persons aged 15 years and over in Employment","20212","2021Q2","ZZZZ1","All countries excluding Ireland","P","Public Administration and Defence; Compulsory Social Security (P)","Thousand",""
"QLF59C01","Persons aged 15 years and over in Employment","20212","2021Q2","ZZZZ1","All countries excluding Ireland","Q","Education (Q)","Thousand","17.8"
"QLF59C01","Persons aged 15 years and over in Employment","20212","2021Q2","ZZZZ1","All countries excluding Ireland","R","Human Health and Social Work Activities (R)","Thousand","53"
"QLF59C01","Persons aged 15 years and over in Employment","20212","2021Q2","ZZZZ1","All countries excluding Ireland","ZZ210011","Industry (B-E)","Thousand","68.8"
"QLF59C01","Persons aged 15 years and over in Employment","20212","2021Q2","ZZZZ1","All countries excluding Ireland","ZZ210010","Industry and Construction (B-F)","Thousand","83.7"
"QLF59C01","Persons aged 15 years and over in Employment","20212","2021Q2","ZZZZ1","All countries excluding Ireland","ZZ210023","Services (G-V)","Thousand","305.3"
"QLF59C01","Persons aged 15 years and over in Employment","20212","2021Q2","ZZZZ1","All countries excluding Ireland","ZZ210221","Financial, Insurance and Real Estate Activities (L,M)","Thousand","18.8"
"QLF59C01","Persons aged 15 years and over in Employment","20212","2021Q2","ZZZZ1","All countries excluding Ireland","ZZ210224","Other NACE Activities (S to V)","Thousand","20.8"
"QLF59C01","Persons aged 15 years and over in Employment","20212","2021Q2","ZZZZ1","All countries excluding Ireland","ZZ219990","NACE Unknown","Thousand",""
"QLF59C01","Persons aged 15 years and over in Employment","20212","2021Q2","ZZZZ2","All countries excluding Ireland,United Kingdom and EU272020","-","All NACE Economic Sectors (A-V)","Thousand","134.2"
"QLF59C01","Persons aged 15 years and over in Employment","20212","2021Q2","ZZZZ2","All countries excluding Ireland,United Kingdom and EU272020","A","Agriculture, Forestry and Fishing (A)","Thousand",""
"QLF59C01","Persons aged 15 years and over in Employment","20212","2021Q2","ZZZZ2","All countries excluding Ireland,United Kingdom and EU272020","F","Construction (F)","Thousand",""
"QLF59C01","Persons aged 15 years and over in Employment","20212","2021Q2","ZZZZ2","All countries excluding Ireland,United Kingdom and EU272020","G","Wholesale and Retail Trade (G)","Thousand",""
"QLF59C01","Persons aged 15 years and over in Employment","20212","2021Q2","ZZZZ2","All countries excluding Ireland,United Kingdom and EU272020","H","Transportation and Storage (H)","Thousand",""
"QLF59C01","Persons aged 15 years and over in Employment","20212","2021Q2","ZZZZ2","All countries excluding Ireland,United Kingdom and EU272020","I","Accommodation and Food Service Activities (I)","Thousand",""
"QLF59C01","Persons aged 15 years and over in Employment","20212","2021Q2","ZZZZ2","All countries excluding Ireland,United Kingdom and EU272020","ZZ210228","Information and Communication (J,K)","Thousand","21.1"
"QLF59C01","Persons aged 15 years and over in Employment","20212","2021Q2","ZZZZ2","All countries excluding Ireland,United Kingdom and EU272020","N","Professional, Scientific and Technical Activities (N)","Thousand",""
"QLF59C01","Persons aged 15 years and over in Employment","20212","2021Q2","ZZZZ2","All countries excluding Ireland,United Kingdom and EU272020","O","Administrative and Support Service Activities (O)","Thousand",""
"QLF59C01","Persons aged 15 years and over in Employment","20212","2021Q2","ZZZZ2","All countries excluding Ireland,United Kingdom and EU272020","P","Public Administration and Defence; Compulsory Social Security (P)","Thousand",""
"QLF59C01","Persons aged 15 years and over in Employment","20212","2021Q2","ZZZZ2","All countries excluding Ireland,United Kingdom and EU272020","Q","Education (Q)","Thousand",""
"QLF59C01","Persons aged 15 years and over in Employment","20212","2021Q2","ZZZZ2","All countries excluding Ireland,United Kingdom and EU272020","R","Human Health and Social Work Activities (R)","Thousand","29"
"QLF59C01","Persons aged 15 years and over in Employment","20212","2021Q2","ZZZZ2","All countries excluding Ireland,United Kingdom and EU272020","ZZ210011","Industry (B-E)","Thousand","17.2"
"QLF59C01","Persons aged 15 years and over in Employment","20212","2021Q2","ZZZZ2","All countries excluding Ireland,United Kingdom and EU272020","ZZ210010","Industry and Construction (B-F)","Thousand","21.1"
"QLF59C01","Persons aged 15 years and over in Employment","20212","2021Q2","ZZZZ2","All countries excluding Ireland,United Kingdom and EU272020","ZZ210023","Services (G-V)","Thousand","110.8"
"QLF59C01","Persons aged 15 years and over in Employment","20212","2021Q2","ZZZZ2","All countries excluding Ireland,United Kingdom and EU272020","ZZ210221","Financial, Insurance and Real Estate Activities (L,M)","Thousand",""
"QLF59C01","Persons aged 15 years and over in Employment","20212","2021Q2","ZZZZ2","All countries excluding Ireland,United Kingdom and EU272020","ZZ210224","Other NACE Activities (S to V)","Thousand",""
"QLF59C01","Persons aged 15 years and over in Employment","20212","2021Q2","ZZZZ2","All countries excluding Ireland,United Kingdom and EU272020","ZZ219990","NACE Unknown","Thousand",""
"QLF59C01","Persons aged 15 years and over in Employment","20213","2021Q3","-","All Countries","-","All NACE Economic Sectors (A-V)","Thousand","2515"
"QLF59C01","Persons aged 15 years and over in Employment","20213","2021Q3","-","All Countries","A","Agriculture, Forestry and Fishing (A)","Thousand","109.4"
"QLF59C01","Persons aged 15 years and over in Employment","20213","2021Q3","-","All Countries","F","Construction (F)","Thousand","148.2"
"QLF59C01","Persons aged 15 years and over in Employment","20213","2021Q3","-","All Countries","G","Wholesale and Retail Trade (G)","Thousand","291.3"
"QLF59C01","Persons aged 15 years and over in Employment","20213","2021Q3","-","All Countries","H","Transportation and Storage (H)","Thousand","110.2"
"QLF59C01","Persons aged 15 years and over in Employment","20213","2021Q3","-","All Countries","I","Accommodation and Food Service Activities (I)","Thousand","179.9"
"QLF59C01","Persons aged 15 years and over in Employment","20213","2021Q3","-","All Countries","ZZ210228","Information and Communication (J,K)","Thousand","151.9"
"QLF59C01","Persons aged 15 years and over in Employment","20213","2021Q3","-","All Countries","N","Professional, Scientific and Technical Activities (N)","Thousand","166.2"
"QLF59C01","Persons aged 15 years and over in Employment","20213","2021Q3","-","All Countries","O","Administrative and Support Service Activities (O)","Thousand","101.8"
"QLF59C01","Persons aged 15 years and over in Employment","20213","2021Q3","-","All Countries","P","Public Administration and Defence; Compulsory Social Security (P)","Thousand","126.8"
"QLF59C01","Persons aged 15 years and over in Employment","20213","2021Q3","-","All Countries","Q","Education (Q)","Thousand","211.8"
"QLF59C01","Persons aged 15 years and over in Employment","20213","2021Q3","-","All Countries","R","Human Health and Social Work Activities (R)","Thousand","314.9"
"QLF59C01","Persons aged 15 years and over in Employment","20213","2021Q3","-","All Countries","ZZ210011","Industry (B-E)","Thousand","312.4"
"QLF59C01","Persons aged 15 years and over in Employment","20213","2021Q3","-","All Countries","ZZ210010","Industry and Construction (B-F)","Thousand","460.6"
"QLF59C01","Persons aged 15 years and over in Employment","20213","2021Q3","-","All Countries","ZZ210023","Services (G-V)","Thousand","1938.3"
"QLF59C01","Persons aged 15 years and over in Employment","20213","2021Q3","-","All Countries","ZZ210221","Financial, Insurance and Real Estate Activities (L,M)","Thousand","140.1"
"QLF59C01","Persons aged 15 years and over in Employment","20213","2021Q3","-","All Countries","ZZ210224","Other NACE Activities (S to V)","Thousand","143.4"
"QLF59C01","Persons aged 15 years and over in Employment","20213","2021Q3","-","All Countries","ZZ219990","NACE Unknown","Thousand","6.7"
"QLF59C01","Persons aged 15 years and over in Employment","20213","2021Q3","E1420XIE","EU14 excl Irl (countries in the EU pre 2004 excluding UK & Ireland)","-","All NACE Economic Sectors (A-V)","Thousand","71.3"
"QLF59C01","Persons aged 15 years and over in Employment","20213","2021Q3","E1420XIE","EU14 excl Irl (countries in the EU pre 2004 excluding UK & Ireland)","A","Agriculture, Forestry and Fishing (A)","Thousand",""
"QLF59C01","Persons aged 15 years and over in Employment","20213","2021Q3","E1420XIE","EU14 excl Irl (countries in the EU pre 2004 excluding UK & Ireland)","F","Construction (F)","Thousand",""
"QLF59C01","Persons aged 15 years and over in Employment","20213","2021Q3","E1420XIE","EU14 excl Irl (countries in the EU pre 2004 excluding UK & Ireland)","G","Wholesale and Retail Trade (G)","Thousand",""
"QLF59C01","Persons aged 15 years and over in Employment","20213","2021Q3","E1420XIE","EU14 excl Irl (countries in the EU pre 2004 excluding UK & Ireland)","H","Transportation and Storage (H)","Thousand",""
"QLF59C01","Persons aged 15 years and over in Employment","20213","2021Q3","E1420XIE","EU14 excl Irl (countries in the EU pre 2004 excluding UK & Ireland)","I","Accommodation and Food Service Activities (I)","Thousand",""
"QLF59C01","Persons aged 15 years and over in Employment","20213","2021Q3","E1420XIE","EU14 excl Irl (countries in the EU pre 2004 excluding UK & Ireland)","ZZ210228","Information and Communication (J,K)","Thousand","13.3"
"QLF59C01","Persons aged 15 years and over in Employment","20213","2021Q3","E1420XIE","EU14 excl Irl (countries in the EU pre 2004 excluding UK & Ireland)","N","Professional, Scientific and Technical Activities (N)","Thousand",""
"QLF59C01","Persons aged 15 years and over in Employment","20213","2021Q3","E1420XIE","EU14 excl Irl (countries in the EU pre 2004 excluding UK & Ireland)","O","Administrative and Support Service Activities (O)","Thousand",""
"QLF59C01","Persons aged 15 years and over in Employment","20213","2021Q3","E1420XIE","EU14 excl Irl (countries in the EU pre 2004 excluding UK & Ireland)","P","Public Administration and Defence; Compulsory Social Security (P)","Thousand",""
"QLF59C01","Persons aged 15 years and over in Employment","20213","2021Q3","E1420XIE","EU14 excl Irl (countries in the EU pre 2004 excluding UK & Ireland)","Q","Education (Q)","Thousand",""
"QLF59C01","Persons aged 15 years and over in Employment","20213","2021Q3","E1420XIE","EU14 excl Irl (countries in the EU pre 2004 excluding UK & Ireland)","R","Human Health and Social Work Activities (R)","Thousand",""
"QLF59C01","Persons aged 15 years and over in Employment","20213","2021Q3","E1420XIE","EU14 excl Irl (countries in the EU pre 2004 excluding UK & Ireland)","ZZ210011","Industry (B-E)","Thousand","9.6"
"QLF59C01","Persons aged 15 years and over in Employment","20213","2021Q3","E1420XIE","EU14 excl Irl (countries in the EU pre 2004 excluding UK & Ireland)","ZZ210010","Industry and Construction (B-F)","Thousand","10.1"
"QLF59C01","Persons aged 15 years and over in Employment","20213","2021Q3","E1420XIE","EU14 excl Irl (countries in the EU pre 2004 excluding UK & Ireland)","ZZ210023","Services (G-V)","Thousand","60.4"
"QLF59C01","Persons aged 15 years and over in Employment","20213","2021Q3","E1420XIE","EU14 excl Irl (countries in the EU pre 2004 excluding UK & Ireland)","ZZ210221","Financial, Insurance and Real Estate Activities (L,M)","Thousand",""
"QLF59C01","Persons aged 15 years and over in Employment","20213","2021Q3","E1420XIE","EU14 excl Irl (countries in the EU pre 2004 excluding UK & Ireland)","ZZ210224","Other NACE Activities (S to V)","Thousand",""
"QLF59C01","Persons aged 15 years and over in Employment","20213","2021Q3","E1420XIE","EU14 excl Irl (countries in the EU pre 2004 excluding UK & Ireland)","ZZ219990","NACE Unknown","Thousand",""
"QLF59C01","Persons aged 15 years and over in Employment","20213","2021Q3","E15E2720","EU15 to EU27 (accession countries joined post 2004)","-","All NACE Economic Sectors (A-V)","Thousand","152.4"
"QLF59C01","Persons aged 15 years and over in Employment","20213","2021Q3","E15E2720","EU15 to EU27 (accession countries joined post 2004)","A","Agriculture, Forestry and Fishing (A)","Thousand",""
"QLF59C01","Persons aged 15 years and over in Employment","20213","2021Q3","E15E2720","EU15 to EU27 (accession countries joined post 2004)","F","Construction (F)","Thousand",""
"QLF59C01","Persons aged 15 years and over in Employment","20213","2021Q3","E15E2720","EU15 to EU27 (accession countries joined post 2004)","G","Wholesale and Retail Trade (G)","Thousand","24.2"
"QLF59C01","Persons aged 15 years and over in Employment","20213","2021Q3","E15E2720","EU15 to EU27 (accession countries joined post 2004)","H","Transportation and Storage (H)","Thousand",""
"QLF59C01","Persons aged 15 years and over in Employment","20213","2021Q3","E15E2720","EU15 to EU27 (accession countries joined post 2004)","I","Accommodation and Food Service Activities (I)","Thousand","19.6"
"QLF59C01","Persons aged 15 years and over in Employment","20213","2021Q3","E15E2720","EU15 to EU27 (accession countries joined post 2004)","ZZ210228","Information and Communication (J,K)","Thousand",""
"QLF59C01","Persons aged 15 years and over in Employment","20213","2021Q3","E15E2720","EU15 to EU27 (accession countries joined post 2004)","N","Professional, Scientific and Technical Activities (N)","Thousand",""
"QLF59C01","Persons aged 15 years and over in Employment","20213","2021Q3","E15E2720","EU15 to EU27 (accession countries joined post 2004)","O","Administrative and Support Service Activities (O)","Thousand","10.7"
"QLF59C01","Persons aged 15 years and over in Employment","20213","2021Q3","E15E2720","EU15 to EU27 (accession countries joined post 2004)","P","Public Administration and Defence; Compulsory Social Security (P)","Thousand",""
"QLF59C01","Persons aged 15 years and over in Employment","20213","2021Q3","E15E2720","EU15 to EU27 (accession countries joined post 2004)","Q","Education (Q)","Thousand",""
"QLF59C01","Persons aged 15 years and over in Employment","20213","2021Q3","E15E2720","EU15 to EU27 (accession countries joined post 2004)","R","Human Health and Social Work Activities (R)","Thousand","10.4"
"QLF59C01","Persons aged 15 years and over in Employment","20213","2021Q3","E15E2720","EU15 to EU27 (accession countries joined post 2004)","ZZ210011","Industry (B-E)","Thousand","31.2"
"QLF59C01","Persons aged 15 years and over in Employment","20213","2021Q3","E15E2720","EU15 to EU27 (accession countries joined post 2004)","ZZ210010","Industry and Construction (B-F)","Thousand","42.9"
"QLF59C01","Persons aged 15 years and over in Employment","20213","2021Q3","E15E2720","EU15 to EU27 (accession countries joined post 2004)","ZZ210023","Services (G-V)","Thousand","107"
"QLF59C01","Persons aged 15 years and over in Employment","20213","2021Q3","E15E2720","EU15 to EU27 (accession countries joined post 2004)","ZZ210221","Financial, Insurance and Real Estate Activities (L,M)","Thousand",""
"QLF59C01","Persons aged 15 years and over in Employment","20213","2021Q3","E15E2720","EU15 to EU27 (accession countries joined post 2004)","ZZ210224","Other NACE Activities (S to V)","Thousand","12.2"
"QLF59C01","Persons aged 15 years and over in Employment","20213","2021Q3","E15E2720","EU15 to EU27 (accession countries joined post 2004)","ZZ219990","NACE Unknown","Thousand",""
"QLF59C01","Persons aged 15 years and over in Employment","20213","2021Q3","GB","United Kingdom","-","All NACE Economic Sectors (A-V)","Thousand","51.5"
"QLF59C01","Persons aged 15 years and over in Employment","20213","2021Q3","GB","United Kingdom","A","Agriculture, Forestry and Fishing (A)","Thousand",""
"QLF59C01","Persons aged 15 years and over in Employment","20213","2021Q3","GB","United Kingdom","F","Construction (F)","Thousand",""
"QLF59C01","Persons aged 15 years and over in Employment","20213","2021Q3","GB","United Kingdom","G","Wholesale and Retail Trade (G)","Thousand",""
"QLF59C01","Persons aged 15 years and over in Employment","20213","2021Q3","GB","United Kingdom","H","Transportation and Storage (H)","Thousand",""
"QLF59C01","Persons aged 15 years and over in Employment","20213","2021Q3","GB","United Kingdom","I","Accommodation and Food Service Activities (I)","Thousand",""
"QLF59C01","Persons aged 15 years and over in Employment","20213","2021Q3","GB","United Kingdom","ZZ210228","Information and Communication (J,K)","Thousand",""
"QLF59C01","Persons aged 15 years and over in Employment","20213","2021Q3","GB","United Kingdom","N","Professional, Scientific and Technical Activities (N)","Thousand",""
"QLF59C01","Persons aged 15 years and over in Employment","20213","2021Q3","GB","United Kingdom","O","Administrative and Support Service Activities (O)","Thousand",""
"QLF59C01","Persons aged 15 years and over in Employment","20213","2021Q3","GB","United Kingdom","P","Public Administration and Defence; Compulsory Social Security (P)","Thousand",""
"QLF59C01","Persons aged 15 years and over in Employment","20213","2021Q3","GB","United Kingdom","Q","Education (Q)","Thousand",""
"QLF59C01","Persons aged 15 years and over in Employment","20213","2021Q3","GB","United Kingdom","R","Human Health and Social Work Activities (R)","Thousand","7.7"
"QLF59C01","Persons aged 15 years and over in Employment","20213","2021Q3","GB","United Kingdom","ZZ210011","Industry (B-E)","Thousand",""
"QLF59C01","Persons aged 15 years and over in Employment","20213","2021Q3","GB","United Kingdom","ZZ210010","Industry and Construction (B-F)","Thousand","6.7"
"QLF59C01","Persons aged 15 years and over in Employment","20213","2021Q3","GB","United Kingdom","ZZ210023","Services (G-V)","Thousand","44.2"
"QLF59C01","Persons aged 15 years and over in Employment","20213","2021Q3","GB","United Kingdom","ZZ210221","Financial, Insurance and Real Estate Activities (L,M)","Thousand",""
"QLF59C01","Persons aged 15 years and over in Employment","20213","2021Q3","GB","United Kingdom","ZZ210224","Other NACE Activities (S to V)","Thousand",""
"QLF59C01","Persons aged 15 years and over in Employment","20213","2021Q3","GB","United Kingdom","ZZ219990","NACE Unknown","Thousand",""
"QLF59C01","Persons aged 15 years and over in Employment","20213","2021Q3","IE","Ireland","-","All NACE Economic Sectors (A-V)","Thousand","2102.5"
"QLF59C01","Persons aged 15 years and over in Employment","20213","2021Q3","IE","Ireland","A","Agriculture, Forestry and Fishing (A)","Thousand","106.1"
"QLF59C01","Persons aged 15 years and over in Employment","20213","2021Q3","IE","Ireland","F","Construction (F)","Thousand","130.5"
"QLF59C01","Persons aged 15 years and over in Employment","20213","2021Q3","IE","Ireland","G","Wholesale and Retail Trade (G)","Thousand","244.5"
"QLF59C01","Persons aged 15 years and over in Employment","20213","2021Q3","IE","Ireland","H","Transportation and Storage (H)","Thousand","92.8"
"QLF59C01","Persons aged 15 years and over in Employment","20213","2021Q3","IE","Ireland","I","Accommodation and Food Service Activities (I)","Thousand","135"
"QLF59C01","Persons aged 15 years and over in Employment","20213","2021Q3","IE","Ireland","ZZ210228","Information and Communication (J,K)","Thousand","100.5"
"QLF59C01","Persons aged 15 years and over in Employment","20213","2021Q3","IE","Ireland","N","Professional, Scientific and Technical Activities (N)","Thousand","141.8"
"QLF59C01","Persons aged 15 years and over in Employment","20213","2021Q3","IE","Ireland","O","Administrative and Support Service Activities (O)","Thousand","78.3"
"QLF59C01","Persons aged 15 years and over in Employment","20213","2021Q3","IE","Ireland","P","Public Administration and Defence; Compulsory Social Security (P)","Thousand","123.5"
"QLF59C01","Persons aged 15 years and over in Employment","20213","2021Q3","IE","Ireland","Q","Education (Q)","Thousand","194.5"
"QLF59C01","Persons aged 15 years and over in Employment","20213","2021Q3","IE","Ireland","R","Human Health and Social Work Activities (R)","Thousand","264.7"
"QLF59C01","Persons aged 15 years and over in Employment","20213","2021Q3","IE","Ireland","ZZ210011","Industry (B-E)","Thousand","250.4"
"QLF59C01","Persons aged 15 years and over in Employment","20213","2021Q3","IE","Ireland","ZZ210010","Industry and Construction (B-F)","Thousand","380.9"
"QLF59C01","Persons aged 15 years and over in Employment","20213","2021Q3","IE","Ireland","ZZ210023","Services (G-V)","Thousand","1610.6"
"QLF59C01","Persons aged 15 years and over in Employment","20213","2021Q3","IE","Ireland","ZZ210221","Financial, Insurance and Real Estate Activities (L,M)","Thousand","118.8"
"QLF59C01","Persons aged 15 years and over in Employment","20213","2021Q3","IE","Ireland","ZZ210224","Other NACE Activities (S to V)","Thousand","116.1"
"QLF59C01","Persons aged 15 years and over in Employment","20213","2021Q3","IE","Ireland","ZZ219990","NACE Unknown","Thousand",""
"QLF59C01","Persons aged 15 years and over in Employment","20213","2021Q3","ZZZZ1","All countries excluding Ireland","-","All NACE Economic Sectors (A-V)","Thousand","412.6"
"QLF59C01","Persons aged 15 years and over in Employment","20213","2021Q3","ZZZZ1","All countries excluding Ireland","A","Agriculture, Forestry and Fishing (A)","Thousand",""
"QLF59C01","Persons aged 15 years and over in Employment","20213","2021Q3","ZZZZ1","All countries excluding Ireland","F","Construction (F)","Thousand","17.7"
"QLF59C01","Persons aged 15 years and over in Employment","20213","2021Q3","ZZZZ1","All countries excluding Ireland","G","Wholesale and Retail Trade (G)","Thousand","46.8"
"QLF59C01","Persons aged 15 years and over in Employment","20213","2021Q3","ZZZZ1","All countries excluding Ireland","H","Transportation and Storage (H)","Thousand","17.4"
"QLF59C01","Persons aged 15 years and over in Employment","20213","2021Q3","ZZZZ1","All countries excluding Ireland","I","Accommodation and Food Service Activities (I)","Thousand","44.9"
"QLF59C01","Persons aged 15 years and over in Employment","20213","2021Q3","ZZZZ1","All countries excluding Ireland","ZZ210228","Information and Communication (J,K)","Thousand","51.4"
"QLF59C01","Persons aged 15 years and over in Employment","20213","2021Q3","ZZZZ1","All countries excluding Ireland","N","Professional, Scientific and Technical Activities (N)","Thousand","24.4"
"QLF59C01","Persons aged 15 years and over in Employment","20213","2021Q3","ZZZZ1","All countries excluding Ireland","O","Administrative and Support Service Activities (O)","Thousand","23.5"
"QLF59C01","Persons aged 15 years and over in Employment","20213","2021Q3","ZZZZ1","All countries excluding Ireland","P","Public Administration and Defence; Compulsory Social Security (P)","Thousand",""
"QLF59C01","Persons aged 15 years and over in Employment","20213","2021Q3","ZZZZ1","All countries excluding Ireland","Q","Education (Q)","Thousand","17.4"
"QLF59C01","Persons aged 15 years and over in Employment","20213","2021Q3","ZZZZ1","All countries excluding Ireland","R","Human Health and Social Work Activities (R)","Thousand","50.3"
"QLF59C01","Persons aged 15 years and over in Employment","20213","2021Q3","ZZZZ1","All countries excluding Ireland","ZZ210011","Industry (B-E)","Thousand","62"
"QLF59C01","Persons aged 15 years and over in Employment","20213","2021Q3","ZZZZ1","All countries excluding Ireland","ZZ210010","Industry and Construction (B-F)","Thousand","79.7"
"QLF59C01","Persons aged 15 years and over in Employment","20213","2021Q3","ZZZZ1","All countries excluding Ireland","ZZ210023","Services (G-V)","Thousand","327.7"
"QLF59C01","Persons aged 15 years and over in Employment","20213","2021Q3","ZZZZ1","All countries excluding Ireland","ZZ210221","Financial, Insurance and Real Estate Activities (L,M)","Thousand","21.3"
"QLF59C01","Persons aged 15 years and over in Employment","20213","2021Q3","ZZZZ1","All countries excluding Ireland","ZZ210224","Other NACE Activities (S to V)","Thousand","27.3"
"QLF59C01","Persons aged 15 years and over in Employment","20213","2021Q3","ZZZZ1","All countries excluding Ireland","ZZ219990","NACE Unknown","Thousand",""
"QLF59C01","Persons aged 15 years and over in Employment","20213","2021Q3","ZZZZ2","All countries excluding Ireland,United Kingdom and EU272020","-","All NACE Economic Sectors (A-V)","Thousand","137.4"
"QLF59C01","Persons aged 15 years and over in Employment","20213","2021Q3","ZZZZ2","All countries excluding Ireland,United Kingdom and EU272020","A","Agriculture, Forestry and Fishing (A)","Thousand",""
"QLF59C01","Persons aged 15 years and over in Employment","20213","2021Q3","ZZZZ2","All countries excluding Ireland,United Kingdom and EU272020","F","Construction (F)","Thousand",""
"QLF59C01","Persons aged 15 years and over in Employment","20213","2021Q3","ZZZZ2","All countries excluding Ireland,United Kingdom and EU272020","G","Wholesale and Retail Trade (G)","Thousand",""
"QLF59C01","Persons aged 15 years and over in Employment","20213","2021Q3","ZZZZ2","All countries excluding Ireland,United Kingdom and EU272020","H","Transportation and Storage (H)","Thousand",""
"QLF59C01","Persons aged 15 years and over in Employment","20213","2021Q3","ZZZZ2","All countries excluding Ireland,United Kingdom and EU272020","I","Accommodation and Food Service Activities (I)","Thousand","15.9"
"QLF59C01","Persons aged 15 years and over in Employment","20213","2021Q3","ZZZZ2","All countries excluding Ireland,United Kingdom and EU272020","ZZ210228","Information and Communication (J,K)","Thousand","26.5"
"QLF59C01","Persons aged 15 years and over in Employment","20213","2021Q3","ZZZZ2","All countries excluding Ireland,United Kingdom and EU272020","N","Professional, Scientific and Technical Activities (N)","Thousand",""
"QLF59C01","Persons aged 15 years and over in Employment","20213","2021Q3","ZZZZ2","All countries excluding Ireland,United Kingdom and EU272020","O","Administrative and Support Service Activities (O)","Thousand",""
"QLF59C01","Persons aged 15 years and over in Employment","20213","2021Q3","ZZZZ2","All countries excluding Ireland,United Kingdom and EU272020","P","Public Administration and Defence; Compulsory Social Security (P)","Thousand",""
"QLF59C01","Persons aged 15 years and over in Employment","20213","2021Q3","ZZZZ2","All countries excluding Ireland,United Kingdom and EU272020","Q","Education (Q)","Thousand",""
"QLF59C01","Persons aged 15 years and over in Employment","20213","2021Q3","ZZZZ2","All countries excluding Ireland,United Kingdom and EU272020","R","Human Health and Social Work Activities (R)","Thousand","27.2"
"QLF59C01","Persons aged 15 years and over in Employment","20213","2021Q3","ZZZZ2","All countries excluding Ireland,United Kingdom and EU272020","ZZ210011","Industry (B-E)","Thousand","17.2"
"QLF59C01","Persons aged 15 years and over in Employment","20213","2021Q3","ZZZZ2","All countries excluding Ireland,United Kingdom and EU272020","ZZ210010","Industry and Construction (B-F)","Thousand","20"
"QLF59C01","Persons aged 15 years and over in Employment","20213","2021Q3","ZZZZ2","All countries excluding Ireland,United Kingdom and EU272020","ZZ210023","Services (G-V)","Thousand","116.1"
"QLF59C01","Persons aged 15 years and over in Employment","20213","2021Q3","ZZZZ2","All countries excluding Ireland,United Kingdom and EU272020","ZZ210221","Financial, Insurance and Real Estate Activities (L,M)","Thousand",""
"QLF59C01","Persons aged 15 years and over in Employment","20213","2021Q3","ZZZZ2","All countries excluding Ireland,United Kingdom and EU272020","ZZ210224","Other NACE Activities (S to V)","Thousand",""
"QLF59C01","Persons aged 15 years and over in Employment","20213","2021Q3","ZZZZ2","All countries excluding Ireland,United Kingdom and EU272020","ZZ219990","NACE Unknown","Thousand",""
"QLF59C01","Persons aged 15 years and over in Employment","20214","2021Q4","-","All Countries","-","All NACE Economic Sectors (A-V)","Thousand","2551.4"
"QLF59C01","Persons aged 15 years and over in Employment","20214","2021Q4","-","All Countries","A","Agriculture, Forestry and Fishing (A)","Thousand","109.6"
"QLF59C01","Persons aged 15 years and over in Employment","20214","2021Q4","-","All Countries","F","Construction (F)","Thousand","160.7"
"QLF59C01","Persons aged 15 years and over in Employment","20214","2021Q4","-","All Countries","G","Wholesale and Retail Trade (G)","Thousand","290.2"
"QLF59C01","Persons aged 15 years and over in Employment","20214","2021Q4","-","All Countries","H","Transportation and Storage (H)","Thousand","107.7"
"QLF59C01","Persons aged 15 years and over in Employment","20214","2021Q4","-","All Countries","I","Accommodation and Food Service Activities (I)","Thousand","163.4"
"QLF59C01","Persons aged 15 years and over in Employment","20214","2021Q4","-","All Countries","ZZ210228","Information and Communication (J,K)","Thousand","172.9"
"QLF59C01","Persons aged 15 years and over in Employment","20214","2021Q4","-","All Countries","N","Professional, Scientific and Technical Activities (N)","Thousand","175.9"
"QLF59C01","Persons aged 15 years and over in Employment","20214","2021Q4","-","All Countries","O","Administrative and Support Service Activities (O)","Thousand","95.4"
"QLF59C01","Persons aged 15 years and over in Employment","20214","2021Q4","-","All Countries","P","Public Administration and Defence; Compulsory Social Security (P)","Thousand","137.1"
"QLF59C01","Persons aged 15 years and over in Employment","20214","2021Q4","-","All Countries","Q","Education (Q)","Thousand","215.3"
"QLF59C01","Persons aged 15 years and over in Employment","20214","2021Q4","-","All Countries","R","Human Health and Social Work Activities (R)","Thousand","327.7"
"QLF59C01","Persons aged 15 years and over in Employment","20214","2021Q4","-","All Countries","ZZ210011","Industry (B-E)","Thousand","317.9"
"QLF59C01","Persons aged 15 years and over in Employment","20214","2021Q4","-","All Countries","ZZ210010","Industry and Construction (B-F)","Thousand","478.7"
"QLF59C01","Persons aged 15 years and over in Employment","20214","2021Q4","-","All Countries","ZZ210023","Services (G-V)","Thousand","1955.3"
"QLF59C01","Persons aged 15 years and over in Employment","20214","2021Q4","-","All Countries","ZZ210221","Financial, Insurance and Real Estate Activities (L,M)","Thousand","134.3"
"QLF59C01","Persons aged 15 years and over in Employment","20214","2021Q4","-","All Countries","ZZ210224","Other NACE Activities (S to V)","Thousand","135.4"
"QLF59C01","Persons aged 15 years and over in Employment","20214","2021Q4","-","All Countries","ZZ219990","NACE Unknown","Thousand","7.8"
"QLF59C01","Persons aged 15 years and over in Employment","20214","2021Q4","E1420XIE","EU14 excl Irl (countries in the EU pre 2004 excluding UK & Ireland)","-","All NACE Economic Sectors (A-V)","Thousand","69"
"QLF59C01","Persons aged 15 years and over in Employment","20214","2021Q4","E1420XIE","EU14 excl Irl (countries in the EU pre 2004 excluding UK & Ireland)","A","Agriculture, Forestry and Fishing (A)","Thousand",""
"QLF59C01","Persons aged 15 years and over in Employment","20214","2021Q4","E1420XIE","EU14 excl Irl (countries in the EU pre 2004 excluding UK & Ireland)","F","Construction (F)","Thousand",""
"QLF59C01","Persons aged 15 years and over in Employment","20214","2021Q4","E1420XIE","EU14 excl Irl (countries in the EU pre 2004 excluding UK & Ireland)","G","Wholesale and Retail Trade (G)","Thousand",""
"QLF59C01","Persons aged 15 years and over in Employment","20214","2021Q4","E1420XIE","EU14 excl Irl (countries in the EU pre 2004 excluding UK & Ireland)","H","Transportation and Storage (H)","Thousand",""
"QLF59C01","Persons aged 15 years and over in Employment","20214","2021Q4","E1420XIE","EU14 excl Irl (countries in the EU pre 2004 excluding UK & Ireland)","I","Accommodation and Food Service Activities (I)","Thousand",""
"QLF59C01","Persons aged 15 years and over in Employment","20214","2021Q4","E1420XIE","EU14 excl Irl (countries in the EU pre 2004 excluding UK & Ireland)","ZZ210228","Information and Communication (J,K)","Thousand","14.2"
"QLF59C01","Persons aged 15 years and over in Employment","20214","2021Q4","E1420XIE","EU14 excl Irl (countries in the EU pre 2004 excluding UK & Ireland)","N","Professional, Scientific and Technical Activities (N)","Thousand",""
"QLF59C01","Persons aged 15 years and over in Employment","20214","2021Q4","E1420XIE","EU14 excl Irl (countries in the EU pre 2004 excluding UK & Ireland)","O","Administrative and Support Service Activities (O)","Thousand",""
"QLF59C01","Persons aged 15 years and over in Employment","20214","2021Q4","E1420XIE","EU14 excl Irl (countries in the EU pre 2004 excluding UK & Ireland)","P","Public Administration and Defence; Compulsory Social Security (P)","Thousand",""
"QLF59C01","Persons aged 15 years and over in Employment","20214","2021Q4","E1420XIE","EU14 excl Irl (countries in the EU pre 2004 excluding UK & Ireland)","Q","Education (Q)","Thousand",""
"QLF59C01","Persons aged 15 years and over in Employment","20214","2021Q4","E1420XIE","EU14 excl Irl (countries in the EU pre 2004 excluding UK & Ireland)","R","Human Health and Social Work Activities (R)","Thousand",""
"QLF59C01","Persons aged 15 years and over in Employment","20214","2021Q4","E1420XIE","EU14 excl Irl (countries in the EU pre 2004 excluding UK & Ireland)","ZZ210011","Industry (B-E)","Thousand","11.3"
"QLF59C01","Persons aged 15 years and over in Employment","20214","2021Q4","E1420XIE","EU14 excl Irl (countries in the EU pre 2004 excluding UK & Ireland)","ZZ210010","Industry and Construction (B-F)","Thousand","12.6"
"QLF59C01","Persons aged 15 years and over in Employment","20214","2021Q4","E1420XIE","EU14 excl Irl (countries in the EU pre 2004 excluding UK & Ireland)","ZZ210023","Services (G-V)","Thousand","55.7"
"QLF59C01","Persons aged 15 years and over in Employment","20214","2021Q4","E1420XIE","EU14 excl Irl (countries in the EU pre 2004 excluding UK & Ireland)","ZZ210221","Financial, Insurance and Real Estate Activities (L,M)","Thousand",""
"QLF59C01","Persons aged 15 years and over in Employment","20214","2021Q4","E1420XIE","EU14 excl Irl (countries in the EU pre 2004 excluding UK & Ireland)","ZZ210224","Other NACE Activities (S to V)","Thousand",""
"QLF59C01","Persons aged 15 years and over in Employment","20214","2021Q4","E1420XIE","EU14 excl Irl (countries in the EU pre 2004 excluding UK & Ireland)","ZZ219990","NACE Unknown","Thousand",""
"QLF59C01","Persons aged 15 years and over in Employment","20214","2021Q4","E15E2720","EU15 to EU27 (accession countries joined post 2004)","-","All NACE Economic Sectors (A-V)","Thousand","159.3"
"QLF59C01","Persons aged 15 years and over in Employment","20214","2021Q4","E15E2720","EU15 to EU27 (accession countries joined post 2004)","A","Agriculture, Forestry and Fishing (A)","Thousand",""
"QLF59C01","Persons aged 15 years and over in Employment","20214","2021Q4","E15E2720","EU15 to EU27 (accession countries joined post 2004)","F","Construction (F)","Thousand","13.8"
"QLF59C01","Persons aged 15 years and over in Employment","20214","2021Q4","E15E2720","EU15 to EU27 (accession countries joined post 2004)","G","Wholesale and Retail Trade (G)","Thousand","22.3"
"QLF59C01","Persons aged 15 years and over in Employment","20214","2021Q4","E15E2720","EU15 to EU27 (accession countries joined post 2004)","H","Transportation and Storage (H)","Thousand",""
"QLF59C01","Persons aged 15 years and over in Employment","20214","2021Q4","E15E2720","EU15 to EU27 (accession countries joined post 2004)","I","Accommodation and Food Service Activities (I)","Thousand","18.7"
"QLF59C01","Persons aged 15 years and over in Employment","20214","2021Q4","E15E2720","EU15 to EU27 (accession countries joined post 2004)","ZZ210228","Information and Communication (J,K)","Thousand",""
"QLF59C01","Persons aged 15 years and over in Employment","20214","2021Q4","E15E2720","EU15 to EU27 (accession countries joined post 2004)","N","Professional, Scientific and Technical Activities (N)","Thousand",""
"QLF59C01","Persons aged 15 years and over in Employment","20214","2021Q4","E15E2720","EU15 to EU27 (accession countries joined post 2004)","O","Administrative and Support Service Activities (O)","Thousand","12.1"
"QLF59C01","Persons aged 15 years and over in Employment","20214","2021Q4","E15E2720","EU15 to EU27 (accession countries joined post 2004)","P","Public Administration and Defence; Compulsory Social Security (P)","Thousand",""
"QLF59C01","Persons aged 15 years and over in Employment","20214","2021Q4","E15E2720","EU15 to EU27 (accession countries joined post 2004)","Q","Education (Q)","Thousand",""
"QLF59C01","Persons aged 15 years and over in Employment","20214","2021Q4","E15E2720","EU15 to EU27 (accession countries joined post 2004)","R","Human Health and Social Work Activities (R)","Thousand","9.1"
"QLF59C01","Persons aged 15 years and over in Employment","20214","2021Q4","E15E2720","EU15 to EU27 (accession countries joined post 2004)","ZZ210011","Industry (B-E)","Thousand","41.5"
"QLF59C01","Persons aged 15 years and over in Employment","20214","2021Q4","E15E2720","EU15 to EU27 (accession countries joined post 2004)","ZZ210010","Industry and Construction (B-F)","Thousand","55.3"
"QLF59C01","Persons aged 15 years and over in Employment","20214","2021Q4","E15E2720","EU15 to EU27 (accession countries joined post 2004)","ZZ210023","Services (G-V)","Thousand","102"
"QLF59C01","Persons aged 15 years and over in Employment","20214","2021Q4","E15E2720","EU15 to EU27 (accession countries joined post 2004)","ZZ210221","Financial, Insurance and Real Estate Activities (L,M)","Thousand",""
"QLF59C01","Persons aged 15 years and over in Employment","20214","2021Q4","E15E2720","EU15 to EU27 (accession countries joined post 2004)","ZZ210224","Other NACE Activities (S to V)","Thousand","9.3"
"QLF59C01","Persons aged 15 years and over in Employment","20214","2021Q4","E15E2720","EU15 to EU27 (accession countries joined post 2004)","ZZ219990","NACE Unknown","Thousand",""
"QLF59C01","Persons aged 15 years and over in Employment","20214","2021Q4","GB","United Kingdom","-","All NACE Economic Sectors (A-V)","Thousand","50.9"
"QLF59C01","Persons aged 15 years and over in Employment","20214","2021Q4","GB","United Kingdom","A","Agriculture, Forestry and Fishing (A)","Thousand",""
"QLF59C01","Persons aged 15 years and over in Employment","20214","2021Q4","GB","United Kingdom","F","Construction (F)","Thousand",""
"QLF59C01","Persons aged 15 years and over in Employment","20214","2021Q4","GB","United Kingdom","G","Wholesale and Retail Trade (G)","Thousand",""
"QLF59C01","Persons aged 15 years and over in Employment","20214","2021Q4","GB","United Kingdom","H","Transportation and Storage (H)","Thousand",""
"QLF59C01","Persons aged 15 years and over in Employment","20214","2021Q4","GB","United Kingdom","I","Accommodation and Food Service Activities (I)","Thousand",""
"QLF59C01","Persons aged 15 years and over in Employment","20214","2021Q4","GB","United Kingdom","ZZ210228","Information and Communication (J,K)","Thousand",""
"QLF59C01","Persons aged 15 years and over in Employment","20214","2021Q4","GB","United Kingdom","N","Professional, Scientific and Technical Activities (N)","Thousand",""
"QLF59C01","Persons aged 15 years and over in Employment","20214","2021Q4","GB","United Kingdom","O","Administrative and Support Service Activities (O)","Thousand",""
"QLF59C01","Persons aged 15 years and over in Employment","20214","2021Q4","GB","United Kingdom","P","Public Administration and Defence; Compulsory Social Security (P)","Thousand",""
"QLF59C01","Persons aged 15 years and over in Employment","20214","2021Q4","GB","United Kingdom","Q","Education (Q)","Thousand",""
"QLF59C01","Persons aged 15 years and over in Employment","20214","2021Q4","GB","United Kingdom","R","Human Health and Social Work Activities (R)","Thousand","8"
"QLF59C01","Persons aged 15 years and over in Employment","20214","2021Q4","GB","United Kingdom","ZZ210011","Industry (B-E)","Thousand",""
"QLF59C01","Persons aged 15 years and over in Employment","20214","2021Q4","GB","United Kingdom","ZZ210010","Industry and Construction (B-F)","Thousand","9.1"
"QLF59C01","Persons aged 15 years and over in Employment","20214","2021Q4","GB","United Kingdom","ZZ210023","Services (G-V)","Thousand","41.1"
"QLF59C01","Persons aged 15 years and over in Employment","20214","2021Q4","GB","United Kingdom","ZZ210221","Financial, Insurance and Real Estate Activities (L,M)","Thousand",""
"QLF59C01","Persons aged 15 years and over in Employment","20214","2021Q4","GB","United Kingdom","ZZ210224","Other NACE Activities (S to V)","Thousand",""
"QLF59C01","Persons aged 15 years and over in Employment","20214","2021Q4","GB","United Kingdom","ZZ219990","NACE Unknown","Thousand",""
"QLF59C01","Persons aged 15 years and over in Employment","20214","2021Q4","IE","Ireland","-","All NACE Economic Sectors (A-V)","Thousand","2125.2"
"QLF59C01","Persons aged 15 years and over in Employment","20214","2021Q4","IE","Ireland","A","Agriculture, Forestry and Fishing (A)","Thousand","106.9"
"QLF59C01","Persons aged 15 years and over in Employment","20214","2021Q4","IE","Ireland","F","Construction (F)","Thousand","137.2"
"QLF59C01","Persons aged 15 years and over in Employment","20214","2021Q4","IE","Ireland","G","Wholesale and Retail Trade (G)","Thousand","246.7"
"QLF59C01","Persons aged 15 years and over in Employment","20214","2021Q4","IE","Ireland","H","Transportation and Storage (H)","Thousand","88.9"
"QLF59C01","Persons aged 15 years and over in Employment","20214","2021Q4","IE","Ireland","I","Accommodation and Food Service Activities (I)","Thousand","121"
"QLF59C01","Persons aged 15 years and over in Employment","20214","2021Q4","IE","Ireland","ZZ210228","Information and Communication (J,K)","Thousand","114.8"
"QLF59C01","Persons aged 15 years and over in Employment","20214","2021Q4","IE","Ireland","N","Professional, Scientific and Technical Activities (N)","Thousand","152.3"
"QLF59C01","Persons aged 15 years and over in Employment","20214","2021Q4","IE","Ireland","O","Administrative and Support Service Activities (O)","Thousand","68.9"
"QLF59C01","Persons aged 15 years and over in Employment","20214","2021Q4","IE","Ireland","P","Public Administration and Defence; Compulsory Social Security (P)","Thousand","133.6"
"QLF59C01","Persons aged 15 years and over in Employment","20214","2021Q4","IE","Ireland","Q","Education (Q)","Thousand","199"
"QLF59C01","Persons aged 15 years and over in Employment","20214","2021Q4","IE","Ireland","R","Human Health and Social Work Activities (R)","Thousand","274.5"
"QLF59C01","Persons aged 15 years and over in Employment","20214","2021Q4","IE","Ireland","ZZ210011","Industry (B-E)","Thousand","246.3"
"QLF59C01","Persons aged 15 years and over in Employment","20214","2021Q4","IE","Ireland","ZZ210010","Industry and Construction (B-F)","Thousand","383.5"
"QLF59C01","Persons aged 15 years and over in Employment","20214","2021Q4","IE","Ireland","ZZ210023","Services (G-V)","Thousand","1629.1"
"QLF59C01","Persons aged 15 years and over in Employment","20214","2021Q4","IE","Ireland","ZZ210221","Financial, Insurance and Real Estate Activities (L,M)","Thousand","115.1"
"QLF59C01","Persons aged 15 years and over in Employment","20214","2021Q4","IE","Ireland","ZZ210224","Other NACE Activities (S to V)","Thousand","114.4"
"QLF59C01","Persons aged 15 years and over in Employment","20214","2021Q4","IE","Ireland","ZZ219990","NACE Unknown","Thousand",""
"QLF59C01","Persons aged 15 years and over in Employment","20214","2021Q4","ZZZZ1","All countries excluding Ireland","-","All NACE Economic Sectors (A-V)","Thousand","426.2"
"QLF59C01","Persons aged 15 years and over in Employment","20214","2021Q4","ZZZZ1","All countries excluding Ireland","A","Agriculture, Forestry and Fishing (A)","Thousand",""
"QLF59C01","Persons aged 15 years and over in Employment","20214","2021Q4","ZZZZ1","All countries excluding Ireland","F","Construction (F)","Thousand","23.5"
"QLF59C01","Persons aged 15 years and over in Employment","20214","2021Q4","ZZZZ1","All countries excluding Ireland","G","Wholesale and Retail Trade (G)","Thousand","43.6"
"QLF59C01","Persons aged 15 years and over in Employment","20214","2021Q4","ZZZZ1","All countries excluding Ireland","H","Transportation and Storage (H)","Thousand","18.8"
"QLF59C01","Persons aged 15 years and over in Employment","20214","2021Q4","ZZZZ1","All countries excluding Ireland","I","Accommodation and Food Service Activities (I)","Thousand","42.4"
"QLF59C01","Persons aged 15 years and over in Employment","20214","2021Q4","ZZZZ1","All countries excluding Ireland","ZZ210228","Information and Communication (J,K)","Thousand","58.1"
"QLF59C01","Persons aged 15 years and over in Employment","20214","2021Q4","ZZZZ1","All countries excluding Ireland","N","Professional, Scientific and Technical Activities (N)","Thousand","23.6"
"QLF59C01","Persons aged 15 years and over in Employment","20214","2021Q4","ZZZZ1","All countries excluding Ireland","O","Administrative and Support Service Activities (O)","Thousand","26.5"
"QLF59C01","Persons aged 15 years and over in Employment","20214","2021Q4","ZZZZ1","All countries excluding Ireland","P","Public Administration and Defence; Compulsory Social Security (P)","Thousand",""
"QLF59C01","Persons aged 15 years and over in Employment","20214","2021Q4","ZZZZ1","All countries excluding Ireland","Q","Education (Q)","Thousand","16.3"
"QLF59C01","Persons aged 15 years and over in Employment","20214","2021Q4","ZZZZ1","All countries excluding Ireland","R","Human Health and Social Work Activities (R)","Thousand","53.2"
"QLF59C01","Persons aged 15 years and over in Employment","20214","2021Q4","ZZZZ1","All countries excluding Ireland","ZZ210011","Industry (B-E)","Thousand","71.7"
"QLF59C01","Persons aged 15 years and over in Employment","20214","2021Q4","ZZZZ1","All countries excluding Ireland","ZZ210010","Industry and Construction (B-F)","Thousand","95.2"
"QLF59C01","Persons aged 15 years and over in Employment","20214","2021Q4","ZZZZ1","All countries excluding Ireland","ZZ210023","Services (G-V)","Thousand","326.2"
"QLF59C01","Persons aged 15 years and over in Employment","20214","2021Q4","ZZZZ1","All countries excluding Ireland","ZZ210221","Financial, Insurance and Real Estate Activities (L,M)","Thousand","19.2"
"QLF59C01","Persons aged 15 years and over in Employment","20214","2021Q4","ZZZZ1","All countries excluding Ireland","ZZ210224","Other NACE Activities (S to V)","Thousand","21"
"QLF59C01","Persons aged 15 years and over in Employment","20214","2021Q4","ZZZZ1","All countries excluding Ireland","ZZ219990","NACE Unknown","Thousand",""
"QLF59C01","Persons aged 15 years and over in Employment","20214","2021Q4","ZZZZ2","All countries excluding Ireland,United Kingdom and EU272020","-","All NACE Economic Sectors (A-V)","Thousand","147"
"QLF59C01","Persons aged 15 years and over in Employment","20214","2021Q4","ZZZZ2","All countries excluding Ireland,United Kingdom and EU272020","A","Agriculture, Forestry and Fishing (A)","Thousand",""
"QLF59C01","Persons aged 15 years and over in Employment","20214","2021Q4","ZZZZ2","All countries excluding Ireland,United Kingdom and EU272020","F","Construction (F)","Thousand",""
"QLF59C01","Persons aged 15 years and over in Employment","20214","2021Q4","ZZZZ2","All countries excluding Ireland,United Kingdom and EU272020","G","Wholesale and Retail Trade (G)","Thousand","11.7"
"QLF59C01","Persons aged 15 years and over in Employment","20214","2021Q4","ZZZZ2","All countries excluding Ireland,United Kingdom and EU272020","H","Transportation and Storage (H)","Thousand",""
"QLF59C01","Persons aged 15 years and over in Employment","20214","2021Q4","ZZZZ2","All countries excluding Ireland,United Kingdom and EU272020","I","Accommodation and Food Service Activities (I)","Thousand","15.1"
"QLF59C01","Persons aged 15 years and over in Employment","20214","2021Q4","ZZZZ2","All countries excluding Ireland,United Kingdom and EU272020","ZZ210228","Information and Communication (J,K)","Thousand","33.7"
"QLF59C01","Persons aged 15 years and over in Employment","20214","2021Q4","ZZZZ2","All countries excluding Ireland,United Kingdom and EU272020","N","Professional, Scientific and Technical Activities (N)","Thousand",""
"QLF59C01","Persons aged 15 years and over in Employment","20214","2021Q4","ZZZZ2","All countries excluding Ireland,United Kingdom and EU272020","O","Administrative and Support Service Activities (O)","Thousand",""
"QLF59C01","Persons aged 15 years and over in Employment","20214","2021Q4","ZZZZ2","All countries excluding Ireland,United Kingdom and EU272020","P","Public Administration and Defence; Compulsory Social Security (P)","Thousand",""
"QLF59C01","Persons aged 15 years and over in Employment","20214","2021Q4","ZZZZ2","All countries excluding Ireland,United Kingdom and EU272020","Q","Education (Q)","Thousand",""
"QLF59C01","Persons aged 15 years and over in Employment","20214","2021Q4","ZZZZ2","All countries excluding Ireland,United Kingdom and EU272020","R","Human Health and Social Work Activities (R)","Thousand","29.9"
"QLF59C01","Persons aged 15 years and over in Employment","20214","2021Q4","ZZZZ2","All countries excluding Ireland,United Kingdom and EU272020","ZZ210011","Industry (B-E)","Thousand","13.3"
"QLF59C01","Persons aged 15 years and over in Employment","20214","2021Q4","ZZZZ2","All countries excluding Ireland,United Kingdom and EU272020","ZZ210010","Industry and Construction (B-F)","Thousand","18.2"
"QLF59C01","Persons aged 15 years and over in Employment","20214","2021Q4","ZZZZ2","All countries excluding Ireland,United Kingdom and EU272020","ZZ210023","Services (G-V)","Thousand","127.4"
"QLF59C01","Persons aged 15 years and over in Employment","20214","2021Q4","ZZZZ2","All countries excluding Ireland,United Kingdom and EU272020","ZZ210221","Financial, Insurance and Real Estate Activities (L,M)","Thousand",""
"QLF59C01","Persons aged 15 years and over in Employment","20214","2021Q4","ZZZZ2","All countries excluding Ireland,United Kingdom and EU272020","ZZ210224","Other NACE Activities (S to V)","Thousand",""
"QLF59C01","Persons aged 15 years and over in Employment","20214","2021Q4","ZZZZ2","All countries excluding Ireland,United Kingdom and EU272020","ZZ219990","NACE Unknown","Thousand",""
"QLF59C01","Persons aged 15 years and over in Employment","20221","2022Q1","-","All Countries","-","All NACE Economic Sectors (A-V)","Thousand","2559.4"
"QLF59C01","Persons aged 15 years and over in Employment","20221","2022Q1","-","All Countries","A","Agriculture, Forestry and Fishing (A)","Thousand","106.3"
"QLF59C01","Persons aged 15 years and over in Employment","20221","2022Q1","-","All Countries","F","Construction (F)","Thousand","160.8"
"QLF59C01","Persons aged 15 years and over in Employment","20221","2022Q1","-","All Countries","G","Wholesale and Retail Trade (G)","Thousand","287.3"
"QLF59C01","Persons aged 15 years and over in Employment","20221","2022Q1","-","All Countries","H","Transportation and Storage (H)","Thousand","115.1"
"QLF59C01","Persons aged 15 years and over in Employment","20221","2022Q1","-","All Countries","I","Accommodation and Food Service Activities (I)","Thousand","163.6"
"QLF59C01","Persons aged 15 years and over in Employment","20221","2022Q1","-","All Countries","ZZ210228","Information and Communication (J,K)","Thousand","169.3"
"QLF59C01","Persons aged 15 years and over in Employment","20221","2022Q1","-","All Countries","N","Professional, Scientific and Technical Activities (N)","Thousand","165.6"
"QLF59C01","Persons aged 15 years and over in Employment","20221","2022Q1","-","All Countries","O","Administrative and Support Service Activities (O)","Thousand","103.2"
"QLF59C01","Persons aged 15 years and over in Employment","20221","2022Q1","-","All Countries","P","Public Administration and Defence; Compulsory Social Security (P)","Thousand","137.7"
"QLF59C01","Persons aged 15 years and over in Employment","20221","2022Q1","-","All Countries","Q","Education (Q)","Thousand","216.2"
"QLF59C01","Persons aged 15 years and over in Employment","20221","2022Q1","-","All Countries","R","Human Health and Social Work Activities (R)","Thousand","334.4"
"QLF59C01","Persons aged 15 years and over in Employment","20221","2022Q1","-","All Countries","ZZ210011","Industry (B-E)","Thousand","320.8"
"QLF59C01","Persons aged 15 years and over in Employment","20221","2022Q1","-","All Countries","ZZ210010","Industry and Construction (B-F)","Thousand","481.6"
"QLF59C01","Persons aged 15 years and over in Employment","20221","2022Q1","-","All Countries","ZZ210023","Services (G-V)","Thousand","1962.7"
"QLF59C01","Persons aged 15 years and over in Employment","20221","2022Q1","-","All Countries","ZZ210221","Financial, Insurance and Real Estate Activities (L,M)","Thousand","140.2"
"QLF59C01","Persons aged 15 years and over in Employment","20221","2022Q1","-","All Countries","ZZ210224","Other NACE Activities (S to V)","Thousand","130.1"
"QLF59C01","Persons aged 15 years and over in Employment","20221","2022Q1","-","All Countries","ZZ219990","NACE Unknown","Thousand","8.8"
"QLF59C01","Persons aged 15 years and over in Employment","20221","2022Q1","E1420XIE","EU14 excl Irl (countries in the EU pre 2004 excluding UK & Ireland)","-","All NACE Economic Sectors (A-V)","Thousand","71.7"
"QLF59C01","Persons aged 15 years and over in Employment","20221","2022Q1","E1420XIE","EU14 excl Irl (countries in the EU pre 2004 excluding UK & Ireland)","A","Agriculture, Forestry and Fishing (A)","Thousand",""
"QLF59C01","Persons aged 15 years and over in Employment","20221","2022Q1","E1420XIE","EU14 excl Irl (countries in the EU pre 2004 excluding UK & Ireland)","F","Construction (F)","Thousand",""
"QLF59C01","Persons aged 15 years and over in Employment","20221","2022Q1","E1420XIE","EU14 excl Irl (countries in the EU pre 2004 excluding UK & Ireland)","G","Wholesale and Retail Trade (G)","Thousand",""
"QLF59C01","Persons aged 15 years and over in Employment","20221","2022Q1","E1420XIE","EU14 excl Irl (countries in the EU pre 2004 excluding UK & Ireland)","H","Transportation and Storage (H)","Thousand",""
"QLF59C01","Persons aged 15 years and over in Employment","20221","2022Q1","E1420XIE","EU14 excl Irl (countries in the EU pre 2004 excluding UK & Ireland)","I","Accommodation and Food Service Activities (I)","Thousand",""
"QLF59C01","Persons aged 15 years and over in Employment","20221","2022Q1","E1420XIE","EU14 excl Irl (countries in the EU pre 2004 excluding UK & Ireland)","ZZ210228","Information and Communication (J,K)","Thousand","17.2"
"QLF59C01","Persons aged 15 years and over in Employment","20221","2022Q1","E1420XIE","EU14 excl Irl (countries in the EU pre 2004 excluding UK & Ireland)","N","Professional, Scientific and Technical Activities (N)","Thousand",""
"QLF59C01","Persons aged 15 years and over in Employment","20221","2022Q1","E1420XIE","EU14 excl Irl (countries in the EU pre 2004 excluding UK & Ireland)","O","Administrative and Support Service Activities (O)","Thousand",""
"QLF59C01","Persons aged 15 years and over in Employment","20221","2022Q1","E1420XIE","EU14 excl Irl (countries in the EU pre 2004 excluding UK & Ireland)","P","Public Administration and Defence; Compulsory Social Security (P)","Thousand",""
"QLF59C01","Persons aged 15 years and over in Employment","20221","2022Q1","E1420XIE","EU14 excl Irl (countries in the EU pre 2004 excluding UK & Ireland)","Q","Education (Q)","Thousand",""
"QLF59C01","Persons aged 15 years and over in Employment","20221","2022Q1","E1420XIE","EU14 excl Irl (countries in the EU pre 2004 excluding UK & Ireland)","R","Human Health and Social Work Activities (R)","Thousand",""
"QLF59C01","Persons aged 15 years and over in Employment","20221","2022Q1","E1420XIE","EU14 excl Irl (countries in the EU pre 2004 excluding UK & Ireland)","ZZ210011","Industry (B-E)","Thousand","10.3"
"QLF59C01","Persons aged 15 years and over in Employment","20221","2022Q1","E1420XIE","EU14 excl Irl (countries in the EU pre 2004 excluding UK & Ireland)","ZZ210010","Industry and Construction (B-F)","Thousand","11.2"
"QLF59C01","Persons aged 15 years and over in Employment","20221","2022Q1","E1420XIE","EU14 excl Irl (countries in the EU pre 2004 excluding UK & Ireland)","ZZ210023","Services (G-V)","Thousand","59.9"
"QLF59C01","Persons aged 15 years and over in Employment","20221","2022Q1","E1420XIE","EU14 excl Irl (countries in the EU pre 2004 excluding UK & Ireland)","ZZ210221","Financial, Insurance and Real Estate Activities (L,M)","Thousand",""
"QLF59C01","Persons aged 15 years and over in Employment","20221","2022Q1","E1420XIE","EU14 excl Irl (countries in the EU pre 2004 excluding UK & Ireland)","ZZ210224","Other NACE Activities (S to V)","Thousand",""
"QLF59C01","Persons aged 15 years and over in Employment","20221","2022Q1","E1420XIE","EU14 excl Irl (countries in the EU pre 2004 excluding UK & Ireland)","ZZ219990","NACE Unknown","Thousand",""
"QLF59C01","Persons aged 15 years and over in Employment","20221","2022Q1","E15E2720","EU15 to EU27 (accession countries joined post 2004)","-","All NACE Economic Sectors (A-V)","Thousand","162"
"QLF59C01","Persons aged 15 years and over in Employment","20221","2022Q1","E15E2720","EU15 to EU27 (accession countries joined post 2004)","A","Agriculture, Forestry and Fishing (A)","Thousand",""
"QLF59C01","Persons aged 15 years and over in Employment","20221","2022Q1","E15E2720","EU15 to EU27 (accession countries joined post 2004)","F","Construction (F)","Thousand","12.5"
"QLF59C01","Persons aged 15 years and over in Employment","20221","2022Q1","E15E2720","EU15 to EU27 (accession countries joined post 2004)","G","Wholesale and Retail Trade (G)","Thousand","25.2"
"QLF59C01","Persons aged 15 years and over in Employment","20221","2022Q1","E15E2720","EU15 to EU27 (accession countries joined post 2004)","H","Transportation and Storage (H)","Thousand","13.4"
"QLF59C01","Persons aged 15 years and over in Employment","20221","2022Q1","E15E2720","EU15 to EU27 (accession countries joined post 2004)","I","Accommodation and Food Service Activities (I)","Thousand","21.2"
"QLF59C01","Persons aged 15 years and over in Employment","20221","2022Q1","E15E2720","EU15 to EU27 (accession countries joined post 2004)","ZZ210228","Information and Communication (J,K)","Thousand",""
"QLF59C01","Persons aged 15 years and over in Employment","20221","2022Q1","E15E2720","EU15 to EU27 (accession countries joined post 2004)","N","Professional, Scientific and Technical Activities (N)","Thousand",""
"QLF59C01","Persons aged 15 years and over in Employment","20221","2022Q1","E15E2720","EU15 to EU27 (accession countries joined post 2004)","O","Administrative and Support Service Activities (O)","Thousand","13.3"
"QLF59C01","Persons aged 15 years and over in Employment","20221","2022Q1","E15E2720","EU15 to EU27 (accession countries joined post 2004)","P","Public Administration and Defence; Compulsory Social Security (P)","Thousand",""
"QLF59C01","Persons aged 15 years and over in Employment","20221","2022Q1","E15E2720","EU15 to EU27 (accession countries joined post 2004)","Q","Education (Q)","Thousand",""
"QLF59C01","Persons aged 15 years and over in Employment","20221","2022Q1","E15E2720","EU15 to EU27 (accession countries joined post 2004)","R","Human Health and Social Work Activities (R)","Thousand","10.9"
"QLF59C01","Persons aged 15 years and over in Employment","20221","2022Q1","E15E2720","EU15 to EU27 (accession countries joined post 2004)","ZZ210011","Industry (B-E)","Thousand","32.6"
"QLF59C01","Persons aged 15 years and over in Employment","20221","2022Q1","E15E2720","EU15 to EU27 (accession countries joined post 2004)","ZZ210010","Industry and Construction (B-F)","Thousand","45.2"
"QLF59C01","Persons aged 15 years and over in Employment","20221","2022Q1","E15E2720","EU15 to EU27 (accession countries joined post 2004)","ZZ210023","Services (G-V)","Thousand","114.7"
"QLF59C01","Persons aged 15 years and over in Employment","20221","2022Q1","E15E2720","EU15 to EU27 (accession countries joined post 2004)","ZZ210221","Financial, Insurance and Real Estate Activities (L,M)","Thousand",""
"QLF59C01","Persons aged 15 years and over in Employment","20221","2022Q1","E15E2720","EU15 to EU27 (accession countries joined post 2004)","ZZ210224","Other NACE Activities (S to V)","Thousand","9.2"
"QLF59C01","Persons aged 15 years and over in Employment","20221","2022Q1","E15E2720","EU15 to EU27 (accession countries joined post 2004)","ZZ219990","NACE Unknown","Thousand",""
"QLF59C01","Persons aged 15 years and over in Employment","20221","2022Q1","GB","United Kingdom","-","All NACE Economic Sectors (A-V)","Thousand","50.1"
"QLF59C01","Persons aged 15 years and over in Employment","20221","2022Q1","GB","United Kingdom","A","Agriculture, Forestry and Fishing (A)","Thousand",""
"QLF59C01","Persons aged 15 years and over in Employment","20221","2022Q1","GB","United Kingdom","F","Construction (F)","Thousand",""
"QLF59C01","Persons aged 15 years and over in Employment","20221","2022Q1","GB","United Kingdom","G","Wholesale and Retail Trade (G)","Thousand",""
"QLF59C01","Persons aged 15 years and over in Employment","20221","2022Q1","GB","United Kingdom","H","Transportation and Storage (H)","Thousand",""
"QLF59C01","Persons aged 15 years and over in Employment","20221","2022Q1","GB","United Kingdom","I","Accommodation and Food Service Activities (I)","Thousand",""
"QLF59C01","Persons aged 15 years and over in Employment","20221","2022Q1","GB","United Kingdom","ZZ210228","Information and Communication (J,K)","Thousand",""
"QLF59C01","Persons aged 15 years and over in Employment","20221","2022Q1","GB","United Kingdom","N","Professional, Scientific and Technical Activities (N)","Thousand",""
"QLF59C01","Persons aged 15 years and over in Employment","20221","2022Q1","GB","United Kingdom","O","Administrative and Support Service Activities (O)","Thousand",""
"QLF59C01","Persons aged 15 years and over in Employment","20221","2022Q1","GB","United Kingdom","P","Public Administration and Defence; Compulsory Social Security (P)","Thousand",""
"QLF59C01","Persons aged 15 years and over in Employment","20221","2022Q1","GB","United Kingdom","Q","Education (Q)","Thousand",""
"QLF59C01","Persons aged 15 years and over in Employment","20221","2022Q1","GB","United Kingdom","R","Human Health and Social Work Activities (R)","Thousand","8.9"
"QLF59C01","Persons aged 15 years and over in Employment","20221","2022Q1","GB","United Kingdom","ZZ210011","Industry (B-E)","Thousand",""
"QLF59C01","Persons aged 15 years and over in Employment","20221","2022Q1","GB","United Kingdom","ZZ210010","Industry and Construction (B-F)","Thousand","7.7"
"QLF59C01","Persons aged 15 years and over in Employment","20221","2022Q1","GB","United Kingdom","ZZ210023","Services (G-V)","Thousand","41.4"
"QLF59C01","Persons aged 15 years and over in Employment","20221","2022Q1","GB","United Kingdom","ZZ210221","Financial, Insurance and Real Estate Activities (L,M)","Thousand",""
"QLF59C01","Persons aged 15 years and over in Employment","20221","2022Q1","GB","United Kingdom","ZZ210224","Other NACE Activities (S to V)","Thousand",""
"QLF59C01","Persons aged 15 years and over in Employment","20221","2022Q1","GB","United Kingdom","ZZ219990","NACE Unknown","Thousand",""
"QLF59C01","Persons aged 15 years and over in Employment","20221","2022Q1","IE","Ireland","-","All NACE Economic Sectors (A-V)","Thousand","2123.8"
"QLF59C01","Persons aged 15 years and over in Employment","20221","2022Q1","IE","Ireland","A","Agriculture, Forestry and Fishing (A)","Thousand","103.8"
"QLF59C01","Persons aged 15 years and over in Employment","20221","2022Q1","IE","Ireland","F","Construction (F)","Thousand","140"
"QLF59C01","Persons aged 15 years and over in Employment","20221","2022Q1","IE","Ireland","G","Wholesale and Retail Trade (G)","Thousand","242.7"
"QLF59C01","Persons aged 15 years and over in Employment","20221","2022Q1","IE","Ireland","H","Transportation and Storage (H)","Thousand","92.4"
"QLF59C01","Persons aged 15 years and over in Employment","20221","2022Q1","IE","Ireland","I","Accommodation and Food Service Activities (I)","Thousand","118.6"
"QLF59C01","Persons aged 15 years and over in Employment","20221","2022Q1","IE","Ireland","ZZ210228","Information and Communication (J,K)","Thousand","112.7"
"QLF59C01","Persons aged 15 years and over in Employment","20221","2022Q1","IE","Ireland","N","Professional, Scientific and Technical Activities (N)","Thousand","139.4"
"QLF59C01","Persons aged 15 years and over in Employment","20221","2022Q1","IE","Ireland","O","Administrative and Support Service Activities (O)","Thousand","75"
"QLF59C01","Persons aged 15 years and over in Employment","20221","2022Q1","IE","Ireland","P","Public Administration and Defence; Compulsory Social Security (P)","Thousand","133.3"
"QLF59C01","Persons aged 15 years and over in Employment","20221","2022Q1","IE","Ireland","Q","Education (Q)","Thousand","200.3"
"QLF59C01","Persons aged 15 years and over in Employment","20221","2022Q1","IE","Ireland","R","Human Health and Social Work Activities (R)","Thousand","274.4"
"QLF59C01","Persons aged 15 years and over in Employment","20221","2022Q1","IE","Ireland","ZZ210011","Industry (B-E)","Thousand","259"
"QLF59C01","Persons aged 15 years and over in Employment","20221","2022Q1","IE","Ireland","ZZ210010","Industry and Construction (B-F)","Thousand","398.9"
"QLF59C01","Persons aged 15 years and over in Employment","20221","2022Q1","IE","Ireland","ZZ210023","Services (G-V)","Thousand","1615.4"
"QLF59C01","Persons aged 15 years and over in Employment","20221","2022Q1","IE","Ireland","ZZ210221","Financial, Insurance and Real Estate Activities (L,M)","Thousand","119.9"
"QLF59C01","Persons aged 15 years and over in Employment","20221","2022Q1","IE","Ireland","ZZ210224","Other NACE Activities (S to V)","Thousand","106.5"
"QLF59C01","Persons aged 15 years and over in Employment","20221","2022Q1","IE","Ireland","ZZ219990","NACE Unknown","Thousand",""
"QLF59C01","Persons aged 15 years and over in Employment","20221","2022Q1","ZZZZ1","All countries excluding Ireland","-","All NACE Economic Sectors (A-V)","Thousand","435.6"
"QLF59C01","Persons aged 15 years and over in Employment","20221","2022Q1","ZZZZ1","All countries excluding Ireland","A","Agriculture, Forestry and Fishing (A)","Thousand",""
"QLF59C01","Persons aged 15 years and over in Employment","20221","2022Q1","ZZZZ1","All countries excluding Ireland","F","Construction (F)","Thousand","20.9"
"QLF59C01","Persons aged 15 years and over in Employment","20221","2022Q1","ZZZZ1","All countries excluding Ireland","G","Wholesale and Retail Trade (G)","Thousand","44.6"
"QLF59C01","Persons aged 15 years and over in Employment","20221","2022Q1","ZZZZ1","All countries excluding Ireland","H","Transportation and Storage (H)","Thousand","22.7"
"QLF59C01","Persons aged 15 years and over in Employment","20221","2022Q1","ZZZZ1","All countries excluding Ireland","I","Accommodation and Food Service Activities (I)","Thousand","44.9"
"QLF59C01","Persons aged 15 years and over in Employment","20221","2022Q1","ZZZZ1","All countries excluding Ireland","ZZ210228","Information and Communication (J,K)","Thousand","56.5"
"QLF59C01","Persons aged 15 years and over in Employment","20221","2022Q1","ZZZZ1","All countries excluding Ireland","N","Professional, Scientific and Technical Activities (N)","Thousand","26.3"
"QLF59C01","Persons aged 15 years and over in Employment","20221","2022Q1","ZZZZ1","All countries excluding Ireland","O","Administrative and Support Service Activities (O)","Thousand","28.2"
"QLF59C01","Persons aged 15 years and over in Employment","20221","2022Q1","ZZZZ1","All countries excluding Ireland","P","Public Administration and Defence; Compulsory Social Security (P)","Thousand",""
"QLF59C01","Persons aged 15 years and over in Employment","20221","2022Q1","ZZZZ1","All countries excluding Ireland","Q","Education (Q)","Thousand","15.9"
"QLF59C01","Persons aged 15 years and over in Employment","20221","2022Q1","ZZZZ1","All countries excluding Ireland","R","Human Health and Social Work Activities (R)","Thousand","60"
"QLF59C01","Persons aged 15 years and over in Employment","20221","2022Q1","ZZZZ1","All countries excluding Ireland","ZZ210011","Industry (B-E)","Thousand","61.8"
"QLF59C01","Persons aged 15 years and over in Employment","20221","2022Q1","ZZZZ1","All countries excluding Ireland","ZZ210010","Industry and Construction (B-F)","Thousand","82.7"
"QLF59C01","Persons aged 15 years and over in Employment","20221","2022Q1","ZZZZ1","All countries excluding Ireland","ZZ210023","Services (G-V)","Thousand","347.4"
"QLF59C01","Persons aged 15 years and over in Employment","20221","2022Q1","ZZZZ1","All countries excluding Ireland","ZZ210221","Financial, Insurance and Real Estate Activities (L,M)","Thousand","20.3"
"QLF59C01","Persons aged 15 years and over in Employment","20221","2022Q1","ZZZZ1","All countries excluding Ireland","ZZ210224","Other NACE Activities (S to V)","Thousand","23.6"
"QLF59C01","Persons aged 15 years and over in Employment","20221","2022Q1","ZZZZ1","All countries excluding Ireland","ZZ219990","NACE Unknown","Thousand",""
"QLF59C01","Persons aged 15 years and over in Employment","20221","2022Q1","ZZZZ2","All countries excluding Ireland,United Kingdom and EU272020","-","All NACE Economic Sectors (A-V)","Thousand","151.9"
"QLF59C01","Persons aged 15 years and over in Employment","20221","2022Q1","ZZZZ2","All countries excluding Ireland,United Kingdom and EU272020","A","Agriculture, Forestry and Fishing (A)","Thousand",""
"QLF59C01","Persons aged 15 years and over in Employment","20221","2022Q1","ZZZZ2","All countries excluding Ireland,United Kingdom and EU272020","F","Construction (F)","Thousand",""
"QLF59C01","Persons aged 15 years and over in Employment","20221","2022Q1","ZZZZ2","All countries excluding Ireland,United Kingdom and EU272020","G","Wholesale and Retail Trade (G)","Thousand","12.1"
"QLF59C01","Persons aged 15 years and over in Employment","20221","2022Q1","ZZZZ2","All countries excluding Ireland,United Kingdom and EU272020","H","Transportation and Storage (H)","Thousand",""
"QLF59C01","Persons aged 15 years and over in Employment","20221","2022Q1","ZZZZ2","All countries excluding Ireland,United Kingdom and EU272020","I","Accommodation and Food Service Activities (I)","Thousand","14.5"
"QLF59C01","Persons aged 15 years and over in Employment","20221","2022Q1","ZZZZ2","All countries excluding Ireland,United Kingdom and EU272020","ZZ210228","Information and Communication (J,K)","Thousand","28.7"
"QLF59C01","Persons aged 15 years and over in Employment","20221","2022Q1","ZZZZ2","All countries excluding Ireland,United Kingdom and EU272020","N","Professional, Scientific and Technical Activities (N)","Thousand","11.6"
"QLF59C01","Persons aged 15 years and over in Employment","20221","2022Q1","ZZZZ2","All countries excluding Ireland,United Kingdom and EU272020","O","Administrative and Support Service Activities (O)","Thousand",""
"QLF59C01","Persons aged 15 years and over in Employment","20221","2022Q1","ZZZZ2","All countries excluding Ireland,United Kingdom and EU272020","P","Public Administration and Defence; Compulsory Social Security (P)","Thousand",""
"QLF59C01","Persons aged 15 years and over in Employment","20221","2022Q1","ZZZZ2","All countries excluding Ireland,United Kingdom and EU272020","Q","Education (Q)","Thousand",""
"QLF59C01","Persons aged 15 years and over in Employment","20221","2022Q1","ZZZZ2","All countries excluding Ireland,United Kingdom and EU272020","R","Human Health and Social Work Activities (R)","Thousand","33.1"
"QLF59C01","Persons aged 15 years and over in Employment","20221","2022Q1","ZZZZ2","All countries excluding Ireland,United Kingdom and EU272020","ZZ210011","Industry (B-E)","Thousand","13.5"
"QLF59C01","Persons aged 15 years and over in Employment","20221","2022Q1","ZZZZ2","All countries excluding Ireland,United Kingdom and EU272020","ZZ210010","Industry and Construction (B-F)","Thousand","18.7"
"QLF59C01","Persons aged 15 years and over in Employment","20221","2022Q1","ZZZZ2","All countries excluding Ireland,United Kingdom and EU272020","ZZ210023","Services (G-V)","Thousand","131.3"
"QLF59C01","Persons aged 15 years and over in Employment","20221","2022Q1","ZZZZ2","All countries excluding Ireland,United Kingdom and EU272020","ZZ210221","Financial, Insurance and Real Estate Activities (L,M)","Thousand",""
"QLF59C01","Persons aged 15 years and over in Employment","20221","2022Q1","ZZZZ2","All countries excluding Ireland,United Kingdom and EU272020","ZZ210224","Other NACE Activities (S to V)","Thousand",""
"QLF59C01","Persons aged 15 years and over in Employment","20221","2022Q1","ZZZZ2","All countries excluding Ireland,United Kingdom and EU272020","ZZ219990","NACE Unknown","Thousand",""
"QLF59C01","Persons aged 15 years and over in Employment","20222","2022Q2","-","All Countries","-","All NACE Economic Sectors (A-V)","Thousand","2601.2"
"QLF59C01","Persons aged 15 years and over in Employment","20222","2022Q2","-","All Countries","A","Agriculture, Forestry and Fishing (A)","Thousand","108.3"
"QLF59C01","Persons aged 15 years and over in Employment","20222","2022Q2","-","All Countries","F","Construction (F)","Thousand","162.3"
"QLF59C01","Persons aged 15 years and over in Employment","20222","2022Q2","-","All Countries","G","Wholesale and Retail Trade (G)","Thousand","303.6"
"QLF59C01","Persons aged 15 years and over in Employment","20222","2022Q2","-","All Countries","H","Transportation and Storage (H)","Thousand","112.6"
"QLF59C01","Persons aged 15 years and over in Employment","20222","2022Q2","-","All Countries","I","Accommodation and Food Service Activities (I)","Thousand","169.2"
"QLF59C01","Persons aged 15 years and over in Employment","20222","2022Q2","-","All Countries","ZZ210228","Information and Communication (J,K)","Thousand","169.6"
"QLF59C01","Persons aged 15 years and over in Employment","20222","2022Q2","-","All Countries","N","Professional, Scientific and Technical Activities (N)","Thousand","169.6"
"QLF59C01","Persons aged 15 years and over in Employment","20222","2022Q2","-","All Countries","O","Administrative and Support Service Activities (O)","Thousand","106.9"
"QLF59C01","Persons aged 15 years and over in Employment","20222","2022Q2","-","All Countries","P","Public Administration and Defence; Compulsory Social Security (P)","Thousand","130.2"
"QLF59C01","Persons aged 15 years and over in Employment","20222","2022Q2","-","All Countries","Q","Education (Q)","Thousand","220.9"
"QLF59C01","Persons aged 15 years and over in Employment","20222","2022Q2","-","All Countries","R","Human Health and Social Work Activities (R)","Thousand","339.9"
"QLF59C01","Persons aged 15 years and over in Employment","20222","2022Q2","-","All Countries","ZZ210011","Industry (B-E)","Thousand","325.6"
"QLF59C01","Persons aged 15 years and over in Employment","20222","2022Q2","-","All Countries","ZZ210010","Industry and Construction (B-F)","Thousand","487.9"
"QLF59C01","Persons aged 15 years and over in Employment","20222","2022Q2","-","All Countries","ZZ210023","Services (G-V)","Thousand","1995.8"
"QLF59C01","Persons aged 15 years and over in Employment","20222","2022Q2","-","All Countries","ZZ210221","Financial, Insurance and Real Estate Activities (L,M)","Thousand","140.8"
"QLF59C01","Persons aged 15 years and over in Employment","20222","2022Q2","-","All Countries","ZZ210224","Other NACE Activities (S to V)","Thousand","132.5"
"QLF59C01","Persons aged 15 years and over in Employment","20222","2022Q2","-","All Countries","ZZ219990","NACE Unknown","Thousand","9.2"
"QLF59C01","Persons aged 15 years and over in Employment","20222","2022Q2","E1420XIE","EU14 excl Irl (countries in the EU pre 2004 excluding UK & Ireland)","-","All NACE Economic Sectors (A-V)","Thousand","69"
"QLF59C01","Persons aged 15 years and over in Employment","20222","2022Q2","E1420XIE","EU14 excl Irl (countries in the EU pre 2004 excluding UK & Ireland)","A","Agriculture, Forestry and Fishing (A)","Thousand",""
"QLF59C01","Persons aged 15 years and over in Employment","20222","2022Q2","E1420XIE","EU14 excl Irl (countries in the EU pre 2004 excluding UK & Ireland)","F","Construction (F)","Thousand",""
"QLF59C01","Persons aged 15 years and over in Employment","20222","2022Q2","E1420XIE","EU14 excl Irl (countries in the EU pre 2004 excluding UK & Ireland)","G","Wholesale and Retail Trade (G)","Thousand",""
"QLF59C01","Persons aged 15 years and over in Employment","20222","2022Q2","E1420XIE","EU14 excl Irl (countries in the EU pre 2004 excluding UK & Ireland)","H","Transportation and Storage (H)","Thousand",""
"QLF59C01","Persons aged 15 years and over in Employment","20222","2022Q2","E1420XIE","EU14 excl Irl (countries in the EU pre 2004 excluding UK & Ireland)","I","Accommodation and Food Service Activities (I)","Thousand",""
"QLF59C01","Persons aged 15 years and over in Employment","20222","2022Q2","E1420XIE","EU14 excl Irl (countries in the EU pre 2004 excluding UK & Ireland)","ZZ210228","Information and Communication (J,K)","Thousand","14"
"QLF59C01","Persons aged 15 years and over in Employment","20222","2022Q2","E1420XIE","EU14 excl Irl (countries in the EU pre 2004 excluding UK & Ireland)","N","Professional, Scientific and Technical Activities (N)","Thousand",""
"QLF59C01","Persons aged 15 years and over in Employment","20222","2022Q2","E1420XIE","EU14 excl Irl (countries in the EU pre 2004 excluding UK & Ireland)","O","Administrative and Support Service Activities (O)","Thousand",""
"QLF59C01","Persons aged 15 years and over in Employment","20222","2022Q2","E1420XIE","EU14 excl Irl (countries in the EU pre 2004 excluding UK & Ireland)","P","Public Administration and Defence; Compulsory Social Security (P)","Thousand",""
"QLF59C01","Persons aged 15 years and over in Employment","20222","2022Q2","E1420XIE","EU14 excl Irl (countries in the EU pre 2004 excluding UK & Ireland)","Q","Education (Q)","Thousand",""
"QLF59C01","Persons aged 15 years and over in Employment","20222","2022Q2","E1420XIE","EU14 excl Irl (countries in the EU pre 2004 excluding UK & Ireland)","R","Human Health and Social Work Activities (R)","Thousand",""
"QLF59C01","Persons aged 15 years and over in Employment","20222","2022Q2","E1420XIE","EU14 excl Irl (countries in the EU pre 2004 excluding UK & Ireland)","ZZ210011","Industry (B-E)","Thousand","8.1"
"QLF59C01","Persons aged 15 years and over in Employment","20222","2022Q2","E1420XIE","EU14 excl Irl (countries in the EU pre 2004 excluding UK & Ireland)","ZZ210010","Industry and Construction (B-F)","Thousand","9.7"
"QLF59C01","Persons aged 15 years and over in Employment","20222","2022Q2","E1420XIE","EU14 excl Irl (countries in the EU pre 2004 excluding UK & Ireland)","ZZ210023","Services (G-V)","Thousand","58.2"
"QLF59C01","Persons aged 15 years and over in Employment","20222","2022Q2","E1420XIE","EU14 excl Irl (countries in the EU pre 2004 excluding UK & Ireland)","ZZ210221","Financial, Insurance and Real Estate Activities (L,M)","Thousand",""
"QLF59C01","Persons aged 15 years and over in Employment","20222","2022Q2","E1420XIE","EU14 excl Irl (countries in the EU pre 2004 excluding UK & Ireland)","ZZ210224","Other NACE Activities (S to V)","Thousand",""
"QLF59C01","Persons aged 15 years and over in Employment","20222","2022Q2","E1420XIE","EU14 excl Irl (countries in the EU pre 2004 excluding UK & Ireland)","ZZ219990","NACE Unknown","Thousand",""
"QLF59C01","Persons aged 15 years and over in Employment","20222","2022Q2","E15E2720","EU15 to EU27 (accession countries joined post 2004)","-","All NACE Economic Sectors (A-V)","Thousand","162.7"
"QLF59C01","Persons aged 15 years and over in Employment","20222","2022Q2","E15E2720","EU15 to EU27 (accession countries joined post 2004)","A","Agriculture, Forestry and Fishing (A)","Thousand",""
"QLF59C01","Persons aged 15 years and over in Employment","20222","2022Q2","E15E2720","EU15 to EU27 (accession countries joined post 2004)","F","Construction (F)","Thousand","11.7"
"QLF59C01","Persons aged 15 years and over in Employment","20222","2022Q2","E15E2720","EU15 to EU27 (accession countries joined post 2004)","G","Wholesale and Retail Trade (G)","Thousand","21.3"
"QLF59C01","Persons aged 15 years and over in Employment","20222","2022Q2","E15E2720","EU15 to EU27 (accession countries joined post 2004)","H","Transportation and Storage (H)","Thousand","9.9"
"QLF59C01","Persons aged 15 years and over in Employment","20222","2022Q2","E15E2720","EU15 to EU27 (accession countries joined post 2004)","I","Accommodation and Food Service Activities (I)","Thousand","16.7"
"QLF59C01","Persons aged 15 years and over in Employment","20222","2022Q2","E15E2720","EU15 to EU27 (accession countries joined post 2004)","ZZ210228","Information and Communication (J,K)","Thousand",""
"QLF59C01","Persons aged 15 years and over in Employment","20222","2022Q2","E15E2720","EU15 to EU27 (accession countries joined post 2004)","N","Professional, Scientific and Technical Activities (N)","Thousand",""
"QLF59C01","Persons aged 15 years and over in Employment","20222","2022Q2","E15E2720","EU15 to EU27 (accession countries joined post 2004)","O","Administrative and Support Service Activities (O)","Thousand","16.3"
"QLF59C01","Persons aged 15 years and over in Employment","20222","2022Q2","E15E2720","EU15 to EU27 (accession countries joined post 2004)","P","Public Administration and Defence; Compulsory Social Security (P)","Thousand",""
"QLF59C01","Persons aged 15 years and over in Employment","20222","2022Q2","E15E2720","EU15 to EU27 (accession countries joined post 2004)","Q","Education (Q)","Thousand",""
"QLF59C01","Persons aged 15 years and over in Employment","20222","2022Q2","E15E2720","EU15 to EU27 (accession countries joined post 2004)","R","Human Health and Social Work Activities (R)","Thousand","11.2"
"QLF59C01","Persons aged 15 years and over in Employment","20222","2022Q2","E15E2720","EU15 to EU27 (accession countries joined post 2004)","ZZ210011","Industry (B-E)","Thousand","38.5"
"QLF59C01","Persons aged 15 years and over in Employment","20222","2022Q2","E15E2720","EU15 to EU27 (accession countries joined post 2004)","ZZ210010","Industry and Construction (B-F)","Thousand","50.2"
"QLF59C01","Persons aged 15 years and over in Employment","20222","2022Q2","E15E2720","EU15 to EU27 (accession countries joined post 2004)","ZZ210023","Services (G-V)","Thousand","110.2"
"QLF59C01","Persons aged 15 years and over in Employment","20222","2022Q2","E15E2720","EU15 to EU27 (accession countries joined post 2004)","ZZ210221","Financial, Insurance and Real Estate Activities (L,M)","Thousand",""
"QLF59C01","Persons aged 15 years and over in Employment","20222","2022Q2","E15E2720","EU15 to EU27 (accession countries joined post 2004)","ZZ210224","Other NACE Activities (S to V)","Thousand","9.9"
"QLF59C01","Persons aged 15 years and over in Employment","20222","2022Q2","E15E2720","EU15 to EU27 (accession countries joined post 2004)","ZZ219990","NACE Unknown","Thousand",""
"QLF59C01","Persons aged 15 years and over in Employment","20222","2022Q2","GB","United Kingdom","-","All NACE Economic Sectors (A-V)","Thousand","50.7"
"QLF59C01","Persons aged 15 years and over in Employment","20222","2022Q2","GB","United Kingdom","A","Agriculture, Forestry and Fishing (A)","Thousand",""
"QLF59C01","Persons aged 15 years and over in Employment","20222","2022Q2","GB","United Kingdom","F","Construction (F)","Thousand",""
"QLF59C01","Persons aged 15 years and over in Employment","20222","2022Q2","GB","United Kingdom","G","Wholesale and Retail Trade (G)","Thousand",""
"QLF59C01","Persons aged 15 years and over in Employment","20222","2022Q2","GB","United Kingdom","H","Transportation and Storage (H)","Thousand",""
"QLF59C01","Persons aged 15 years and over in Employment","20222","2022Q2","GB","United Kingdom","I","Accommodation and Food Service Activities (I)","Thousand",""
"QLF59C01","Persons aged 15 years and over in Employment","20222","2022Q2","GB","United Kingdom","ZZ210228","Information and Communication (J,K)","Thousand",""
"QLF59C01","Persons aged 15 years and over in Employment","20222","2022Q2","GB","United Kingdom","N","Professional, Scientific and Technical Activities (N)","Thousand",""
"QLF59C01","Persons aged 15 years and over in Employment","20222","2022Q2","GB","United Kingdom","O","Administrative and Support Service Activities (O)","Thousand",""
"QLF59C01","Persons aged 15 years and over in Employment","20222","2022Q2","GB","United Kingdom","P","Public Administration and Defence; Compulsory Social Security (P)","Thousand",""
"QLF59C01","Persons aged 15 years and over in Employment","20222","2022Q2","GB","United Kingdom","Q","Education (Q)","Thousand",""
"QLF59C01","Persons aged 15 years and over in Employment","20222","2022Q2","GB","United Kingdom","R","Human Health and Social Work Activities (R)","Thousand","8.4"
"QLF59C01","Persons aged 15 years and over in Employment","20222","2022Q2","GB","United Kingdom","ZZ210011","Industry (B-E)","Thousand",""
"QLF59C01","Persons aged 15 years and over in Employment","20222","2022Q2","GB","United Kingdom","ZZ210010","Industry and Construction (B-F)","Thousand","7.1"
"QLF59C01","Persons aged 15 years and over in Employment","20222","2022Q2","GB","United Kingdom","ZZ210023","Services (G-V)","Thousand","42"
"QLF59C01","Persons aged 15 years and over in Employment","20222","2022Q2","GB","United Kingdom","ZZ210221","Financial, Insurance and Real Estate Activities (L,M)","Thousand",""
"QLF59C01","Persons aged 15 years and over in Employment","20222","2022Q2","GB","United Kingdom","ZZ210224","Other NACE Activities (S to V)","Thousand",""
"QLF59C01","Persons aged 15 years and over in Employment","20222","2022Q2","GB","United Kingdom","ZZ219990","NACE Unknown","Thousand",""
"QLF59C01","Persons aged 15 years and over in Employment","20222","2022Q2","IE","Ireland","-","All NACE Economic Sectors (A-V)","Thousand","2138.3"
"QLF59C01","Persons aged 15 years and over in Employment","20222","2022Q2","IE","Ireland","A","Agriculture, Forestry and Fishing (A)","Thousand","104.7"
"QLF59C01","Persons aged 15 years and over in Employment","20222","2022Q2","IE","Ireland","F","Construction (F)","Thousand","141.5"
"QLF59C01","Persons aged 15 years and over in Employment","20222","2022Q2","IE","Ireland","G","Wholesale and Retail Trade (G)","Thousand","255.9"
"QLF59C01","Persons aged 15 years and over in Employment","20222","2022Q2","IE","Ireland","H","Transportation and Storage (H)","Thousand","92.7"
"QLF59C01","Persons aged 15 years and over in Employment","20222","2022Q2","IE","Ireland","I","Accommodation and Food Service Activities (I)","Thousand","124.1"
"QLF59C01","Persons aged 15 years and over in Employment","20222","2022Q2","IE","Ireland","ZZ210228","Information and Communication (J,K)","Thousand","111.1"
"QLF59C01","Persons aged 15 years and over in Employment","20222","2022Q2","IE","Ireland","N","Professional, Scientific and Technical Activities (N)","Thousand","140.3"
"QLF59C01","Persons aged 15 years and over in Employment","20222","2022Q2","IE","Ireland","O","Administrative and Support Service Activities (O)","Thousand","76.1"
"QLF59C01","Persons aged 15 years and over in Employment","20222","2022Q2","IE","Ireland","P","Public Administration and Defence; Compulsory Social Security (P)","Thousand","125.5"
"QLF59C01","Persons aged 15 years and over in Employment","20222","2022Q2","IE","Ireland","Q","Education (Q)","Thousand","203.9"
"QLF59C01","Persons aged 15 years and over in Employment","20222","2022Q2","IE","Ireland","R","Human Health and Social Work Activities (R)","Thousand","274.4"
"QLF59C01","Persons aged 15 years and over in Employment","20222","2022Q2","IE","Ireland","ZZ210011","Industry (B-E)","Thousand","257.2"
"QLF59C01","Persons aged 15 years and over in Employment","20222","2022Q2","IE","Ireland","ZZ210010","Industry and Construction (B-F)","Thousand","398.8"
"QLF59C01","Persons aged 15 years and over in Employment","20222","2022Q2","IE","Ireland","ZZ210023","Services (G-V)","Thousand","1628"
"QLF59C01","Persons aged 15 years and over in Employment","20222","2022Q2","IE","Ireland","ZZ210221","Financial, Insurance and Real Estate Activities (L,M)","Thousand","114.7"
"QLF59C01","Persons aged 15 years and over in Employment","20222","2022Q2","IE","Ireland","ZZ210224","Other NACE Activities (S to V)","Thousand","109.3"
"QLF59C01","Persons aged 15 years and over in Employment","20222","2022Q2","IE","Ireland","ZZ219990","NACE Unknown","Thousand","6.8"
"QLF59C01","Persons aged 15 years and over in Employment","20222","2022Q2","ZZZZ1","All countries excluding Ireland","-","All NACE Economic Sectors (A-V)","Thousand","463"
"QLF59C01","Persons aged 15 years and over in Employment","20222","2022Q2","ZZZZ1","All countries excluding Ireland","A","Agriculture, Forestry and Fishing (A)","Thousand",""
"QLF59C01","Persons aged 15 years and over in Employment","20222","2022Q2","ZZZZ1","All countries excluding Ireland","F","Construction (F)","Thousand","20.8"
"QLF59C01","Persons aged 15 years and over in Employment","20222","2022Q2","ZZZZ1","All countries excluding Ireland","G","Wholesale and Retail Trade (G)","Thousand","47.7"
"QLF59C01","Persons aged 15 years and over in Employment","20222","2022Q2","ZZZZ1","All countries excluding Ireland","H","Transportation and Storage (H)","Thousand","19.9"
"QLF59C01","Persons aged 15 years and over in Employment","20222","2022Q2","ZZZZ1","All countries excluding Ireland","I","Accommodation and Food Service Activities (I)","Thousand","45.1"
"QLF59C01","Persons aged 15 years and over in Employment","20222","2022Q2","ZZZZ1","All countries excluding Ireland","ZZ210228","Information and Communication (J,K)","Thousand","58.5"
"QLF59C01","Persons aged 15 years and over in Employment","20222","2022Q2","ZZZZ1","All countries excluding Ireland","N","Professional, Scientific and Technical Activities (N)","Thousand","29.3"
"QLF59C01","Persons aged 15 years and over in Employment","20222","2022Q2","ZZZZ1","All countries excluding Ireland","O","Administrative and Support Service Activities (O)","Thousand","30.8"
"QLF59C01","Persons aged 15 years and over in Employment","20222","2022Q2","ZZZZ1","All countries excluding Ireland","P","Public Administration and Defence; Compulsory Social Security (P)","Thousand",""
"QLF59C01","Persons aged 15 years and over in Employment","20222","2022Q2","ZZZZ1","All countries excluding Ireland","Q","Education (Q)","Thousand","17"
"QLF59C01","Persons aged 15 years and over in Employment","20222","2022Q2","ZZZZ1","All countries excluding Ireland","R","Human Health and Social Work Activities (R)","Thousand","65.5"
"QLF59C01","Persons aged 15 years and over in Employment","20222","2022Q2","ZZZZ1","All countries excluding Ireland","ZZ210011","Industry (B-E)","Thousand","68.4"
"QLF59C01","Persons aged 15 years and over in Employment","20222","2022Q2","ZZZZ1","All countries excluding Ireland","ZZ210010","Industry and Construction (B-F)","Thousand","89.2"
"QLF59C01","Persons aged 15 years and over in Employment","20222","2022Q2","ZZZZ1","All countries excluding Ireland","ZZ210023","Services (G-V)","Thousand","367.7"
"QLF59C01","Persons aged 15 years and over in Employment","20222","2022Q2","ZZZZ1","All countries excluding Ireland","ZZ210221","Financial, Insurance and Real Estate Activities (L,M)","Thousand","26.1"
"QLF59C01","Persons aged 15 years and over in Employment","20222","2022Q2","ZZZZ1","All countries excluding Ireland","ZZ210224","Other NACE Activities (S to V)","Thousand","23.2"
"QLF59C01","Persons aged 15 years and over in Employment","20222","2022Q2","ZZZZ1","All countries excluding Ireland","ZZ219990","NACE Unknown","Thousand",""
"QLF59C01","Persons aged 15 years and over in Employment","20222","2022Q2","ZZZZ2","All countries excluding Ireland,United Kingdom and EU272020","-","All NACE Economic Sectors (A-V)","Thousand","180.5"
"QLF59C01","Persons aged 15 years and over in Employment","20222","2022Q2","ZZZZ2","All countries excluding Ireland,United Kingdom and EU272020","A","Agriculture, Forestry and Fishing (A)","Thousand",""
"QLF59C01","Persons aged 15 years and over in Employment","20222","2022Q2","ZZZZ2","All countries excluding Ireland,United Kingdom and EU272020","F","Construction (F)","Thousand",""
"QLF59C01","Persons aged 15 years and over in Employment","20222","2022Q2","ZZZZ2","All countries excluding Ireland,United Kingdom and EU272020","G","Wholesale and Retail Trade (G)","Thousand","15.3"
"QLF59C01","Persons aged 15 years and over in Employment","20222","2022Q2","ZZZZ2","All countries excluding Ireland,United Kingdom and EU272020","H","Transportation and Storage (H)","Thousand",""
"QLF59C01","Persons aged 15 years and over in Employment","20222","2022Q2","ZZZZ2","All countries excluding Ireland,United Kingdom and EU272020","I","Accommodation and Food Service Activities (I)","Thousand","17.4"
"QLF59C01","Persons aged 15 years and over in Employment","20222","2022Q2","ZZZZ2","All countries excluding Ireland,United Kingdom and EU272020","ZZ210228","Information and Communication (J,K)","Thousand","32.4"
"QLF59C01","Persons aged 15 years and over in Employment","20222","2022Q2","ZZZZ2","All countries excluding Ireland,United Kingdom and EU272020","N","Professional, Scientific and Technical Activities (N)","Thousand","13.3"
"QLF59C01","Persons aged 15 years and over in Employment","20222","2022Q2","ZZZZ2","All countries excluding Ireland,United Kingdom and EU272020","O","Administrative and Support Service Activities (O)","Thousand",""
"QLF59C01","Persons aged 15 years and over in Employment","20222","2022Q2","ZZZZ2","All countries excluding Ireland,United Kingdom and EU272020","P","Public Administration and Defence; Compulsory Social Security (P)","Thousand",""
"QLF59C01","Persons aged 15 years and over in Employment","20222","2022Q2","ZZZZ2","All countries excluding Ireland,United Kingdom and EU272020","Q","Education (Q)","Thousand",""
"QLF59C01","Persons aged 15 years and over in Employment","20222","2022Q2","ZZZZ2","All countries excluding Ireland,United Kingdom and EU272020","R","Human Health and Social Work Activities (R)","Thousand","39.5"
"QLF59C01","Persons aged 15 years and over in Employment","20222","2022Q2","ZZZZ2","All countries excluding Ireland,United Kingdom and EU272020","ZZ210011","Industry (B-E)","Thousand","17.2"
"QLF59C01","Persons aged 15 years and over in Employment","20222","2022Q2","ZZZZ2","All countries excluding Ireland,United Kingdom and EU272020","ZZ210010","Industry and Construction (B-F)","Thousand","22.2"
"QLF59C01","Persons aged 15 years and over in Employment","20222","2022Q2","ZZZZ2","All countries excluding Ireland,United Kingdom and EU272020","ZZ210023","Services (G-V)","Thousand","157.3"
"QLF59C01","Persons aged 15 years and over in Employment","20222","2022Q2","ZZZZ2","All countries excluding Ireland,United Kingdom and EU272020","ZZ210221","Financial, Insurance and Real Estate Activities (L,M)","Thousand",""
"QLF59C01","Persons aged 15 years and over in Employment","20222","2022Q2","ZZZZ2","All countries excluding Ireland,United Kingdom and EU272020","ZZ210224","Other NACE Activities (S to V)","Thousand",""
"QLF59C01","Persons aged 15 years and over in Employment","20222","2022Q2","ZZZZ2","All countries excluding Ireland,United Kingdom and EU272020","ZZ219990","NACE Unknown","Thousand",""
"QLF59C01","Persons aged 15 years and over in Employment","20223","2022Q3","-","All Countries","-","All NACE Economic Sectors (A-V)","Thousand","2602.6"
"QLF59C01","Persons aged 15 years and over in Employment","20223","2022Q3","-","All Countries","A","Agriculture, Forestry and Fishing (A)","Thousand","97.3"
"QLF59C01","Persons aged 15 years and over in Employment","20223","2022Q3","-","All Countries","F","Construction (F)","Thousand","167.4"
"QLF59C01","Persons aged 15 years and over in Employment","20223","2022Q3","-","All Countries","G","Wholesale and Retail Trade (G)","Thousand","300.6"
"QLF59C01","Persons aged 15 years and over in Employment","20223","2022Q3","-","All Countries","H","Transportation and Storage (H)","Thousand","110.9"
"QLF59C01","Persons aged 15 years and over in Employment","20223","2022Q3","-","All Countries","I","Accommodation and Food Service Activities (I)","Thousand","172.4"
"QLF59C01","Persons aged 15 years and over in Employment","20223","2022Q3","-","All Countries","ZZ210228","Information and Communication (J,K)","Thousand","163.9"
"QLF59C01","Persons aged 15 years and over in Employment","20223","2022Q3","-","All Countries","N","Professional, Scientific and Technical Activities (N)","Thousand","168.6"
"QLF59C01","Persons aged 15 years and over in Employment","20223","2022Q3","-","All Countries","O","Administrative and Support Service Activities (O)","Thousand","111.3"
"QLF59C01","Persons aged 15 years and over in Employment","20223","2022Q3","-","All Countries","P","Public Administration and Defence; Compulsory Social Security (P)","Thousand","135.4"
"QLF59C01","Persons aged 15 years and over in Employment","20223","2022Q3","-","All Countries","Q","Education (Q)","Thousand","210.7"
"QLF59C01","Persons aged 15 years and over in Employment","20223","2022Q3","-","All Countries","R","Human Health and Social Work Activities (R)","Thousand","345.7"
"QLF59C01","Persons aged 15 years and over in Employment","20223","2022Q3","-","All Countries","ZZ210011","Industry (B-E)","Thousand","335.2"
"QLF59C01","Persons aged 15 years and over in Employment","20223","2022Q3","-","All Countries","ZZ210010","Industry and Construction (B-F)","Thousand","502.6"
"QLF59C01","Persons aged 15 years and over in Employment","20223","2022Q3","-","All Countries","ZZ210023","Services (G-V)","Thousand","1988.9"
"QLF59C01","Persons aged 15 years and over in Employment","20223","2022Q3","-","All Countries","ZZ210221","Financial, Insurance and Real Estate Activities (L,M)","Thousand","134.4"
"QLF59C01","Persons aged 15 years and over in Employment","20223","2022Q3","-","All Countries","ZZ210224","Other NACE Activities (S to V)","Thousand","135"
"QLF59C01","Persons aged 15 years and over in Employment","20223","2022Q3","-","All Countries","ZZ219990","NACE Unknown","Thousand","13.8"
"QLF59C01","Persons aged 15 years and over in Employment","20223","2022Q3","E1420XIE","EU14 excl Irl (countries in the EU pre 2004 excluding UK & Ireland)","-","All NACE Economic Sectors (A-V)","Thousand","68.7"
"QLF59C01","Persons aged 15 years and over in Employment","20223","2022Q3","E1420XIE","EU14 excl Irl (countries in the EU pre 2004 excluding UK & Ireland)","A","Agriculture, Forestry and Fishing (A)","Thousand",""
"QLF59C01","Persons aged 15 years and over in Employment","20223","2022Q3","E1420XIE","EU14 excl Irl (countries in the EU pre 2004 excluding UK & Ireland)","F","Construction (F)","Thousand",""
"QLF59C01","Persons aged 15 years and over in Employment","20223","2022Q3","E1420XIE","EU14 excl Irl (countries in the EU pre 2004 excluding UK & Ireland)","G","Wholesale and Retail Trade (G)","Thousand",""
"QLF59C01","Persons aged 15 years and over in Employment","20223","2022Q3","E1420XIE","EU14 excl Irl (countries in the EU pre 2004 excluding UK & Ireland)","H","Transportation and Storage (H)","Thousand",""
"QLF59C01","Persons aged 15 years and over in Employment","20223","2022Q3","E1420XIE","EU14 excl Irl (countries in the EU pre 2004 excluding UK & Ireland)","I","Accommodation and Food Service Activities (I)","Thousand",""
"QLF59C01","Persons aged 15 years and over in Employment","20223","2022Q3","E1420XIE","EU14 excl Irl (countries in the EU pre 2004 excluding UK & Ireland)","ZZ210228","Information and Communication (J,K)","Thousand","12.4"
"QLF59C01","Persons aged 15 years and over in Employment","20223","2022Q3","E1420XIE","EU14 excl Irl (countries in the EU pre 2004 excluding UK & Ireland)","N","Professional, Scientific and Technical Activities (N)","Thousand",""
"QLF59C01","Persons aged 15 years and over in Employment","20223","2022Q3","E1420XIE","EU14 excl Irl (countries in the EU pre 2004 excluding UK & Ireland)","O","Administrative and Support Service Activities (O)","Thousand",""
"QLF59C01","Persons aged 15 years and over in Employment","20223","2022Q3","E1420XIE","EU14 excl Irl (countries in the EU pre 2004 excluding UK & Ireland)","P","Public Administration and Defence; Compulsory Social Security (P)","Thousand",""
"QLF59C01","Persons aged 15 years and over in Employment","20223","2022Q3","E1420XIE","EU14 excl Irl (countries in the EU pre 2004 excluding UK & Ireland)","Q","Education (Q)","Thousand",""
"QLF59C01","Persons aged 15 years and over in Employment","20223","2022Q3","E1420XIE","EU14 excl Irl (countries in the EU pre 2004 excluding UK & Ireland)","R","Human Health and Social Work Activities (R)","Thousand",""
"QLF59C01","Persons aged 15 years and over in Employment","20223","2022Q3","E1420XIE","EU14 excl Irl (countries in the EU pre 2004 excluding UK & Ireland)","ZZ210011","Industry (B-E)","Thousand","10"
"QLF59C01","Persons aged 15 years and over in Employment","20223","2022Q3","E1420XIE","EU14 excl Irl (countries in the EU pre 2004 excluding UK & Ireland)","ZZ210010","Industry and Construction (B-F)","Thousand","11.7"
"QLF59C01","Persons aged 15 years and over in Employment","20223","2022Q3","E1420XIE","EU14 excl Irl (countries in the EU pre 2004 excluding UK & Ireland)","ZZ210023","Services (G-V)","Thousand","55.4"
"QLF59C01","Persons aged 15 years and over in Employment","20223","2022Q3","E1420XIE","EU14 excl Irl (countries in the EU pre 2004 excluding UK & Ireland)","ZZ210221","Financial, Insurance and Real Estate Activities (L,M)","Thousand",""
"QLF59C01","Persons aged 15 years and over in Employment","20223","2022Q3","E1420XIE","EU14 excl Irl (countries in the EU pre 2004 excluding UK & Ireland)","ZZ210224","Other NACE Activities (S to V)","Thousand",""
"QLF59C01","Persons aged 15 years and over in Employment","20223","2022Q3","E1420XIE","EU14 excl Irl (countries in the EU pre 2004 excluding UK & Ireland)","ZZ219990","NACE Unknown","Thousand",""
"QLF59C01","Persons aged 15 years and over in Employment","20223","2022Q3","E15E2720","EU15 to EU27 (accession countries joined post 2004)","-","All NACE Economic Sectors (A-V)","Thousand","165.9"
"QLF59C01","Persons aged 15 years and over in Employment","20223","2022Q3","E15E2720","EU15 to EU27 (accession countries joined post 2004)","A","Agriculture, Forestry and Fishing (A)","Thousand",""
"QLF59C01","Persons aged 15 years and over in Employment","20223","2022Q3","E15E2720","EU15 to EU27 (accession countries joined post 2004)","F","Construction (F)","Thousand","15.7"
"QLF59C01","Persons aged 15 years and over in Employment","20223","2022Q3","E15E2720","EU15 to EU27 (accession countries joined post 2004)","G","Wholesale and Retail Trade (G)","Thousand","24"
"QLF59C01","Persons aged 15 years and over in Employment","20223","2022Q3","E15E2720","EU15 to EU27 (accession countries joined post 2004)","H","Transportation and Storage (H)","Thousand",""
"QLF59C01","Persons aged 15 years and over in Employment","20223","2022Q3","E15E2720","EU15 to EU27 (accession countries joined post 2004)","I","Accommodation and Food Service Activities (I)","Thousand","18.6"
"QLF59C01","Persons aged 15 years and over in Employment","20223","2022Q3","E15E2720","EU15 to EU27 (accession countries joined post 2004)","ZZ210228","Information and Communication (J,K)","Thousand",""
"QLF59C01","Persons aged 15 years and over in Employment","20223","2022Q3","E15E2720","EU15 to EU27 (accession countries joined post 2004)","N","Professional, Scientific and Technical Activities (N)","Thousand",""
"QLF59C01","Persons aged 15 years and over in Employment","20223","2022Q3","E15E2720","EU15 to EU27 (accession countries joined post 2004)","O","Administrative and Support Service Activities (O)","Thousand","15"
"QLF59C01","Persons aged 15 years and over in Employment","20223","2022Q3","E15E2720","EU15 to EU27 (accession countries joined post 2004)","P","Public Administration and Defence; Compulsory Social Security (P)","Thousand",""
"QLF59C01","Persons aged 15 years and over in Employment","20223","2022Q3","E15E2720","EU15 to EU27 (accession countries joined post 2004)","Q","Education (Q)","Thousand",""
"QLF59C01","Persons aged 15 years and over in Employment","20223","2022Q3","E15E2720","EU15 to EU27 (accession countries joined post 2004)","R","Human Health and Social Work Activities (R)","Thousand","12.4"
"QLF59C01","Persons aged 15 years and over in Employment","20223","2022Q3","E15E2720","EU15 to EU27 (accession countries joined post 2004)","ZZ210011","Industry (B-E)","Thousand","35.7"
"QLF59C01","Persons aged 15 years and over in Employment","20223","2022Q3","E15E2720","EU15 to EU27 (accession countries joined post 2004)","ZZ210010","Industry and Construction (B-F)","Thousand","51.5"
"QLF59C01","Persons aged 15 years and over in Employment","20223","2022Q3","E15E2720","EU15 to EU27 (accession countries joined post 2004)","ZZ210023","Services (G-V)","Thousand","111"
"QLF59C01","Persons aged 15 years and over in Employment","20223","2022Q3","E15E2720","EU15 to EU27 (accession countries joined post 2004)","ZZ210221","Financial, Insurance and Real Estate Activities (L,M)","Thousand",""
"QLF59C01","Persons aged 15 years and over in Employment","20223","2022Q3","E15E2720","EU15 to EU27 (accession countries joined post 2004)","ZZ210224","Other NACE Activities (S to V)","Thousand","10.6"
"QLF59C01","Persons aged 15 years and over in Employment","20223","2022Q3","E15E2720","EU15 to EU27 (accession countries joined post 2004)","ZZ219990","NACE Unknown","Thousand",""
"QLF59C01","Persons aged 15 years and over in Employment","20223","2022Q3","GB","United Kingdom","-","All NACE Economic Sectors (A-V)","Thousand","47"
"QLF59C01","Persons aged 15 years and over in Employment","20223","2022Q3","GB","United Kingdom","A","Agriculture, Forestry and Fishing (A)","Thousand",""
"QLF59C01","Persons aged 15 years and over in Employment","20223","2022Q3","GB","United Kingdom","F","Construction (F)","Thousand",""
"QLF59C01","Persons aged 15 years and over in Employment","20223","2022Q3","GB","United Kingdom","G","Wholesale and Retail Trade (G)","Thousand",""
"QLF59C01","Persons aged 15 years and over in Employment","20223","2022Q3","GB","United Kingdom","H","Transportation and Storage (H)","Thousand",""
"QLF59C01","Persons aged 15 years and over in Employment","20223","2022Q3","GB","United Kingdom","I","Accommodation and Food Service Activities (I)","Thousand",""
"QLF59C01","Persons aged 15 years and over in Employment","20223","2022Q3","GB","United Kingdom","ZZ210228","Information and Communication (J,K)","Thousand",""
"QLF59C01","Persons aged 15 years and over in Employment","20223","2022Q3","GB","United Kingdom","N","Professional, Scientific and Technical Activities (N)","Thousand",""
"QLF59C01","Persons aged 15 years and over in Employment","20223","2022Q3","GB","United Kingdom","O","Administrative and Support Service Activities (O)","Thousand",""
"QLF59C01","Persons aged 15 years and over in Employment","20223","2022Q3","GB","United Kingdom","P","Public Administration and Defence; Compulsory Social Security (P)","Thousand",""
"QLF59C01","Persons aged 15 years and over in Employment","20223","2022Q3","GB","United Kingdom","Q","Education (Q)","Thousand",""
"QLF59C01","Persons aged 15 years and over in Employment","20223","2022Q3","GB","United Kingdom","R","Human Health and Social Work Activities (R)","Thousand","7.8"
"QLF59C01","Persons aged 15 years and over in Employment","20223","2022Q3","GB","United Kingdom","ZZ210011","Industry (B-E)","Thousand",""
"QLF59C01","Persons aged 15 years and over in Employment","20223","2022Q3","GB","United Kingdom","ZZ210010","Industry and Construction (B-F)","Thousand","6.3"
"QLF59C01","Persons aged 15 years and over in Employment","20223","2022Q3","GB","United Kingdom","ZZ210023","Services (G-V)","Thousand","39.4"
"QLF59C01","Persons aged 15 years and over in Employment","20223","2022Q3","GB","United Kingdom","ZZ210221","Financial, Insurance and Real Estate Activities (L,M)","Thousand",""
"QLF59C01","Persons aged 15 years and over in Employment","20223","2022Q3","GB","United Kingdom","ZZ210224","Other NACE Activities (S to V)","Thousand",""
"QLF59C01","Persons aged 15 years and over in Employment","20223","2022Q3","GB","United Kingdom","ZZ219990","NACE Unknown","Thousand",""
"QLF59C01","Persons aged 15 years and over in Employment","20223","2022Q3","IE","Ireland","-","All NACE Economic Sectors (A-V)","Thousand","2129.6"
"QLF59C01","Persons aged 15 years and over in Employment","20223","2022Q3","IE","Ireland","A","Agriculture, Forestry and Fishing (A)","Thousand","93.6"
"QLF59C01","Persons aged 15 years and over in Employment","20223","2022Q3","IE","Ireland","F","Construction (F)","Thousand","142.9"
"QLF59C01","Persons aged 15 years and over in Employment","20223","2022Q3","IE","Ireland","G","Wholesale and Retail Trade (G)","Thousand","246.9"
"QLF59C01","Persons aged 15 years and over in Employment","20223","2022Q3","IE","Ireland","H","Transportation and Storage (H)","Thousand","93.5"
"QLF59C01","Persons aged 15 years and over in Employment","20223","2022Q3","IE","Ireland","I","Accommodation and Food Service Activities (I)","Thousand","123.3"
"QLF59C01","Persons aged 15 years and over in Employment","20223","2022Q3","IE","Ireland","ZZ210228","Information and Communication (J,K)","Thousand","109.9"
"QLF59C01","Persons aged 15 years and over in Employment","20223","2022Q3","IE","Ireland","N","Professional, Scientific and Technical Activities (N)","Thousand","139.9"
"QLF59C01","Persons aged 15 years and over in Employment","20223","2022Q3","IE","Ireland","O","Administrative and Support Service Activities (O)","Thousand","81.6"
"QLF59C01","Persons aged 15 years and over in Employment","20223","2022Q3","IE","Ireland","P","Public Administration and Defence; Compulsory Social Security (P)","Thousand","127.7"
"QLF59C01","Persons aged 15 years and over in Employment","20223","2022Q3","IE","Ireland","Q","Education (Q)","Thousand","195.4"
"QLF59C01","Persons aged 15 years and over in Employment","20223","2022Q3","IE","Ireland","R","Human Health and Social Work Activities (R)","Thousand","275.3"
"QLF59C01","Persons aged 15 years and over in Employment","20223","2022Q3","IE","Ireland","ZZ210011","Industry (B-E)","Thousand","265.7"
"QLF59C01","Persons aged 15 years and over in Employment","20223","2022Q3","IE","Ireland","ZZ210010","Industry and Construction (B-F)","Thousand","408.6"
"QLF59C01","Persons aged 15 years and over in Employment","20223","2022Q3","IE","Ireland","ZZ210023","Services (G-V)","Thousand","1618.7"
"QLF59C01","Persons aged 15 years and over in Employment","20223","2022Q3","IE","Ireland","ZZ210221","Financial, Insurance and Real Estate Activities (L,M)","Thousand","112.7"
"QLF59C01","Persons aged 15 years and over in Employment","20223","2022Q3","IE","Ireland","ZZ210224","Other NACE Activities (S to V)","Thousand","112.6"
"QLF59C01","Persons aged 15 years and over in Employment","20223","2022Q3","IE","Ireland","ZZ219990","NACE Unknown","Thousand","8.6"
"QLF59C01","Persons aged 15 years and over in Employment","20223","2022Q3","ZZZZ1","All countries excluding Ireland","-","All NACE Economic Sectors (A-V)","Thousand","473"
"QLF59C01","Persons aged 15 years and over in Employment","20223","2022Q3","ZZZZ1","All countries excluding Ireland","A","Agriculture, Forestry and Fishing (A)","Thousand",""
"QLF59C01","Persons aged 15 years and over in Employment","20223","2022Q3","ZZZZ1","All countries excluding Ireland","F","Construction (F)","Thousand","24.5"
"QLF59C01","Persons aged 15 years and over in Employment","20223","2022Q3","ZZZZ1","All countries excluding Ireland","G","Wholesale and Retail Trade (G)","Thousand","53.7"
"QLF59C01","Persons aged 15 years and over in Employment","20223","2022Q3","ZZZZ1","All countries excluding Ireland","H","Transportation and Storage (H)","Thousand","17.5"
"QLF59C01","Persons aged 15 years and over in Employment","20223","2022Q3","ZZZZ1","All countries excluding Ireland","I","Accommodation and Food Service Activities (I)","Thousand","49"
"QLF59C01","Persons aged 15 years and over in Employment","20223","2022Q3","ZZZZ1","All countries excluding Ireland","ZZ210228","Information and Communication (J,K)","Thousand","53.9"
"QLF59C01","Persons aged 15 years and over in Employment","20223","2022Q3","ZZZZ1","All countries excluding Ireland","N","Professional, Scientific and Technical Activities (N)","Thousand","28.7"
"QLF59C01","Persons aged 15 years and over in Employment","20223","2022Q3","ZZZZ1","All countries excluding Ireland","O","Administrative and Support Service Activities (O)","Thousand","29.7"
"QLF59C01","Persons aged 15 years and over in Employment","20223","2022Q3","ZZZZ1","All countries excluding Ireland","P","Public Administration and Defence; Compulsory Social Security (P)","Thousand",""
"QLF59C01","Persons aged 15 years and over in Employment","20223","2022Q3","ZZZZ1","All countries excluding Ireland","Q","Education (Q)","Thousand","15.4"
"QLF59C01","Persons aged 15 years and over in Employment","20223","2022Q3","ZZZZ1","All countries excluding Ireland","R","Human Health and Social Work Activities (R)","Thousand","70.4"
"QLF59C01","Persons aged 15 years and over in Employment","20223","2022Q3","ZZZZ1","All countries excluding Ireland","ZZ210011","Industry (B-E)","Thousand","69.5"
"QLF59C01","Persons aged 15 years and over in Employment","20223","2022Q3","ZZZZ1","All countries excluding Ireland","ZZ210010","Industry and Construction (B-F)","Thousand","94"
"QLF59C01","Persons aged 15 years and over in Employment","20223","2022Q3","ZZZZ1","All countries excluding Ireland","ZZ210023","Services (G-V)","Thousand","370.2"
"QLF59C01","Persons aged 15 years and over in Employment","20223","2022Q3","ZZZZ1","All countries excluding Ireland","ZZ210221","Financial, Insurance and Real Estate Activities (L,M)","Thousand","21.6"
"QLF59C01","Persons aged 15 years and over in Employment","20223","2022Q3","ZZZZ1","All countries excluding Ireland","ZZ210224","Other NACE Activities (S to V)","Thousand","22.5"
"QLF59C01","Persons aged 15 years and over in Employment","20223","2022Q3","ZZZZ1","All countries excluding Ireland","ZZ219990","NACE Unknown","Thousand",""
"QLF59C01","Persons aged 15 years and over in Employment","20223","2022Q3","ZZZZ2","All countries excluding Ireland,United Kingdom and EU272020","-","All NACE Economic Sectors (A-V)","Thousand","191.4"
"QLF59C01","Persons aged 15 years and over in Employment","20223","2022Q3","ZZZZ2","All countries excluding Ireland,United Kingdom and EU272020","A","Agriculture, Forestry and Fishing (A)","Thousand",""
"QLF59C01","Persons aged 15 years and over in Employment","20223","2022Q3","ZZZZ2","All countries excluding Ireland,United Kingdom and EU272020","F","Construction (F)","Thousand",""
"QLF59C01","Persons aged 15 years and over in Employment","20223","2022Q3","ZZZZ2","All countries excluding Ireland,United Kingdom and EU272020","G","Wholesale and Retail Trade (G)","Thousand","18.1"
"QLF59C01","Persons aged 15 years and over in Employment","20223","2022Q3","ZZZZ2","All countries excluding Ireland,United Kingdom and EU272020","H","Transportation and Storage (H)","Thousand",""
"QLF59C01","Persons aged 15 years and over in Employment","20223","2022Q3","ZZZZ2","All countries excluding Ireland,United Kingdom and EU272020","I","Accommodation and Food Service Activities (I)","Thousand","22.7"
"QLF59C01","Persons aged 15 years and over in Employment","20223","2022Q3","ZZZZ2","All countries excluding Ireland,United Kingdom and EU272020","ZZ210228","Information and Communication (J,K)","Thousand","31"
"QLF59C01","Persons aged 15 years and over in Employment","20223","2022Q3","ZZZZ2","All countries excluding Ireland,United Kingdom and EU272020","N","Professional, Scientific and Technical Activities (N)","Thousand","12.4"
"QLF59C01","Persons aged 15 years and over in Employment","20223","2022Q3","ZZZZ2","All countries excluding Ireland,United Kingdom and EU272020","O","Administrative and Support Service Activities (O)","Thousand",""
"QLF59C01","Persons aged 15 years and over in Employment","20223","2022Q3","ZZZZ2","All countries excluding Ireland,United Kingdom and EU272020","P","Public Administration and Defence; Compulsory Social Security (P)","Thousand",""
"QLF59C01","Persons aged 15 years and over in Employment","20223","2022Q3","ZZZZ2","All countries excluding Ireland,United Kingdom and EU272020","Q","Education (Q)","Thousand",""
"QLF59C01","Persons aged 15 years and over in Employment","20223","2022Q3","ZZZZ2","All countries excluding Ireland,United Kingdom and EU272020","R","Human Health and Social Work Activities (R)","Thousand","43.9"
"QLF59C01","Persons aged 15 years and over in Employment","20223","2022Q3","ZZZZ2","All countries excluding Ireland,United Kingdom and EU272020","ZZ210011","Industry (B-E)","Thousand","19.3"
"QLF59C01","Persons aged 15 years and over in Employment","20223","2022Q3","ZZZZ2","All countries excluding Ireland,United Kingdom and EU272020","ZZ210010","Industry and Construction (B-F)","Thousand","24.5"
"QLF59C01","Persons aged 15 years and over in Employment","20223","2022Q3","ZZZZ2","All countries excluding Ireland,United Kingdom and EU272020","ZZ210023","Services (G-V)","Thousand","164.4"
"QLF59C01","Persons aged 15 years and over in Employment","20223","2022Q3","ZZZZ2","All countries excluding Ireland,United Kingdom and EU272020","ZZ210221","Financial, Insurance and Real Estate Activities (L,M)","Thousand",""
"QLF59C01","Persons aged 15 years and over in Employment","20223","2022Q3","ZZZZ2","All countries excluding Ireland,United Kingdom and EU272020","ZZ210224","Other NACE Activities (S to V)","Thousand",""
"QLF59C01","Persons aged 15 years and over in Employment","20223","2022Q3","ZZZZ2","All countries excluding Ireland,United Kingdom and EU272020","ZZ219990","NACE Unknown","Thousand",""
"QLF59C01","Persons aged 15 years and over in Employment","20224","2022Q4","-","All Countries","-","All NACE Economic Sectors (A-V)","Thousand","2616.7"
"QLF59C01","Persons aged 15 years and over in Employment","20224","2022Q4","-","All Countries","A","Agriculture, Forestry and Fishing (A)","Thousand","103.5"
"QLF59C01","Persons aged 15 years and over in Employment","20224","2022Q4","-","All Countries","F","Construction (F)","Thousand","159.3"
"QLF59C01","Persons aged 15 years and over in Employment","20224","2022Q4","-","All Countries","G","Wholesale and Retail Trade (G)","Thousand","305.5"
"QLF59C01","Persons aged 15 years and over in Employment","20224","2022Q4","-","All Countries","H","Transportation and Storage (H)","Thousand","113.9"
"QLF59C01","Persons aged 15 years and over in Employment","20224","2022Q4","-","All Countries","I","Accommodation and Food Service Activities (I)","Thousand","170.8"
"QLF59C01","Persons aged 15 years and over in Employment","20224","2022Q4","-","All Countries","ZZ210228","Information and Communication (J,K)","Thousand","167.8"
"QLF59C01","Persons aged 15 years and over in Employment","20224","2022Q4","-","All Countries","N","Professional, Scientific and Technical Activities (N)","Thousand","172.9"
"QLF59C01","Persons aged 15 years and over in Employment","20224","2022Q4","-","All Countries","O","Administrative and Support Service Activities (O)","Thousand","110.4"
"QLF59C01","Persons aged 15 years and over in Employment","20224","2022Q4","-","All Countries","P","Public Administration and Defence; Compulsory Social Security (P)","Thousand","141.2"
"QLF59C01","Persons aged 15 years and over in Employment","20224","2022Q4","-","All Countries","Q","Education (Q)","Thousand","209.4"
"QLF59C01","Persons aged 15 years and over in Employment","20224","2022Q4","-","All Countries","R","Human Health and Social Work Activities (R)","Thousand","343.9"
"QLF59C01","Persons aged 15 years and over in Employment","20224","2022Q4","-","All Countries","ZZ210011","Industry (B-E)","Thousand","327.2"
"QLF59C01","Persons aged 15 years and over in Employment","20224","2022Q4","-","All Countries","ZZ210010","Industry and Construction (B-F)","Thousand","486.5"
"QLF59C01","Persons aged 15 years and over in Employment","20224","2022Q4","-","All Countries","ZZ210023","Services (G-V)","Thousand","2014.2"
"QLF59C01","Persons aged 15 years and over in Employment","20224","2022Q4","-","All Countries","ZZ210221","Financial, Insurance and Real Estate Activities (L,M)","Thousand","141.5"
"QLF59C01","Persons aged 15 years and over in Employment","20224","2022Q4","-","All Countries","ZZ210224","Other NACE Activities (S to V)","Thousand","136.8"
"QLF59C01","Persons aged 15 years and over in Employment","20224","2022Q4","-","All Countries","ZZ219990","NACE Unknown","Thousand","12.4"
"QLF59C01","Persons aged 15 years and over in Employment","20224","2022Q4","E1420XIE","EU14 excl Irl (countries in the EU pre 2004 excluding UK & Ireland)","-","All NACE Economic Sectors (A-V)","Thousand","70.8"
"QLF59C01","Persons aged 15 years and over in Employment","20224","2022Q4","E1420XIE","EU14 excl Irl (countries in the EU pre 2004 excluding UK & Ireland)","A","Agriculture, Forestry and Fishing (A)","Thousand",""
"QLF59C01","Persons aged 15 years and over in Employment","20224","2022Q4","E1420XIE","EU14 excl Irl (countries in the EU pre 2004 excluding UK & Ireland)","F","Construction (F)","Thousand",""
"QLF59C01","Persons aged 15 years and over in Employment","20224","2022Q4","E1420XIE","EU14 excl Irl (countries in the EU pre 2004 excluding UK & Ireland)","G","Wholesale and Retail Trade (G)","Thousand",""
"QLF59C01","Persons aged 15 years and over in Employment","20224","2022Q4","E1420XIE","EU14 excl Irl (countries in the EU pre 2004 excluding UK & Ireland)","H","Transportation and Storage (H)","Thousand",""
"QLF59C01","Persons aged 15 years and over in Employment","20224","2022Q4","E1420XIE","EU14 excl Irl (countries in the EU pre 2004 excluding UK & Ireland)","I","Accommodation and Food Service Activities (I)","Thousand",""
"QLF59C01","Persons aged 15 years and over in Employment","20224","2022Q4","E1420XIE","EU14 excl Irl (countries in the EU pre 2004 excluding UK & Ireland)","ZZ210228","Information and Communication (J,K)","Thousand","17.2"
"QLF59C01","Persons aged 15 years and over in Employment","20224","2022Q4","E1420XIE","EU14 excl Irl (countries in the EU pre 2004 excluding UK & Ireland)","N","Professional, Scientific and Technical Activities (N)","Thousand",""
"QLF59C01","Persons aged 15 years and over in Employment","20224","2022Q4","E1420XIE","EU14 excl Irl (countries in the EU pre 2004 excluding UK & Ireland)","O","Administrative and Support Service Activities (O)","Thousand",""
"QLF59C01","Persons aged 15 years and over in Employment","20224","2022Q4","E1420XIE","EU14 excl Irl (countries in the EU pre 2004 excluding UK & Ireland)","P","Public Administration and Defence; Compulsory Social Security (P)","Thousand",""
"QLF59C01","Persons aged 15 years and over in Employment","20224","2022Q4","E1420XIE","EU14 excl Irl (countries in the EU pre 2004 excluding UK & Ireland)","Q","Education (Q)","Thousand",""
"QLF59C01","Persons aged 15 years and over in Employment","20224","2022Q4","E1420XIE","EU14 excl Irl (countries in the EU pre 2004 excluding UK & Ireland)","R","Human Health and Social Work Activities (R)","Thousand",""
"QLF59C01","Persons aged 15 years and over in Employment","20224","2022Q4","E1420XIE","EU14 excl Irl (countries in the EU pre 2004 excluding UK & Ireland)","ZZ210011","Industry (B-E)","Thousand",""
"QLF59C01","Persons aged 15 years and over in Employment","20224","2022Q4","E1420XIE","EU14 excl Irl (countries in the EU pre 2004 excluding UK & Ireland)","ZZ210010","Industry and Construction (B-F)","Thousand","8.7"
"QLF59C01","Persons aged 15 years and over in Employment","20224","2022Q4","E1420XIE","EU14 excl Irl (countries in the EU pre 2004 excluding UK & Ireland)","ZZ210023","Services (G-V)","Thousand","61.2"
"QLF59C01","Persons aged 15 years and over in Employment","20224","2022Q4","E1420XIE","EU14 excl Irl (countries in the EU pre 2004 excluding UK & Ireland)","ZZ210221","Financial, Insurance and Real Estate Activities (L,M)","Thousand",""
"QLF59C01","Persons aged 15 years and over in Employment","20224","2022Q4","E1420XIE","EU14 excl Irl (countries in the EU pre 2004 excluding UK & Ireland)","ZZ210224","Other NACE Activities (S to V)","Thousand",""
"QLF59C01","Persons aged 15 years and over in Employment","20224","2022Q4","E1420XIE","EU14 excl Irl (countries in the EU pre 2004 excluding UK & Ireland)","ZZ219990","NACE Unknown","Thousand",""
"QLF59C01","Persons aged 15 years and over in Employment","20224","2022Q4","E15E2720","EU15 to EU27 (accession countries joined post 2004)","-","All NACE Economic Sectors (A-V)","Thousand","166.2"
"QLF59C01","Persons aged 15 years and over in Employment","20224","2022Q4","E15E2720","EU15 to EU27 (accession countries joined post 2004)","A","Agriculture, Forestry and Fishing (A)","Thousand",""
"QLF59C01","Persons aged 15 years and over in Employment","20224","2022Q4","E15E2720","EU15 to EU27 (accession countries joined post 2004)","F","Construction (F)","Thousand","16.5"
"QLF59C01","Persons aged 15 years and over in Employment","20224","2022Q4","E15E2720","EU15 to EU27 (accession countries joined post 2004)","G","Wholesale and Retail Trade (G)","Thousand","24.3"
"QLF59C01","Persons aged 15 years and over in Employment","20224","2022Q4","E15E2720","EU15 to EU27 (accession countries joined post 2004)","H","Transportation and Storage (H)","Thousand","8.6"
"QLF59C01","Persons aged 15 years and over in Employment","20224","2022Q4","E15E2720","EU15 to EU27 (accession countries joined post 2004)","I","Accommodation and Food Service Activities (I)","Thousand","18.4"
"QLF59C01","Persons aged 15 years and over in Employment","20224","2022Q4","E15E2720","EU15 to EU27 (accession countries joined post 2004)","ZZ210228","Information and Communication (J,K)","Thousand","8.3"
"QLF59C01","Persons aged 15 years and over in Employment","20224","2022Q4","E15E2720","EU15 to EU27 (accession countries joined post 2004)","N","Professional, Scientific and Technical Activities (N)","Thousand",""
"QLF59C01","Persons aged 15 years and over in Employment","20224","2022Q4","E15E2720","EU15 to EU27 (accession countries joined post 2004)","O","Administrative and Support Service Activities (O)","Thousand","13.5"
"QLF59C01","Persons aged 15 years and over in Employment","20224","2022Q4","E15E2720","EU15 to EU27 (accession countries joined post 2004)","P","Public Administration and Defence; Compulsory Social Security (P)","Thousand",""
"QLF59C01","Persons aged 15 years and over in Employment","20224","2022Q4","E15E2720","EU15 to EU27 (accession countries joined post 2004)","Q","Education (Q)","Thousand",""
"QLF59C01","Persons aged 15 years and over in Employment","20224","2022Q4","E15E2720","EU15 to EU27 (accession countries joined post 2004)","R","Human Health and Social Work Activities (R)","Thousand","14.3"
"QLF59C01","Persons aged 15 years and over in Employment","20224","2022Q4","E15E2720","EU15 to EU27 (accession countries joined post 2004)","ZZ210011","Industry (B-E)","Thousand","32.3"
"QLF59C01","Persons aged 15 years and over in Employment","20224","2022Q4","E15E2720","EU15 to EU27 (accession countries joined post 2004)","ZZ210010","Industry and Construction (B-F)","Thousand","48.8"
"QLF59C01","Persons aged 15 years and over in Employment","20224","2022Q4","E15E2720","EU15 to EU27 (accession countries joined post 2004)","ZZ210023","Services (G-V)","Thousand","114.2"
"QLF59C01","Persons aged 15 years and over in Employment","20224","2022Q4","E15E2720","EU15 to EU27 (accession countries joined post 2004)","ZZ210221","Financial, Insurance and Real Estate Activities (L,M)","Thousand",""
"QLF59C01","Persons aged 15 years and over in Employment","20224","2022Q4","E15E2720","EU15 to EU27 (accession countries joined post 2004)","ZZ210224","Other NACE Activities (S to V)","Thousand","9.9"
"QLF59C01","Persons aged 15 years and over in Employment","20224","2022Q4","E15E2720","EU15 to EU27 (accession countries joined post 2004)","ZZ219990","NACE Unknown","Thousand",""
"QLF59C01","Persons aged 15 years and over in Employment","20224","2022Q4","GB","United Kingdom","-","All NACE Economic Sectors (A-V)","Thousand","44.7"
"QLF59C01","Persons aged 15 years and over in Employment","20224","2022Q4","GB","United Kingdom","A","Agriculture, Forestry and Fishing (A)","Thousand",""
"QLF59C01","Persons aged 15 years and over in Employment","20224","2022Q4","GB","United Kingdom","F","Construction (F)","Thousand",""
"QLF59C01","Persons aged 15 years and over in Employment","20224","2022Q4","GB","United Kingdom","G","Wholesale and Retail Trade (G)","Thousand",""
"QLF59C01","Persons aged 15 years and over in Employment","20224","2022Q4","GB","United Kingdom","H","Transportation and Storage (H)","Thousand",""
"QLF59C01","Persons aged 15 years and over in Employment","20224","2022Q4","GB","United Kingdom","I","Accommodation and Food Service Activities (I)","Thousand",""
"QLF59C01","Persons aged 15 years and over in Employment","20224","2022Q4","GB","United Kingdom","ZZ210228","Information and Communication (J,K)","Thousand",""
"QLF59C01","Persons aged 15 years and over in Employment","20224","2022Q4","GB","United Kingdom","N","Professional, Scientific and Technical Activities (N)","Thousand",""
"QLF59C01","Persons aged 15 years and over in Employment","20224","2022Q4","GB","United Kingdom","O","Administrative and Support Service Activities (O)","Thousand",""
"QLF59C01","Persons aged 15 years and over in Employment","20224","2022Q4","GB","United Kingdom","P","Public Administration and Defence; Compulsory Social Security (P)","Thousand",""
"QLF59C01","Persons aged 15 years and over in Employment","20224","2022Q4","GB","United Kingdom","Q","Education (Q)","Thousand",""
"QLF59C01","Persons aged 15 years and over in Employment","20224","2022Q4","GB","United Kingdom","R","Human Health and Social Work Activities (R)","Thousand","8.4"
"QLF59C01","Persons aged 15 years and over in Employment","20224","2022Q4","GB","United Kingdom","ZZ210011","Industry (B-E)","Thousand",""
"QLF59C01","Persons aged 15 years and over in Employment","20224","2022Q4","GB","United Kingdom","ZZ210010","Industry and Construction (B-F)","Thousand","7.5"
"QLF59C01","Persons aged 15 years and over in Employment","20224","2022Q4","GB","United Kingdom","ZZ210023","Services (G-V)","Thousand","35.8"
"QLF59C01","Persons aged 15 years and over in Employment","20224","2022Q4","GB","United Kingdom","ZZ210221","Financial, Insurance and Real Estate Activities (L,M)","Thousand",""
"QLF59C01","Persons aged 15 years and over in Employment","20224","2022Q4","GB","United Kingdom","ZZ210224","Other NACE Activities (S to V)","Thousand",""
"QLF59C01","Persons aged 15 years and over in Employment","20224","2022Q4","GB","United Kingdom","ZZ219990","NACE Unknown","Thousand",""
"QLF59C01","Persons aged 15 years and over in Employment","20224","2022Q4","IE","Ireland","-","All NACE Economic Sectors (A-V)","Thousand","2140.1"
"QLF59C01","Persons aged 15 years and over in Employment","20224","2022Q4","IE","Ireland","A","Agriculture, Forestry and Fishing (A)","Thousand","97.6"
"QLF59C01","Persons aged 15 years and over in Employment","20224","2022Q4","IE","Ireland","F","Construction (F)","Thousand","135"
"QLF59C01","Persons aged 15 years and over in Employment","20224","2022Q4","IE","Ireland","G","Wholesale and Retail Trade (G)","Thousand","254.1"
"QLF59C01","Persons aged 15 years and over in Employment","20224","2022Q4","IE","Ireland","H","Transportation and Storage (H)","Thousand","97.7"
"QLF59C01","Persons aged 15 years and over in Employment","20224","2022Q4","IE","Ireland","I","Accommodation and Food Service Activities (I)","Thousand","121.8"
"QLF59C01","Persons aged 15 years and over in Employment","20224","2022Q4","IE","Ireland","ZZ210228","Information and Communication (J,K)","Thousand","109.5"
"QLF59C01","Persons aged 15 years and over in Employment","20224","2022Q4","IE","Ireland","N","Professional, Scientific and Technical Activities (N)","Thousand","145.2"
"QLF59C01","Persons aged 15 years and over in Employment","20224","2022Q4","IE","Ireland","O","Administrative and Support Service Activities (O)","Thousand","80"
"QLF59C01","Persons aged 15 years and over in Employment","20224","2022Q4","IE","Ireland","P","Public Administration and Defence; Compulsory Social Security (P)","Thousand","136"
"QLF59C01","Persons aged 15 years and over in Employment","20224","2022Q4","IE","Ireland","Q","Education (Q)","Thousand","191.7"
"QLF59C01","Persons aged 15 years and over in Employment","20224","2022Q4","IE","Ireland","R","Human Health and Social Work Activities (R)","Thousand","275.9"
"QLF59C01","Persons aged 15 years and over in Employment","20224","2022Q4","IE","Ireland","ZZ210011","Industry (B-E)","Thousand","260.1"
"QLF59C01","Persons aged 15 years and over in Employment","20224","2022Q4","IE","Ireland","ZZ210010","Industry and Construction (B-F)","Thousand","395.1"
"QLF59C01","Persons aged 15 years and over in Employment","20224","2022Q4","IE","Ireland","ZZ210023","Services (G-V)","Thousand","1640"
"QLF59C01","Persons aged 15 years and over in Employment","20224","2022Q4","IE","Ireland","ZZ210221","Financial, Insurance and Real Estate Activities (L,M)","Thousand","115.3"
"QLF59C01","Persons aged 15 years and over in Employment","20224","2022Q4","IE","Ireland","ZZ210224","Other NACE Activities (S to V)","Thousand","113"
"QLF59C01","Persons aged 15 years and over in Employment","20224","2022Q4","IE","Ireland","ZZ219990","NACE Unknown","Thousand","7.4"
"QLF59C01","Persons aged 15 years and over in Employment","20224","2022Q4","ZZZZ1","All countries excluding Ireland","-","All NACE Economic Sectors (A-V)","Thousand","476.7"
"QLF59C01","Persons aged 15 years and over in Employment","20224","2022Q4","ZZZZ1","All countries excluding Ireland","A","Agriculture, Forestry and Fishing (A)","Thousand",""
"QLF59C01","Persons aged 15 years and over in Employment","20224","2022Q4","ZZZZ1","All countries excluding Ireland","F","Construction (F)","Thousand","24.3"
"QLF59C01","Persons aged 15 years and over in Employment","20224","2022Q4","ZZZZ1","All countries excluding Ireland","G","Wholesale and Retail Trade (G)","Thousand","51.4"
"QLF59C01","Persons aged 15 years and over in Employment","20224","2022Q4","ZZZZ1","All countries excluding Ireland","H","Transportation and Storage (H)","Thousand","16.3"
"QLF59C01","Persons aged 15 years and over in Employment","20224","2022Q4","ZZZZ1","All countries excluding Ireland","I","Accommodation and Food Service Activities (I)","Thousand","49.1"
"QLF59C01","Persons aged 15 years and over in Employment","20224","2022Q4","ZZZZ1","All countries excluding Ireland","ZZ210228","Information and Communication (J,K)","Thousand","58.3"
"QLF59C01","Persons aged 15 years and over in Employment","20224","2022Q4","ZZZZ1","All countries excluding Ireland","N","Professional, Scientific and Technical Activities (N)","Thousand","27.7"
"QLF59C01","Persons aged 15 years and over in Employment","20224","2022Q4","ZZZZ1","All countries excluding Ireland","O","Administrative and Support Service Activities (O)","Thousand","30.4"
"QLF59C01","Persons aged 15 years and over in Employment","20224","2022Q4","ZZZZ1","All countries excluding Ireland","P","Public Administration and Defence; Compulsory Social Security (P)","Thousand",""
"QLF59C01","Persons aged 15 years and over in Employment","20224","2022Q4","ZZZZ1","All countries excluding Ireland","Q","Education (Q)","Thousand","17.8"
"QLF59C01","Persons aged 15 years and over in Employment","20224","2022Q4","ZZZZ1","All countries excluding Ireland","R","Human Health and Social Work Activities (R)","Thousand","68"
"QLF59C01","Persons aged 15 years and over in Employment","20224","2022Q4","ZZZZ1","All countries excluding Ireland","ZZ210011","Industry (B-E)","Thousand","67.1"
"QLF59C01","Persons aged 15 years and over in Employment","20224","2022Q4","ZZZZ1","All countries excluding Ireland","ZZ210010","Industry and Construction (B-F)","Thousand","91.4"
"QLF59C01","Persons aged 15 years and over in Employment","20224","2022Q4","ZZZZ1","All countries excluding Ireland","ZZ210023","Services (G-V)","Thousand","374.2"
"QLF59C01","Persons aged 15 years and over in Employment","20224","2022Q4","ZZZZ1","All countries excluding Ireland","ZZ210221","Financial, Insurance and Real Estate Activities (L,M)","Thousand","26.2"
"QLF59C01","Persons aged 15 years and over in Employment","20224","2022Q4","ZZZZ1","All countries excluding Ireland","ZZ210224","Other NACE Activities (S to V)","Thousand","23.8"
"QLF59C01","Persons aged 15 years and over in Employment","20224","2022Q4","ZZZZ1","All countries excluding Ireland","ZZ219990","NACE Unknown","Thousand",""
"QLF59C01","Persons aged 15 years and over in Employment","20224","2022Q4","ZZZZ2","All countries excluding Ireland,United Kingdom and EU272020","-","All NACE Economic Sectors (A-V)","Thousand","195"
"QLF59C01","Persons aged 15 years and over in Employment","20224","2022Q4","ZZZZ2","All countries excluding Ireland,United Kingdom and EU272020","A","Agriculture, Forestry and Fishing (A)","Thousand",""
"QLF59C01","Persons aged 15 years and over in Employment","20224","2022Q4","ZZZZ2","All countries excluding Ireland,United Kingdom and EU272020","F","Construction (F)","Thousand",""
"QLF59C01","Persons aged 15 years and over in Employment","20224","2022Q4","ZZZZ2","All countries excluding Ireland,United Kingdom and EU272020","G","Wholesale and Retail Trade (G)","Thousand","17.4"
"QLF59C01","Persons aged 15 years and over in Employment","20224","2022Q4","ZZZZ2","All countries excluding Ireland,United Kingdom and EU272020","H","Transportation and Storage (H)","Thousand",""
"QLF59C01","Persons aged 15 years and over in Employment","20224","2022Q4","ZZZZ2","All countries excluding Ireland,United Kingdom and EU272020","I","Accommodation and Food Service Activities (I)","Thousand","19.6"
"QLF59C01","Persons aged 15 years and over in Employment","20224","2022Q4","ZZZZ2","All countries excluding Ireland,United Kingdom and EU272020","ZZ210228","Information and Communication (J,K)","Thousand","29.5"
"QLF59C01","Persons aged 15 years and over in Employment","20224","2022Q4","ZZZZ2","All countries excluding Ireland,United Kingdom and EU272020","N","Professional, Scientific and Technical Activities (N)","Thousand","12.3"
"QLF59C01","Persons aged 15 years and over in Employment","20224","2022Q4","ZZZZ2","All countries excluding Ireland,United Kingdom and EU272020","O","Administrative and Support Service Activities (O)","Thousand","10.2"
"QLF59C01","Persons aged 15 years and over in Employment","20224","2022Q4","ZZZZ2","All countries excluding Ireland,United Kingdom and EU272020","P","Public Administration and Defence; Compulsory Social Security (P)","Thousand",""
"QLF59C01","Persons aged 15 years and over in Employment","20224","2022Q4","ZZZZ2","All countries excluding Ireland,United Kingdom and EU272020","Q","Education (Q)","Thousand",""
"QLF59C01","Persons aged 15 years and over in Employment","20224","2022Q4","ZZZZ2","All countries excluding Ireland,United Kingdom and EU272020","R","Human Health and Social Work Activities (R)","Thousand","40.4"
"QLF59C01","Persons aged 15 years and over in Employment","20224","2022Q4","ZZZZ2","All countries excluding Ireland,United Kingdom and EU272020","ZZ210011","Industry (B-E)","Thousand","22.3"
"QLF59C01","Persons aged 15 years and over in Employment","20224","2022Q4","ZZZZ2","All countries excluding Ireland,United Kingdom and EU272020","ZZ210010","Industry and Construction (B-F)","Thousand","26.4"
"QLF59C01","Persons aged 15 years and over in Employment","20224","2022Q4","ZZZZ2","All countries excluding Ireland,United Kingdom and EU272020","ZZ210023","Services (G-V)","Thousand","163"
"QLF59C01","Persons aged 15 years and over in Employment","20224","2022Q4","ZZZZ2","All countries excluding Ireland,United Kingdom and EU272020","ZZ210221","Financial, Insurance and Real Estate Activities (L,M)","Thousand","14.9"
"QLF59C01","Persons aged 15 years and over in Employment","20224","2022Q4","ZZZZ2","All countries excluding Ireland,United Kingdom and EU272020","ZZ210224","Other NACE Activities (S to V)","Thousand",""
"QLF59C01","Persons aged 15 years and over in Employment","20224","2022Q4","ZZZZ2","All countries excluding Ireland,United Kingdom and EU272020","ZZ219990","NACE Unknown","Thousand",""
"QLF59C01","Persons aged 15 years and over in Employment","20231","2023Q1","-","All Countries","-","All NACE Economic Sectors (A-V)","Thousand","2652.7"
"QLF59C01","Persons aged 15 years and over in Employment","20231","2023Q1","-","All Countries","A","Agriculture, Forestry and Fishing (A)","Thousand","102"
"QLF59C01","Persons aged 15 years and over in Employment","20231","2023Q1","-","All Countries","F","Construction (F)","Thousand","152.6"
"QLF59C01","Persons aged 15 years and over in Employment","20231","2023Q1","-","All Countries","G","Wholesale and Retail Trade (G)","Thousand","316.6"
"QLF59C01","Persons aged 15 years and over in Employment","20231","2023Q1","-","All Countries","H","Transportation and Storage (H)","Thousand","112.8"
"QLF59C01","Persons aged 15 years and over in Employment","20231","2023Q1","-","All Countries","I","Accommodation and Food Service Activities (I)","Thousand","173"
"QLF59C01","Persons aged 15 years and over in Employment","20231","2023Q1","-","All Countries","ZZ210228","Information and Communication (J,K)","Thousand","172.3"
"QLF59C01","Persons aged 15 years and over in Employment","20231","2023Q1","-","All Countries","N","Professional, Scientific and Technical Activities (N)","Thousand","170.2"
"QLF59C01","Persons aged 15 years and over in Employment","20231","2023Q1","-","All Countries","O","Administrative and Support Service Activities (O)","Thousand","113.1"
"QLF59C01","Persons aged 15 years and over in Employment","20231","2023Q1","-","All Countries","P","Public Administration and Defence; Compulsory Social Security (P)","Thousand","142.8"
"QLF59C01","Persons aged 15 years and over in Employment","20231","2023Q1","-","All Countries","Q","Education (Q)","Thousand","214.1"
"QLF59C01","Persons aged 15 years and over in Employment","20231","2023Q1","-","All Countries","R","Human Health and Social Work Activities (R)","Thousand","356.1"
"QLF59C01","Persons aged 15 years and over in Employment","20231","2023Q1","-","All Countries","ZZ210011","Industry (B-E)","Thousand","334.7"
"QLF59C01","Persons aged 15 years and over in Employment","20231","2023Q1","-","All Countries","ZZ210010","Industry and Construction (B-F)","Thousand","487.3"
"QLF59C01","Persons aged 15 years and over in Employment","20231","2023Q1","-","All Countries","ZZ210023","Services (G-V)","Thousand","2055.8"
"QLF59C01","Persons aged 15 years and over in Employment","20231","2023Q1","-","All Countries","ZZ210221","Financial, Insurance and Real Estate Activities (L,M)","Thousand","145.1"
"QLF59C01","Persons aged 15 years and over in Employment","20231","2023Q1","-","All Countries","ZZ210224","Other NACE Activities (S to V)","Thousand","139.6"
"QLF59C01","Persons aged 15 years and over in Employment","20231","2023Q1","-","All Countries","ZZ219990","NACE Unknown","Thousand","7.6"
"QLF59C01","Persons aged 15 years and over in Employment","20231","2023Q1","E1420XIE","EU14 excl Irl (countries in the EU pre 2004 excluding UK & Ireland)","-","All NACE Economic Sectors (A-V)","Thousand","72.5"
"QLF59C01","Persons aged 15 years and over in Employment","20231","2023Q1","E1420XIE","EU14 excl Irl (countries in the EU pre 2004 excluding UK & Ireland)","A","Agriculture, Forestry and Fishing (A)","Thousand",""
"QLF59C01","Persons aged 15 years and over in Employment","20231","2023Q1","E1420XIE","EU14 excl Irl (countries in the EU pre 2004 excluding UK & Ireland)","F","Construction (F)","Thousand",""
"QLF59C01","Persons aged 15 years and over in Employment","20231","2023Q1","E1420XIE","EU14 excl Irl (countries in the EU pre 2004 excluding UK & Ireland)","G","Wholesale and Retail Trade (G)","Thousand",""
"QLF59C01","Persons aged 15 years and over in Employment","20231","2023Q1","E1420XIE","EU14 excl Irl (countries in the EU pre 2004 excluding UK & Ireland)","H","Transportation and Storage (H)","Thousand",""
"QLF59C01","Persons aged 15 years and over in Employment","20231","2023Q1","E1420XIE","EU14 excl Irl (countries in the EU pre 2004 excluding UK & Ireland)","I","Accommodation and Food Service Activities (I)","Thousand","7.5"
"QLF59C01","Persons aged 15 years and over in Employment","20231","2023Q1","E1420XIE","EU14 excl Irl (countries in the EU pre 2004 excluding UK & Ireland)","ZZ210228","Information and Communication (J,K)","Thousand","16"
"QLF59C01","Persons aged 15 years and over in Employment","20231","2023Q1","E1420XIE","EU14 excl Irl (countries in the EU pre 2004 excluding UK & Ireland)","N","Professional, Scientific and Technical Activities (N)","Thousand",""
"QLF59C01","Persons aged 15 years and over in Employment","20231","2023Q1","E1420XIE","EU14 excl Irl (countries in the EU pre 2004 excluding UK & Ireland)","O","Administrative and Support Service Activities (O)","Thousand",""
"QLF59C01","Persons aged 15 years and over in Employment","20231","2023Q1","E1420XIE","EU14 excl Irl (countries in the EU pre 2004 excluding UK & Ireland)","P","Public Administration and Defence; Compulsory Social Security (P)","Thousand",""
"QLF59C01","Persons aged 15 years and over in Employment","20231","2023Q1","E1420XIE","EU14 excl Irl (countries in the EU pre 2004 excluding UK & Ireland)","Q","Education (Q)","Thousand",""
"QLF59C01","Persons aged 15 years and over in Employment","20231","2023Q1","E1420XIE","EU14 excl Irl (countries in the EU pre 2004 excluding UK & Ireland)","R","Human Health and Social Work Activities (R)","Thousand",""
"QLF59C01","Persons aged 15 years and over in Employment","20231","2023Q1","E1420XIE","EU14 excl Irl (countries in the EU pre 2004 excluding UK & Ireland)","ZZ210011","Industry (B-E)","Thousand","7"
"QLF59C01","Persons aged 15 years and over in Employment","20231","2023Q1","E1420XIE","EU14 excl Irl (countries in the EU pre 2004 excluding UK & Ireland)","ZZ210010","Industry and Construction (B-F)","Thousand","9.2"
"QLF59C01","Persons aged 15 years and over in Employment","20231","2023Q1","E1420XIE","EU14 excl Irl (countries in the EU pre 2004 excluding UK & Ireland)","ZZ210023","Services (G-V)","Thousand","62.9"
"QLF59C01","Persons aged 15 years and over in Employment","20231","2023Q1","E1420XIE","EU14 excl Irl (countries in the EU pre 2004 excluding UK & Ireland)","ZZ210221","Financial, Insurance and Real Estate Activities (L,M)","Thousand",""
"QLF59C01","Persons aged 15 years and over in Employment","20231","2023Q1","E1420XIE","EU14 excl Irl (countries in the EU pre 2004 excluding UK & Ireland)","ZZ210224","Other NACE Activities (S to V)","Thousand",""
"QLF59C01","Persons aged 15 years and over in Employment","20231","2023Q1","E1420XIE","EU14 excl Irl (countries in the EU pre 2004 excluding UK & Ireland)","ZZ219990","NACE Unknown","Thousand",""
"QLF59C01","Persons aged 15 years and over in Employment","20231","2023Q1","E15E2720","EU15 to EU27 (accession countries joined post 2004)","-","All NACE Economic Sectors (A-V)","Thousand","169.9"
"QLF59C01","Persons aged 15 years and over in Employment","20231","2023Q1","E15E2720","EU15 to EU27 (accession countries joined post 2004)","A","Agriculture, Forestry and Fishing (A)","Thousand",""
"QLF59C01","Persons aged 15 years and over in Employment","20231","2023Q1","E15E2720","EU15 to EU27 (accession countries joined post 2004)","F","Construction (F)","Thousand","15.1"
"QLF59C01","Persons aged 15 years and over in Employment","20231","2023Q1","E15E2720","EU15 to EU27 (accession countries joined post 2004)","G","Wholesale and Retail Trade (G)","Thousand","28.4"
"QLF59C01","Persons aged 15 years and over in Employment","20231","2023Q1","E15E2720","EU15 to EU27 (accession countries joined post 2004)","H","Transportation and Storage (H)","Thousand","9.4"
"QLF59C01","Persons aged 15 years and over in Employment","20231","2023Q1","E15E2720","EU15 to EU27 (accession countries joined post 2004)","I","Accommodation and Food Service Activities (I)","Thousand","20.1"
"QLF59C01","Persons aged 15 years and over in Employment","20231","2023Q1","E15E2720","EU15 to EU27 (accession countries joined post 2004)","ZZ210228","Information and Communication (J,K)","Thousand","9.6"
"QLF59C01","Persons aged 15 years and over in Employment","20231","2023Q1","E15E2720","EU15 to EU27 (accession countries joined post 2004)","N","Professional, Scientific and Technical Activities (N)","Thousand",""
"QLF59C01","Persons aged 15 years and over in Employment","20231","2023Q1","E15E2720","EU15 to EU27 (accession countries joined post 2004)","O","Administrative and Support Service Activities (O)","Thousand","12.6"
"QLF59C01","Persons aged 15 years and over in Employment","20231","2023Q1","E15E2720","EU15 to EU27 (accession countries joined post 2004)","P","Public Administration and Defence; Compulsory Social Security (P)","Thousand",""
"QLF59C01","Persons aged 15 years and over in Employment","20231","2023Q1","E15E2720","EU15 to EU27 (accession countries joined post 2004)","Q","Education (Q)","Thousand",""
"QLF59C01","Persons aged 15 years and over in Employment","20231","2023Q1","E15E2720","EU15 to EU27 (accession countries joined post 2004)","R","Human Health and Social Work Activities (R)","Thousand","13.8"
"QLF59C01","Persons aged 15 years and over in Employment","20231","2023Q1","E15E2720","EU15 to EU27 (accession countries joined post 2004)","ZZ210011","Industry (B-E)","Thousand","31"
"QLF59C01","Persons aged 15 years and over in Employment","20231","2023Q1","E15E2720","EU15 to EU27 (accession countries joined post 2004)","ZZ210010","Industry and Construction (B-F)","Thousand","46"
"QLF59C01","Persons aged 15 years and over in Employment","20231","2023Q1","E15E2720","EU15 to EU27 (accession countries joined post 2004)","ZZ210023","Services (G-V)","Thousand","120.8"
"QLF59C01","Persons aged 15 years and over in Employment","20231","2023Q1","E15E2720","EU15 to EU27 (accession countries joined post 2004)","ZZ210221","Financial, Insurance and Real Estate Activities (L,M)","Thousand",""
"QLF59C01","Persons aged 15 years and over in Employment","20231","2023Q1","E15E2720","EU15 to EU27 (accession countries joined post 2004)","ZZ210224","Other NACE Activities (S to V)","Thousand","12.5"
"QLF59C01","Persons aged 15 years and over in Employment","20231","2023Q1","E15E2720","EU15 to EU27 (accession countries joined post 2004)","ZZ219990","NACE Unknown","Thousand",""
"QLF59C01","Persons aged 15 years and over in Employment","20231","2023Q1","GB","United Kingdom","-","All NACE Economic Sectors (A-V)","Thousand","45.1"
"QLF59C01","Persons aged 15 years and over in Employment","20231","2023Q1","GB","United Kingdom","A","Agriculture, Forestry and Fishing (A)","Thousand",""
"QLF59C01","Persons aged 15 years and over in Employment","20231","2023Q1","GB","United Kingdom","F","Construction (F)","Thousand",""
"QLF59C01","Persons aged 15 years and over in Employment","20231","2023Q1","GB","United Kingdom","G","Wholesale and Retail Trade (G)","Thousand","6"
"QLF59C01","Persons aged 15 years and over in Employment","20231","2023Q1","GB","United Kingdom","H","Transportation and Storage (H)","Thousand",""
"QLF59C01","Persons aged 15 years and over in Employment","20231","2023Q1","GB","United Kingdom","I","Accommodation and Food Service Activities (I)","Thousand",""
"QLF59C01","Persons aged 15 years and over in Employment","20231","2023Q1","GB","United Kingdom","ZZ210228","Information and Communication (J,K)","Thousand",""
"QLF59C01","Persons aged 15 years and over in Employment","20231","2023Q1","GB","United Kingdom","N","Professional, Scientific and Technical Activities (N)","Thousand",""
"QLF59C01","Persons aged 15 years and over in Employment","20231","2023Q1","GB","United Kingdom","O","Administrative and Support Service Activities (O)","Thousand",""
"QLF59C01","Persons aged 15 years and over in Employment","20231","2023Q1","GB","United Kingdom","P","Public Administration and Defence; Compulsory Social Security (P)","Thousand",""
"QLF59C01","Persons aged 15 years and over in Employment","20231","2023Q1","GB","United Kingdom","Q","Education (Q)","Thousand",""
"QLF59C01","Persons aged 15 years and over in Employment","20231","2023Q1","GB","United Kingdom","R","Human Health and Social Work Activities (R)","Thousand","6.3"
"QLF59C01","Persons aged 15 years and over in Employment","20231","2023Q1","GB","United Kingdom","ZZ210011","Industry (B-E)","Thousand",""
"QLF59C01","Persons aged 15 years and over in Employment","20231","2023Q1","GB","United Kingdom","ZZ210010","Industry and Construction (B-F)","Thousand","7.6"
"QLF59C01","Persons aged 15 years and over in Employment","20231","2023Q1","GB","United Kingdom","ZZ210023","Services (G-V)","Thousand","37"
"QLF59C01","Persons aged 15 years and over in Employment","20231","2023Q1","GB","United Kingdom","ZZ210221","Financial, Insurance and Real Estate Activities (L,M)","Thousand",""
"QLF59C01","Persons aged 15 years and over in Employment","20231","2023Q1","GB","United Kingdom","ZZ210224","Other NACE Activities (S to V)","Thousand",""
"QLF59C01","Persons aged 15 years and over in Employment","20231","2023Q1","GB","United Kingdom","ZZ219990","NACE Unknown","Thousand",""
"QLF59C01","Persons aged 15 years and over in Employment","20231","2023Q1","IE","Ireland","-","All NACE Economic Sectors (A-V)","Thousand","2155.8"
"QLF59C01","Persons aged 15 years and over in Employment","20231","2023Q1","IE","Ireland","A","Agriculture, Forestry and Fishing (A)","Thousand","96.4"
"QLF59C01","Persons aged 15 years and over in Employment","20231","2023Q1","IE","Ireland","F","Construction (F)","Thousand","126.7"
"QLF59C01","Persons aged 15 years and over in Employment","20231","2023Q1","IE","Ireland","G","Wholesale and Retail Trade (G)","Thousand","254.6"
"QLF59C01","Persons aged 15 years and over in Employment","20231","2023Q1","IE","Ireland","H","Transportation and Storage (H)","Thousand","96.3"
"QLF59C01","Persons aged 15 years and over in Employment","20231","2023Q1","IE","Ireland","I","Accommodation and Food Service Activities (I)","Thousand","122.1"
"QLF59C01","Persons aged 15 years and over in Employment","20231","2023Q1","IE","Ireland","ZZ210228","Information and Communication (J,K)","Thousand","110.7"
"QLF59C01","Persons aged 15 years and over in Employment","20231","2023Q1","IE","Ireland","N","Professional, Scientific and Technical Activities (N)","Thousand","142.6"
"QLF59C01","Persons aged 15 years and over in Employment","20231","2023Q1","IE","Ireland","O","Administrative and Support Service Activities (O)","Thousand","79.8"
"QLF59C01","Persons aged 15 years and over in Employment","20231","2023Q1","IE","Ireland","P","Public Administration and Defence; Compulsory Social Security (P)","Thousand","137"
"QLF59C01","Persons aged 15 years and over in Employment","20231","2023Q1","IE","Ireland","Q","Education (Q)","Thousand","191.5"
"QLF59C01","Persons aged 15 years and over in Employment","20231","2023Q1","IE","Ireland","R","Human Health and Social Work Activities (R)","Thousand","289.3"
"QLF59C01","Persons aged 15 years and over in Employment","20231","2023Q1","IE","Ireland","ZZ210011","Industry (B-E)","Thousand","272.8"
"QLF59C01","Persons aged 15 years and over in Employment","20231","2023Q1","IE","Ireland","ZZ210010","Industry and Construction (B-F)","Thousand","399.5"
"QLF59C01","Persons aged 15 years and over in Employment","20231","2023Q1","IE","Ireland","ZZ210023","Services (G-V)","Thousand","1654"
"QLF59C01","Persons aged 15 years and over in Employment","20231","2023Q1","IE","Ireland","ZZ210221","Financial, Insurance and Real Estate Activities (L,M)","Thousand","119.7"
"QLF59C01","Persons aged 15 years and over in Employment","20231","2023Q1","IE","Ireland","ZZ210224","Other NACE Activities (S to V)","Thousand","110.4"
"QLF59C01","Persons aged 15 years and over in Employment","20231","2023Q1","IE","Ireland","ZZ219990","NACE Unknown","Thousand","5.8"
"QLF59C01","Persons aged 15 years and over in Employment","20231","2023Q1","ZZZZ1","All countries excluding Ireland","-","All NACE Economic Sectors (A-V)","Thousand","496.9"
"QLF59C01","Persons aged 15 years and over in Employment","20231","2023Q1","ZZZZ1","All countries excluding Ireland","A","Agriculture, Forestry and Fishing (A)","Thousand",""
"QLF59C01","Persons aged 15 years and over in Employment","20231","2023Q1","ZZZZ1","All countries excluding Ireland","F","Construction (F)","Thousand","25.9"
"QLF59C01","Persons aged 15 years and over in Employment","20231","2023Q1","ZZZZ1","All countries excluding Ireland","G","Wholesale and Retail Trade (G)","Thousand","62"
"QLF59C01","Persons aged 15 years and over in Employment","20231","2023Q1","ZZZZ1","All countries excluding Ireland","H","Transportation and Storage (H)","Thousand","16.4"
"QLF59C01","Persons aged 15 years and over in Employment","20231","2023Q1","ZZZZ1","All countries excluding Ireland","I","Accommodation and Food Service Activities (I)","Thousand","50.9"
"QLF59C01","Persons aged 15 years and over in Employment","20231","2023Q1","ZZZZ1","All countries excluding Ireland","ZZ210228","Information and Communication (J,K)","Thousand","61.7"
"QLF59C01","Persons aged 15 years and over in Employment","20231","2023Q1","ZZZZ1","All countries excluding Ireland","N","Professional, Scientific and Technical Activities (N)","Thousand","27.6"
"QLF59C01","Persons aged 15 years and over in Employment","20231","2023Q1","ZZZZ1","All countries excluding Ireland","O","Administrative and Support Service Activities (O)","Thousand","33.3"
"QLF59C01","Persons aged 15 years and over in Employment","20231","2023Q1","ZZZZ1","All countries excluding Ireland","P","Public Administration and Defence; Compulsory Social Security (P)","Thousand",""
"QLF59C01","Persons aged 15 years and over in Employment","20231","2023Q1","ZZZZ1","All countries excluding Ireland","Q","Education (Q)","Thousand","22.6"
"QLF59C01","Persons aged 15 years and over in Employment","20231","2023Q1","ZZZZ1","All countries excluding Ireland","R","Human Health and Social Work Activities (R)","Thousand","66.8"
"QLF59C01","Persons aged 15 years and over in Employment","20231","2023Q1","ZZZZ1","All countries excluding Ireland","ZZ210011","Industry (B-E)","Thousand","61.9"
"QLF59C01","Persons aged 15 years and over in Employment","20231","2023Q1","ZZZZ1","All countries excluding Ireland","ZZ210010","Industry and Construction (B-F)","Thousand","87.7"
"QLF59C01","Persons aged 15 years and over in Employment","20231","2023Q1","ZZZZ1","All countries excluding Ireland","ZZ210023","Services (G-V)","Thousand","401.8"
"QLF59C01","Persons aged 15 years and over in Employment","20231","2023Q1","ZZZZ1","All countries excluding Ireland","ZZ210221","Financial, Insurance and Real Estate Activities (L,M)","Thousand","25.5"
"QLF59C01","Persons aged 15 years and over in Employment","20231","2023Q1","ZZZZ1","All countries excluding Ireland","ZZ210224","Other NACE Activities (S to V)","Thousand","29.2"
"QLF59C01","Persons aged 15 years and over in Employment","20231","2023Q1","ZZZZ1","All countries excluding Ireland","ZZ219990","NACE Unknown","Thousand",""
"QLF59C01","Persons aged 15 years and over in Employment","20231","2023Q1","ZZZZ2","All countries excluding Ireland,United Kingdom and EU272020","-","All NACE Economic Sectors (A-V)","Thousand","209.4"
"QLF59C01","Persons aged 15 years and over in Employment","20231","2023Q1","ZZZZ2","All countries excluding Ireland,United Kingdom and EU272020","A","Agriculture, Forestry and Fishing (A)","Thousand",""
"QLF59C01","Persons aged 15 years and over in Employment","20231","2023Q1","ZZZZ2","All countries excluding Ireland,United Kingdom and EU272020","F","Construction (F)","Thousand",""
"QLF59C01","Persons aged 15 years and over in Employment","20231","2023Q1","ZZZZ2","All countries excluding Ireland,United Kingdom and EU272020","G","Wholesale and Retail Trade (G)","Thousand","21.1"
"QLF59C01","Persons aged 15 years and over in Employment","20231","2023Q1","ZZZZ2","All countries excluding Ireland,United Kingdom and EU272020","H","Transportation and Storage (H)","Thousand",""
"QLF59C01","Persons aged 15 years and over in Employment","20231","2023Q1","ZZZZ2","All countries excluding Ireland,United Kingdom and EU272020","I","Accommodation and Food Service Activities (I)","Thousand","20.8"
"QLF59C01","Persons aged 15 years and over in Employment","20231","2023Q1","ZZZZ2","All countries excluding Ireland,United Kingdom and EU272020","ZZ210228","Information and Communication (J,K)","Thousand","32.7"
"QLF59C01","Persons aged 15 years and over in Employment","20231","2023Q1","ZZZZ2","All countries excluding Ireland,United Kingdom and EU272020","N","Professional, Scientific and Technical Activities (N)","Thousand","15.1"
"QLF59C01","Persons aged 15 years and over in Employment","20231","2023Q1","ZZZZ2","All countries excluding Ireland,United Kingdom and EU272020","O","Administrative and Support Service Activities (O)","Thousand","12.9"
"QLF59C01","Persons aged 15 years and over in Employment","20231","2023Q1","ZZZZ2","All countries excluding Ireland,United Kingdom and EU272020","P","Public Administration and Defence; Compulsory Social Security (P)","Thousand",""
"QLF59C01","Persons aged 15 years and over in Employment","20231","2023Q1","ZZZZ2","All countries excluding Ireland,United Kingdom and EU272020","Q","Education (Q)","Thousand",""
"QLF59C01","Persons aged 15 years and over in Employment","20231","2023Q1","ZZZZ2","All countries excluding Ireland,United Kingdom and EU272020","R","Human Health and Social Work Activities (R)","Thousand","41.8"
"QLF59C01","Persons aged 15 years and over in Employment","20231","2023Q1","ZZZZ2","All countries excluding Ireland,United Kingdom and EU272020","ZZ210011","Industry (B-E)","Thousand","18.7"
"QLF59C01","Persons aged 15 years and over in Employment","20231","2023Q1","ZZZZ2","All countries excluding Ireland,United Kingdom and EU272020","ZZ210010","Industry and Construction (B-F)","Thousand","24.9"
"QLF59C01","Persons aged 15 years and over in Employment","20231","2023Q1","ZZZZ2","All countries excluding Ireland,United Kingdom and EU272020","ZZ210023","Services (G-V)","Thousand","181.2"
"QLF59C01","Persons aged 15 years and over in Employment","20231","2023Q1","ZZZZ2","All countries excluding Ireland,United Kingdom and EU272020","ZZ210221","Financial, Insurance and Real Estate Activities (L,M)","Thousand","13.1"
"QLF59C01","Persons aged 15 years and over in Employment","20231","2023Q1","ZZZZ2","All countries excluding Ireland,United Kingdom and EU272020","ZZ210224","Other NACE Activities (S to V)","Thousand",""
"QLF59C01","Persons aged 15 years and over in Employment","20231","2023Q1","ZZZZ2","All countries excluding Ireland,United Kingdom and EU272020","ZZ219990","NACE Unknown","Thousand",""
"QLF59C01","Persons aged 15 years and over in Employment","20232","2023Q2","-","All Countries","-","All NACE Economic Sectors (A-V)","Thousand","2682.7"
"QLF59C01","Persons aged 15 years and over in Employment","20232","2023Q2","-","All Countries","A","Agriculture, Forestry and Fishing (A)","Thousand","101.9"
"QLF59C01","Persons aged 15 years and over in Employment","20232","2023Q2","-","All Countries","F","Construction (F)","Thousand","166.7"
"QLF59C01","Persons aged 15 years and over in Employment","20232","2023Q2","-","All Countries","G","Wholesale and Retail Trade (G)","Thousand","320.6"
"QLF59C01","Persons aged 15 years and over in Employment","20232","2023Q2","-","All Countries","H","Transportation and Storage (H)","Thousand","116.9"
"QLF59C01","Persons aged 15 years and over in Employment","20232","2023Q2","-","All Countries","I","Accommodation and Food Service Activities (I)","Thousand","178.4"
"QLF59C01","Persons aged 15 years and over in Employment","20232","2023Q2","-","All Countries","ZZ210228","Information and Communication (J,K)","Thousand","175.8"
"QLF59C01","Persons aged 15 years and over in Employment","20232","2023Q2","-","All Countries","N","Professional, Scientific and Technical Activities (N)","Thousand","178.2"
"QLF59C01","Persons aged 15 years and over in Employment","20232","2023Q2","-","All Countries","O","Administrative and Support Service Activities (O)","Thousand","111.6"
"QLF59C01","Persons aged 15 years and over in Employment","20232","2023Q2","-","All Countries","P","Public Administration and Defence; Compulsory Social Security (P)","Thousand","144.7"
"QLF59C01","Persons aged 15 years and over in Employment","20232","2023Q2","-","All Countries","Q","Education (Q)","Thousand","221.4"
"QLF59C01","Persons aged 15 years and over in Employment","20232","2023Q2","-","All Countries","R","Human Health and Social Work Activities (R)","Thousand","358"
"QLF59C01","Persons aged 15 years and over in Employment","20232","2023Q2","-","All Countries","ZZ210011","Industry (B-E)","Thousand","320.7"
"QLF59C01","Persons aged 15 years and over in Employment","20232","2023Q2","-","All Countries","ZZ210010","Industry and Construction (B-F)","Thousand","487.4"
"QLF59C01","Persons aged 15 years and over in Employment","20232","2023Q2","-","All Countries","ZZ210023","Services (G-V)","Thousand","2088.8"
"QLF59C01","Persons aged 15 years and over in Employment","20232","2023Q2","-","All Countries","ZZ210221","Financial, Insurance and Real Estate Activities (L,M)","Thousand","144.7"
"QLF59C01","Persons aged 15 years and over in Employment","20232","2023Q2","-","All Countries","ZZ210224","Other NACE Activities (S to V)","Thousand","138.6"
"QLF59C01","Persons aged 15 years and over in Employment","20232","2023Q2","-","All Countries","ZZ219990","NACE Unknown","Thousand",""
"QLF59C01","Persons aged 15 years and over in Employment","20232","2023Q2","E1420XIE","EU14 excl Irl (countries in the EU pre 2004 excluding UK & Ireland)","-","All NACE Economic Sectors (A-V)","Thousand","78.6"
"QLF59C01","Persons aged 15 years and over in Employment","20232","2023Q2","E1420XIE","EU14 excl Irl (countries in the EU pre 2004 excluding UK & Ireland)","A","Agriculture, Forestry and Fishing (A)","Thousand",""
"QLF59C01","Persons aged 15 years and over in Employment","20232","2023Q2","E1420XIE","EU14 excl Irl (countries in the EU pre 2004 excluding UK & Ireland)","F","Construction (F)","Thousand",""
"QLF59C01","Persons aged 15 years and over in Employment","20232","2023Q2","E1420XIE","EU14 excl Irl (countries in the EU pre 2004 excluding UK & Ireland)","G","Wholesale and Retail Trade (G)","Thousand","8.1"
"QLF59C01","Persons aged 15 years and over in Employment","20232","2023Q2","E1420XIE","EU14 excl Irl (countries in the EU pre 2004 excluding UK & Ireland)","H","Transportation and Storage (H)","Thousand",""
"QLF59C01","Persons aged 15 years and over in Employment","20232","2023Q2","E1420XIE","EU14 excl Irl (countries in the EU pre 2004 excluding UK & Ireland)","I","Accommodation and Food Service Activities (I)","Thousand",""
"QLF59C01","Persons aged 15 years and over in Employment","20232","2023Q2","E1420XIE","EU14 excl Irl (countries in the EU pre 2004 excluding UK & Ireland)","ZZ210228","Information and Communication (J,K)","Thousand","20.6"
"QLF59C01","Persons aged 15 years and over in Employment","20232","2023Q2","E1420XIE","EU14 excl Irl (countries in the EU pre 2004 excluding UK & Ireland)","N","Professional, Scientific and Technical Activities (N)","Thousand",""
"QLF59C01","Persons aged 15 years and over in Employment","20232","2023Q2","E1420XIE","EU14 excl Irl (countries in the EU pre 2004 excluding UK & Ireland)","O","Administrative and Support Service Activities (O)","Thousand",""
"QLF59C01","Persons aged 15 years and over in Employment","20232","2023Q2","E1420XIE","EU14 excl Irl (countries in the EU pre 2004 excluding UK & Ireland)","P","Public Administration and Defence; Compulsory Social Security (P)","Thousand",""
"QLF59C01","Persons aged 15 years and over in Employment","20232","2023Q2","E1420XIE","EU14 excl Irl (countries in the EU pre 2004 excluding UK & Ireland)","Q","Education (Q)","Thousand","7"
"QLF59C01","Persons aged 15 years and over in Employment","20232","2023Q2","E1420XIE","EU14 excl Irl (countries in the EU pre 2004 excluding UK & Ireland)","R","Human Health and Social Work Activities (R)","Thousand",""
"QLF59C01","Persons aged 15 years and over in Employment","20232","2023Q2","E1420XIE","EU14 excl Irl (countries in the EU pre 2004 excluding UK & Ireland)","ZZ210011","Industry (B-E)","Thousand",""
"QLF59C01","Persons aged 15 years and over in Employment","20232","2023Q2","E1420XIE","EU14 excl Irl (countries in the EU pre 2004 excluding UK & Ireland)","ZZ210010","Industry and Construction (B-F)","Thousand","8.5"
"QLF59C01","Persons aged 15 years and over in Employment","20232","2023Q2","E1420XIE","EU14 excl Irl (countries in the EU pre 2004 excluding UK & Ireland)","ZZ210023","Services (G-V)","Thousand","69.3"
"QLF59C01","Persons aged 15 years and over in Employment","20232","2023Q2","E1420XIE","EU14 excl Irl (countries in the EU pre 2004 excluding UK & Ireland)","ZZ210221","Financial, Insurance and Real Estate Activities (L,M)","Thousand",""
"QLF59C01","Persons aged 15 years and over in Employment","20232","2023Q2","E1420XIE","EU14 excl Irl (countries in the EU pre 2004 excluding UK & Ireland)","ZZ210224","Other NACE Activities (S to V)","Thousand",""
"QLF59C01","Persons aged 15 years and over in Employment","20232","2023Q2","E1420XIE","EU14 excl Irl (countries in the EU pre 2004 excluding UK & Ireland)","ZZ219990","NACE Unknown","Thousand",""
"QLF59C01","Persons aged 15 years and over in Employment","20232","2023Q2","E15E2720","EU15 to EU27 (accession countries joined post 2004)","-","All NACE Economic Sectors (A-V)","Thousand","169.8"
"QLF59C01","Persons aged 15 years and over in Employment","20232","2023Q2","E15E2720","EU15 to EU27 (accession countries joined post 2004)","A","Agriculture, Forestry and Fishing (A)","Thousand",""
"QLF59C01","Persons aged 15 years and over in Employment","20232","2023Q2","E15E2720","EU15 to EU27 (accession countries joined post 2004)","F","Construction (F)","Thousand","17.9"
"QLF59C01","Persons aged 15 years and over in Employment","20232","2023Q2","E15E2720","EU15 to EU27 (accession countries joined post 2004)","G","Wholesale and Retail Trade (G)","Thousand","27.7"
"QLF59C01","Persons aged 15 years and over in Employment","20232","2023Q2","E15E2720","EU15 to EU27 (accession countries joined post 2004)","H","Transportation and Storage (H)","Thousand","8.8"
"QLF59C01","Persons aged 15 years and over in Employment","20232","2023Q2","E15E2720","EU15 to EU27 (accession countries joined post 2004)","I","Accommodation and Food Service Activities (I)","Thousand","17.8"
"QLF59C01","Persons aged 15 years and over in Employment","20232","2023Q2","E15E2720","EU15 to EU27 (accession countries joined post 2004)","ZZ210228","Information and Communication (J,K)","Thousand","8.3"
"QLF59C01","Persons aged 15 years and over in Employment","20232","2023Q2","E15E2720","EU15 to EU27 (accession countries joined post 2004)","N","Professional, Scientific and Technical Activities (N)","Thousand",""
"QLF59C01","Persons aged 15 years and over in Employment","20232","2023Q2","E15E2720","EU15 to EU27 (accession countries joined post 2004)","O","Administrative and Support Service Activities (O)","Thousand","10.7"
"QLF59C01","Persons aged 15 years and over in Employment","20232","2023Q2","E15E2720","EU15 to EU27 (accession countries joined post 2004)","P","Public Administration and Defence; Compulsory Social Security (P)","Thousand",""
"QLF59C01","Persons aged 15 years and over in Employment","20232","2023Q2","E15E2720","EU15 to EU27 (accession countries joined post 2004)","Q","Education (Q)","Thousand",""
"QLF59C01","Persons aged 15 years and over in Employment","20232","2023Q2","E15E2720","EU15 to EU27 (accession countries joined post 2004)","R","Human Health and Social Work Activities (R)","Thousand","13.7"
"QLF59C01","Persons aged 15 years and over in Employment","20232","2023Q2","E15E2720","EU15 to EU27 (accession countries joined post 2004)","ZZ210011","Industry (B-E)","Thousand","35.6"
"QLF59C01","Persons aged 15 years and over in Employment","20232","2023Q2","E15E2720","EU15 to EU27 (accession countries joined post 2004)","ZZ210010","Industry and Construction (B-F)","Thousand","53.5"
"QLF59C01","Persons aged 15 years and over in Employment","20232","2023Q2","E15E2720","EU15 to EU27 (accession countries joined post 2004)","ZZ210023","Services (G-V)","Thousand","114.6"
"QLF59C01","Persons aged 15 years and over in Employment","20232","2023Q2","E15E2720","EU15 to EU27 (accession countries joined post 2004)","ZZ210221","Financial, Insurance and Real Estate Activities (L,M)","Thousand",""
"QLF59C01","Persons aged 15 years and over in Employment","20232","2023Q2","E15E2720","EU15 to EU27 (accession countries joined post 2004)","ZZ210224","Other NACE Activities (S to V)","Thousand","10.1"
"QLF59C01","Persons aged 15 years and over in Employment","20232","2023Q2","E15E2720","EU15 to EU27 (accession countries joined post 2004)","ZZ219990","NACE Unknown","Thousand",""
"QLF59C01","Persons aged 15 years and over in Employment","20232","2023Q2","GB","United Kingdom","-","All NACE Economic Sectors (A-V)","Thousand","46.2"
"QLF59C01","Persons aged 15 years and over in Employment","20232","2023Q2","GB","United Kingdom","A","Agriculture, Forestry and Fishing (A)","Thousand",""
"QLF59C01","Persons aged 15 years and over in Employment","20232","2023Q2","GB","United Kingdom","F","Construction (F)","Thousand",""
"QLF59C01","Persons aged 15 years and over in Employment","20232","2023Q2","GB","United Kingdom","G","Wholesale and Retail Trade (G)","Thousand",""
"QLF59C01","Persons aged 15 years and over in Employment","20232","2023Q2","GB","United Kingdom","H","Transportation and Storage (H)","Thousand",""
"QLF59C01","Persons aged 15 years and over in Employment","20232","2023Q2","GB","United Kingdom","I","Accommodation and Food Service Activities (I)","Thousand",""
"QLF59C01","Persons aged 15 years and over in Employment","20232","2023Q2","GB","United Kingdom","ZZ210228","Information and Communication (J,K)","Thousand",""
"QLF59C01","Persons aged 15 years and over in Employment","20232","2023Q2","GB","United Kingdom","N","Professional, Scientific and Technical Activities (N)","Thousand",""
"QLF59C01","Persons aged 15 years and over in Employment","20232","2023Q2","GB","United Kingdom","O","Administrative and Support Service Activities (O)","Thousand",""
"QLF59C01","Persons aged 15 years and over in Employment","20232","2023Q2","GB","United Kingdom","P","Public Administration and Defence; Compulsory Social Security (P)","Thousand",""
"QLF59C01","Persons aged 15 years and over in Employment","20232","2023Q2","GB","United Kingdom","Q","Education (Q)","Thousand",""
"QLF59C01","Persons aged 15 years and over in Employment","20232","2023Q2","GB","United Kingdom","R","Human Health and Social Work Activities (R)","Thousand",""
"QLF59C01","Persons aged 15 years and over in Employment","20232","2023Q2","GB","United Kingdom","ZZ210011","Industry (B-E)","Thousand",""
"QLF59C01","Persons aged 15 years and over in Employment","20232","2023Q2","GB","United Kingdom","ZZ210010","Industry and Construction (B-F)","Thousand","7.2"
"QLF59C01","Persons aged 15 years and over in Employment","20232","2023Q2","GB","United Kingdom","ZZ210023","Services (G-V)","Thousand","38.3"
"QLF59C01","Persons aged 15 years and over in Employment","20232","2023Q2","GB","United Kingdom","ZZ210221","Financial, Insurance and Real Estate Activities (L,M)","Thousand",""
"QLF59C01","Persons aged 15 years and over in Employment","20232","2023Q2","GB","United Kingdom","ZZ210224","Other NACE Activities (S to V)","Thousand",""
"QLF59C01","Persons aged 15 years and over in Employment","20232","2023Q2","GB","United Kingdom","ZZ219990","NACE Unknown","Thousand",""
"QLF59C01","Persons aged 15 years and over in Employment","20232","2023Q2","IE","Ireland","-","All NACE Economic Sectors (A-V)","Thousand","2174.2"
"QLF59C01","Persons aged 15 years and over in Employment","20232","2023Q2","IE","Ireland","A","Agriculture, Forestry and Fishing (A)","Thousand","99.2"
"QLF59C01","Persons aged 15 years and over in Employment","20232","2023Q2","IE","Ireland","F","Construction (F)","Thousand","135.1"
"QLF59C01","Persons aged 15 years and over in Employment","20232","2023Q2","IE","Ireland","G","Wholesale and Retail Trade (G)","Thousand","260.5"
"QLF59C01","Persons aged 15 years and over in Employment","20232","2023Q2","IE","Ireland","H","Transportation and Storage (H)","Thousand","97.8"
"QLF59C01","Persons aged 15 years and over in Employment","20232","2023Q2","IE","Ireland","I","Accommodation and Food Service Activities (I)","Thousand","129.2"
"QLF59C01","Persons aged 15 years and over in Employment","20232","2023Q2","IE","Ireland","ZZ210228","Information and Communication (J,K)","Thousand","108.5"
"QLF59C01","Persons aged 15 years and over in Employment","20232","2023Q2","IE","Ireland","N","Professional, Scientific and Technical Activities (N)","Thousand","147.1"
"QLF59C01","Persons aged 15 years and over in Employment","20232","2023Q2","IE","Ireland","O","Administrative and Support Service Activities (O)","Thousand","84.9"
"QLF59C01","Persons aged 15 years and over in Employment","20232","2023Q2","IE","Ireland","P","Public Administration and Defence; Compulsory Social Security (P)","Thousand","136.8"
"QLF59C01","Persons aged 15 years and over in Employment","20232","2023Q2","IE","Ireland","Q","Education (Q)","Thousand","199"
"QLF59C01","Persons aged 15 years and over in Employment","20232","2023Q2","IE","Ireland","R","Human Health and Social Work Activities (R)","Thousand","283.3"
"QLF59C01","Persons aged 15 years and over in Employment","20232","2023Q2","IE","Ireland","ZZ210011","Industry (B-E)","Thousand","255.7"
"QLF59C01","Persons aged 15 years and over in Employment","20232","2023Q2","IE","Ireland","ZZ210010","Industry and Construction (B-F)","Thousand","390.7"
"QLF59C01","Persons aged 15 years and over in Employment","20232","2023Q2","IE","Ireland","ZZ210023","Services (G-V)","Thousand","1680.8"
"QLF59C01","Persons aged 15 years and over in Employment","20232","2023Q2","IE","Ireland","ZZ210221","Financial, Insurance and Real Estate Activities (L,M)","Thousand","118.4"
"QLF59C01","Persons aged 15 years and over in Employment","20232","2023Q2","IE","Ireland","ZZ210224","Other NACE Activities (S to V)","Thousand","115.2"
"QLF59C01","Persons aged 15 years and over in Employment","20232","2023Q2","IE","Ireland","ZZ219990","NACE Unknown","Thousand",""
"QLF59C01","Persons aged 15 years and over in Employment","20232","2023Q2","ZZZZ1","All countries excluding Ireland","-","All NACE Economic Sectors (A-V)","Thousand","508.5"
"QLF59C01","Persons aged 15 years and over in Employment","20232","2023Q2","ZZZZ1","All countries excluding Ireland","A","Agriculture, Forestry and Fishing (A)","Thousand",""
"QLF59C01","Persons aged 15 years and over in Employment","20232","2023Q2","ZZZZ1","All countries excluding Ireland","F","Construction (F)","Thousand","31.7"
"QLF59C01","Persons aged 15 years and over in Employment","20232","2023Q2","ZZZZ1","All countries excluding Ireland","G","Wholesale and Retail Trade (G)","Thousand","60.1"
"QLF59C01","Persons aged 15 years and over in Employment","20232","2023Q2","ZZZZ1","All countries excluding Ireland","H","Transportation and Storage (H)","Thousand","19.1"
"QLF59C01","Persons aged 15 years and over in Employment","20232","2023Q2","ZZZZ1","All countries excluding Ireland","I","Accommodation and Food Service Activities (I)","Thousand","49.1"
"QLF59C01","Persons aged 15 years and over in Employment","20232","2023Q2","ZZZZ1","All countries excluding Ireland","ZZ210228","Information and Communication (J,K)","Thousand","67.3"
"QLF59C01","Persons aged 15 years and over in Employment","20232","2023Q2","ZZZZ1","All countries excluding Ireland","N","Professional, Scientific and Technical Activities (N)","Thousand","31.1"
"QLF59C01","Persons aged 15 years and over in Employment","20232","2023Q2","ZZZZ1","All countries excluding Ireland","O","Administrative and Support Service Activities (O)","Thousand","26.7"
"QLF59C01","Persons aged 15 years and over in Employment","20232","2023Q2","ZZZZ1","All countries excluding Ireland","P","Public Administration and Defence; Compulsory Social Security (P)","Thousand","7.9"
"QLF59C01","Persons aged 15 years and over in Employment","20232","2023Q2","ZZZZ1","All countries excluding Ireland","Q","Education (Q)","Thousand","22.4"
"QLF59C01","Persons aged 15 years and over in Employment","20232","2023Q2","ZZZZ1","All countries excluding Ireland","R","Human Health and Social Work Activities (R)","Thousand","74.7"
"QLF59C01","Persons aged 15 years and over in Employment","20232","2023Q2","ZZZZ1","All countries excluding Ireland","ZZ210011","Industry (B-E)","Thousand","65"
"QLF59C01","Persons aged 15 years and over in Employment","20232","2023Q2","ZZZZ1","All countries excluding Ireland","ZZ210010","Industry and Construction (B-F)","Thousand","96.7"
"QLF59C01","Persons aged 15 years and over in Employment","20232","2023Q2","ZZZZ1","All countries excluding Ireland","ZZ210023","Services (G-V)","Thousand","408"
"QLF59C01","Persons aged 15 years and over in Employment","20232","2023Q2","ZZZZ1","All countries excluding Ireland","ZZ210221","Financial, Insurance and Real Estate Activities (L,M)","Thousand","26.2"
"QLF59C01","Persons aged 15 years and over in Employment","20232","2023Q2","ZZZZ1","All countries excluding Ireland","ZZ210224","Other NACE Activities (S to V)","Thousand","23.4"
"QLF59C01","Persons aged 15 years and over in Employment","20232","2023Q2","ZZZZ1","All countries excluding Ireland","ZZ219990","NACE Unknown","Thousand",""
"QLF59C01","Persons aged 15 years and over in Employment","20232","2023Q2","ZZZZ2","All countries excluding Ireland,United Kingdom and EU272020","-","All NACE Economic Sectors (A-V)","Thousand","213.8"
"QLF59C01","Persons aged 15 years and over in Employment","20232","2023Q2","ZZZZ2","All countries excluding Ireland,United Kingdom and EU272020","A","Agriculture, Forestry and Fishing (A)","Thousand",""
"QLF59C01","Persons aged 15 years and over in Employment","20232","2023Q2","ZZZZ2","All countries excluding Ireland,United Kingdom and EU272020","F","Construction (F)","Thousand","9.9"
"QLF59C01","Persons aged 15 years and over in Employment","20232","2023Q2","ZZZZ2","All countries excluding Ireland,United Kingdom and EU272020","G","Wholesale and Retail Trade (G)","Thousand","18.2"
"QLF59C01","Persons aged 15 years and over in Employment","20232","2023Q2","ZZZZ2","All countries excluding Ireland,United Kingdom and EU272020","H","Transportation and Storage (H)","Thousand",""
"QLF59C01","Persons aged 15 years and over in Employment","20232","2023Q2","ZZZZ2","All countries excluding Ireland,United Kingdom and EU272020","I","Accommodation and Food Service Activities (I)","Thousand","22.5"
"QLF59C01","Persons aged 15 years and over in Employment","20232","2023Q2","ZZZZ2","All countries excluding Ireland,United Kingdom and EU272020","ZZ210228","Information and Communication (J,K)","Thousand","34.4"
"QLF59C01","Persons aged 15 years and over in Employment","20232","2023Q2","ZZZZ2","All countries excluding Ireland,United Kingdom and EU272020","N","Professional, Scientific and Technical Activities (N)","Thousand","15.6"
"QLF59C01","Persons aged 15 years and over in Employment","20232","2023Q2","ZZZZ2","All countries excluding Ireland,United Kingdom and EU272020","O","Administrative and Support Service Activities (O)","Thousand",""
"QLF59C01","Persons aged 15 years and over in Employment","20232","2023Q2","ZZZZ2","All countries excluding Ireland,United Kingdom and EU272020","P","Public Administration and Defence; Compulsory Social Security (P)","Thousand",""
"QLF59C01","Persons aged 15 years and over in Employment","20232","2023Q2","ZZZZ2","All countries excluding Ireland,United Kingdom and EU272020","Q","Education (Q)","Thousand",""
"QLF59C01","Persons aged 15 years and over in Employment","20232","2023Q2","ZZZZ2","All countries excluding Ireland,United Kingdom and EU272020","R","Human Health and Social Work Activities (R)","Thousand","50"
"QLF59C01","Persons aged 15 years and over in Employment","20232","2023Q2","ZZZZ2","All countries excluding Ireland,United Kingdom and EU272020","ZZ210011","Industry (B-E)","Thousand","17.6"
"QLF59C01","Persons aged 15 years and over in Employment","20232","2023Q2","ZZZZ2","All countries excluding Ireland,United Kingdom and EU272020","ZZ210010","Industry and Construction (B-F)","Thousand","27.5"
"QLF59C01","Persons aged 15 years and over in Employment","20232","2023Q2","ZZZZ2","All countries excluding Ireland,United Kingdom and EU272020","ZZ210023","Services (G-V)","Thousand","185.8"
"QLF59C01","Persons aged 15 years and over in Employment","20232","2023Q2","ZZZZ2","All countries excluding Ireland,United Kingdom and EU272020","ZZ210221","Financial, Insurance and Real Estate Activities (L,M)","Thousand","13.4"
"QLF59C01","Persons aged 15 years and over in Employment","20232","2023Q2","ZZZZ2","All countries excluding Ireland,United Kingdom and EU272020","ZZ210224","Other NACE Activities (S to V)","Thousand",""
"QLF59C01","Persons aged 15 years and over in Employment","20232","2023Q2","ZZZZ2","All countries excluding Ireland,United Kingdom and EU272020","ZZ219990","NACE Unknown","Thousand",""
"QLF59C01","Persons aged 15 years and over in Employment","20233","2023Q3","-","All Countries","-","All NACE Economic Sectors (A-V)","Thousand","2696.2"
"QLF59C01","Persons aged 15 years and over in Employment","20233","2023Q3","-","All Countries","A","Agriculture, Forestry and Fishing (A)","Thousand","114.7"
"QLF59C01","Persons aged 15 years and over in Employment","20233","2023Q3","-","All Countries","F","Construction (F)","Thousand","165.5"
"QLF59C01","Persons aged 15 years and over in Employment","20233","2023Q3","-","All Countries","G","Wholesale and Retail Trade (G)","Thousand","303.6"
"QLF59C01","Persons aged 15 years and over in Employment","20233","2023Q3","-","All Countries","H","Transportation and Storage (H)","Thousand","116.2"
"QLF59C01","Persons aged 15 years and over in Employment","20233","2023Q3","-","All Countries","I","Accommodation and Food Service Activities (I)","Thousand","183.5"
"QLF59C01","Persons aged 15 years and over in Employment","20233","2023Q3","-","All Countries","ZZ210228","Information and Communication (J,K)","Thousand","179.5"
"QLF59C01","Persons aged 15 years and over in Employment","20233","2023Q3","-","All Countries","N","Professional, Scientific and Technical Activities (N)","Thousand","180"
"QLF59C01","Persons aged 15 years and over in Employment","20233","2023Q3","-","All Countries","O","Administrative and Support Service Activities (O)","Thousand","111.3"
"QLF59C01","Persons aged 15 years and over in Employment","20233","2023Q3","-","All Countries","P","Public Administration and Defence; Compulsory Social Security (P)","Thousand","137.1"
"QLF59C01","Persons aged 15 years and over in Employment","20233","2023Q3","-","All Countries","Q","Education (Q)","Thousand","222.9"
"QLF59C01","Persons aged 15 years and over in Employment","20233","2023Q3","-","All Countries","R","Human Health and Social Work Activities (R)","Thousand","362.7"
"QLF59C01","Persons aged 15 years and over in Employment","20233","2023Q3","-","All Countries","ZZ210011","Industry (B-E)","Thousand","324.7"
"QLF59C01","Persons aged 15 years and over in Employment","20233","2023Q3","-","All Countries","ZZ210010","Industry and Construction (B-F)","Thousand","490.2"
"QLF59C01","Persons aged 15 years and over in Employment","20233","2023Q3","-","All Countries","ZZ210023","Services (G-V)","Thousand","2081.7"
"QLF59C01","Persons aged 15 years and over in Employment","20233","2023Q3","-","All Countries","ZZ210221","Financial, Insurance and Real Estate Activities (L,M)","Thousand","138.5"
"QLF59C01","Persons aged 15 years and over in Employment","20233","2023Q3","-","All Countries","ZZ210224","Other NACE Activities (S to V)","Thousand","146.3"
"QLF59C01","Persons aged 15 years and over in Employment","20233","2023Q3","-","All Countries","ZZ219990","NACE Unknown","Thousand","9.7"
"QLF59C01","Persons aged 15 years and over in Employment","20233","2023Q3","E1420XIE","EU14 excl Irl (countries in the EU pre 2004 excluding UK & Ireland)","-","All NACE Economic Sectors (A-V)","Thousand","76.3"
"QLF59C01","Persons aged 15 years and over in Employment","20233","2023Q3","E1420XIE","EU14 excl Irl (countries in the EU pre 2004 excluding UK & Ireland)","A","Agriculture, Forestry and Fishing (A)","Thousand",""
"QLF59C01","Persons aged 15 years and over in Employment","20233","2023Q3","E1420XIE","EU14 excl Irl (countries in the EU pre 2004 excluding UK & Ireland)","F","Construction (F)","Thousand",""
"QLF59C01","Persons aged 15 years and over in Employment","20233","2023Q3","E1420XIE","EU14 excl Irl (countries in the EU pre 2004 excluding UK & Ireland)","G","Wholesale and Retail Trade (G)","Thousand",""
"QLF59C01","Persons aged 15 years and over in Employment","20233","2023Q3","E1420XIE","EU14 excl Irl (countries in the EU pre 2004 excluding UK & Ireland)","H","Transportation and Storage (H)","Thousand",""
"QLF59C01","Persons aged 15 years and over in Employment","20233","2023Q3","E1420XIE","EU14 excl Irl (countries in the EU pre 2004 excluding UK & Ireland)","I","Accommodation and Food Service Activities (I)","Thousand",""
"QLF59C01","Persons aged 15 years and over in Employment","20233","2023Q3","E1420XIE","EU14 excl Irl (countries in the EU pre 2004 excluding UK & Ireland)","ZZ210228","Information and Communication (J,K)","Thousand","13.6"
"QLF59C01","Persons aged 15 years and over in Employment","20233","2023Q3","E1420XIE","EU14 excl Irl (countries in the EU pre 2004 excluding UK & Ireland)","N","Professional, Scientific and Technical Activities (N)","Thousand",""
"QLF59C01","Persons aged 15 years and over in Employment","20233","2023Q3","E1420XIE","EU14 excl Irl (countries in the EU pre 2004 excluding UK & Ireland)","O","Administrative and Support Service Activities (O)","Thousand",""
"QLF59C01","Persons aged 15 years and over in Employment","20233","2023Q3","E1420XIE","EU14 excl Irl (countries in the EU pre 2004 excluding UK & Ireland)","P","Public Administration and Defence; Compulsory Social Security (P)","Thousand",""
"QLF59C01","Persons aged 15 years and over in Employment","20233","2023Q3","E1420XIE","EU14 excl Irl (countries in the EU pre 2004 excluding UK & Ireland)","Q","Education (Q)","Thousand",""
"QLF59C01","Persons aged 15 years and over in Employment","20233","2023Q3","E1420XIE","EU14 excl Irl (countries in the EU pre 2004 excluding UK & Ireland)","R","Human Health and Social Work Activities (R)","Thousand",""
"QLF59C01","Persons aged 15 years and over in Employment","20233","2023Q3","E1420XIE","EU14 excl Irl (countries in the EU pre 2004 excluding UK & Ireland)","ZZ210011","Industry (B-E)","Thousand","9.1"
"QLF59C01","Persons aged 15 years and over in Employment","20233","2023Q3","E1420XIE","EU14 excl Irl (countries in the EU pre 2004 excluding UK & Ireland)","ZZ210010","Industry and Construction (B-F)","Thousand","11.5"
"QLF59C01","Persons aged 15 years and over in Employment","20233","2023Q3","E1420XIE","EU14 excl Irl (countries in the EU pre 2004 excluding UK & Ireland)","ZZ210023","Services (G-V)","Thousand","63.8"
"QLF59C01","Persons aged 15 years and over in Employment","20233","2023Q3","E1420XIE","EU14 excl Irl (countries in the EU pre 2004 excluding UK & Ireland)","ZZ210221","Financial, Insurance and Real Estate Activities (L,M)","Thousand",""
"QLF59C01","Persons aged 15 years and over in Employment","20233","2023Q3","E1420XIE","EU14 excl Irl (countries in the EU pre 2004 excluding UK & Ireland)","ZZ210224","Other NACE Activities (S to V)","Thousand",""
"QLF59C01","Persons aged 15 years and over in Employment","20233","2023Q3","E1420XIE","EU14 excl Irl (countries in the EU pre 2004 excluding UK & Ireland)","ZZ219990","NACE Unknown","Thousand",""
"QLF59C01","Persons aged 15 years and over in Employment","20233","2023Q3","E15E2720","EU15 to EU27 (accession countries joined post 2004)","-","All NACE Economic Sectors (A-V)","Thousand","174.9"
"QLF59C01","Persons aged 15 years and over in Employment","20233","2023Q3","E15E2720","EU15 to EU27 (accession countries joined post 2004)","A","Agriculture, Forestry and Fishing (A)","Thousand",""
"QLF59C01","Persons aged 15 years and over in Employment","20233","2023Q3","E15E2720","EU15 to EU27 (accession countries joined post 2004)","F","Construction (F)","Thousand","20.1"
"QLF59C01","Persons aged 15 years and over in Employment","20233","2023Q3","E15E2720","EU15 to EU27 (accession countries joined post 2004)","G","Wholesale and Retail Trade (G)","Thousand","26.4"
"QLF59C01","Persons aged 15 years and over in Employment","20233","2023Q3","E15E2720","EU15 to EU27 (accession countries joined post 2004)","H","Transportation and Storage (H)","Thousand","9"
"QLF59C01","Persons aged 15 years and over in Employment","20233","2023Q3","E15E2720","EU15 to EU27 (accession countries joined post 2004)","I","Accommodation and Food Service Activities (I)","Thousand","19.1"
"QLF59C01","Persons aged 15 years and over in Employment","20233","2023Q3","E15E2720","EU15 to EU27 (accession countries joined post 2004)","ZZ210228","Information and Communication (J,K)","Thousand","9.1"
"QLF59C01","Persons aged 15 years and over in Employment","20233","2023Q3","E15E2720","EU15 to EU27 (accession countries joined post 2004)","N","Professional, Scientific and Technical Activities (N)","Thousand",""
"QLF59C01","Persons aged 15 years and over in Employment","20233","2023Q3","E15E2720","EU15 to EU27 (accession countries joined post 2004)","O","Administrative and Support Service Activities (O)","Thousand","9.8"
"QLF59C01","Persons aged 15 years and over in Employment","20233","2023Q3","E15E2720","EU15 to EU27 (accession countries joined post 2004)","P","Public Administration and Defence; Compulsory Social Security (P)","Thousand",""
"QLF59C01","Persons aged 15 years and over in Employment","20233","2023Q3","E15E2720","EU15 to EU27 (accession countries joined post 2004)","Q","Education (Q)","Thousand",""
"QLF59C01","Persons aged 15 years and over in Employment","20233","2023Q3","E15E2720","EU15 to EU27 (accession countries joined post 2004)","R","Human Health and Social Work Activities (R)","Thousand","13"
"QLF59C01","Persons aged 15 years and over in Employment","20233","2023Q3","E15E2720","EU15 to EU27 (accession countries joined post 2004)","ZZ210011","Industry (B-E)","Thousand","34"
"QLF59C01","Persons aged 15 years and over in Employment","20233","2023Q3","E15E2720","EU15 to EU27 (accession countries joined post 2004)","ZZ210010","Industry and Construction (B-F)","Thousand","54"
"QLF59C01","Persons aged 15 years and over in Employment","20233","2023Q3","E15E2720","EU15 to EU27 (accession countries joined post 2004)","ZZ210023","Services (G-V)","Thousand","118.1"
"QLF59C01","Persons aged 15 years and over in Employment","20233","2023Q3","E15E2720","EU15 to EU27 (accession countries joined post 2004)","ZZ210221","Financial, Insurance and Real Estate Activities (L,M)","Thousand",""
"QLF59C01","Persons aged 15 years and over in Employment","20233","2023Q3","E15E2720","EU15 to EU27 (accession countries joined post 2004)","ZZ210224","Other NACE Activities (S to V)","Thousand","12.6"
"QLF59C01","Persons aged 15 years and over in Employment","20233","2023Q3","E15E2720","EU15 to EU27 (accession countries joined post 2004)","ZZ219990","NACE Unknown","Thousand",""
"QLF59C01","Persons aged 15 years and over in Employment","20233","2023Q3","GB","United Kingdom","-","All NACE Economic Sectors (A-V)","Thousand","43.4"
"QLF59C01","Persons aged 15 years and over in Employment","20233","2023Q3","GB","United Kingdom","A","Agriculture, Forestry and Fishing (A)","Thousand",""
"QLF59C01","Persons aged 15 years and over in Employment","20233","2023Q3","GB","United Kingdom","F","Construction (F)","Thousand",""
"QLF59C01","Persons aged 15 years and over in Employment","20233","2023Q3","GB","United Kingdom","G","Wholesale and Retail Trade (G)","Thousand",""
"QLF59C01","Persons aged 15 years and over in Employment","20233","2023Q3","GB","United Kingdom","H","Transportation and Storage (H)","Thousand",""
"QLF59C01","Persons aged 15 years and over in Employment","20233","2023Q3","GB","United Kingdom","I","Accommodation and Food Service Activities (I)","Thousand",""
"QLF59C01","Persons aged 15 years and over in Employment","20233","2023Q3","GB","United Kingdom","ZZ210228","Information and Communication (J,K)","Thousand",""
"QLF59C01","Persons aged 15 years and over in Employment","20233","2023Q3","GB","United Kingdom","N","Professional, Scientific and Technical Activities (N)","Thousand",""
"QLF59C01","Persons aged 15 years and over in Employment","20233","2023Q3","GB","United Kingdom","O","Administrative and Support Service Activities (O)","Thousand",""
"QLF59C01","Persons aged 15 years and over in Employment","20233","2023Q3","GB","United Kingdom","P","Public Administration and Defence; Compulsory Social Security (P)","Thousand",""
"QLF59C01","Persons aged 15 years and over in Employment","20233","2023Q3","GB","United Kingdom","Q","Education (Q)","Thousand",""
"QLF59C01","Persons aged 15 years and over in Employment","20233","2023Q3","GB","United Kingdom","R","Human Health and Social Work Activities (R)","Thousand",""
"QLF59C01","Persons aged 15 years and over in Employment","20233","2023Q3","GB","United Kingdom","ZZ210011","Industry (B-E)","Thousand",""
"QLF59C01","Persons aged 15 years and over in Employment","20233","2023Q3","GB","United Kingdom","ZZ210010","Industry and Construction (B-F)","Thousand",""
"QLF59C01","Persons aged 15 years and over in Employment","20233","2023Q3","GB","United Kingdom","ZZ210023","Services (G-V)","Thousand","36.8"
"QLF59C01","Persons aged 15 years and over in Employment","20233","2023Q3","GB","United Kingdom","ZZ210221","Financial, Insurance and Real Estate Activities (L,M)","Thousand",""
"QLF59C01","Persons aged 15 years and over in Employment","20233","2023Q3","GB","United Kingdom","ZZ210224","Other NACE Activities (S to V)","Thousand",""
"QLF59C01","Persons aged 15 years and over in Employment","20233","2023Q3","GB","United Kingdom","ZZ219990","NACE Unknown","Thousand",""
"QLF59C01","Persons aged 15 years and over in Employment","20233","2023Q3","IE","Ireland","-","All NACE Economic Sectors (A-V)","Thousand","2180.7"
"QLF59C01","Persons aged 15 years and over in Employment","20233","2023Q3","IE","Ireland","A","Agriculture, Forestry and Fishing (A)","Thousand","111.7"
"QLF59C01","Persons aged 15 years and over in Employment","20233","2023Q3","IE","Ireland","F","Construction (F)","Thousand","132.1"
"QLF59C01","Persons aged 15 years and over in Employment","20233","2023Q3","IE","Ireland","G","Wholesale and Retail Trade (G)","Thousand","246"
"QLF59C01","Persons aged 15 years and over in Employment","20233","2023Q3","IE","Ireland","H","Transportation and Storage (H)","Thousand","96.9"
"QLF59C01","Persons aged 15 years and over in Employment","20233","2023Q3","IE","Ireland","I","Accommodation and Food Service Activities (I)","Thousand","133.2"
"QLF59C01","Persons aged 15 years and over in Employment","20233","2023Q3","IE","Ireland","ZZ210228","Information and Communication (J,K)","Thousand","119"
"QLF59C01","Persons aged 15 years and over in Employment","20233","2023Q3","IE","Ireland","N","Professional, Scientific and Technical Activities (N)","Thousand","144.2"
"QLF59C01","Persons aged 15 years and over in Employment","20233","2023Q3","IE","Ireland","O","Administrative and Support Service Activities (O)","Thousand","84.5"
"QLF59C01","Persons aged 15 years and over in Employment","20233","2023Q3","IE","Ireland","P","Public Administration and Defence; Compulsory Social Security (P)","Thousand","130.3"
"QLF59C01","Persons aged 15 years and over in Employment","20233","2023Q3","IE","Ireland","Q","Education (Q)","Thousand","197.8"
"QLF59C01","Persons aged 15 years and over in Employment","20233","2023Q3","IE","Ireland","R","Human Health and Social Work Activities (R)","Thousand","290"
"QLF59C01","Persons aged 15 years and over in Employment","20233","2023Q3","IE","Ireland","ZZ210011","Industry (B-E)","Thousand","253.5"
"QLF59C01","Persons aged 15 years and over in Employment","20233","2023Q3","IE","Ireland","ZZ210010","Industry and Construction (B-F)","Thousand","385.6"
"QLF59C01","Persons aged 15 years and over in Employment","20233","2023Q3","IE","Ireland","ZZ210023","Services (G-V)","Thousand","1676"
"QLF59C01","Persons aged 15 years and over in Employment","20233","2023Q3","IE","Ireland","ZZ210221","Financial, Insurance and Real Estate Activities (L,M)","Thousand","113.6"
"QLF59C01","Persons aged 15 years and over in Employment","20233","2023Q3","IE","Ireland","ZZ210224","Other NACE Activities (S to V)","Thousand","120.4"
"QLF59C01","Persons aged 15 years and over in Employment","20233","2023Q3","IE","Ireland","ZZ219990","NACE Unknown","Thousand","7.4"
"QLF59C01","Persons aged 15 years and over in Employment","20233","2023Q3","ZZZZ1","All countries excluding Ireland","-","All NACE Economic Sectors (A-V)","Thousand","515.6"
"QLF59C01","Persons aged 15 years and over in Employment","20233","2023Q3","ZZZZ1","All countries excluding Ireland","A","Agriculture, Forestry and Fishing (A)","Thousand",""
"QLF59C01","Persons aged 15 years and over in Employment","20233","2023Q3","ZZZZ1","All countries excluding Ireland","F","Construction (F)","Thousand","33.4"
"QLF59C01","Persons aged 15 years and over in Employment","20233","2023Q3","ZZZZ1","All countries excluding Ireland","G","Wholesale and Retail Trade (G)","Thousand","57.6"
"QLF59C01","Persons aged 15 years and over in Employment","20233","2023Q3","ZZZZ1","All countries excluding Ireland","H","Transportation and Storage (H)","Thousand","19.3"
"QLF59C01","Persons aged 15 years and over in Employment","20233","2023Q3","ZZZZ1","All countries excluding Ireland","I","Accommodation and Food Service Activities (I)","Thousand","50.2"
"QLF59C01","Persons aged 15 years and over in Employment","20233","2023Q3","ZZZZ1","All countries excluding Ireland","ZZ210228","Information and Communication (J,K)","Thousand","60.5"
"QLF59C01","Persons aged 15 years and over in Employment","20233","2023Q3","ZZZZ1","All countries excluding Ireland","N","Professional, Scientific and Technical Activities (N)","Thousand","35.8"
"QLF59C01","Persons aged 15 years and over in Employment","20233","2023Q3","ZZZZ1","All countries excluding Ireland","O","Administrative and Support Service Activities (O)","Thousand","26.8"
"QLF59C01","Persons aged 15 years and over in Employment","20233","2023Q3","ZZZZ1","All countries excluding Ireland","P","Public Administration and Defence; Compulsory Social Security (P)","Thousand","6.8"
"QLF59C01","Persons aged 15 years and over in Employment","20233","2023Q3","ZZZZ1","All countries excluding Ireland","Q","Education (Q)","Thousand","25"
"QLF59C01","Persons aged 15 years and over in Employment","20233","2023Q3","ZZZZ1","All countries excluding Ireland","R","Human Health and Social Work Activities (R)","Thousand","72.7"
"QLF59C01","Persons aged 15 years and over in Employment","20233","2023Q3","ZZZZ1","All countries excluding Ireland","ZZ210011","Industry (B-E)","Thousand","71.2"
"QLF59C01","Persons aged 15 years and over in Employment","20233","2023Q3","ZZZZ1","All countries excluding Ireland","ZZ210010","Industry and Construction (B-F)","Thousand","104.6"
"QLF59C01","Persons aged 15 years and over in Employment","20233","2023Q3","ZZZZ1","All countries excluding Ireland","ZZ210023","Services (G-V)","Thousand","405.7"
"QLF59C01","Persons aged 15 years and over in Employment","20233","2023Q3","ZZZZ1","All countries excluding Ireland","ZZ210221","Financial, Insurance and Real Estate Activities (L,M)","Thousand","24.9"
"QLF59C01","Persons aged 15 years and over in Employment","20233","2023Q3","ZZZZ1","All countries excluding Ireland","ZZ210224","Other NACE Activities (S to V)","Thousand","25.9"
"QLF59C01","Persons aged 15 years and over in Employment","20233","2023Q3","ZZZZ1","All countries excluding Ireland","ZZ219990","NACE Unknown","Thousand",""
"QLF59C01","Persons aged 15 years and over in Employment","20233","2023Q3","ZZZZ2","All countries excluding Ireland,United Kingdom and EU272020","-","All NACE Economic Sectors (A-V)","Thousand","220.9"
"QLF59C01","Persons aged 15 years and over in Employment","20233","2023Q3","ZZZZ2","All countries excluding Ireland,United Kingdom and EU272020","A","Agriculture, Forestry and Fishing (A)","Thousand",""
"QLF59C01","Persons aged 15 years and over in Employment","20233","2023Q3","ZZZZ2","All countries excluding Ireland,United Kingdom and EU272020","F","Construction (F)","Thousand",""
"QLF59C01","Persons aged 15 years and over in Employment","20233","2023Q3","ZZZZ2","All countries excluding Ireland,United Kingdom and EU272020","G","Wholesale and Retail Trade (G)","Thousand","16.5"
"QLF59C01","Persons aged 15 years and over in Employment","20233","2023Q3","ZZZZ2","All countries excluding Ireland,United Kingdom and EU272020","H","Transportation and Storage (H)","Thousand",""
"QLF59C01","Persons aged 15 years and over in Employment","20233","2023Q3","ZZZZ2","All countries excluding Ireland,United Kingdom and EU272020","I","Accommodation and Food Service Activities (I)","Thousand","21.7"
"QLF59C01","Persons aged 15 years and over in Employment","20233","2023Q3","ZZZZ2","All countries excluding Ireland,United Kingdom and EU272020","ZZ210228","Information and Communication (J,K)","Thousand","33.3"
"QLF59C01","Persons aged 15 years and over in Employment","20233","2023Q3","ZZZZ2","All countries excluding Ireland,United Kingdom and EU272020","N","Professional, Scientific and Technical Activities (N)","Thousand","19"
"QLF59C01","Persons aged 15 years and over in Employment","20233","2023Q3","ZZZZ2","All countries excluding Ireland,United Kingdom and EU272020","O","Administrative and Support Service Activities (O)","Thousand",""
"QLF59C01","Persons aged 15 years and over in Employment","20233","2023Q3","ZZZZ2","All countries excluding Ireland,United Kingdom and EU272020","P","Public Administration and Defence; Compulsory Social Security (P)","Thousand",""
"QLF59C01","Persons aged 15 years and over in Employment","20233","2023Q3","ZZZZ2","All countries excluding Ireland,United Kingdom and EU272020","Q","Education (Q)","Thousand",""
"QLF59C01","Persons aged 15 years and over in Employment","20233","2023Q3","ZZZZ2","All countries excluding Ireland,United Kingdom and EU272020","R","Human Health and Social Work Activities (R)","Thousand","49.3"
"QLF59C01","Persons aged 15 years and over in Employment","20233","2023Q3","ZZZZ2","All countries excluding Ireland,United Kingdom and EU272020","ZZ210011","Industry (B-E)","Thousand","24.1"
"QLF59C01","Persons aged 15 years and over in Employment","20233","2023Q3","ZZZZ2","All countries excluding Ireland,United Kingdom and EU272020","ZZ210010","Industry and Construction (B-F)","Thousand","33"
"QLF59C01","Persons aged 15 years and over in Employment","20233","2023Q3","ZZZZ2","All countries excluding Ireland,United Kingdom and EU272020","ZZ210023","Services (G-V)","Thousand","187"
"QLF59C01","Persons aged 15 years and over in Employment","20233","2023Q3","ZZZZ2","All countries excluding Ireland,United Kingdom and EU272020","ZZ210221","Financial, Insurance and Real Estate Activities (L,M)","Thousand","12.3"
"QLF59C01","Persons aged 15 years and over in Employment","20233","2023Q3","ZZZZ2","All countries excluding Ireland,United Kingdom and EU272020","ZZ210224","Other NACE Activities (S to V)","Thousand",""
"QLF59C01","Persons aged 15 years and over in Employment","20233","2023Q3","ZZZZ2","All countries excluding Ireland,United Kingdom and EU272020","ZZ219990","NACE Unknown","Thousand",""
"QLF59C01","Persons aged 15 years and over in Employment","20234","2023Q4","-","All Countries","-","All NACE Economic Sectors (A-V)","Thousand","2706.4"
"QLF59C01","Persons aged 15 years and over in Employment","20234","2023Q4","-","All Countries","A","Agriculture, Forestry and Fishing (A)","Thousand","112.9"
"QLF59C01","Persons aged 15 years and over in Employment","20234","2023Q4","-","All Countries","F","Construction (F)","Thousand","158.6"
"QLF59C01","Persons aged 15 years and over in Employment","20234","2023Q4","-","All Countries","G","Wholesale and Retail Trade (G)","Thousand","323.1"
"QLF59C01","Persons aged 15 years and over in Employment","20234","2023Q4","-","All Countries","H","Transportation and Storage (H)","Thousand","109.6"
"QLF59C01","Persons aged 15 years and over in Employment","20234","2023Q4","-","All Countries","I","Accommodation and Food Service Activities (I)","Thousand","183.1"
"QLF59C01","Persons aged 15 years and over in Employment","20234","2023Q4","-","All Countries","ZZ210228","Information and Communication (J,K)","Thousand","168.7"
"QLF59C01","Persons aged 15 years and over in Employment","20234","2023Q4","-","All Countries","N","Professional, Scientific and Technical Activities (N)","Thousand","185.8"
"QLF59C01","Persons aged 15 years and over in Employment","20234","2023Q4","-","All Countries","O","Administrative and Support Service Activities (O)","Thousand","106.9"
"QLF59C01","Persons aged 15 years and over in Employment","20234","2023Q4","-","All Countries","P","Public Administration and Defence; Compulsory Social Security (P)","Thousand","142.7"
"QLF59C01","Persons aged 15 years and over in Employment","20234","2023Q4","-","All Countries","Q","Education (Q)","Thousand","234.9"
"QLF59C01","Persons aged 15 years and over in Employment","20234","2023Q4","-","All Countries","R","Human Health and Social Work Activities (R)","Thousand","365.1"
"QLF59C01","Persons aged 15 years and over in Employment","20234","2023Q4","-","All Countries","ZZ210011","Industry (B-E)","Thousand","320.4"
"QLF59C01","Persons aged 15 years and over in Employment","20234","2023Q4","-","All Countries","ZZ210010","Industry and Construction (B-F)","Thousand","479.1"
"QLF59C01","Persons aged 15 years and over in Employment","20234","2023Q4","-","All Countries","ZZ210023","Services (G-V)","Thousand","2106.8"
"QLF59C01","Persons aged 15 years and over in Employment","20234","2023Q4","-","All Countries","ZZ210221","Financial, Insurance and Real Estate Activities (L,M)","Thousand","138.2"
"QLF59C01","Persons aged 15 years and over in Employment","20234","2023Q4","-","All Countries","ZZ210224","Other NACE Activities (S to V)","Thousand","148.8"
"QLF59C01","Persons aged 15 years and over in Employment","20234","2023Q4","-","All Countries","ZZ219990","NACE Unknown","Thousand","7.7"
"QLF59C01","Persons aged 15 years and over in Employment","20234","2023Q4","E1420XIE","EU14 excl Irl (countries in the EU pre 2004 excluding UK & Ireland)","-","All NACE Economic Sectors (A-V)","Thousand","79.9"
"QLF59C01","Persons aged 15 years and over in Employment","20234","2023Q4","E1420XIE","EU14 excl Irl (countries in the EU pre 2004 excluding UK & Ireland)","A","Agriculture, Forestry and Fishing (A)","Thousand",""
"QLF59C01","Persons aged 15 years and over in Employment","20234","2023Q4","E1420XIE","EU14 excl Irl (countries in the EU pre 2004 excluding UK & Ireland)","F","Construction (F)","Thousand",""
"QLF59C01","Persons aged 15 years and over in Employment","20234","2023Q4","E1420XIE","EU14 excl Irl (countries in the EU pre 2004 excluding UK & Ireland)","G","Wholesale and Retail Trade (G)","Thousand",""
"QLF59C01","Persons aged 15 years and over in Employment","20234","2023Q4","E1420XIE","EU14 excl Irl (countries in the EU pre 2004 excluding UK & Ireland)","H","Transportation and Storage (H)","Thousand",""
"QLF59C01","Persons aged 15 years and over in Employment","20234","2023Q4","E1420XIE","EU14 excl Irl (countries in the EU pre 2004 excluding UK & Ireland)","I","Accommodation and Food Service Activities (I)","Thousand",""
"QLF59C01","Persons aged 15 years and over in Employment","20234","2023Q4","E1420XIE","EU14 excl Irl (countries in the EU pre 2004 excluding UK & Ireland)","ZZ210228","Information and Communication (J,K)","Thousand","15.4"
"QLF59C01","Persons aged 15 years and over in Employment","20234","2023Q4","E1420XIE","EU14 excl Irl (countries in the EU pre 2004 excluding UK & Ireland)","N","Professional, Scientific and Technical Activities (N)","Thousand",""
"QLF59C01","Persons aged 15 years and over in Employment","20234","2023Q4","E1420XIE","EU14 excl Irl (countries in the EU pre 2004 excluding UK & Ireland)","O","Administrative and Support Service Activities (O)","Thousand",""
"QLF59C01","Persons aged 15 years and over in Employment","20234","2023Q4","E1420XIE","EU14 excl Irl (countries in the EU pre 2004 excluding UK & Ireland)","P","Public Administration and Defence; Compulsory Social Security (P)","Thousand",""
"QLF59C01","Persons aged 15 years and over in Employment","20234","2023Q4","E1420XIE","EU14 excl Irl (countries in the EU pre 2004 excluding UK & Ireland)","Q","Education (Q)","Thousand",""
"QLF59C01","Persons aged 15 years and over in Employment","20234","2023Q4","E1420XIE","EU14 excl Irl (countries in the EU pre 2004 excluding UK & Ireland)","R","Human Health and Social Work Activities (R)","Thousand",""
"QLF59C01","Persons aged 15 years and over in Employment","20234","2023Q4","E1420XIE","EU14 excl Irl (countries in the EU pre 2004 excluding UK & Ireland)","ZZ210011","Industry (B-E)","Thousand","9.4"
"QLF59C01","Persons aged 15 years and over in Employment","20234","2023Q4","E1420XIE","EU14 excl Irl (countries in the EU pre 2004 excluding UK & Ireland)","ZZ210010","Industry and Construction (B-F)","Thousand","12.3"
"QLF59C01","Persons aged 15 years and over in Employment","20234","2023Q4","E1420XIE","EU14 excl Irl (countries in the EU pre 2004 excluding UK & Ireland)","ZZ210023","Services (G-V)","Thousand","67.1"
"QLF59C01","Persons aged 15 years and over in Employment","20234","2023Q4","E1420XIE","EU14 excl Irl (countries in the EU pre 2004 excluding UK & Ireland)","ZZ210221","Financial, Insurance and Real Estate Activities (L,M)","Thousand",""
"QLF59C01","Persons aged 15 years and over in Employment","20234","2023Q4","E1420XIE","EU14 excl Irl (countries in the EU pre 2004 excluding UK & Ireland)","ZZ210224","Other NACE Activities (S to V)","Thousand",""
"QLF59C01","Persons aged 15 years and over in Employment","20234","2023Q4","E1420XIE","EU14 excl Irl (countries in the EU pre 2004 excluding UK & Ireland)","ZZ219990","NACE Unknown","Thousand",""
"QLF59C01","Persons aged 15 years and over in Employment","20234","2023Q4","E15E2720","EU15 to EU27 (accession countries joined post 2004)","-","All NACE Economic Sectors (A-V)","Thousand","168.4"
"QLF59C01","Persons aged 15 years and over in Employment","20234","2023Q4","E15E2720","EU15 to EU27 (accession countries joined post 2004)","A","Agriculture, Forestry and Fishing (A)","Thousand",""
"QLF59C01","Persons aged 15 years and over in Employment","20234","2023Q4","E15E2720","EU15 to EU27 (accession countries joined post 2004)","F","Construction (F)","Thousand","14.5"
"QLF59C01","Persons aged 15 years and over in Employment","20234","2023Q4","E15E2720","EU15 to EU27 (accession countries joined post 2004)","G","Wholesale and Retail Trade (G)","Thousand","24.9"
"QLF59C01","Persons aged 15 years and over in Employment","20234","2023Q4","E15E2720","EU15 to EU27 (accession countries joined post 2004)","H","Transportation and Storage (H)","Thousand",""
"QLF59C01","Persons aged 15 years and over in Employment","20234","2023Q4","E15E2720","EU15 to EU27 (accession countries joined post 2004)","I","Accommodation and Food Service Activities (I)","Thousand","21.3"
"QLF59C01","Persons aged 15 years and over in Employment","20234","2023Q4","E15E2720","EU15 to EU27 (accession countries joined post 2004)","ZZ210228","Information and Communication (J,K)","Thousand",""
"QLF59C01","Persons aged 15 years and over in Employment","20234","2023Q4","E15E2720","EU15 to EU27 (accession countries joined post 2004)","N","Professional, Scientific and Technical Activities (N)","Thousand",""
"QLF59C01","Persons aged 15 years and over in Employment","20234","2023Q4","E15E2720","EU15 to EU27 (accession countries joined post 2004)","O","Administrative and Support Service Activities (O)","Thousand","10.2"
"QLF59C01","Persons aged 15 years and over in Employment","20234","2023Q4","E15E2720","EU15 to EU27 (accession countries joined post 2004)","P","Public Administration and Defence; Compulsory Social Security (P)","Thousand",""
"QLF59C01","Persons aged 15 years and over in Employment","20234","2023Q4","E15E2720","EU15 to EU27 (accession countries joined post 2004)","Q","Education (Q)","Thousand",""
"QLF59C01","Persons aged 15 years and over in Employment","20234","2023Q4","E15E2720","EU15 to EU27 (accession countries joined post 2004)","R","Human Health and Social Work Activities (R)","Thousand","10.7"
"QLF59C01","Persons aged 15 years and over in Employment","20234","2023Q4","E15E2720","EU15 to EU27 (accession countries joined post 2004)","ZZ210011","Industry (B-E)","Thousand","38.5"
"QLF59C01","Persons aged 15 years and over in Employment","20234","2023Q4","E15E2720","EU15 to EU27 (accession countries joined post 2004)","ZZ210010","Industry and Construction (B-F)","Thousand","53"
"QLF59C01","Persons aged 15 years and over in Employment","20234","2023Q4","E15E2720","EU15 to EU27 (accession countries joined post 2004)","ZZ210023","Services (G-V)","Thousand","112.2"
"QLF59C01","Persons aged 15 years and over in Employment","20234","2023Q4","E15E2720","EU15 to EU27 (accession countries joined post 2004)","ZZ210221","Financial, Insurance and Real Estate Activities (L,M)","Thousand",""
"QLF59C01","Persons aged 15 years and over in Employment","20234","2023Q4","E15E2720","EU15 to EU27 (accession countries joined post 2004)","ZZ210224","Other NACE Activities (S to V)","Thousand","12.1"
"QLF59C01","Persons aged 15 years and over in Employment","20234","2023Q4","E15E2720","EU15 to EU27 (accession countries joined post 2004)","ZZ219990","NACE Unknown","Thousand",""
"QLF59C01","Persons aged 15 years and over in Employment","20234","2023Q4","GB","United Kingdom","-","All NACE Economic Sectors (A-V)","Thousand","45.1"
"QLF59C01","Persons aged 15 years and over in Employment","20234","2023Q4","GB","United Kingdom","A","Agriculture, Forestry and Fishing (A)","Thousand",""
"QLF59C01","Persons aged 15 years and over in Employment","20234","2023Q4","GB","United Kingdom","F","Construction (F)","Thousand",""
"QLF59C01","Persons aged 15 years and over in Employment","20234","2023Q4","GB","United Kingdom","G","Wholesale and Retail Trade (G)","Thousand","7.3"
"QLF59C01","Persons aged 15 years and over in Employment","20234","2023Q4","GB","United Kingdom","H","Transportation and Storage (H)","Thousand",""
"QLF59C01","Persons aged 15 years and over in Employment","20234","2023Q4","GB","United Kingdom","I","Accommodation and Food Service Activities (I)","Thousand",""
"QLF59C01","Persons aged 15 years and over in Employment","20234","2023Q4","GB","United Kingdom","ZZ210228","Information and Communication (J,K)","Thousand",""
"QLF59C01","Persons aged 15 years and over in Employment","20234","2023Q4","GB","United Kingdom","N","Professional, Scientific and Technical Activities (N)","Thousand",""
"QLF59C01","Persons aged 15 years and over in Employment","20234","2023Q4","GB","United Kingdom","O","Administrative and Support Service Activities (O)","Thousand",""
"QLF59C01","Persons aged 15 years and over in Employment","20234","2023Q4","GB","United Kingdom","P","Public Administration and Defence; Compulsory Social Security (P)","Thousand",""
"QLF59C01","Persons aged 15 years and over in Employment","20234","2023Q4","GB","United Kingdom","Q","Education (Q)","Thousand",""
"QLF59C01","Persons aged 15 years and over in Employment","20234","2023Q4","GB","United Kingdom","R","Human Health and Social Work Activities (R)","Thousand",""
"QLF59C01","Persons aged 15 years and over in Employment","20234","2023Q4","GB","United Kingdom","ZZ210011","Industry (B-E)","Thousand",""
"QLF59C01","Persons aged 15 years and over in Employment","20234","2023Q4","GB","United Kingdom","ZZ210010","Industry and Construction (B-F)","Thousand",""
"QLF59C01","Persons aged 15 years and over in Employment","20234","2023Q4","GB","United Kingdom","ZZ210023","Services (G-V)","Thousand","39.7"
"QLF59C01","Persons aged 15 years and over in Employment","20234","2023Q4","GB","United Kingdom","ZZ210221","Financial, Insurance and Real Estate Activities (L,M)","Thousand",""
"QLF59C01","Persons aged 15 years and over in Employment","20234","2023Q4","GB","United Kingdom","ZZ210224","Other NACE Activities (S to V)","Thousand",""
"QLF59C01","Persons aged 15 years and over in Employment","20234","2023Q4","GB","United Kingdom","ZZ219990","NACE Unknown","Thousand",""
"QLF59C01","Persons aged 15 years and over in Employment","20234","2023Q4","IE","Ireland","-","All NACE Economic Sectors (A-V)","Thousand","2179.4"
"QLF59C01","Persons aged 15 years and over in Employment","20234","2023Q4","IE","Ireland","A","Agriculture, Forestry and Fishing (A)","Thousand","108.9"
"QLF59C01","Persons aged 15 years and over in Employment","20234","2023Q4","IE","Ireland","F","Construction (F)","Thousand","131.3"
"QLF59C01","Persons aged 15 years and over in Employment","20234","2023Q4","IE","Ireland","G","Wholesale and Retail Trade (G)","Thousand","265.2"
"QLF59C01","Persons aged 15 years and over in Employment","20234","2023Q4","IE","Ireland","H","Transportation and Storage (H)","Thousand","92.9"
"QLF59C01","Persons aged 15 years and over in Employment","20234","2023Q4","IE","Ireland","I","Accommodation and Food Service Activities (I)","Thousand","127.7"
"QLF59C01","Persons aged 15 years and over in Employment","20234","2023Q4","IE","Ireland","ZZ210228","Information and Communication (J,K)","Thousand","104.4"
"QLF59C01","Persons aged 15 years and over in Employment","20234","2023Q4","IE","Ireland","N","Professional, Scientific and Technical Activities (N)","Thousand","148"
"QLF59C01","Persons aged 15 years and over in Employment","20234","2023Q4","IE","Ireland","O","Administrative and Support Service Activities (O)","Thousand","78"
"QLF59C01","Persons aged 15 years and over in Employment","20234","2023Q4","IE","Ireland","P","Public Administration and Defence; Compulsory Social Security (P)","Thousand","136.5"
"QLF59C01","Persons aged 15 years and over in Employment","20234","2023Q4","IE","Ireland","Q","Education (Q)","Thousand","208.8"
"QLF59C01","Persons aged 15 years and over in Employment","20234","2023Q4","IE","Ireland","R","Human Health and Social Work Activities (R)","Thousand","291.3"
"QLF59C01","Persons aged 15 years and over in Employment","20234","2023Q4","IE","Ireland","ZZ210011","Industry (B-E)","Thousand","244.9"
"QLF59C01","Persons aged 15 years and over in Employment","20234","2023Q4","IE","Ireland","ZZ210010","Industry and Construction (B-F)","Thousand","376.3"
"QLF59C01","Persons aged 15 years and over in Employment","20234","2023Q4","IE","Ireland","ZZ210023","Services (G-V)","Thousand","1688.7"
"QLF59C01","Persons aged 15 years and over in Employment","20234","2023Q4","IE","Ireland","ZZ210221","Financial, Insurance and Real Estate Activities (L,M)","Thousand","115.5"
"QLF59C01","Persons aged 15 years and over in Employment","20234","2023Q4","IE","Ireland","ZZ210224","Other NACE Activities (S to V)","Thousand","120.4"
"QLF59C01","Persons aged 15 years and over in Employment","20234","2023Q4","IE","Ireland","ZZ219990","NACE Unknown","Thousand","5.5"
"QLF59C01","Persons aged 15 years and over in Employment","20234","2023Q4","ZZZZ1","All countries excluding Ireland","-","All NACE Economic Sectors (A-V)","Thousand","527"
"QLF59C01","Persons aged 15 years and over in Employment","20234","2023Q4","ZZZZ1","All countries excluding Ireland","A","Agriculture, Forestry and Fishing (A)","Thousand",""
"QLF59C01","Persons aged 15 years and over in Employment","20234","2023Q4","ZZZZ1","All countries excluding Ireland","F","Construction (F)","Thousand","27.3"
"QLF59C01","Persons aged 15 years and over in Employment","20234","2023Q4","ZZZZ1","All countries excluding Ireland","G","Wholesale and Retail Trade (G)","Thousand","57.9"
"QLF59C01","Persons aged 15 years and over in Employment","20234","2023Q4","ZZZZ1","All countries excluding Ireland","H","Transportation and Storage (H)","Thousand","16.7"
"QLF59C01","Persons aged 15 years and over in Employment","20234","2023Q4","ZZZZ1","All countries excluding Ireland","I","Accommodation and Food Service Activities (I)","Thousand","55.4"
"QLF59C01","Persons aged 15 years and over in Employment","20234","2023Q4","ZZZZ1","All countries excluding Ireland","ZZ210228","Information and Communication (J,K)","Thousand","64.3"
"QLF59C01","Persons aged 15 years and over in Employment","20234","2023Q4","ZZZZ1","All countries excluding Ireland","N","Professional, Scientific and Technical Activities (N)","Thousand","37.8"
"QLF59C01","Persons aged 15 years and over in Employment","20234","2023Q4","ZZZZ1","All countries excluding Ireland","O","Administrative and Support Service Activities (O)","Thousand","28.8"
"QLF59C01","Persons aged 15 years and over in Employment","20234","2023Q4","ZZZZ1","All countries excluding Ireland","P","Public Administration and Defence; Compulsory Social Security (P)","Thousand",""
"QLF59C01","Persons aged 15 years and over in Employment","20234","2023Q4","ZZZZ1","All countries excluding Ireland","Q","Education (Q)","Thousand","26.1"
"QLF59C01","Persons aged 15 years and over in Employment","20234","2023Q4","ZZZZ1","All countries excluding Ireland","R","Human Health and Social Work Activities (R)","Thousand","73.8"
"QLF59C01","Persons aged 15 years and over in Employment","20234","2023Q4","ZZZZ1","All countries excluding Ireland","ZZ210011","Industry (B-E)","Thousand","75.5"
"QLF59C01","Persons aged 15 years and over in Employment","20234","2023Q4","ZZZZ1","All countries excluding Ireland","ZZ210010","Industry and Construction (B-F)","Thousand","102.8"
"QLF59C01","Persons aged 15 years and over in Employment","20234","2023Q4","ZZZZ1","All countries excluding Ireland","ZZ210023","Services (G-V)","Thousand","418"
"QLF59C01","Persons aged 15 years and over in Employment","20234","2023Q4","ZZZZ1","All countries excluding Ireland","ZZ210221","Financial, Insurance and Real Estate Activities (L,M)","Thousand","22.7"
"QLF59C01","Persons aged 15 years and over in Employment","20234","2023Q4","ZZZZ1","All countries excluding Ireland","ZZ210224","Other NACE Activities (S to V)","Thousand","28.4"
"QLF59C01","Persons aged 15 years and over in Employment","20234","2023Q4","ZZZZ1","All countries excluding Ireland","ZZ219990","NACE Unknown","Thousand",""
"QLF59C01","Persons aged 15 years and over in Employment","20234","2023Q4","ZZZZ2","All countries excluding Ireland,United Kingdom and EU272020","-","All NACE Economic Sectors (A-V)","Thousand","233.5"
"QLF59C01","Persons aged 15 years and over in Employment","20234","2023Q4","ZZZZ2","All countries excluding Ireland,United Kingdom and EU272020","A","Agriculture, Forestry and Fishing (A)","Thousand",""
"QLF59C01","Persons aged 15 years and over in Employment","20234","2023Q4","ZZZZ2","All countries excluding Ireland,United Kingdom and EU272020","F","Construction (F)","Thousand",""
"QLF59C01","Persons aged 15 years and over in Employment","20234","2023Q4","ZZZZ2","All countries excluding Ireland,United Kingdom and EU272020","G","Wholesale and Retail Trade (G)","Thousand","17.3"
"QLF59C01","Persons aged 15 years and over in Employment","20234","2023Q4","ZZZZ2","All countries excluding Ireland,United Kingdom and EU272020","H","Transportation and Storage (H)","Thousand",""
"QLF59C01","Persons aged 15 years and over in Employment","20234","2023Q4","ZZZZ2","All countries excluding Ireland,United Kingdom and EU272020","I","Accommodation and Food Service Activities (I)","Thousand","24"
"QLF59C01","Persons aged 15 years and over in Employment","20234","2023Q4","ZZZZ2","All countries excluding Ireland,United Kingdom and EU272020","ZZ210228","Information and Communication (J,K)","Thousand","36.2"
"QLF59C01","Persons aged 15 years and over in Employment","20234","2023Q4","ZZZZ2","All countries excluding Ireland,United Kingdom and EU272020","N","Professional, Scientific and Technical Activities (N)","Thousand","20.3"
"QLF59C01","Persons aged 15 years and over in Employment","20234","2023Q4","ZZZZ2","All countries excluding Ireland,United Kingdom and EU272020","O","Administrative and Support Service Activities (O)","Thousand","12.9"
"QLF59C01","Persons aged 15 years and over in Employment","20234","2023Q4","ZZZZ2","All countries excluding Ireland,United Kingdom and EU272020","P","Public Administration and Defence; Compulsory Social Security (P)","Thousand",""
"QLF59C01","Persons aged 15 years and over in Employment","20234","2023Q4","ZZZZ2","All countries excluding Ireland,United Kingdom and EU272020","Q","Education (Q)","Thousand",""
"QLF59C01","Persons aged 15 years and over in Employment","20234","2023Q4","ZZZZ2","All countries excluding Ireland,United Kingdom and EU272020","R","Human Health and Social Work Activities (R)","Thousand","51.7"
"QLF59C01","Persons aged 15 years and over in Employment","20234","2023Q4","ZZZZ2","All countries excluding Ireland,United Kingdom and EU272020","ZZ210011","Industry (B-E)","Thousand","24.5"
"QLF59C01","Persons aged 15 years and over in Employment","20234","2023Q4","ZZZZ2","All countries excluding Ireland,United Kingdom and EU272020","ZZ210010","Industry and Construction (B-F)","Thousand","32.6"
"QLF59C01","Persons aged 15 years and over in Employment","20234","2023Q4","ZZZZ2","All countries excluding Ireland,United Kingdom and EU272020","ZZ210023","Services (G-V)","Thousand","199.1"
"QLF59C01","Persons aged 15 years and over in Employment","20234","2023Q4","ZZZZ2","All countries excluding Ireland,United Kingdom and EU272020","ZZ210221","Financial, Insurance and Real Estate Activities (L,M)","Thousand","11.3"
"QLF59C01","Persons aged 15 years and over in Employment","20234","2023Q4","ZZZZ2","All countries excluding Ireland,United Kingdom and EU272020","ZZ210224","Other NACE Activities (S to V)","Thousand","9.7"
"QLF59C01","Persons aged 15 years and over in Employment","20234","2023Q4","ZZZZ2","All countries excluding Ireland,United Kingdom and EU272020","ZZ219990","NACE Unknown","Thousand",""
"QLF59C01","Persons aged 15 years and over in Employment","20241","2024Q1","-","All Countries","-","All NACE Economic Sectors (A-V)","Thousand","2704.2"
"QLF59C01","Persons aged 15 years and over in Employment","20241","2024Q1","-","All Countries","A","Agriculture, Forestry and Fishing (A)","Thousand","108.5"
"QLF59C01","Persons aged 15 years and over in Employment","20241","2024Q1","-","All Countries","F","Construction (F)","Thousand","167.7"
"QLF59C01","Persons aged 15 years and over in Employment","20241","2024Q1","-","All Countries","G","Wholesale and Retail Trade (G)","Thousand","308.3"
"QLF59C01","Persons aged 15 years and over in Employment","20241","2024Q1","-","All Countries","H","Transportation and Storage (H)","Thousand","111.1"
"QLF59C01","Persons aged 15 years and over in Employment","20241","2024Q1","-","All Countries","I","Accommodation and Food Service Activities (I)","Thousand","174.5"
"QLF59C01","Persons aged 15 years and over in Employment","20241","2024Q1","-","All Countries","ZZ210228","Information and Communication (J,K)","Thousand","175.2"
"QLF59C01","Persons aged 15 years and over in Employment","20241","2024Q1","-","All Countries","N","Professional, Scientific and Technical Activities (N)","Thousand","195.8"
"QLF59C01","Persons aged 15 years and over in Employment","20241","2024Q1","-","All Countries","O","Administrative and Support Service Activities (O)","Thousand","111.7"
"QLF59C01","Persons aged 15 years and over in Employment","20241","2024Q1","-","All Countries","P","Public Administration and Defence; Compulsory Social Security (P)","Thousand","144.4"
"QLF59C01","Persons aged 15 years and over in Employment","20241","2024Q1","-","All Countries","Q","Education (Q)","Thousand","231.2"
"QLF59C01","Persons aged 15 years and over in Employment","20241","2024Q1","-","All Countries","R","Human Health and Social Work Activities (R)","Thousand","355.1"
"QLF59C01","Persons aged 15 years and over in Employment","20241","2024Q1","-","All Countries","ZZ210011","Industry (B-E)","Thousand","322.7"
"QLF59C01","Persons aged 15 years and over in Employment","20241","2024Q1","-","All Countries","ZZ210010","Industry and Construction (B-F)","Thousand","490.4"
"QLF59C01","Persons aged 15 years and over in Employment","20241","2024Q1","-","All Countries","ZZ210023","Services (G-V)","Thousand","2094.5"
"QLF59C01","Persons aged 15 years and over in Employment","20241","2024Q1","-","All Countries","ZZ210221","Financial, Insurance and Real Estate Activities (L,M)","Thousand","140"
"QLF59C01","Persons aged 15 years and over in Employment","20241","2024Q1","-","All Countries","ZZ210224","Other NACE Activities (S to V)","Thousand","147.2"
"QLF59C01","Persons aged 15 years and over in Employment","20241","2024Q1","-","All Countries","ZZ219990","NACE Unknown","Thousand","10.8"
"QLF59C01","Persons aged 15 years and over in Employment","20241","2024Q1","E1420XIE","EU14 excl Irl (countries in the EU pre 2004 excluding UK & Ireland)","-","All NACE Economic Sectors (A-V)","Thousand","83.4"
"QLF59C01","Persons aged 15 years and over in Employment","20241","2024Q1","E1420XIE","EU14 excl Irl (countries in the EU pre 2004 excluding UK & Ireland)","A","Agriculture, Forestry and Fishing (A)","Thousand",""
"QLF59C01","Persons aged 15 years and over in Employment","20241","2024Q1","E1420XIE","EU14 excl Irl (countries in the EU pre 2004 excluding UK & Ireland)","F","Construction (F)","Thousand",""
"QLF59C01","Persons aged 15 years and over in Employment","20241","2024Q1","E1420XIE","EU14 excl Irl (countries in the EU pre 2004 excluding UK & Ireland)","G","Wholesale and Retail Trade (G)","Thousand",""
"QLF59C01","Persons aged 15 years and over in Employment","20241","2024Q1","E1420XIE","EU14 excl Irl (countries in the EU pre 2004 excluding UK & Ireland)","H","Transportation and Storage (H)","Thousand",""
"QLF59C01","Persons aged 15 years and over in Employment","20241","2024Q1","E1420XIE","EU14 excl Irl (countries in the EU pre 2004 excluding UK & Ireland)","I","Accommodation and Food Service Activities (I)","Thousand",""
"QLF59C01","Persons aged 15 years and over in Employment","20241","2024Q1","E1420XIE","EU14 excl Irl (countries in the EU pre 2004 excluding UK & Ireland)","ZZ210228","Information and Communication (J,K)","Thousand","15.1"
"QLF59C01","Persons aged 15 years and over in Employment","20241","2024Q1","E1420XIE","EU14 excl Irl (countries in the EU pre 2004 excluding UK & Ireland)","N","Professional, Scientific and Technical Activities (N)","Thousand",""
"QLF59C01","Persons aged 15 years and over in Employment","20241","2024Q1","E1420XIE","EU14 excl Irl (countries in the EU pre 2004 excluding UK & Ireland)","O","Administrative and Support Service Activities (O)","Thousand",""
"QLF59C01","Persons aged 15 years and over in Employment","20241","2024Q1","E1420XIE","EU14 excl Irl (countries in the EU pre 2004 excluding UK & Ireland)","P","Public Administration and Defence; Compulsory Social Security (P)","Thousand",""
"QLF59C01","Persons aged 15 years and over in Employment","20241","2024Q1","E1420XIE","EU14 excl Irl (countries in the EU pre 2004 excluding UK & Ireland)","Q","Education (Q)","Thousand",""
"QLF59C01","Persons aged 15 years and over in Employment","20241","2024Q1","E1420XIE","EU14 excl Irl (countries in the EU pre 2004 excluding UK & Ireland)","R","Human Health and Social Work Activities (R)","Thousand",""
"QLF59C01","Persons aged 15 years and over in Employment","20241","2024Q1","E1420XIE","EU14 excl Irl (countries in the EU pre 2004 excluding UK & Ireland)","ZZ210011","Industry (B-E)","Thousand","13.4"
"QLF59C01","Persons aged 15 years and over in Employment","20241","2024Q1","E1420XIE","EU14 excl Irl (countries in the EU pre 2004 excluding UK & Ireland)","ZZ210010","Industry and Construction (B-F)","Thousand","13.9"
"QLF59C01","Persons aged 15 years and over in Employment","20241","2024Q1","E1420XIE","EU14 excl Irl (countries in the EU pre 2004 excluding UK & Ireland)","ZZ210023","Services (G-V)","Thousand","69.4"
"QLF59C01","Persons aged 15 years and over in Employment","20241","2024Q1","E1420XIE","EU14 excl Irl (countries in the EU pre 2004 excluding UK & Ireland)","ZZ210221","Financial, Insurance and Real Estate Activities (L,M)","Thousand",""
"QLF59C01","Persons aged 15 years and over in Employment","20241","2024Q1","E1420XIE","EU14 excl Irl (countries in the EU pre 2004 excluding UK & Ireland)","ZZ210224","Other NACE Activities (S to V)","Thousand",""
"QLF59C01","Persons aged 15 years and over in Employment","20241","2024Q1","E1420XIE","EU14 excl Irl (countries in the EU pre 2004 excluding UK & Ireland)","ZZ219990","NACE Unknown","Thousand",""
"QLF59C01","Persons aged 15 years and over in Employment","20241","2024Q1","E15E2720","EU15 to EU27 (accession countries joined post 2004)","-","All NACE Economic Sectors (A-V)","Thousand","176.5"
"QLF59C01","Persons aged 15 years and over in Employment","20241","2024Q1","E15E2720","EU15 to EU27 (accession countries joined post 2004)","A","Agriculture, Forestry and Fishing (A)","Thousand",""
"QLF59C01","Persons aged 15 years and over in Employment","20241","2024Q1","E15E2720","EU15 to EU27 (accession countries joined post 2004)","F","Construction (F)","Thousand","17.1"
"QLF59C01","Persons aged 15 years and over in Employment","20241","2024Q1","E15E2720","EU15 to EU27 (accession countries joined post 2004)","G","Wholesale and Retail Trade (G)","Thousand","25.4"
"QLF59C01","Persons aged 15 years and over in Employment","20241","2024Q1","E15E2720","EU15 to EU27 (accession countries joined post 2004)","H","Transportation and Storage (H)","Thousand","9.6"
"QLF59C01","Persons aged 15 years and over in Employment","20241","2024Q1","E15E2720","EU15 to EU27 (accession countries joined post 2004)","I","Accommodation and Food Service Activities (I)","Thousand","19"
"QLF59C01","Persons aged 15 years and over in Employment","20241","2024Q1","E15E2720","EU15 to EU27 (accession countries joined post 2004)","ZZ210228","Information and Communication (J,K)","Thousand",""
"QLF59C01","Persons aged 15 years and over in Employment","20241","2024Q1","E15E2720","EU15 to EU27 (accession countries joined post 2004)","N","Professional, Scientific and Technical Activities (N)","Thousand",""
"QLF59C01","Persons aged 15 years and over in Employment","20241","2024Q1","E15E2720","EU15 to EU27 (accession countries joined post 2004)","O","Administrative and Support Service Activities (O)","Thousand","10.8"
"QLF59C01","Persons aged 15 years and over in Employment","20241","2024Q1","E15E2720","EU15 to EU27 (accession countries joined post 2004)","P","Public Administration and Defence; Compulsory Social Security (P)","Thousand",""
"QLF59C01","Persons aged 15 years and over in Employment","20241","2024Q1","E15E2720","EU15 to EU27 (accession countries joined post 2004)","Q","Education (Q)","Thousand",""
"QLF59C01","Persons aged 15 years and over in Employment","20241","2024Q1","E15E2720","EU15 to EU27 (accession countries joined post 2004)","R","Human Health and Social Work Activities (R)","Thousand","10"
"QLF59C01","Persons aged 15 years and over in Employment","20241","2024Q1","E15E2720","EU15 to EU27 (accession countries joined post 2004)","ZZ210011","Industry (B-E)","Thousand","38.4"
"QLF59C01","Persons aged 15 years and over in Employment","20241","2024Q1","E15E2720","EU15 to EU27 (accession countries joined post 2004)","ZZ210010","Industry and Construction (B-F)","Thousand","55.5"
"QLF59C01","Persons aged 15 years and over in Employment","20241","2024Q1","E15E2720","EU15 to EU27 (accession countries joined post 2004)","ZZ210023","Services (G-V)","Thousand","117.6"
"QLF59C01","Persons aged 15 years and over in Employment","20241","2024Q1","E15E2720","EU15 to EU27 (accession countries joined post 2004)","ZZ210221","Financial, Insurance and Real Estate Activities (L,M)","Thousand",""
"QLF59C01","Persons aged 15 years and over in Employment","20241","2024Q1","E15E2720","EU15 to EU27 (accession countries joined post 2004)","ZZ210224","Other NACE Activities (S to V)","Thousand","14.2"
"QLF59C01","Persons aged 15 years and over in Employment","20241","2024Q1","E15E2720","EU15 to EU27 (accession countries joined post 2004)","ZZ219990","NACE Unknown","Thousand",""
"QLF59C01","Persons aged 15 years and over in Employment","20241","2024Q1","GB","United Kingdom","-","All NACE Economic Sectors (A-V)","Thousand","46.3"
"QLF59C01","Persons aged 15 years and over in Employment","20241","2024Q1","GB","United Kingdom","A","Agriculture, Forestry and Fishing (A)","Thousand",""
"QLF59C01","Persons aged 15 years and over in Employment","20241","2024Q1","GB","United Kingdom","F","Construction (F)","Thousand",""
"QLF59C01","Persons aged 15 years and over in Employment","20241","2024Q1","GB","United Kingdom","G","Wholesale and Retail Trade (G)","Thousand",""
"QLF59C01","Persons aged 15 years and over in Employment","20241","2024Q1","GB","United Kingdom","H","Transportation and Storage (H)","Thousand",""
"QLF59C01","Persons aged 15 years and over in Employment","20241","2024Q1","GB","United Kingdom","I","Accommodation and Food Service Activities (I)","Thousand",""
"QLF59C01","Persons aged 15 years and over in Employment","20241","2024Q1","GB","United Kingdom","ZZ210228","Information and Communication (J,K)","Thousand",""
"QLF59C01","Persons aged 15 years and over in Employment","20241","2024Q1","GB","United Kingdom","N","Professional, Scientific and Technical Activities (N)","Thousand",""
"QLF59C01","Persons aged 15 years and over in Employment","20241","2024Q1","GB","United Kingdom","O","Administrative and Support Service Activities (O)","Thousand",""
"QLF59C01","Persons aged 15 years and over in Employment","20241","2024Q1","GB","United Kingdom","P","Public Administration and Defence; Compulsory Social Security (P)","Thousand",""
"QLF59C01","Persons aged 15 years and over in Employment","20241","2024Q1","GB","United Kingdom","Q","Education (Q)","Thousand",""
"QLF59C01","Persons aged 15 years and over in Employment","20241","2024Q1","GB","United Kingdom","R","Human Health and Social Work Activities (R)","Thousand",""
"QLF59C01","Persons aged 15 years and over in Employment","20241","2024Q1","GB","United Kingdom","ZZ210011","Industry (B-E)","Thousand",""
"QLF59C01","Persons aged 15 years and over in Employment","20241","2024Q1","GB","United Kingdom","ZZ210010","Industry and Construction (B-F)","Thousand",""
"QLF59C01","Persons aged 15 years and over in Employment","20241","2024Q1","GB","United Kingdom","ZZ210023","Services (G-V)","Thousand","40"
"QLF59C01","Persons aged 15 years and over in Employment","20241","2024Q1","GB","United Kingdom","ZZ210221","Financial, Insurance and Real Estate Activities (L,M)","Thousand",""
"QLF59C01","Persons aged 15 years and over in Employment","20241","2024Q1","GB","United Kingdom","ZZ210224","Other NACE Activities (S to V)","Thousand",""
"QLF59C01","Persons aged 15 years and over in Employment","20241","2024Q1","GB","United Kingdom","ZZ219990","NACE Unknown","Thousand",""
"QLF59C01","Persons aged 15 years and over in Employment","20241","2024Q1","IE","Ireland","-","All NACE Economic Sectors (A-V)","Thousand","2169.4"
"QLF59C01","Persons aged 15 years and over in Employment","20241","2024Q1","IE","Ireland","A","Agriculture, Forestry and Fishing (A)","Thousand","104.2"
"QLF59C01","Persons aged 15 years and over in Employment","20241","2024Q1","IE","Ireland","F","Construction (F)","Thousand","138.3"
"QLF59C01","Persons aged 15 years and over in Employment","20241","2024Q1","IE","Ireland","G","Wholesale and Retail Trade (G)","Thousand","249.7"
"QLF59C01","Persons aged 15 years and over in Employment","20241","2024Q1","IE","Ireland","H","Transportation and Storage (H)","Thousand","93.3"
"QLF59C01","Persons aged 15 years and over in Employment","20241","2024Q1","IE","Ireland","I","Accommodation and Food Service Activities (I)","Thousand","117.6"
"QLF59C01","Persons aged 15 years and over in Employment","20241","2024Q1","IE","Ireland","ZZ210228","Information and Communication (J,K)","Thousand","114.2"
"QLF59C01","Persons aged 15 years and over in Employment","20241","2024Q1","IE","Ireland","N","Professional, Scientific and Technical Activities (N)","Thousand","157.4"
"QLF59C01","Persons aged 15 years and over in Employment","20241","2024Q1","IE","Ireland","O","Administrative and Support Service Activities (O)","Thousand","85.6"
"QLF59C01","Persons aged 15 years and over in Employment","20241","2024Q1","IE","Ireland","P","Public Administration and Defence; Compulsory Social Security (P)","Thousand","134.5"
"QLF59C01","Persons aged 15 years and over in Employment","20241","2024Q1","IE","Ireland","Q","Education (Q)","Thousand","204.3"
"QLF59C01","Persons aged 15 years and over in Employment","20241","2024Q1","IE","Ireland","R","Human Health and Social Work Activities (R)","Thousand","282.8"
"QLF59C01","Persons aged 15 years and over in Employment","20241","2024Q1","IE","Ireland","ZZ210011","Industry (B-E)","Thousand","245.7"
"QLF59C01","Persons aged 15 years and over in Employment","20241","2024Q1","IE","Ireland","ZZ210010","Industry and Construction (B-F)","Thousand","384"
"QLF59C01","Persons aged 15 years and over in Employment","20241","2024Q1","IE","Ireland","ZZ210023","Services (G-V)","Thousand","1673.8"
"QLF59C01","Persons aged 15 years and over in Employment","20241","2024Q1","IE","Ireland","ZZ210221","Financial, Insurance and Real Estate Activities (L,M)","Thousand","115.4"
"QLF59C01","Persons aged 15 years and over in Employment","20241","2024Q1","IE","Ireland","ZZ210224","Other NACE Activities (S to V)","Thousand","119.1"
"QLF59C01","Persons aged 15 years and over in Employment","20241","2024Q1","IE","Ireland","ZZ219990","NACE Unknown","Thousand","7.4"
"QLF59C01","Persons aged 15 years and over in Employment","20241","2024Q1","ZZZZ1","All countries excluding Ireland","-","All NACE Economic Sectors (A-V)","Thousand","534.8"
"QLF59C01","Persons aged 15 years and over in Employment","20241","2024Q1","ZZZZ1","All countries excluding Ireland","A","Agriculture, Forestry and Fishing (A)","Thousand",""
"QLF59C01","Persons aged 15 years and over in Employment","20241","2024Q1","ZZZZ1","All countries excluding Ireland","F","Construction (F)","Thousand","29.4"
"QLF59C01","Persons aged 15 years and over in Employment","20241","2024Q1","ZZZZ1","All countries excluding Ireland","G","Wholesale and Retail Trade (G)","Thousand","58.6"
"QLF59C01","Persons aged 15 years and over in Employment","20241","2024Q1","ZZZZ1","All countries excluding Ireland","H","Transportation and Storage (H)","Thousand","17.8"
"QLF59C01","Persons aged 15 years and over in Employment","20241","2024Q1","ZZZZ1","All countries excluding Ireland","I","Accommodation and Food Service Activities (I)","Thousand","56.9"
"QLF59C01","Persons aged 15 years and over in Employment","20241","2024Q1","ZZZZ1","All countries excluding Ireland","ZZ210228","Information and Communication (J,K)","Thousand","61.1"
"QLF59C01","Persons aged 15 years and over in Employment","20241","2024Q1","ZZZZ1","All countries excluding Ireland","N","Professional, Scientific and Technical Activities (N)","Thousand","38.4"
"QLF59C01","Persons aged 15 years and over in Employment","20241","2024Q1","ZZZZ1","All countries excluding Ireland","O","Administrative and Support Service Activities (O)","Thousand","26.2"
"QLF59C01","Persons aged 15 years and over in Employment","20241","2024Q1","ZZZZ1","All countries excluding Ireland","P","Public Administration and Defence; Compulsory Social Security (P)","Thousand","9.9"
"QLF59C01","Persons aged 15 years and over in Employment","20241","2024Q1","ZZZZ1","All countries excluding Ireland","Q","Education (Q)","Thousand","26.9"
"QLF59C01","Persons aged 15 years and over in Employment","20241","2024Q1","ZZZZ1","All countries excluding Ireland","R","Human Health and Social Work Activities (R)","Thousand","72.3"
"QLF59C01","Persons aged 15 years and over in Employment","20241","2024Q1","ZZZZ1","All countries excluding Ireland","ZZ210011","Industry (B-E)","Thousand","77"
"QLF59C01","Persons aged 15 years and over in Employment","20241","2024Q1","ZZZZ1","All countries excluding Ireland","ZZ210010","Industry and Construction (B-F)","Thousand","106.4"
"QLF59C01","Persons aged 15 years and over in Employment","20241","2024Q1","ZZZZ1","All countries excluding Ireland","ZZ210023","Services (G-V)","Thousand","420.6"
"QLF59C01","Persons aged 15 years and over in Employment","20241","2024Q1","ZZZZ1","All countries excluding Ireland","ZZ210221","Financial, Insurance and Real Estate Activities (L,M)","Thousand","24.5"
"QLF59C01","Persons aged 15 years and over in Employment","20241","2024Q1","ZZZZ1","All countries excluding Ireland","ZZ210224","Other NACE Activities (S to V)","Thousand","28.1"
"QLF59C01","Persons aged 15 years and over in Employment","20241","2024Q1","ZZZZ1","All countries excluding Ireland","ZZ219990","NACE Unknown","Thousand",""
"QLF59C01","Persons aged 15 years and over in Employment","20241","2024Q1","ZZZZ2","All countries excluding Ireland,United Kingdom and EU272020","-","All NACE Economic Sectors (A-V)","Thousand","228.6"
"QLF59C01","Persons aged 15 years and over in Employment","20241","2024Q1","ZZZZ2","All countries excluding Ireland,United Kingdom and EU272020","A","Agriculture, Forestry and Fishing (A)","Thousand",""
"QLF59C01","Persons aged 15 years and over in Employment","20241","2024Q1","ZZZZ2","All countries excluding Ireland,United Kingdom and EU272020","F","Construction (F)","Thousand","10.1"
"QLF59C01","Persons aged 15 years and over in Employment","20241","2024Q1","ZZZZ2","All countries excluding Ireland,United Kingdom and EU272020","G","Wholesale and Retail Trade (G)","Thousand","19.3"
"QLF59C01","Persons aged 15 years and over in Employment","20241","2024Q1","ZZZZ2","All countries excluding Ireland,United Kingdom and EU272020","H","Transportation and Storage (H)","Thousand",""
"QLF59C01","Persons aged 15 years and over in Employment","20241","2024Q1","ZZZZ2","All countries excluding Ireland,United Kingdom and EU272020","I","Accommodation and Food Service Activities (I)","Thousand","26.4"
"QLF59C01","Persons aged 15 years and over in Employment","20241","2024Q1","ZZZZ2","All countries excluding Ireland,United Kingdom and EU272020","ZZ210228","Information and Communication (J,K)","Thousand","31.9"
"QLF59C01","Persons aged 15 years and over in Employment","20241","2024Q1","ZZZZ2","All countries excluding Ireland,United Kingdom and EU272020","N","Professional, Scientific and Technical Activities (N)","Thousand","21.7"
"QLF59C01","Persons aged 15 years and over in Employment","20241","2024Q1","ZZZZ2","All countries excluding Ireland,United Kingdom and EU272020","O","Administrative and Support Service Activities (O)","Thousand",""
"QLF59C01","Persons aged 15 years and over in Employment","20241","2024Q1","ZZZZ2","All countries excluding Ireland,United Kingdom and EU272020","P","Public Administration and Defence; Compulsory Social Security (P)","Thousand",""
"QLF59C01","Persons aged 15 years and over in Employment","20241","2024Q1","ZZZZ2","All countries excluding Ireland,United Kingdom and EU272020","Q","Education (Q)","Thousand","9.1"
"QLF59C01","Persons aged 15 years and over in Employment","20241","2024Q1","ZZZZ2","All countries excluding Ireland,United Kingdom and EU272020","R","Human Health and Social Work Activities (R)","Thousand","50.5"
"QLF59C01","Persons aged 15 years and over in Employment","20241","2024Q1","ZZZZ2","All countries excluding Ireland,United Kingdom and EU272020","ZZ210011","Industry (B-E)","Thousand","22.2"
"QLF59C01","Persons aged 15 years and over in Employment","20241","2024Q1","ZZZZ2","All countries excluding Ireland,United Kingdom and EU272020","ZZ210010","Industry and Construction (B-F)","Thousand","32.3"
"QLF59C01","Persons aged 15 years and over in Employment","20241","2024Q1","ZZZZ2","All countries excluding Ireland,United Kingdom and EU272020","ZZ210023","Services (G-V)","Thousand","193.5"
"QLF59C01","Persons aged 15 years and over in Employment","20241","2024Q1","ZZZZ2","All countries excluding Ireland,United Kingdom and EU272020","ZZ210221","Financial, Insurance and Real Estate Activities (L,M)","Thousand",""
"QLF59C01","Persons aged 15 years and over in Employment","20241","2024Q1","ZZZZ2","All countries excluding Ireland,United Kingdom and EU272020","ZZ210224","Other NACE Activities (S to V)","Thousand",""
"QLF59C01","Persons aged 15 years and over in Employment","20241","2024Q1","ZZZZ2","All countries excluding Ireland,United Kingdom and EU272020","ZZ219990","NACE Unknown","Thousand",""
"QLF59C01","Persons aged 15 years and over in Employment","20242","2024Q2","-","All Countries","-","All NACE Economic Sectors (A-V)","Thousand","2754.2"
"QLF59C01","Persons aged 15 years and over in Employment","20242","2024Q2","-","All Countries","A","Agriculture, Forestry and Fishing (A)","Thousand","104.7"
"QLF59C01","Persons aged 15 years and over in Employment","20242","2024Q2","-","All Countries","F","Construction (F)","Thousand","157.4"
"QLF59C01","Persons aged 15 years and over in Employment","20242","2024Q2","-","All Countries","G","Wholesale and Retail Trade (G)","Thousand","295.9"
"QLF59C01","Persons aged 15 years and over in Employment","20242","2024Q2","-","All Countries","H","Transportation and Storage (H)","Thousand","119.9"
"QLF59C01","Persons aged 15 years and over in Employment","20242","2024Q2","-","All Countries","I","Accommodation and Food Service Activities (I)","Thousand","184.2"
"QLF59C01","Persons aged 15 years and over in Employment","20242","2024Q2","-","All Countries","ZZ210228","Information and Communication (J,K)","Thousand","187.2"
"QLF59C01","Persons aged 15 years and over in Employment","20242","2024Q2","-","All Countries","N","Professional, Scientific and Technical Activities (N)","Thousand","199.2"
"QLF59C01","Persons aged 15 years and over in Employment","20242","2024Q2","-","All Countries","O","Administrative and Support Service Activities (O)","Thousand","112.5"
"QLF59C01","Persons aged 15 years and over in Employment","20242","2024Q2","-","All Countries","P","Public Administration and Defence; Compulsory Social Security (P)","Thousand","152.1"
"QLF59C01","Persons aged 15 years and over in Employment","20242","2024Q2","-","All Countries","Q","Education (Q)","Thousand","233"
"QLF59C01","Persons aged 15 years and over in Employment","20242","2024Q2","-","All Countries","R","Human Health and Social Work Activities (R)","Thousand","376.4"
"QLF59C01","Persons aged 15 years and over in Employment","20242","2024Q2","-","All Countries","ZZ210011","Industry (B-E)","Thousand","341.3"
"QLF59C01","Persons aged 15 years and over in Employment","20242","2024Q2","-","All Countries","ZZ210010","Industry and Construction (B-F)","Thousand","498.7"
"QLF59C01","Persons aged 15 years and over in Employment","20242","2024Q2","-","All Countries","ZZ210023","Services (G-V)","Thousand","2138.3"
"QLF59C01","Persons aged 15 years and over in Employment","20242","2024Q2","-","All Countries","ZZ210221","Financial, Insurance and Real Estate Activities (L,M)","Thousand","138.3"
"QLF59C01","Persons aged 15 years and over in Employment","20242","2024Q2","-","All Countries","ZZ210224","Other NACE Activities (S to V)","Thousand","139.6"
"QLF59C01","Persons aged 15 years and over in Employment","20242","2024Q2","-","All Countries","ZZ219990","NACE Unknown","Thousand","12.5"
"QLF59C01","Persons aged 15 years and over in Employment","20242","2024Q2","E1420XIE","EU14 excl Irl (countries in the EU pre 2004 excluding UK & Ireland)","-","All NACE Economic Sectors (A-V)","Thousand","83.3"
"QLF59C01","Persons aged 15 years and over in Employment","20242","2024Q2","E1420XIE","EU14 excl Irl (countries in the EU pre 2004 excluding UK & Ireland)","A","Agriculture, Forestry and Fishing (A)","Thousand",""
"QLF59C01","Persons aged 15 years and over in Employment","20242","2024Q2","E1420XIE","EU14 excl Irl (countries in the EU pre 2004 excluding UK & Ireland)","F","Construction (F)","Thousand",""
"QLF59C01","Persons aged 15 years and over in Employment","20242","2024Q2","E1420XIE","EU14 excl Irl (countries in the EU pre 2004 excluding UK & Ireland)","G","Wholesale and Retail Trade (G)","Thousand",""
"QLF59C01","Persons aged 15 years and over in Employment","20242","2024Q2","E1420XIE","EU14 excl Irl (countries in the EU pre 2004 excluding UK & Ireland)","H","Transportation and Storage (H)","Thousand",""
"QLF59C01","Persons aged 15 years and over in Employment","20242","2024Q2","E1420XIE","EU14 excl Irl (countries in the EU pre 2004 excluding UK & Ireland)","I","Accommodation and Food Service Activities (I)","Thousand",""
"QLF59C01","Persons aged 15 years and over in Employment","20242","2024Q2","E1420XIE","EU14 excl Irl (countries in the EU pre 2004 excluding UK & Ireland)","ZZ210228","Information and Communication (J,K)","Thousand","15.8"
"QLF59C01","Persons aged 15 years and over in Employment","20242","2024Q2","E1420XIE","EU14 excl Irl (countries in the EU pre 2004 excluding UK & Ireland)","N","Professional, Scientific and Technical Activities (N)","Thousand",""
"QLF59C01","Persons aged 15 years and over in Employment","20242","2024Q2","E1420XIE","EU14 excl Irl (countries in the EU pre 2004 excluding UK & Ireland)","O","Administrative and Support Service Activities (O)","Thousand",""
"QLF59C01","Persons aged 15 years and over in Employment","20242","2024Q2","E1420XIE","EU14 excl Irl (countries in the EU pre 2004 excluding UK & Ireland)","P","Public Administration and Defence; Compulsory Social Security (P)","Thousand",""
"QLF59C01","Persons aged 15 years and over in Employment","20242","2024Q2","E1420XIE","EU14 excl Irl (countries in the EU pre 2004 excluding UK & Ireland)","Q","Education (Q)","Thousand",""
"QLF59C01","Persons aged 15 years and over in Employment","20242","2024Q2","E1420XIE","EU14 excl Irl (countries in the EU pre 2004 excluding UK & Ireland)","R","Human Health and Social Work Activities (R)","Thousand",""
"QLF59C01","Persons aged 15 years and over in Employment","20242","2024Q2","E1420XIE","EU14 excl Irl (countries in the EU pre 2004 excluding UK & Ireland)","ZZ210011","Industry (B-E)","Thousand","14.3"
"QLF59C01","Persons aged 15 years and over in Employment","20242","2024Q2","E1420XIE","EU14 excl Irl (countries in the EU pre 2004 excluding UK & Ireland)","ZZ210010","Industry and Construction (B-F)","Thousand","15.3"
"QLF59C01","Persons aged 15 years and over in Employment","20242","2024Q2","E1420XIE","EU14 excl Irl (countries in the EU pre 2004 excluding UK & Ireland)","ZZ210023","Services (G-V)","Thousand","66.8"
"QLF59C01","Persons aged 15 years and over in Employment","20242","2024Q2","E1420XIE","EU14 excl Irl (countries in the EU pre 2004 excluding UK & Ireland)","ZZ210221","Financial, Insurance and Real Estate Activities (L,M)","Thousand",""
"QLF59C01","Persons aged 15 years and over in Employment","20242","2024Q2","E1420XIE","EU14 excl Irl (countries in the EU pre 2004 excluding UK & Ireland)","ZZ210224","Other NACE Activities (S to V)","Thousand",""
"QLF59C01","Persons aged 15 years and over in Employment","20242","2024Q2","E1420XIE","EU14 excl Irl (countries in the EU pre 2004 excluding UK & Ireland)","ZZ219990","NACE Unknown","Thousand",""
"QLF59C01","Persons aged 15 years and over in Employment","20242","2024Q2","E15E2720","EU15 to EU27 (accession countries joined post 2004)","-","All NACE Economic Sectors (A-V)","Thousand","171.1"
"QLF59C01","Persons aged 15 years and over in Employment","20242","2024Q2","E15E2720","EU15 to EU27 (accession countries joined post 2004)","A","Agriculture, Forestry and Fishing (A)","Thousand",""
"QLF59C01","Persons aged 15 years and over in Employment","20242","2024Q2","E15E2720","EU15 to EU27 (accession countries joined post 2004)","F","Construction (F)","Thousand","16.5"
"QLF59C01","Persons aged 15 years and over in Employment","20242","2024Q2","E15E2720","EU15 to EU27 (accession countries joined post 2004)","G","Wholesale and Retail Trade (G)","Thousand","20"
"QLF59C01","Persons aged 15 years and over in Employment","20242","2024Q2","E15E2720","EU15 to EU27 (accession countries joined post 2004)","H","Transportation and Storage (H)","Thousand","10.3"
"QLF59C01","Persons aged 15 years and over in Employment","20242","2024Q2","E15E2720","EU15 to EU27 (accession countries joined post 2004)","I","Accommodation and Food Service Activities (I)","Thousand","17.4"
"QLF59C01","Persons aged 15 years and over in Employment","20242","2024Q2","E15E2720","EU15 to EU27 (accession countries joined post 2004)","ZZ210228","Information and Communication (J,K)","Thousand","8.7"
"QLF59C01","Persons aged 15 years and over in Employment","20242","2024Q2","E15E2720","EU15 to EU27 (accession countries joined post 2004)","N","Professional, Scientific and Technical Activities (N)","Thousand","8.5"
"QLF59C01","Persons aged 15 years and over in Employment","20242","2024Q2","E15E2720","EU15 to EU27 (accession countries joined post 2004)","O","Administrative and Support Service Activities (O)","Thousand","13.4"
"QLF59C01","Persons aged 15 years and over in Employment","20242","2024Q2","E15E2720","EU15 to EU27 (accession countries joined post 2004)","P","Public Administration and Defence; Compulsory Social Security (P)","Thousand",""
"QLF59C01","Persons aged 15 years and over in Employment","20242","2024Q2","E15E2720","EU15 to EU27 (accession countries joined post 2004)","Q","Education (Q)","Thousand",""
"QLF59C01","Persons aged 15 years and over in Employment","20242","2024Q2","E15E2720","EU15 to EU27 (accession countries joined post 2004)","R","Human Health and Social Work Activities (R)","Thousand","12"
"QLF59C01","Persons aged 15 years and over in Employment","20242","2024Q2","E15E2720","EU15 to EU27 (accession countries joined post 2004)","ZZ210011","Industry (B-E)","Thousand","38.4"
"QLF59C01","Persons aged 15 years and over in Employment","20242","2024Q2","E15E2720","EU15 to EU27 (accession countries joined post 2004)","ZZ210010","Industry and Construction (B-F)","Thousand","54.9"
"QLF59C01","Persons aged 15 years and over in Employment","20242","2024Q2","E15E2720","EU15 to EU27 (accession countries joined post 2004)","ZZ210023","Services (G-V)","Thousand","111.9"
"QLF59C01","Persons aged 15 years and over in Employment","20242","2024Q2","E15E2720","EU15 to EU27 (accession countries joined post 2004)","ZZ210221","Financial, Insurance and Real Estate Activities (L,M)","Thousand",""
"QLF59C01","Persons aged 15 years and over in Employment","20242","2024Q2","E15E2720","EU15 to EU27 (accession countries joined post 2004)","ZZ210224","Other NACE Activities (S to V)","Thousand","10.3"
"QLF59C01","Persons aged 15 years and over in Employment","20242","2024Q2","E15E2720","EU15 to EU27 (accession countries joined post 2004)","ZZ219990","NACE Unknown","Thousand",""
"QLF59C01","Persons aged 15 years and over in Employment","20242","2024Q2","GB","United Kingdom","-","All NACE Economic Sectors (A-V)","Thousand","49.1"
"QLF59C01","Persons aged 15 years and over in Employment","20242","2024Q2","GB","United Kingdom","A","Agriculture, Forestry and Fishing (A)","Thousand",""
"QLF59C01","Persons aged 15 years and over in Employment","20242","2024Q2","GB","United Kingdom","F","Construction (F)","Thousand",""
"QLF59C01","Persons aged 15 years and over in Employment","20242","2024Q2","GB","United Kingdom","G","Wholesale and Retail Trade (G)","Thousand",""
"QLF59C01","Persons aged 15 years and over in Employment","20242","2024Q2","GB","United Kingdom","H","Transportation and Storage (H)","Thousand",""
"QLF59C01","Persons aged 15 years and over in Employment","20242","2024Q2","GB","United Kingdom","I","Accommodation and Food Service Activities (I)","Thousand",""
"QLF59C01","Persons aged 15 years and over in Employment","20242","2024Q2","GB","United Kingdom","ZZ210228","Information and Communication (J,K)","Thousand",""
"QLF59C01","Persons aged 15 years and over in Employment","20242","2024Q2","GB","United Kingdom","N","Professional, Scientific and Technical Activities (N)","Thousand",""
"QLF59C01","Persons aged 15 years and over in Employment","20242","2024Q2","GB","United Kingdom","O","Administrative and Support Service Activities (O)","Thousand",""
"QLF59C01","Persons aged 15 years and over in Employment","20242","2024Q2","GB","United Kingdom","P","Public Administration and Defence; Compulsory Social Security (P)","Thousand",""
"QLF59C01","Persons aged 15 years and over in Employment","20242","2024Q2","GB","United Kingdom","Q","Education (Q)","Thousand",""
"QLF59C01","Persons aged 15 years and over in Employment","20242","2024Q2","GB","United Kingdom","R","Human Health and Social Work Activities (R)","Thousand",""
"QLF59C01","Persons aged 15 years and over in Employment","20242","2024Q2","GB","United Kingdom","ZZ210011","Industry (B-E)","Thousand",""
"QLF59C01","Persons aged 15 years and over in Employment","20242","2024Q2","GB","United Kingdom","ZZ210010","Industry and Construction (B-F)","Thousand",""
"QLF59C01","Persons aged 15 years and over in Employment","20242","2024Q2","GB","United Kingdom","ZZ210023","Services (G-V)","Thousand","42.1"
"QLF59C01","Persons aged 15 years and over in Employment","20242","2024Q2","GB","United Kingdom","ZZ210221","Financial, Insurance and Real Estate Activities (L,M)","Thousand",""
"QLF59C01","Persons aged 15 years and over in Employment","20242","2024Q2","GB","United Kingdom","ZZ210224","Other NACE Activities (S to V)","Thousand",""
"QLF59C01","Persons aged 15 years and over in Employment","20242","2024Q2","GB","United Kingdom","ZZ219990","NACE Unknown","Thousand",""
"QLF59C01","Persons aged 15 years and over in Employment","20242","2024Q2","IE","Ireland","-","All NACE Economic Sectors (A-V)","Thousand","2204.6"
"QLF59C01","Persons aged 15 years and over in Employment","20242","2024Q2","IE","Ireland","A","Agriculture, Forestry and Fishing (A)","Thousand","100.3"
"QLF59C01","Persons aged 15 years and over in Employment","20242","2024Q2","IE","Ireland","F","Construction (F)","Thousand","130.9"
"QLF59C01","Persons aged 15 years and over in Employment","20242","2024Q2","IE","Ireland","G","Wholesale and Retail Trade (G)","Thousand","248.2"
"QLF59C01","Persons aged 15 years and over in Employment","20242","2024Q2","IE","Ireland","H","Transportation and Storage (H)","Thousand","94.7"
"QLF59C01","Persons aged 15 years and over in Employment","20242","2024Q2","IE","Ireland","I","Accommodation and Food Service Activities (I)","Thousand","127.5"
"QLF59C01","Persons aged 15 years and over in Employment","20242","2024Q2","IE","Ireland","ZZ210228","Information and Communication (J,K)","Thousand","124.1"
"QLF59C01","Persons aged 15 years and over in Employment","20242","2024Q2","IE","Ireland","N","Professional, Scientific and Technical Activities (N)","Thousand","155.7"
"QLF59C01","Persons aged 15 years and over in Employment","20242","2024Q2","IE","Ireland","O","Administrative and Support Service Activities (O)","Thousand","81.3"
"QLF59C01","Persons aged 15 years and over in Employment","20242","2024Q2","IE","Ireland","P","Public Administration and Defence; Compulsory Social Security (P)","Thousand","142.7"
"QLF59C01","Persons aged 15 years and over in Employment","20242","2024Q2","IE","Ireland","Q","Education (Q)","Thousand","211.4"
"QLF59C01","Persons aged 15 years and over in Employment","20242","2024Q2","IE","Ireland","R","Human Health and Social Work Activities (R)","Thousand","297.2"
"QLF59C01","Persons aged 15 years and over in Employment","20242","2024Q2","IE","Ireland","ZZ210011","Industry (B-E)","Thousand","256"
"QLF59C01","Persons aged 15 years and over in Employment","20242","2024Q2","IE","Ireland","ZZ210010","Industry and Construction (B-F)","Thousand","386.9"
"QLF59C01","Persons aged 15 years and over in Employment","20242","2024Q2","IE","Ireland","ZZ210023","Services (G-V)","Thousand","1709.9"
"QLF59C01","Persons aged 15 years and over in Employment","20242","2024Q2","IE","Ireland","ZZ210221","Financial, Insurance and Real Estate Activities (L,M)","Thousand","112.2"
"QLF59C01","Persons aged 15 years and over in Employment","20242","2024Q2","IE","Ireland","ZZ210224","Other NACE Activities (S to V)","Thousand","114.9"
"QLF59C01","Persons aged 15 years and over in Employment","20242","2024Q2","IE","Ireland","ZZ219990","NACE Unknown","Thousand","7.4"
"QLF59C01","Persons aged 15 years and over in Employment","20242","2024Q2","ZZZZ1","All countries excluding Ireland","-","All NACE Economic Sectors (A-V)","Thousand","549.6"
"QLF59C01","Persons aged 15 years and over in Employment","20242","2024Q2","ZZZZ1","All countries excluding Ireland","A","Agriculture, Forestry and Fishing (A)","Thousand",""
"QLF59C01","Persons aged 15 years and over in Employment","20242","2024Q2","ZZZZ1","All countries excluding Ireland","F","Construction (F)","Thousand","26.5"
"QLF59C01","Persons aged 15 years and over in Employment","20242","2024Q2","ZZZZ1","All countries excluding Ireland","G","Wholesale and Retail Trade (G)","Thousand","47.7"
"QLF59C01","Persons aged 15 years and over in Employment","20242","2024Q2","ZZZZ1","All countries excluding Ireland","H","Transportation and Storage (H)","Thousand","25.2"
"QLF59C01","Persons aged 15 years and over in Employment","20242","2024Q2","ZZZZ1","All countries excluding Ireland","I","Accommodation and Food Service Activities (I)","Thousand","56.7"
"QLF59C01","Persons aged 15 years and over in Employment","20242","2024Q2","ZZZZ1","All countries excluding Ireland","ZZ210228","Information and Communication (J,K)","Thousand","63.2"
"QLF59C01","Persons aged 15 years and over in Employment","20242","2024Q2","ZZZZ1","All countries excluding Ireland","N","Professional, Scientific and Technical Activities (N)","Thousand","43.5"
"QLF59C01","Persons aged 15 years and over in Employment","20242","2024Q2","ZZZZ1","All countries excluding Ireland","O","Administrative and Support Service Activities (O)","Thousand","31.1"
"QLF59C01","Persons aged 15 years and over in Employment","20242","2024Q2","ZZZZ1","All countries excluding Ireland","P","Public Administration and Defence; Compulsory Social Security (P)","Thousand","9.5"
"QLF59C01","Persons aged 15 years and over in Employment","20242","2024Q2","ZZZZ1","All countries excluding Ireland","Q","Education (Q)","Thousand","21.6"
"QLF59C01","Persons aged 15 years and over in Employment","20242","2024Q2","ZZZZ1","All countries excluding Ireland","R","Human Health and Social Work Activities (R)","Thousand","79.2"
"QLF59C01","Persons aged 15 years and over in Employment","20242","2024Q2","ZZZZ1","All countries excluding Ireland","ZZ210011","Industry (B-E)","Thousand","85.3"
"QLF59C01","Persons aged 15 years and over in Employment","20242","2024Q2","ZZZZ1","All countries excluding Ireland","ZZ210010","Industry and Construction (B-F)","Thousand","111.8"
"QLF59C01","Persons aged 15 years and over in Employment","20242","2024Q2","ZZZZ1","All countries excluding Ireland","ZZ210023","Services (G-V)","Thousand","428.3"
"QLF59C01","Persons aged 15 years and over in Employment","20242","2024Q2","ZZZZ1","All countries excluding Ireland","ZZ210221","Financial, Insurance and Real Estate Activities (L,M)","Thousand","26.1"
"QLF59C01","Persons aged 15 years and over in Employment","20242","2024Q2","ZZZZ1","All countries excluding Ireland","ZZ210224","Other NACE Activities (S to V)","Thousand","24.7"
"QLF59C01","Persons aged 15 years and over in Employment","20242","2024Q2","ZZZZ1","All countries excluding Ireland","ZZ219990","NACE Unknown","Thousand",""
"QLF59C01","Persons aged 15 years and over in Employment","20242","2024Q2","ZZZZ2","All countries excluding Ireland,United Kingdom and EU272020","-","All NACE Economic Sectors (A-V)","Thousand","246"
"QLF59C01","Persons aged 15 years and over in Employment","20242","2024Q2","ZZZZ2","All countries excluding Ireland,United Kingdom and EU272020","A","Agriculture, Forestry and Fishing (A)","Thousand",""
"QLF59C01","Persons aged 15 years and over in Employment","20242","2024Q2","ZZZZ2","All countries excluding Ireland,United Kingdom and EU272020","F","Construction (F)","Thousand",""
"QLF59C01","Persons aged 15 years and over in Employment","20242","2024Q2","ZZZZ2","All countries excluding Ireland,United Kingdom and EU272020","G","Wholesale and Retail Trade (G)","Thousand","18.6"
"QLF59C01","Persons aged 15 years and over in Employment","20242","2024Q2","ZZZZ2","All countries excluding Ireland,United Kingdom and EU272020","H","Transportation and Storage (H)","Thousand",""
"QLF59C01","Persons aged 15 years and over in Employment","20242","2024Q2","ZZZZ2","All countries excluding Ireland,United Kingdom and EU272020","I","Accommodation and Food Service Activities (I)","Thousand","27.7"
"QLF59C01","Persons aged 15 years and over in Employment","20242","2024Q2","ZZZZ2","All countries excluding Ireland,United Kingdom and EU272020","ZZ210228","Information and Communication (J,K)","Thousand","32"
"QLF59C01","Persons aged 15 years and over in Employment","20242","2024Q2","ZZZZ2","All countries excluding Ireland,United Kingdom and EU272020","N","Professional, Scientific and Technical Activities (N)","Thousand","21.2"
"QLF59C01","Persons aged 15 years and over in Employment","20242","2024Q2","ZZZZ2","All countries excluding Ireland,United Kingdom and EU272020","O","Administrative and Support Service Activities (O)","Thousand","10.9"
"QLF59C01","Persons aged 15 years and over in Employment","20242","2024Q2","ZZZZ2","All countries excluding Ireland,United Kingdom and EU272020","P","Public Administration and Defence; Compulsory Social Security (P)","Thousand",""
"QLF59C01","Persons aged 15 years and over in Employment","20242","2024Q2","ZZZZ2","All countries excluding Ireland,United Kingdom and EU272020","Q","Education (Q)","Thousand",""
"QLF59C01","Persons aged 15 years and over in Employment","20242","2024Q2","ZZZZ2","All countries excluding Ireland,United Kingdom and EU272020","R","Human Health and Social Work Activities (R)","Thousand","55.7"
"QLF59C01","Persons aged 15 years and over in Employment","20242","2024Q2","ZZZZ2","All countries excluding Ireland,United Kingdom and EU272020","ZZ210011","Industry (B-E)","Thousand","28.4"
"QLF59C01","Persons aged 15 years and over in Employment","20242","2024Q2","ZZZZ2","All countries excluding Ireland,United Kingdom and EU272020","ZZ210010","Industry and Construction (B-F)","Thousand","35.4"
"QLF59C01","Persons aged 15 years and over in Employment","20242","2024Q2","ZZZZ2","All countries excluding Ireland,United Kingdom and EU272020","ZZ210023","Services (G-V)","Thousand","207.5"
"QLF59C01","Persons aged 15 years and over in Employment","20242","2024Q2","ZZZZ2","All countries excluding Ireland,United Kingdom and EU272020","ZZ210221","Financial, Insurance and Real Estate Activities (L,M)","Thousand","12.1"
"QLF59C01","Persons aged 15 years and over in Employment","20242","2024Q2","ZZZZ2","All countries excluding Ireland,United Kingdom and EU272020","ZZ210224","Other NACE Activities (S to V)","Thousand",""
"QLF59C01","Persons aged 15 years and over in Employment","20242","2024Q2","ZZZZ2","All countries excluding Ireland,United Kingdom and EU272020","ZZ219990","NACE Unknown","Thousand",""
"QLF59C01","Persons aged 15 years and over in Employment","20243","2024Q3","-","All Countries","-","All NACE Economic Sectors (A-V)","Thousand","2794.8"
"QLF59C01","Persons aged 15 years and over in Employment","20243","2024Q3","-","All Countries","A","Agriculture, Forestry and Fishing (A)","Thousand","112.9"
"QLF59C01","Persons aged 15 years and over in Employment","20243","2024Q3","-","All Countries","F","Construction (F)","Thousand","172.9"
"QLF59C01","Persons aged 15 years and over in Employment","20243","2024Q3","-","All Countries","G","Wholesale and Retail Trade (G)","Thousand","305.5"
"QLF59C01","Persons aged 15 years and over in Employment","20243","2024Q3","-","All Countries","H","Transportation and Storage (H)","Thousand","118.4"
"QLF59C01","Persons aged 15 years and over in Employment","20243","2024Q3","-","All Countries","I","Accommodation and Food Service Activities (I)","Thousand","200"
"QLF59C01","Persons aged 15 years and over in Employment","20243","2024Q3","-","All Countries","ZZ210228","Information and Communication (J,K)","Thousand","188.6"
"QLF59C01","Persons aged 15 years and over in Employment","20243","2024Q3","-","All Countries","N","Professional, Scientific and Technical Activities (N)","Thousand","200.9"
"QLF59C01","Persons aged 15 years and over in Employment","20243","2024Q3","-","All Countries","O","Administrative and Support Service Activities (O)","Thousand","103.8"
"QLF59C01","Persons aged 15 years and over in Employment","20243","2024Q3","-","All Countries","P","Public Administration and Defence; Compulsory Social Security (P)","Thousand","153.6"
"QLF59C01","Persons aged 15 years and over in Employment","20243","2024Q3","-","All Countries","Q","Education (Q)","Thousand","228.5"
"QLF59C01","Persons aged 15 years and over in Employment","20243","2024Q3","-","All Countries","R","Human Health and Social Work Activities (R)","Thousand","378.9"
"QLF59C01","Persons aged 15 years and over in Employment","20243","2024Q3","-","All Countries","ZZ210011","Industry (B-E)","Thousand","342.5"
"QLF59C01","Persons aged 15 years and over in Employment","20243","2024Q3","-","All Countries","ZZ210010","Industry and Construction (B-F)","Thousand","515.4"
"QLF59C01","Persons aged 15 years and over in Employment","20243","2024Q3","-","All Countries","ZZ210023","Services (G-V)","Thousand","2160.6"
"QLF59C01","Persons aged 15 years and over in Employment","20243","2024Q3","-","All Countries","ZZ210221","Financial, Insurance and Real Estate Activities (L,M)","Thousand","139.8"
"QLF59C01","Persons aged 15 years and over in Employment","20243","2024Q3","-","All Countries","ZZ210224","Other NACE Activities (S to V)","Thousand","142.8"
"QLF59C01","Persons aged 15 years and over in Employment","20243","2024Q3","-","All Countries","ZZ219990","NACE Unknown","Thousand",""
"QLF59C01","Persons aged 15 years and over in Employment","20243","2024Q3","E1420XIE","EU14 excl Irl (countries in the EU pre 2004 excluding UK & Ireland)","-","All NACE Economic Sectors (A-V)","Thousand","88.4"
"QLF59C01","Persons aged 15 years and over in Employment","20243","2024Q3","E1420XIE","EU14 excl Irl (countries in the EU pre 2004 excluding UK & Ireland)","A","Agriculture, Forestry and Fishing (A)","Thousand",""
"QLF59C01","Persons aged 15 years and over in Employment","20243","2024Q3","E1420XIE","EU14 excl Irl (countries in the EU pre 2004 excluding UK & Ireland)","F","Construction (F)","Thousand",""
"QLF59C01","Persons aged 15 years and over in Employment","20243","2024Q3","E1420XIE","EU14 excl Irl (countries in the EU pre 2004 excluding UK & Ireland)","G","Wholesale and Retail Trade (G)","Thousand",""
"QLF59C01","Persons aged 15 years and over in Employment","20243","2024Q3","E1420XIE","EU14 excl Irl (countries in the EU pre 2004 excluding UK & Ireland)","H","Transportation and Storage (H)","Thousand",""
"QLF59C01","Persons aged 15 years and over in Employment","20243","2024Q3","E1420XIE","EU14 excl Irl (countries in the EU pre 2004 excluding UK & Ireland)","I","Accommodation and Food Service Activities (I)","Thousand",""
"QLF59C01","Persons aged 15 years and over in Employment","20243","2024Q3","E1420XIE","EU14 excl Irl (countries in the EU pre 2004 excluding UK & Ireland)","ZZ210228","Information and Communication (J,K)","Thousand","16.2"
"QLF59C01","Persons aged 15 years and over in Employment","20243","2024Q3","E1420XIE","EU14 excl Irl (countries in the EU pre 2004 excluding UK & Ireland)","N","Professional, Scientific and Technical Activities (N)","Thousand",""
"QLF59C01","Persons aged 15 years and over in Employment","20243","2024Q3","E1420XIE","EU14 excl Irl (countries in the EU pre 2004 excluding UK & Ireland)","O","Administrative and Support Service Activities (O)","Thousand",""
"QLF59C01","Persons aged 15 years and over in Employment","20243","2024Q3","E1420XIE","EU14 excl Irl (countries in the EU pre 2004 excluding UK & Ireland)","P","Public Administration and Defence; Compulsory Social Security (P)","Thousand",""
"QLF59C01","Persons aged 15 years and over in Employment","20243","2024Q3","E1420XIE","EU14 excl Irl (countries in the EU pre 2004 excluding UK & Ireland)","Q","Education (Q)","Thousand",""
"QLF59C01","Persons aged 15 years and over in Employment","20243","2024Q3","E1420XIE","EU14 excl Irl (countries in the EU pre 2004 excluding UK & Ireland)","R","Human Health and Social Work Activities (R)","Thousand",""
"QLF59C01","Persons aged 15 years and over in Employment","20243","2024Q3","E1420XIE","EU14 excl Irl (countries in the EU pre 2004 excluding UK & Ireland)","ZZ210011","Industry (B-E)","Thousand","15.6"
"QLF59C01","Persons aged 15 years and over in Employment","20243","2024Q3","E1420XIE","EU14 excl Irl (countries in the EU pre 2004 excluding UK & Ireland)","ZZ210010","Industry and Construction (B-F)","Thousand","16.6"
"QLF59C01","Persons aged 15 years and over in Employment","20243","2024Q3","E1420XIE","EU14 excl Irl (countries in the EU pre 2004 excluding UK & Ireland)","ZZ210023","Services (G-V)","Thousand","71.9"
"QLF59C01","Persons aged 15 years and over in Employment","20243","2024Q3","E1420XIE","EU14 excl Irl (countries in the EU pre 2004 excluding UK & Ireland)","ZZ210221","Financial, Insurance and Real Estate Activities (L,M)","Thousand",""
"QLF59C01","Persons aged 15 years and over in Employment","20243","2024Q3","E1420XIE","EU14 excl Irl (countries in the EU pre 2004 excluding UK & Ireland)","ZZ210224","Other NACE Activities (S to V)","Thousand",""
"QLF59C01","Persons aged 15 years and over in Employment","20243","2024Q3","E1420XIE","EU14 excl Irl (countries in the EU pre 2004 excluding UK & Ireland)","ZZ219990","NACE Unknown","Thousand",""
"QLF59C01","Persons aged 15 years and over in Employment","20243","2024Q3","E15E2720","EU15 to EU27 (accession countries joined post 2004)","-","All NACE Economic Sectors (A-V)","Thousand","174.6"
"QLF59C01","Persons aged 15 years and over in Employment","20243","2024Q3","E15E2720","EU15 to EU27 (accession countries joined post 2004)","A","Agriculture, Forestry and Fishing (A)","Thousand",""
"QLF59C01","Persons aged 15 years and over in Employment","20243","2024Q3","E15E2720","EU15 to EU27 (accession countries joined post 2004)","F","Construction (F)","Thousand","18.8"
"QLF59C01","Persons aged 15 years and over in Employment","20243","2024Q3","E15E2720","EU15 to EU27 (accession countries joined post 2004)","G","Wholesale and Retail Trade (G)","Thousand","27"
"QLF59C01","Persons aged 15 years and over in Employment","20243","2024Q3","E15E2720","EU15 to EU27 (accession countries joined post 2004)","H","Transportation and Storage (H)","Thousand",""
"QLF59C01","Persons aged 15 years and over in Employment","20243","2024Q3","E15E2720","EU15 to EU27 (accession countries joined post 2004)","I","Accommodation and Food Service Activities (I)","Thousand","22.5"
"QLF59C01","Persons aged 15 years and over in Employment","20243","2024Q3","E15E2720","EU15 to EU27 (accession countries joined post 2004)","ZZ210228","Information and Communication (J,K)","Thousand",""
"QLF59C01","Persons aged 15 years and over in Employment","20243","2024Q3","E15E2720","EU15 to EU27 (accession countries joined post 2004)","N","Professional, Scientific and Technical Activities (N)","Thousand","9.2"
"QLF59C01","Persons aged 15 years and over in Employment","20243","2024Q3","E15E2720","EU15 to EU27 (accession countries joined post 2004)","O","Administrative and Support Service Activities (O)","Thousand","9.4"
"QLF59C01","Persons aged 15 years and over in Employment","20243","2024Q3","E15E2720","EU15 to EU27 (accession countries joined post 2004)","P","Public Administration and Defence; Compulsory Social Security (P)","Thousand",""
"QLF59C01","Persons aged 15 years and over in Employment","20243","2024Q3","E15E2720","EU15 to EU27 (accession countries joined post 2004)","Q","Education (Q)","Thousand",""
"QLF59C01","Persons aged 15 years and over in Employment","20243","2024Q3","E15E2720","EU15 to EU27 (accession countries joined post 2004)","R","Human Health and Social Work Activities (R)","Thousand","12.2"
"QLF59C01","Persons aged 15 years and over in Employment","20243","2024Q3","E15E2720","EU15 to EU27 (accession countries joined post 2004)","ZZ210011","Industry (B-E)","Thousand","36.2"
"QLF59C01","Persons aged 15 years and over in Employment","20243","2024Q3","E15E2720","EU15 to EU27 (accession countries joined post 2004)","ZZ210010","Industry and Construction (B-F)","Thousand","55"
"QLF59C01","Persons aged 15 years and over in Employment","20243","2024Q3","E15E2720","EU15 to EU27 (accession countries joined post 2004)","ZZ210023","Services (G-V)","Thousand","117.6"
"QLF59C01","Persons aged 15 years and over in Employment","20243","2024Q3","E15E2720","EU15 to EU27 (accession countries joined post 2004)","ZZ210221","Financial, Insurance and Real Estate Activities (L,M)","Thousand",""
"QLF59C01","Persons aged 15 years and over in Employment","20243","2024Q3","E15E2720","EU15 to EU27 (accession countries joined post 2004)","ZZ210224","Other NACE Activities (S to V)","Thousand","8"
"QLF59C01","Persons aged 15 years and over in Employment","20243","2024Q3","E15E2720","EU15 to EU27 (accession countries joined post 2004)","ZZ219990","NACE Unknown","Thousand",""
"QLF59C01","Persons aged 15 years and over in Employment","20243","2024Q3","GB","United Kingdom","-","All NACE Economic Sectors (A-V)","Thousand","45.4"
"QLF59C01","Persons aged 15 years and over in Employment","20243","2024Q3","GB","United Kingdom","A","Agriculture, Forestry and Fishing (A)","Thousand",""
"QLF59C01","Persons aged 15 years and over in Employment","20243","2024Q3","GB","United Kingdom","F","Construction (F)","Thousand",""
"QLF59C01","Persons aged 15 years and over in Employment","20243","2024Q3","GB","United Kingdom","G","Wholesale and Retail Trade (G)","Thousand",""
"QLF59C01","Persons aged 15 years and over in Employment","20243","2024Q3","GB","United Kingdom","H","Transportation and Storage (H)","Thousand",""
"QLF59C01","Persons aged 15 years and over in Employment","20243","2024Q3","GB","United Kingdom","I","Accommodation and Food Service Activities (I)","Thousand",""
"QLF59C01","Persons aged 15 years and over in Employment","20243","2024Q3","GB","United Kingdom","ZZ210228","Information and Communication (J,K)","Thousand",""
"QLF59C01","Persons aged 15 years and over in Employment","20243","2024Q3","GB","United Kingdom","N","Professional, Scientific and Technical Activities (N)","Thousand",""
"QLF59C01","Persons aged 15 years and over in Employment","20243","2024Q3","GB","United Kingdom","O","Administrative and Support Service Activities (O)","Thousand",""
"QLF59C01","Persons aged 15 years and over in Employment","20243","2024Q3","GB","United Kingdom","P","Public Administration and Defence; Compulsory Social Security (P)","Thousand",""
"QLF59C01","Persons aged 15 years and over in Employment","20243","2024Q3","GB","United Kingdom","Q","Education (Q)","Thousand",""
"QLF59C01","Persons aged 15 years and over in Employment","20243","2024Q3","GB","United Kingdom","R","Human Health and Social Work Activities (R)","Thousand",""
"QLF59C01","Persons aged 15 years and over in Employment","20243","2024Q3","GB","United Kingdom","ZZ210011","Industry (B-E)","Thousand",""
"QLF59C01","Persons aged 15 years and over in Employment","20243","2024Q3","GB","United Kingdom","ZZ210010","Industry and Construction (B-F)","Thousand",""
"QLF59C01","Persons aged 15 years and over in Employment","20243","2024Q3","GB","United Kingdom","ZZ210023","Services (G-V)","Thousand","40.1"
"QLF59C01","Persons aged 15 years and over in Employment","20243","2024Q3","GB","United Kingdom","ZZ210221","Financial, Insurance and Real Estate Activities (L,M)","Thousand",""
"QLF59C01","Persons aged 15 years and over in Employment","20243","2024Q3","GB","United Kingdom","ZZ210224","Other NACE Activities (S to V)","Thousand",""
"QLF59C01","Persons aged 15 years and over in Employment","20243","2024Q3","GB","United Kingdom","ZZ219990","NACE Unknown","Thousand",""
"QLF59C01","Persons aged 15 years and over in Employment","20243","2024Q3","IE","Ireland","-","All NACE Economic Sectors (A-V)","Thousand","2229.9"
"QLF59C01","Persons aged 15 years and over in Employment","20243","2024Q3","IE","Ireland","A","Agriculture, Forestry and Fishing (A)","Thousand","106.9"
"QLF59C01","Persons aged 15 years and over in Employment","20243","2024Q3","IE","Ireland","F","Construction (F)","Thousand","144.4"
"QLF59C01","Persons aged 15 years and over in Employment","20243","2024Q3","IE","Ireland","G","Wholesale and Retail Trade (G)","Thousand","245.9"
"QLF59C01","Persons aged 15 years and over in Employment","20243","2024Q3","IE","Ireland","H","Transportation and Storage (H)","Thousand","95.9"
"QLF59C01","Persons aged 15 years and over in Employment","20243","2024Q3","IE","Ireland","I","Accommodation and Food Service Activities (I)","Thousand","137.9"
"QLF59C01","Persons aged 15 years and over in Employment","20243","2024Q3","IE","Ireland","ZZ210228","Information and Communication (J,K)","Thousand","125.5"
"QLF59C01","Persons aged 15 years and over in Employment","20243","2024Q3","IE","Ireland","N","Professional, Scientific and Technical Activities (N)","Thousand","158"
"QLF59C01","Persons aged 15 years and over in Employment","20243","2024Q3","IE","Ireland","O","Administrative and Support Service Activities (O)","Thousand","75.8"
"QLF59C01","Persons aged 15 years and over in Employment","20243","2024Q3","IE","Ireland","P","Public Administration and Defence; Compulsory Social Security (P)","Thousand","141.9"
"QLF59C01","Persons aged 15 years and over in Employment","20243","2024Q3","IE","Ireland","Q","Education (Q)","Thousand","205.3"
"QLF59C01","Persons aged 15 years and over in Employment","20243","2024Q3","IE","Ireland","R","Human Health and Social Work Activities (R)","Thousand","297.1"
"QLF59C01","Persons aged 15 years and over in Employment","20243","2024Q3","IE","Ireland","ZZ210011","Industry (B-E)","Thousand","255.8"
"QLF59C01","Persons aged 15 years and over in Employment","20243","2024Q3","IE","Ireland","ZZ210010","Industry and Construction (B-F)","Thousand","400.3"
"QLF59C01","Persons aged 15 years and over in Employment","20243","2024Q3","IE","Ireland","ZZ210023","Services (G-V)","Thousand","1717.7"
"QLF59C01","Persons aged 15 years and over in Employment","20243","2024Q3","IE","Ireland","ZZ210221","Financial, Insurance and Real Estate Activities (L,M)","Thousand","113.9"
"QLF59C01","Persons aged 15 years and over in Employment","20243","2024Q3","IE","Ireland","ZZ210224","Other NACE Activities (S to V)","Thousand","120.6"
"QLF59C01","Persons aged 15 years and over in Employment","20243","2024Q3","IE","Ireland","ZZ219990","NACE Unknown","Thousand",""
"QLF59C01","Persons aged 15 years and over in Employment","20243","2024Q3","ZZZZ1","All countries excluding Ireland","-","All NACE Economic Sectors (A-V)","Thousand","564.9"
"QLF59C01","Persons aged 15 years and over in Employment","20243","2024Q3","ZZZZ1","All countries excluding Ireland","A","Agriculture, Forestry and Fishing (A)","Thousand",""
"QLF59C01","Persons aged 15 years and over in Employment","20243","2024Q3","ZZZZ1","All countries excluding Ireland","F","Construction (F)","Thousand","28.4"
"QLF59C01","Persons aged 15 years and over in Employment","20243","2024Q3","ZZZZ1","All countries excluding Ireland","G","Wholesale and Retail Trade (G)","Thousand","59.6"
"QLF59C01","Persons aged 15 years and over in Employment","20243","2024Q3","ZZZZ1","All countries excluding Ireland","H","Transportation and Storage (H)","Thousand","22.5"
"QLF59C01","Persons aged 15 years and over in Employment","20243","2024Q3","ZZZZ1","All countries excluding Ireland","I","Accommodation and Food Service Activities (I)","Thousand","62.1"
"QLF59C01","Persons aged 15 years and over in Employment","20243","2024Q3","ZZZZ1","All countries excluding Ireland","ZZ210228","Information and Communication (J,K)","Thousand","63.1"
"QLF59C01","Persons aged 15 years and over in Employment","20243","2024Q3","ZZZZ1","All countries excluding Ireland","N","Professional, Scientific and Technical Activities (N)","Thousand","42.9"
"QLF59C01","Persons aged 15 years and over in Employment","20243","2024Q3","ZZZZ1","All countries excluding Ireland","O","Administrative and Support Service Activities (O)","Thousand","27.9"
"QLF59C01","Persons aged 15 years and over in Employment","20243","2024Q3","ZZZZ1","All countries excluding Ireland","P","Public Administration and Defence; Compulsory Social Security (P)","Thousand","11.7"
"QLF59C01","Persons aged 15 years and over in Employment","20243","2024Q3","ZZZZ1","All countries excluding Ireland","Q","Education (Q)","Thousand","23.3"
"QLF59C01","Persons aged 15 years and over in Employment","20243","2024Q3","ZZZZ1","All countries excluding Ireland","R","Human Health and Social Work Activities (R)","Thousand","81.8"
"QLF59C01","Persons aged 15 years and over in Employment","20243","2024Q3","ZZZZ1","All countries excluding Ireland","ZZ210011","Industry (B-E)","Thousand","86.7"
"QLF59C01","Persons aged 15 years and over in Employment","20243","2024Q3","ZZZZ1","All countries excluding Ireland","ZZ210010","Industry and Construction (B-F)","Thousand","115.1"
"QLF59C01","Persons aged 15 years and over in Employment","20243","2024Q3","ZZZZ1","All countries excluding Ireland","ZZ210023","Services (G-V)","Thousand","442.8"
"QLF59C01","Persons aged 15 years and over in Employment","20243","2024Q3","ZZZZ1","All countries excluding Ireland","ZZ210221","Financial, Insurance and Real Estate Activities (L,M)","Thousand","25.8"
"QLF59C01","Persons aged 15 years and over in Employment","20243","2024Q3","ZZZZ1","All countries excluding Ireland","ZZ210224","Other NACE Activities (S to V)","Thousand","22.2"
"QLF59C01","Persons aged 15 years and over in Employment","20243","2024Q3","ZZZZ1","All countries excluding Ireland","ZZ219990","NACE Unknown","Thousand",""
"QLF59C01","Persons aged 15 years and over in Employment","20243","2024Q3","ZZZZ2","All countries excluding Ireland,United Kingdom and EU272020","-","All NACE Economic Sectors (A-V)","Thousand","256.5"
"QLF59C01","Persons aged 15 years and over in Employment","20243","2024Q3","ZZZZ2","All countries excluding Ireland,United Kingdom and EU272020","A","Agriculture, Forestry and Fishing (A)","Thousand",""
"QLF59C01","Persons aged 15 years and over in Employment","20243","2024Q3","ZZZZ2","All countries excluding Ireland,United Kingdom and EU272020","F","Construction (F)","Thousand",""
"QLF59C01","Persons aged 15 years and over in Employment","20243","2024Q3","ZZZZ2","All countries excluding Ireland,United Kingdom and EU272020","G","Wholesale and Retail Trade (G)","Thousand","20.5"
"QLF59C01","Persons aged 15 years and over in Employment","20243","2024Q3","ZZZZ2","All countries excluding Ireland,United Kingdom and EU272020","H","Transportation and Storage (H)","Thousand",""
"QLF59C01","Persons aged 15 years and over in Employment","20243","2024Q3","ZZZZ2","All countries excluding Ireland,United Kingdom and EU272020","I","Accommodation and Food Service Activities (I)","Thousand","28.3"
"QLF59C01","Persons aged 15 years and over in Employment","20243","2024Q3","ZZZZ2","All countries excluding Ireland,United Kingdom and EU272020","ZZ210228","Information and Communication (J,K)","Thousand","34.1"
"QLF59C01","Persons aged 15 years and over in Employment","20243","2024Q3","ZZZZ2","All countries excluding Ireland,United Kingdom and EU272020","N","Professional, Scientific and Technical Activities (N)","Thousand","22.6"
"QLF59C01","Persons aged 15 years and over in Employment","20243","2024Q3","ZZZZ2","All countries excluding Ireland,United Kingdom and EU272020","O","Administrative and Support Service Activities (O)","Thousand","10.7"
"QLF59C01","Persons aged 15 years and over in Employment","20243","2024Q3","ZZZZ2","All countries excluding Ireland,United Kingdom and EU272020","P","Public Administration and Defence; Compulsory Social Security (P)","Thousand",""
"QLF59C01","Persons aged 15 years and over in Employment","20243","2024Q3","ZZZZ2","All countries excluding Ireland,United Kingdom and EU272020","Q","Education (Q)","Thousand",""
"QLF59C01","Persons aged 15 years and over in Employment","20243","2024Q3","ZZZZ2","All countries excluding Ireland,United Kingdom and EU272020","R","Human Health and Social Work Activities (R)","Thousand","54.9"
"QLF59C01","Persons aged 15 years and over in Employment","20243","2024Q3","ZZZZ2","All countries excluding Ireland,United Kingdom and EU272020","ZZ210011","Industry (B-E)","Thousand","31"
"QLF59C01","Persons aged 15 years and over in Employment","20243","2024Q3","ZZZZ2","All countries excluding Ireland,United Kingdom and EU272020","ZZ210010","Industry and Construction (B-F)","Thousand","38.8"
"QLF59C01","Persons aged 15 years and over in Employment","20243","2024Q3","ZZZZ2","All countries excluding Ireland,United Kingdom and EU272020","ZZ210023","Services (G-V)","Thousand","213.3"
"QLF59C01","Persons aged 15 years and over in Employment","20243","2024Q3","ZZZZ2","All countries excluding Ireland,United Kingdom and EU272020","ZZ210221","Financial, Insurance and Real Estate Activities (L,M)","Thousand","12.1"
"QLF59C01","Persons aged 15 years and over in Employment","20243","2024Q3","ZZZZ2","All countries excluding Ireland,United Kingdom and EU272020","ZZ210224","Other NACE Activities (S to V)","Thousand",""
"QLF59C01","Persons aged 15 years and over in Employment","20243","2024Q3","ZZZZ2","All countries excluding Ireland,United Kingdom and EU272020","ZZ219990","NACE Unknown","Thousand",""
"QLF59C01","Persons aged 15 years and over in Employment","20244","2024Q4","-","All Countries","-","All NACE Economic Sectors (A-V)","Thousand","2776.4"
"QLF59C01","Persons aged 15 years and over in Employment","20244","2024Q4","-","All Countries","A","Agriculture, Forestry and Fishing (A)","Thousand","107.7"
"QLF59C01","Persons aged 15 years and over in Employment","20244","2024Q4","-","All Countries","F","Construction (F)","Thousand","172.5"
"QLF59C01","Persons aged 15 years and over in Employment","20244","2024Q4","-","All Countries","G","Wholesale and Retail Trade (G)","Thousand","308.3"
"QLF59C01","Persons aged 15 years and over in Employment","20244","2024Q4","-","All Countries","H","Transportation and Storage (H)","Thousand","121.8"
"QLF59C01","Persons aged 15 years and over in Employment","20244","2024Q4","-","All Countries","I","Accommodation and Food Service Activities (I)","Thousand","184.4"
"QLF59C01","Persons aged 15 years and over in Employment","20244","2024Q4","-","All Countries","ZZ210228","Information and Communication (J,K)","Thousand","182.9"
"QLF59C01","Persons aged 15 years and over in Employment","20244","2024Q4","-","All Countries","N","Professional, Scientific and Technical Activities (N)","Thousand","197.5"
"QLF59C01","Persons aged 15 years and over in Employment","20244","2024Q4","-","All Countries","O","Administrative and Support Service Activities (O)","Thousand","100.4"
"QLF59C01","Persons aged 15 years and over in Employment","20244","2024Q4","-","All Countries","P","Public Administration and Defence; Compulsory Social Security (P)","Thousand","151.4"
"QLF59C01","Persons aged 15 years and over in Employment","20244","2024Q4","-","All Countries","Q","Education (Q)","Thousand","239.6"
"QLF59C01","Persons aged 15 years and over in Employment","20244","2024Q4","-","All Countries","R","Human Health and Social Work Activities (R)","Thousand","382.5"
"QLF59C01","Persons aged 15 years and over in Employment","20244","2024Q4","-","All Countries","ZZ210011","Industry (B-E)","Thousand","332.3"
"QLF59C01","Persons aged 15 years and over in Employment","20244","2024Q4","-","All Countries","ZZ210010","Industry and Construction (B-F)","Thousand","504.8"
"QLF59C01","Persons aged 15 years and over in Employment","20244","2024Q4","-","All Countries","ZZ210023","Services (G-V)","Thousand","2156.6"
"QLF59C01","Persons aged 15 years and over in Employment","20244","2024Q4","-","All Countries","ZZ210221","Financial, Insurance and Real Estate Activities (L,M)","Thousand","145"
"QLF59C01","Persons aged 15 years and over in Employment","20244","2024Q4","-","All Countries","ZZ210224","Other NACE Activities (S to V)","Thousand","142.8"
"QLF59C01","Persons aged 15 years and over in Employment","20244","2024Q4","-","All Countries","ZZ219990","NACE Unknown","Thousand","7.3"
"QLF59C01","Persons aged 15 years and over in Employment","20244","2024Q4","E1420XIE","EU14 excl Irl (countries in the EU pre 2004 excluding UK & Ireland)","-","All NACE Economic Sectors (A-V)","Thousand","85.9"
"QLF59C01","Persons aged 15 years and over in Employment","20244","2024Q4","E1420XIE","EU14 excl Irl (countries in the EU pre 2004 excluding UK & Ireland)","A","Agriculture, Forestry and Fishing (A)","Thousand",""
"QLF59C01","Persons aged 15 years and over in Employment","20244","2024Q4","E1420XIE","EU14 excl Irl (countries in the EU pre 2004 excluding UK & Ireland)","F","Construction (F)","Thousand",""
"QLF59C01","Persons aged 15 years and over in Employment","20244","2024Q4","E1420XIE","EU14 excl Irl (countries in the EU pre 2004 excluding UK & Ireland)","G","Wholesale and Retail Trade (G)","Thousand",""
"QLF59C01","Persons aged 15 years and over in Employment","20244","2024Q4","E1420XIE","EU14 excl Irl (countries in the EU pre 2004 excluding UK & Ireland)","H","Transportation and Storage (H)","Thousand",""
"QLF59C01","Persons aged 15 years and over in Employment","20244","2024Q4","E1420XIE","EU14 excl Irl (countries in the EU pre 2004 excluding UK & Ireland)","I","Accommodation and Food Service Activities (I)","Thousand",""
"QLF59C01","Persons aged 15 years and over in Employment","20244","2024Q4","E1420XIE","EU14 excl Irl (countries in the EU pre 2004 excluding UK & Ireland)","ZZ210228","Information and Communication (J,K)","Thousand","13.9"
"QLF59C01","Persons aged 15 years and over in Employment","20244","2024Q4","E1420XIE","EU14 excl Irl (countries in the EU pre 2004 excluding UK & Ireland)","N","Professional, Scientific and Technical Activities (N)","Thousand",""
"QLF59C01","Persons aged 15 years and over in Employment","20244","2024Q4","E1420XIE","EU14 excl Irl (countries in the EU pre 2004 excluding UK & Ireland)","O","Administrative and Support Service Activities (O)","Thousand",""
"QLF59C01","Persons aged 15 years and over in Employment","20244","2024Q4","E1420XIE","EU14 excl Irl (countries in the EU pre 2004 excluding UK & Ireland)","P","Public Administration and Defence; Compulsory Social Security (P)","Thousand",""
"QLF59C01","Persons aged 15 years and over in Employment","20244","2024Q4","E1420XIE","EU14 excl Irl (countries in the EU pre 2004 excluding UK & Ireland)","Q","Education (Q)","Thousand",""
"QLF59C01","Persons aged 15 years and over in Employment","20244","2024Q4","E1420XIE","EU14 excl Irl (countries in the EU pre 2004 excluding UK & Ireland)","R","Human Health and Social Work Activities (R)","Thousand",""
"QLF59C01","Persons aged 15 years and over in Employment","20244","2024Q4","E1420XIE","EU14 excl Irl (countries in the EU pre 2004 excluding UK & Ireland)","ZZ210011","Industry (B-E)","Thousand","13.3"
"QLF59C01","Persons aged 15 years and over in Employment","20244","2024Q4","E1420XIE","EU14 excl Irl (countries in the EU pre 2004 excluding UK & Ireland)","ZZ210010","Industry and Construction (B-F)","Thousand","15.3"
"QLF59C01","Persons aged 15 years and over in Employment","20244","2024Q4","E1420XIE","EU14 excl Irl (countries in the EU pre 2004 excluding UK & Ireland)","ZZ210023","Services (G-V)","Thousand","70.4"
"QLF59C01","Persons aged 15 years and over in Employment","20244","2024Q4","E1420XIE","EU14 excl Irl (countries in the EU pre 2004 excluding UK & Ireland)","ZZ210221","Financial, Insurance and Real Estate Activities (L,M)","Thousand",""
"QLF59C01","Persons aged 15 years and over in Employment","20244","2024Q4","E1420XIE","EU14 excl Irl (countries in the EU pre 2004 excluding UK & Ireland)","ZZ210224","Other NACE Activities (S to V)","Thousand",""
"QLF59C01","Persons aged 15 years and over in Employment","20244","2024Q4","E1420XIE","EU14 excl Irl (countries in the EU pre 2004 excluding UK & Ireland)","ZZ219990","NACE Unknown","Thousand",""
"QLF59C01","Persons aged 15 years and over in Employment","20244","2024Q4","E15E2720","EU15 to EU27 (accession countries joined post 2004)","-","All NACE Economic Sectors (A-V)","Thousand","167.6"
"QLF59C01","Persons aged 15 years and over in Employment","20244","2024Q4","E15E2720","EU15 to EU27 (accession countries joined post 2004)","A","Agriculture, Forestry and Fishing (A)","Thousand",""
"QLF59C01","Persons aged 15 years and over in Employment","20244","2024Q4","E15E2720","EU15 to EU27 (accession countries joined post 2004)","F","Construction (F)","Thousand","18.5"
"QLF59C01","Persons aged 15 years and over in Employment","20244","2024Q4","E15E2720","EU15 to EU27 (accession countries joined post 2004)","G","Wholesale and Retail Trade (G)","Thousand","28.6"
"QLF59C01","Persons aged 15 years and over in Employment","20244","2024Q4","E15E2720","EU15 to EU27 (accession countries joined post 2004)","H","Transportation and Storage (H)","Thousand",""
"QLF59C01","Persons aged 15 years and over in Employment","20244","2024Q4","E15E2720","EU15 to EU27 (accession countries joined post 2004)","I","Accommodation and Food Service Activities (I)","Thousand","19.2"
"QLF59C01","Persons aged 15 years and over in Employment","20244","2024Q4","E15E2720","EU15 to EU27 (accession countries joined post 2004)","ZZ210228","Information and Communication (J,K)","Thousand",""
"QLF59C01","Persons aged 15 years and over in Employment","20244","2024Q4","E15E2720","EU15 to EU27 (accession countries joined post 2004)","N","Professional, Scientific and Technical Activities (N)","Thousand","9.2"
"QLF59C01","Persons aged 15 years and over in Employment","20244","2024Q4","E15E2720","EU15 to EU27 (accession countries joined post 2004)","O","Administrative and Support Service Activities (O)","Thousand","11.5"
"QLF59C01","Persons aged 15 years and over in Employment","20244","2024Q4","E15E2720","EU15 to EU27 (accession countries joined post 2004)","P","Public Administration and Defence; Compulsory Social Security (P)","Thousand",""
"QLF59C01","Persons aged 15 years and over in Employment","20244","2024Q4","E15E2720","EU15 to EU27 (accession countries joined post 2004)","Q","Education (Q)","Thousand",""
"QLF59C01","Persons aged 15 years and over in Employment","20244","2024Q4","E15E2720","EU15 to EU27 (accession countries joined post 2004)","R","Human Health and Social Work Activities (R)","Thousand","12.5"
"QLF59C01","Persons aged 15 years and over in Employment","20244","2024Q4","E15E2720","EU15 to EU27 (accession countries joined post 2004)","ZZ210011","Industry (B-E)","Thousand","31"
"QLF59C01","Persons aged 15 years and over in Employment","20244","2024Q4","E15E2720","EU15 to EU27 (accession countries joined post 2004)","ZZ210010","Industry and Construction (B-F)","Thousand","49.5"
"QLF59C01","Persons aged 15 years and over in Employment","20244","2024Q4","E15E2720","EU15 to EU27 (accession countries joined post 2004)","ZZ210023","Services (G-V)","Thousand","115.7"
"QLF59C01","Persons aged 15 years and over in Employment","20244","2024Q4","E15E2720","EU15 to EU27 (accession countries joined post 2004)","ZZ210221","Financial, Insurance and Real Estate Activities (L,M)","Thousand",""
"QLF59C01","Persons aged 15 years and over in Employment","20244","2024Q4","E15E2720","EU15 to EU27 (accession countries joined post 2004)","ZZ210224","Other NACE Activities (S to V)","Thousand","8.3"
"QLF59C01","Persons aged 15 years and over in Employment","20244","2024Q4","E15E2720","EU15 to EU27 (accession countries joined post 2004)","ZZ219990","NACE Unknown","Thousand",""
"QLF59C01","Persons aged 15 years and over in Employment","20244","2024Q4","GB","United Kingdom","-","All NACE Economic Sectors (A-V)","Thousand","47"
"QLF59C01","Persons aged 15 years and over in Employment","20244","2024Q4","GB","United Kingdom","A","Agriculture, Forestry and Fishing (A)","Thousand",""
"QLF59C01","Persons aged 15 years and over in Employment","20244","2024Q4","GB","United Kingdom","F","Construction (F)","Thousand",""
"QLF59C01","Persons aged 15 years and over in Employment","20244","2024Q4","GB","United Kingdom","G","Wholesale and Retail Trade (G)","Thousand",""
"QLF59C01","Persons aged 15 years and over in Employment","20244","2024Q4","GB","United Kingdom","H","Transportation and Storage (H)","Thousand",""
"QLF59C01","Persons aged 15 years and over in Employment","20244","2024Q4","GB","United Kingdom","I","Accommodation and Food Service Activities (I)","Thousand",""
"QLF59C01","Persons aged 15 years and over in Employment","20244","2024Q4","GB","United Kingdom","ZZ210228","Information and Communication (J,K)","Thousand",""
"QLF59C01","Persons aged 15 years and over in Employment","20244","2024Q4","GB","United Kingdom","N","Professional, Scientific and Technical Activities (N)","Thousand",""
"QLF59C01","Persons aged 15 years and over in Employment","20244","2024Q4","GB","United Kingdom","O","Administrative and Support Service Activities (O)","Thousand",""
"QLF59C01","Persons aged 15 years and over in Employment","20244","2024Q4","GB","United Kingdom","P","Public Administration and Defence; Compulsory Social Security (P)","Thousand",""
"QLF59C01","Persons aged 15 years and over in Employment","20244","2024Q4","GB","United Kingdom","Q","Education (Q)","Thousand",""
"QLF59C01","Persons aged 15 years and over in Employment","20244","2024Q4","GB","United Kingdom","R","Human Health and Social Work Activities (R)","Thousand",""
"QLF59C01","Persons aged 15 years and over in Employment","20244","2024Q4","GB","United Kingdom","ZZ210011","Industry (B-E)","Thousand",""
"QLF59C01","Persons aged 15 years and over in Employment","20244","2024Q4","GB","United Kingdom","ZZ210010","Industry and Construction (B-F)","Thousand",""
"QLF59C01","Persons aged 15 years and over in Employment","20244","2024Q4","GB","United Kingdom","ZZ210023","Services (G-V)","Thousand","39.6"
"QLF59C01","Persons aged 15 years and over in Employment","20244","2024Q4","GB","United Kingdom","ZZ210221","Financial, Insurance and Real Estate Activities (L,M)","Thousand",""
"QLF59C01","Persons aged 15 years and over in Employment","20244","2024Q4","GB","United Kingdom","ZZ210224","Other NACE Activities (S to V)","Thousand",""
"QLF59C01","Persons aged 15 years and over in Employment","20244","2024Q4","GB","United Kingdom","ZZ219990","NACE Unknown","Thousand",""
"QLF59C01","Persons aged 15 years and over in Employment","20244","2024Q4","IE","Ireland","-","All NACE Economic Sectors (A-V)","Thousand","2213.8"
"QLF59C01","Persons aged 15 years and over in Employment","20244","2024Q4","IE","Ireland","A","Agriculture, Forestry and Fishing (A)","Thousand","102.8"
"QLF59C01","Persons aged 15 years and over in Employment","20244","2024Q4","IE","Ireland","F","Construction (F)","Thousand","142.1"
"QLF59C01","Persons aged 15 years and over in Employment","20244","2024Q4","IE","Ireland","G","Wholesale and Retail Trade (G)","Thousand","245.4"
"QLF59C01","Persons aged 15 years and over in Employment","20244","2024Q4","IE","Ireland","H","Transportation and Storage (H)","Thousand","98.5"
"QLF59C01","Persons aged 15 years and over in Employment","20244","2024Q4","IE","Ireland","I","Accommodation and Food Service Activities (I)","Thousand","124.1"
"QLF59C01","Persons aged 15 years and over in Employment","20244","2024Q4","IE","Ireland","ZZ210228","Information and Communication (J,K)","Thousand","119.3"
"QLF59C01","Persons aged 15 years and over in Employment","20244","2024Q4","IE","Ireland","N","Professional, Scientific and Technical Activities (N)","Thousand","155.5"
"QLF59C01","Persons aged 15 years and over in Employment","20244","2024Q4","IE","Ireland","O","Administrative and Support Service Activities (O)","Thousand","73.9"
"QLF59C01","Persons aged 15 years and over in Employment","20244","2024Q4","IE","Ireland","P","Public Administration and Defence; Compulsory Social Security (P)","Thousand","141.2"
"QLF59C01","Persons aged 15 years and over in Employment","20244","2024Q4","IE","Ireland","Q","Education (Q)","Thousand","215.8"
"QLF59C01","Persons aged 15 years and over in Employment","20244","2024Q4","IE","Ireland","R","Human Health and Social Work Activities (R)","Thousand","302.1"
"QLF59C01","Persons aged 15 years and over in Employment","20244","2024Q4","IE","Ireland","ZZ210011","Industry (B-E)","Thousand","255.8"
"QLF59C01","Persons aged 15 years and over in Employment","20244","2024Q4","IE","Ireland","ZZ210010","Industry and Construction (B-F)","Thousand","397.9"
"QLF59C01","Persons aged 15 years and over in Employment","20244","2024Q4","IE","Ireland","ZZ210023","Services (G-V)","Thousand","1708.8"
"QLF59C01","Persons aged 15 years and over in Employment","20244","2024Q4","IE","Ireland","ZZ210221","Financial, Insurance and Real Estate Activities (L,M)","Thousand","118.1"
"QLF59C01","Persons aged 15 years and over in Employment","20244","2024Q4","IE","Ireland","ZZ210224","Other NACE Activities (S to V)","Thousand","115"
"QLF59C01","Persons aged 15 years and over in Employment","20244","2024Q4","IE","Ireland","ZZ219990","NACE Unknown","Thousand",""
"QLF59C01","Persons aged 15 years and over in Employment","20244","2024Q4","ZZZZ1","All countries excluding Ireland","-","All NACE Economic Sectors (A-V)","Thousand","562.6"
"QLF59C01","Persons aged 15 years and over in Employment","20244","2024Q4","ZZZZ1","All countries excluding Ireland","A","Agriculture, Forestry and Fishing (A)","Thousand",""
"QLF59C01","Persons aged 15 years and over in Employment","20244","2024Q4","ZZZZ1","All countries excluding Ireland","F","Construction (F)","Thousand","30.3"
"QLF59C01","Persons aged 15 years and over in Employment","20244","2024Q4","ZZZZ1","All countries excluding Ireland","G","Wholesale and Retail Trade (G)","Thousand","63"
"QLF59C01","Persons aged 15 years and over in Employment","20244","2024Q4","ZZZZ1","All countries excluding Ireland","H","Transportation and Storage (H)","Thousand","23.3"
"QLF59C01","Persons aged 15 years and over in Employment","20244","2024Q4","ZZZZ1","All countries excluding Ireland","I","Accommodation and Food Service Activities (I)","Thousand","60.3"
"QLF59C01","Persons aged 15 years and over in Employment","20244","2024Q4","ZZZZ1","All countries excluding Ireland","ZZ210228","Information and Communication (J,K)","Thousand","63.6"
"QLF59C01","Persons aged 15 years and over in Employment","20244","2024Q4","ZZZZ1","All countries excluding Ireland","N","Professional, Scientific and Technical Activities (N)","Thousand","42"
"QLF59C01","Persons aged 15 years and over in Employment","20244","2024Q4","ZZZZ1","All countries excluding Ireland","O","Administrative and Support Service Activities (O)","Thousand","26.5"
"QLF59C01","Persons aged 15 years and over in Employment","20244","2024Q4","ZZZZ1","All countries excluding Ireland","P","Public Administration and Defence; Compulsory Social Security (P)","Thousand","10.2"
"QLF59C01","Persons aged 15 years and over in Employment","20244","2024Q4","ZZZZ1","All countries excluding Ireland","Q","Education (Q)","Thousand","23.8"
"QLF59C01","Persons aged 15 years and over in Employment","20244","2024Q4","ZZZZ1","All countries excluding Ireland","R","Human Health and Social Work Activities (R)","Thousand","80.4"
"QLF59C01","Persons aged 15 years and over in Employment","20244","2024Q4","ZZZZ1","All countries excluding Ireland","ZZ210011","Industry (B-E)","Thousand","76.5"
"QLF59C01","Persons aged 15 years and over in Employment","20244","2024Q4","ZZZZ1","All countries excluding Ireland","ZZ210010","Industry and Construction (B-F)","Thousand","106.8"
"QLF59C01","Persons aged 15 years and over in Employment","20244","2024Q4","ZZZZ1","All countries excluding Ireland","ZZ210023","Services (G-V)","Thousand","447.8"
"QLF59C01","Persons aged 15 years and over in Employment","20244","2024Q4","ZZZZ1","All countries excluding Ireland","ZZ210221","Financial, Insurance and Real Estate Activities (L,M)","Thousand","27"
"QLF59C01","Persons aged 15 years and over in Employment","20244","2024Q4","ZZZZ1","All countries excluding Ireland","ZZ210224","Other NACE Activities (S to V)","Thousand","27.8"
"QLF59C01","Persons aged 15 years and over in Employment","20244","2024Q4","ZZZZ1","All countries excluding Ireland","ZZ219990","NACE Unknown","Thousand",""
"QLF59C01","Persons aged 15 years and over in Employment","20244","2024Q4","ZZZZ2","All countries excluding Ireland,United Kingdom and EU272020","-","All NACE Economic Sectors (A-V)","Thousand","262.1"
"QLF59C01","Persons aged 15 years and over in Employment","20244","2024Q4","ZZZZ2","All countries excluding Ireland,United Kingdom and EU272020","A","Agriculture, Forestry and Fishing (A)","Thousand",""
"QLF59C01","Persons aged 15 years and over in Employment","20244","2024Q4","ZZZZ2","All countries excluding Ireland,United Kingdom and EU272020","F","Construction (F)","Thousand",""
"QLF59C01","Persons aged 15 years and over in Employment","20244","2024Q4","ZZZZ2","All countries excluding Ireland,United Kingdom and EU272020","G","Wholesale and Retail Trade (G)","Thousand","19.2"
"QLF59C01","Persons aged 15 years and over in Employment","20244","2024Q4","ZZZZ2","All countries excluding Ireland,United Kingdom and EU272020","H","Transportation and Storage (H)","Thousand","10.9"
"QLF59C01","Persons aged 15 years and over in Employment","20244","2024Q4","ZZZZ2","All countries excluding Ireland,United Kingdom and EU272020","I","Accommodation and Food Service Activities (I)","Thousand","30.5"
"QLF59C01","Persons aged 15 years and over in Employment","20244","2024Q4","ZZZZ2","All countries excluding Ireland,United Kingdom and EU272020","ZZ210228","Information and Communication (J,K)","Thousand","37.8"
"QLF59C01","Persons aged 15 years and over in Employment","20244","2024Q4","ZZZZ2","All countries excluding Ireland,United Kingdom and EU272020","N","Professional, Scientific and Technical Activities (N)","Thousand","18.8"
"QLF59C01","Persons aged 15 years and over in Employment","20244","2024Q4","ZZZZ2","All countries excluding Ireland,United Kingdom and EU272020","O","Administrative and Support Service Activities (O)","Thousand",""
"QLF59C01","Persons aged 15 years and over in Employment","20244","2024Q4","ZZZZ2","All countries excluding Ireland,United Kingdom and EU272020","P","Public Administration and Defence; Compulsory Social Security (P)","Thousand",""
"QLF59C01","Persons aged 15 years and over in Employment","20244","2024Q4","ZZZZ2","All countries excluding Ireland,United Kingdom and EU272020","Q","Education (Q)","Thousand","11.8"
"QLF59C01","Persons aged 15 years and over in Employment","20244","2024Q4","ZZZZ2","All countries excluding Ireland,United Kingdom and EU272020","R","Human Health and Social Work Activities (R)","Thousand","55.1"
"QLF59C01","Persons aged 15 years and over in Employment","20244","2024Q4","ZZZZ2","All countries excluding Ireland,United Kingdom and EU272020","ZZ210011","Industry (B-E)","Thousand","27.4"
"QLF59C01","Persons aged 15 years and over in Employment","20244","2024Q4","ZZZZ2","All countries excluding Ireland,United Kingdom and EU272020","ZZ210010","Industry and Construction (B-F)","Thousand","35.6"
"QLF59C01","Persons aged 15 years and over in Employment","20244","2024Q4","ZZZZ2","All countries excluding Ireland,United Kingdom and EU272020","ZZ210023","Services (G-V)","Thousand","222.2"
"QLF59C01","Persons aged 15 years and over in Employment","20244","2024Q4","ZZZZ2","All countries excluding Ireland,United Kingdom and EU272020","ZZ210221","Financial, Insurance and Real Estate Activities (L,M)","Thousand","12.2"
"QLF59C01","Persons aged 15 years and over in Employment","20244","2024Q4","ZZZZ2","All countries excluding Ireland,United Kingdom and EU272020","ZZ210224","Other NACE Activities (S to V)","Thousand","13.7"
"QLF59C01","Persons aged 15 years and over in Employment","20244","2024Q4","ZZZZ2","All countries excluding Ireland,United Kingdom and EU272020","ZZ219990","NACE Unknown","Thousand",""
"QLF59C01","Persons aged 15 years and over in Employment","20251","2025Q1","-","All Countries","-","All NACE Economic Sectors (A-V)","Thousand","2794.1"
"QLF59C01","Persons aged 15 years and over in Employment","20251","2025Q1","-","All Countries","A","Agriculture, Forestry and Fishing (A)","Thousand","107.6"
"QLF59C01","Persons aged 15 years and over in Employment","20251","2025Q1","-","All Countries","F","Construction (F)","Thousand","174.9"
"QLF59C01","Persons aged 15 years and over in Employment","20251","2025Q1","-","All Countries","G","Wholesale and Retail Trade (G)","Thousand","299.2"
"QLF59C01","Persons aged 15 years and over in Employment","20251","2025Q1","-","All Countries","H","Transportation and Storage (H)","Thousand","111.8"
"QLF59C01","Persons aged 15 years and over in Employment","20251","2025Q1","-","All Countries","I","Accommodation and Food Service Activities (I)","Thousand","186.5"
"QLF59C01","Persons aged 15 years and over in Employment","20251","2025Q1","-","All Countries","ZZ210228","Information and Communication (J,K)","Thousand","189.5"
"QLF59C01","Persons aged 15 years and over in Employment","20251","2025Q1","-","All Countries","N","Professional, Scientific and Technical Activities (N)","Thousand","196.8"
"QLF59C01","Persons aged 15 years and over in Employment","20251","2025Q1","-","All Countries","O","Administrative and Support Service Activities (O)","Thousand","110.6"
"QLF59C01","Persons aged 15 years and over in Employment","20251","2025Q1","-","All Countries","P","Public Administration and Defence; Compulsory Social Security (P)","Thousand","151.6"
"QLF59C01","Persons aged 15 years and over in Employment","20251","2025Q1","-","All Countries","Q","Education (Q)","Thousand","252.5"
"QLF59C01","Persons aged 15 years and over in Employment","20251","2025Q1","-","All Countries","R","Human Health and Social Work Activities (R)","Thousand","368.3"
"QLF59C01","Persons aged 15 years and over in Employment","20251","2025Q1","-","All Countries","ZZ210011","Industry (B-E)","Thousand","332.6"
"QLF59C01","Persons aged 15 years and over in Employment","20251","2025Q1","-","All Countries","ZZ210010","Industry and Construction (B-F)","Thousand","507.5"
"QLF59C01","Persons aged 15 years and over in Employment","20251","2025Q1","-","All Countries","ZZ210023","Services (G-V)","Thousand","2171.4"
"QLF59C01","Persons aged 15 years and over in Employment","20251","2025Q1","-","All Countries","ZZ210221","Financial, Insurance and Real Estate Activities (L,M)","Thousand","154.7"
"QLF59C01","Persons aged 15 years and over in Employment","20251","2025Q1","-","All Countries","ZZ210224","Other NACE Activities (S to V)","Thousand","150"
"QLF59C01","Persons aged 15 years and over in Employment","20251","2025Q1","-","All Countries","ZZ219990","NACE Unknown","Thousand","7.7"
"QLF59C01","Persons aged 15 years and over in Employment","20251","2025Q1","E1420XIE","EU14 excl Irl (countries in the EU pre 2004 excluding UK & Ireland)","-","All NACE Economic Sectors (A-V)","Thousand","89.5"
"QLF59C01","Persons aged 15 years and over in Employment","20251","2025Q1","E1420XIE","EU14 excl Irl (countries in the EU pre 2004 excluding UK & Ireland)","A","Agriculture, Forestry and Fishing (A)","Thousand",""
"QLF59C01","Persons aged 15 years and over in Employment","20251","2025Q1","E1420XIE","EU14 excl Irl (countries in the EU pre 2004 excluding UK & Ireland)","F","Construction (F)","Thousand",""
"QLF59C01","Persons aged 15 years and over in Employment","20251","2025Q1","E1420XIE","EU14 excl Irl (countries in the EU pre 2004 excluding UK & Ireland)","G","Wholesale and Retail Trade (G)","Thousand",""
"QLF59C01","Persons aged 15 years and over in Employment","20251","2025Q1","E1420XIE","EU14 excl Irl (countries in the EU pre 2004 excluding UK & Ireland)","H","Transportation and Storage (H)","Thousand",""
"QLF59C01","Persons aged 15 years and over in Employment","20251","2025Q1","E1420XIE","EU14 excl Irl (countries in the EU pre 2004 excluding UK & Ireland)","I","Accommodation and Food Service Activities (I)","Thousand",""
"QLF59C01","Persons aged 15 years and over in Employment","20251","2025Q1","E1420XIE","EU14 excl Irl (countries in the EU pre 2004 excluding UK & Ireland)","ZZ210228","Information and Communication (J,K)","Thousand","16.2"
"QLF59C01","Persons aged 15 years and over in Employment","20251","2025Q1","E1420XIE","EU14 excl Irl (countries in the EU pre 2004 excluding UK & Ireland)","N","Professional, Scientific and Technical Activities (N)","Thousand",""
"QLF59C01","Persons aged 15 years and over in Employment","20251","2025Q1","E1420XIE","EU14 excl Irl (countries in the EU pre 2004 excluding UK & Ireland)","O","Administrative and Support Service Activities (O)","Thousand",""
"QLF59C01","Persons aged 15 years and over in Employment","20251","2025Q1","E1420XIE","EU14 excl Irl (countries in the EU pre 2004 excluding UK & Ireland)","P","Public Administration and Defence; Compulsory Social Security (P)","Thousand",""
"QLF59C01","Persons aged 15 years and over in Employment","20251","2025Q1","E1420XIE","EU14 excl Irl (countries in the EU pre 2004 excluding UK & Ireland)","Q","Education (Q)","Thousand",""
"QLF59C01","Persons aged 15 years and over in Employment","20251","2025Q1","E1420XIE","EU14 excl Irl (countries in the EU pre 2004 excluding UK & Ireland)","R","Human Health and Social Work Activities (R)","Thousand","9"
"QLF59C01","Persons aged 15 years and over in Employment","20251","2025Q1","E1420XIE","EU14 excl Irl (countries in the EU pre 2004 excluding UK & Ireland)","ZZ210011","Industry (B-E)","Thousand","12.9"
"QLF59C01","Persons aged 15 years and over in Employment","20251","2025Q1","E1420XIE","EU14 excl Irl (countries in the EU pre 2004 excluding UK & Ireland)","ZZ210010","Industry and Construction (B-F)","Thousand","14.1"
"QLF59C01","Persons aged 15 years and over in Employment","20251","2025Q1","E1420XIE","EU14 excl Irl (countries in the EU pre 2004 excluding UK & Ireland)","ZZ210023","Services (G-V)","Thousand","75.2"
"QLF59C01","Persons aged 15 years and over in Employment","20251","2025Q1","E1420XIE","EU14 excl Irl (countries in the EU pre 2004 excluding UK & Ireland)","ZZ210221","Financial, Insurance and Real Estate Activities (L,M)","Thousand",""
"QLF59C01","Persons aged 15 years and over in Employment","20251","2025Q1","E1420XIE","EU14 excl Irl (countries in the EU pre 2004 excluding UK & Ireland)","ZZ210224","Other NACE Activities (S to V)","Thousand",""
"QLF59C01","Persons aged 15 years and over in Employment","20251","2025Q1","E1420XIE","EU14 excl Irl (countries in the EU pre 2004 excluding UK & Ireland)","ZZ219990","NACE Unknown","Thousand",""
"QLF59C01","Persons aged 15 years and over in Employment","20251","2025Q1","E15E2720","EU15 to EU27 (accession countries joined post 2004)","-","All NACE Economic Sectors (A-V)","Thousand","173.2"
"QLF59C01","Persons aged 15 years and over in Employment","20251","2025Q1","E15E2720","EU15 to EU27 (accession countries joined post 2004)","A","Agriculture, Forestry and Fishing (A)","Thousand",""
"QLF59C01","Persons aged 15 years and over in Employment","20251","2025Q1","E15E2720","EU15 to EU27 (accession countries joined post 2004)","F","Construction (F)","Thousand","20.1"
"QLF59C01","Persons aged 15 years and over in Employment","20251","2025Q1","E15E2720","EU15 to EU27 (accession countries joined post 2004)","G","Wholesale and Retail Trade (G)","Thousand","24.4"
"QLF59C01","Persons aged 15 years and over in Employment","20251","2025Q1","E15E2720","EU15 to EU27 (accession countries joined post 2004)","H","Transportation and Storage (H)","Thousand",""
"QLF59C01","Persons aged 15 years and over in Employment","20251","2025Q1","E15E2720","EU15 to EU27 (accession countries joined post 2004)","I","Accommodation and Food Service Activities (I)","Thousand","21.8"
"QLF59C01","Persons aged 15 years and over in Employment","20251","2025Q1","E15E2720","EU15 to EU27 (accession countries joined post 2004)","ZZ210228","Information and Communication (J,K)","Thousand","8.9"
"QLF59C01","Persons aged 15 years and over in Employment","20251","2025Q1","E15E2720","EU15 to EU27 (accession countries joined post 2004)","N","Professional, Scientific and Technical Activities (N)","Thousand","9.5"
"QLF59C01","Persons aged 15 years and over in Employment","20251","2025Q1","E15E2720","EU15 to EU27 (accession countries joined post 2004)","O","Administrative and Support Service Activities (O)","Thousand","14.8"
"QLF59C01","Persons aged 15 years and over in Employment","20251","2025Q1","E15E2720","EU15 to EU27 (accession countries joined post 2004)","P","Public Administration and Defence; Compulsory Social Security (P)","Thousand",""
"QLF59C01","Persons aged 15 years and over in Employment","20251","2025Q1","E15E2720","EU15 to EU27 (accession countries joined post 2004)","Q","Education (Q)","Thousand",""
"QLF59C01","Persons aged 15 years and over in Employment","20251","2025Q1","E15E2720","EU15 to EU27 (accession countries joined post 2004)","R","Human Health and Social Work Activities (R)","Thousand","12.5"
"QLF59C01","Persons aged 15 years and over in Employment","20251","2025Q1","E15E2720","EU15 to EU27 (accession countries joined post 2004)","ZZ210011","Industry (B-E)","Thousand","34.1"
"QLF59C01","Persons aged 15 years and over in Employment","20251","2025Q1","E15E2720","EU15 to EU27 (accession countries joined post 2004)","ZZ210010","Industry and Construction (B-F)","Thousand","54.1"
"QLF59C01","Persons aged 15 years and over in Employment","20251","2025Q1","E15E2720","EU15 to EU27 (accession countries joined post 2004)","ZZ210023","Services (G-V)","Thousand","117.3"
"QLF59C01","Persons aged 15 years and over in Employment","20251","2025Q1","E15E2720","EU15 to EU27 (accession countries joined post 2004)","ZZ210221","Financial, Insurance and Real Estate Activities (L,M)","Thousand",""
"QLF59C01","Persons aged 15 years and over in Employment","20251","2025Q1","E15E2720","EU15 to EU27 (accession countries joined post 2004)","ZZ210224","Other NACE Activities (S to V)","Thousand","10.1"
"QLF59C01","Persons aged 15 years and over in Employment","20251","2025Q1","E15E2720","EU15 to EU27 (accession countries joined post 2004)","ZZ219990","NACE Unknown","Thousand",""
"QLF59C01","Persons aged 15 years and over in Employment","20251","2025Q1","GB","United Kingdom","-","All NACE Economic Sectors (A-V)","Thousand","48.1"
"QLF59C01","Persons aged 15 years and over in Employment","20251","2025Q1","GB","United Kingdom","A","Agriculture, Forestry and Fishing (A)","Thousand",""
"QLF59C01","Persons aged 15 years and over in Employment","20251","2025Q1","GB","United Kingdom","F","Construction (F)","Thousand",""
"QLF59C01","Persons aged 15 years and over in Employment","20251","2025Q1","GB","United Kingdom","G","Wholesale and Retail Trade (G)","Thousand",""
"QLF59C01","Persons aged 15 years and over in Employment","20251","2025Q1","GB","United Kingdom","H","Transportation and Storage (H)","Thousand",""
"QLF59C01","Persons aged 15 years and over in Employment","20251","2025Q1","GB","United Kingdom","I","Accommodation and Food Service Activities (I)","Thousand",""
"QLF59C01","Persons aged 15 years and over in Employment","20251","2025Q1","GB","United Kingdom","ZZ210228","Information and Communication (J,K)","Thousand",""
"QLF59C01","Persons aged 15 years and over in Employment","20251","2025Q1","GB","United Kingdom","N","Professional, Scientific and Technical Activities (N)","Thousand",""
"QLF59C01","Persons aged 15 years and over in Employment","20251","2025Q1","GB","United Kingdom","O","Administrative and Support Service Activities (O)","Thousand",""
"QLF59C01","Persons aged 15 years and over in Employment","20251","2025Q1","GB","United Kingdom","P","Public Administration and Defence; Compulsory Social Security (P)","Thousand",""
"QLF59C01","Persons aged 15 years and over in Employment","20251","2025Q1","GB","United Kingdom","Q","Education (Q)","Thousand",""
"QLF59C01","Persons aged 15 years and over in Employment","20251","2025Q1","GB","United Kingdom","R","Human Health and Social Work Activities (R)","Thousand","6.5"
"QLF59C01","Persons aged 15 years and over in Employment","20251","2025Q1","GB","United Kingdom","ZZ210011","Industry (B-E)","Thousand",""
"QLF59C01","Persons aged 15 years and over in Employment","20251","2025Q1","GB","United Kingdom","ZZ210010","Industry and Construction (B-F)","Thousand","7.1"
"QLF59C01","Persons aged 15 years and over in Employment","20251","2025Q1","GB","United Kingdom","ZZ210023","Services (G-V)","Thousand","40.2"
"QLF59C01","Persons aged 15 years and over in Employment","20251","2025Q1","GB","United Kingdom","ZZ210221","Financial, Insurance and Real Estate Activities (L,M)","Thousand",""
"QLF59C01","Persons aged 15 years and over in Employment","20251","2025Q1","GB","United Kingdom","ZZ210224","Other NACE Activities (S to V)","Thousand",""
"QLF59C01","Persons aged 15 years and over in Employment","20251","2025Q1","GB","United Kingdom","ZZ219990","NACE Unknown","Thousand",""
"QLF59C01","Persons aged 15 years and over in Employment","20251","2025Q1","IE","Ireland","-","All NACE Economic Sectors (A-V)","Thousand","2214.7"
"QLF59C01","Persons aged 15 years and over in Employment","20251","2025Q1","IE","Ireland","A","Agriculture, Forestry and Fishing (A)","Thousand","102.3"
"QLF59C01","Persons aged 15 years and over in Employment","20251","2025Q1","IE","Ireland","F","Construction (F)","Thousand","142.4"
"QLF59C01","Persons aged 15 years and over in Employment","20251","2025Q1","IE","Ireland","G","Wholesale and Retail Trade (G)","Thousand","238.1"
"QLF59C01","Persons aged 15 years and over in Employment","20251","2025Q1","IE","Ireland","H","Transportation and Storage (H)","Thousand","94.9"
"QLF59C01","Persons aged 15 years and over in Employment","20251","2025Q1","IE","Ireland","I","Accommodation and Food Service Activities (I)","Thousand","129.2"
"QLF59C01","Persons aged 15 years and over in Employment","20251","2025Q1","IE","Ireland","ZZ210228","Information and Communication (J,K)","Thousand","119.4"
"QLF59C01","Persons aged 15 years and over in Employment","20251","2025Q1","IE","Ireland","N","Professional, Scientific and Technical Activities (N)","Thousand","157.3"
"QLF59C01","Persons aged 15 years and over in Employment","20251","2025Q1","IE","Ireland","O","Administrative and Support Service Activities (O)","Thousand","77.2"
"QLF59C01","Persons aged 15 years and over in Employment","20251","2025Q1","IE","Ireland","P","Public Administration and Defence; Compulsory Social Security (P)","Thousand","141.8"
"QLF59C01","Persons aged 15 years and over in Employment","20251","2025Q1","IE","Ireland","Q","Education (Q)","Thousand","226.2"
"QLF59C01","Persons aged 15 years and over in Employment","20251","2025Q1","IE","Ireland","R","Human Health and Social Work Activities (R)","Thousand","283.7"
"QLF59C01","Persons aged 15 years and over in Employment","20251","2025Q1","IE","Ireland","ZZ210011","Industry (B-E)","Thousand","251.5"
"QLF59C01","Persons aged 15 years and over in Employment","20251","2025Q1","IE","Ireland","ZZ210010","Industry and Construction (B-F)","Thousand","393.9"
"QLF59C01","Persons aged 15 years and over in Employment","20251","2025Q1","IE","Ireland","ZZ210023","Services (G-V)","Thousand","1713.5"
"QLF59C01","Persons aged 15 years and over in Employment","20251","2025Q1","IE","Ireland","ZZ210221","Financial, Insurance and Real Estate Activities (L,M)","Thousand","124.9"
"QLF59C01","Persons aged 15 years and over in Employment","20251","2025Q1","IE","Ireland","ZZ210224","Other NACE Activities (S to V)","Thousand","120.8"
"QLF59C01","Persons aged 15 years and over in Employment","20251","2025Q1","IE","Ireland","ZZ219990","NACE Unknown","Thousand",""
"QLF59C01","Persons aged 15 years and over in Employment","20251","2025Q1","ZZZZ1","All countries excluding Ireland","-","All NACE Economic Sectors (A-V)","Thousand","579.5"
"QLF59C01","Persons aged 15 years and over in Employment","20251","2025Q1","ZZZZ1","All countries excluding Ireland","A","Agriculture, Forestry and Fishing (A)","Thousand",""
"QLF59C01","Persons aged 15 years and over in Employment","20251","2025Q1","ZZZZ1","All countries excluding Ireland","F","Construction (F)","Thousand","32.4"
"QLF59C01","Persons aged 15 years and over in Employment","20251","2025Q1","ZZZZ1","All countries excluding Ireland","G","Wholesale and Retail Trade (G)","Thousand","61"
"QLF59C01","Persons aged 15 years and over in Employment","20251","2025Q1","ZZZZ1","All countries excluding Ireland","H","Transportation and Storage (H)","Thousand","16.9"
"QLF59C01","Persons aged 15 years and over in Employment","20251","2025Q1","ZZZZ1","All countries excluding Ireland","I","Accommodation and Food Service Activities (I)","Thousand","57.3"
"QLF59C01","Persons aged 15 years and over in Employment","20251","2025Q1","ZZZZ1","All countries excluding Ireland","ZZ210228","Information and Communication (J,K)","Thousand","70.1"
"QLF59C01","Persons aged 15 years and over in Employment","20251","2025Q1","ZZZZ1","All countries excluding Ireland","N","Professional, Scientific and Technical Activities (N)","Thousand","39.6"
"QLF59C01","Persons aged 15 years and over in Employment","20251","2025Q1","ZZZZ1","All countries excluding Ireland","O","Administrative and Support Service Activities (O)","Thousand","33.4"
"QLF59C01","Persons aged 15 years and over in Employment","20251","2025Q1","ZZZZ1","All countries excluding Ireland","P","Public Administration and Defence; Compulsory Social Security (P)","Thousand","9.8"
"QLF59C01","Persons aged 15 years and over in Employment","20251","2025Q1","ZZZZ1","All countries excluding Ireland","Q","Education (Q)","Thousand","26.3"
"QLF59C01","Persons aged 15 years and over in Employment","20251","2025Q1","ZZZZ1","All countries excluding Ireland","R","Human Health and Social Work Activities (R)","Thousand","84.5"
"QLF59C01","Persons aged 15 years and over in Employment","20251","2025Q1","ZZZZ1","All countries excluding Ireland","ZZ210011","Industry (B-E)","Thousand","81.1"
"QLF59C01","Persons aged 15 years and over in Employment","20251","2025Q1","ZZZZ1","All countries excluding Ireland","ZZ210010","Industry and Construction (B-F)","Thousand","113.5"
"QLF59C01","Persons aged 15 years and over in Employment","20251","2025Q1","ZZZZ1","All countries excluding Ireland","ZZ210023","Services (G-V)","Thousand","457.9"
"QLF59C01","Persons aged 15 years and over in Employment","20251","2025Q1","ZZZZ1","All countries excluding Ireland","ZZ210221","Financial, Insurance and Real Estate Activities (L,M)","Thousand","29.8"
"QLF59C01","Persons aged 15 years and over in Employment","20251","2025Q1","ZZZZ1","All countries excluding Ireland","ZZ210224","Other NACE Activities (S to V)","Thousand","29.2"
"QLF59C01","Persons aged 15 years and over in Employment","20251","2025Q1","ZZZZ1","All countries excluding Ireland","ZZ219990","NACE Unknown","Thousand",""
"QLF59C01","Persons aged 15 years and over in Employment","20251","2025Q1","ZZZZ2","All countries excluding Ireland,United Kingdom and EU272020","-","All NACE Economic Sectors (A-V)","Thousand","268.7"
"QLF59C01","Persons aged 15 years and over in Employment","20251","2025Q1","ZZZZ2","All countries excluding Ireland,United Kingdom and EU272020","A","Agriculture, Forestry and Fishing (A)","Thousand",""
"QLF59C01","Persons aged 15 years and over in Employment","20251","2025Q1","ZZZZ2","All countries excluding Ireland,United Kingdom and EU272020","F","Construction (F)","Thousand",""
"QLF59C01","Persons aged 15 years and over in Employment","20251","2025Q1","ZZZZ2","All countries excluding Ireland,United Kingdom and EU272020","G","Wholesale and Retail Trade (G)","Thousand","22.9"
"QLF59C01","Persons aged 15 years and over in Employment","20251","2025Q1","ZZZZ2","All countries excluding Ireland,United Kingdom and EU272020","H","Transportation and Storage (H)","Thousand",""
"QLF59C01","Persons aged 15 years and over in Employment","20251","2025Q1","ZZZZ2","All countries excluding Ireland,United Kingdom and EU272020","I","Accommodation and Food Service Activities (I)","Thousand","25.1"
"QLF59C01","Persons aged 15 years and over in Employment","20251","2025Q1","ZZZZ2","All countries excluding Ireland,United Kingdom and EU272020","ZZ210228","Information and Communication (J,K)","Thousand","41.4"
"QLF59C01","Persons aged 15 years and over in Employment","20251","2025Q1","ZZZZ2","All countries excluding Ireland,United Kingdom and EU272020","N","Professional, Scientific and Technical Activities (N)","Thousand","18.2"
"QLF59C01","Persons aged 15 years and over in Employment","20251","2025Q1","ZZZZ2","All countries excluding Ireland,United Kingdom and EU272020","O","Administrative and Support Service Activities (O)","Thousand","11.4"
"QLF59C01","Persons aged 15 years and over in Employment","20251","2025Q1","ZZZZ2","All countries excluding Ireland,United Kingdom and EU272020","P","Public Administration and Defence; Compulsory Social Security (P)","Thousand",""
"QLF59C01","Persons aged 15 years and over in Employment","20251","2025Q1","ZZZZ2","All countries excluding Ireland,United Kingdom and EU272020","Q","Education (Q)","Thousand","11"
"QLF59C01","Persons aged 15 years and over in Employment","20251","2025Q1","ZZZZ2","All countries excluding Ireland,United Kingdom and EU272020","R","Human Health and Social Work Activities (R)","Thousand","56.5"
"QLF59C01","Persons aged 15 years and over in Employment","20251","2025Q1","ZZZZ2","All countries excluding Ireland,United Kingdom and EU272020","ZZ210011","Industry (B-E)","Thousand","29.1"
"QLF59C01","Persons aged 15 years and over in Employment","20251","2025Q1","ZZZZ2","All countries excluding Ireland,United Kingdom and EU272020","ZZ210010","Industry and Construction (B-F)","Thousand","38.2"
"QLF59C01","Persons aged 15 years and over in Employment","20251","2025Q1","ZZZZ2","All countries excluding Ireland,United Kingdom and EU272020","ZZ210023","Services (G-V)","Thousand","225.1"
"QLF59C01","Persons aged 15 years and over in Employment","20251","2025Q1","ZZZZ2","All countries excluding Ireland,United Kingdom and EU272020","ZZ210221","Financial, Insurance and Real Estate Activities (L,M)","Thousand","14.5"
"QLF59C01","Persons aged 15 years and over in Employment","20251","2025Q1","ZZZZ2","All countries excluding Ireland,United Kingdom and EU272020","ZZ210224","Other NACE Activities (S to V)","Thousand","12"
"QLF59C01","Persons aged 15 years and over in Employment","20251","2025Q1","ZZZZ2","All countries excluding Ireland,United Kingdom and EU272020","ZZ219990","NACE Unknown","Thousand",""
"QLF59C01","Persons aged 15 years and over in Employment","20252","2025Q2","-","All Countries","-","All NACE Economic Sectors (A-V)","Thousand","2818.1"
"QLF59C01","Persons aged 15 years and over in Employment","20252","2025Q2","-","All Countries","A","Agriculture, Forestry and Fishing (A)","Thousand","109.7"
"QLF59C01","Persons aged 15 years and over in Employment","20252","2025Q2","-","All Countries","F","Construction (F)","Thousand","187.9"
"QLF59C01","Persons aged 15 years and over in Employment","20252","2025Q2","-","All Countries","G","Wholesale and Retail Trade (G)","Thousand","299.1"
"QLF59C01","Persons aged 15 years and over in Employment","20252","2025Q2","-","All Countries","H","Transportation and Storage (H)","Thousand","124.2"
"QLF59C01","Persons aged 15 years and over in Employment","20252","2025Q2","-","All Countries","I","Accommodation and Food Service Activities (I)","Thousand","181.3"
"QLF59C01","Persons aged 15 years and over in Employment","20252","2025Q2","-","All Countries","ZZ210228","Information and Communication (J,K)","Thousand","179.2"
"QLF59C01","Persons aged 15 years and over in Employment","20252","2025Q2","-","All Countries","N","Professional, Scientific and Technical Activities (N)","Thousand","206.8"
"QLF59C01","Persons aged 15 years and over in Employment","20252","2025Q2","-","All Countries","O","Administrative and Support Service Activities (O)","Thousand","112.3"
"QLF59C01","Persons aged 15 years and over in Employment","20252","2025Q2","-","All Countries","P","Public Administration and Defence; Compulsory Social Security (P)","Thousand","146.3"
"QLF59C01","Persons aged 15 years and over in Employment","20252","2025Q2","-","All Countries","Q","Education (Q)","Thousand","242.7"
"QLF59C01","Persons aged 15 years and over in Employment","20252","2025Q2","-","All Countries","R","Human Health and Social Work Activities (R)","Thousand","391"
"QLF59C01","Persons aged 15 years and over in Employment","20252","2025Q2","-","All Countries","ZZ210011","Industry (B-E)","Thousand","346.8"
"QLF59C01","Persons aged 15 years and over in Employment","20252","2025Q2","-","All Countries","ZZ210010","Industry and Construction (B-F)","Thousand","534.7"
"QLF59C01","Persons aged 15 years and over in Employment","20252","2025Q2","-","All Countries","ZZ210023","Services (G-V)","Thousand","2165.3"
"QLF59C01","Persons aged 15 years and over in Employment","20252","2025Q2","-","All Countries","ZZ210221","Financial, Insurance and Real Estate Activities (L,M)","Thousand","144"
"QLF59C01","Persons aged 15 years and over in Employment","20252","2025Q2","-","All Countries","ZZ210224","Other NACE Activities (S to V)","Thousand","138.5"
"QLF59C01","Persons aged 15 years and over in Employment","20252","2025Q2","-","All Countries","ZZ219990","NACE Unknown","Thousand","8.4"
"QLF59C01","Persons aged 15 years and over in Employment","20252","2025Q2","E1420XIE","EU14 excl Irl (countries in the EU pre 2004 excluding UK & Ireland)","-","All NACE Economic Sectors (A-V)","Thousand","90"
"QLF59C01","Persons aged 15 years and over in Employment","20252","2025Q2","E1420XIE","EU14 excl Irl (countries in the EU pre 2004 excluding UK & Ireland)","A","Agriculture, Forestry and Fishing (A)","Thousand",""
"QLF59C01","Persons aged 15 years and over in Employment","20252","2025Q2","E1420XIE","EU14 excl Irl (countries in the EU pre 2004 excluding UK & Ireland)","F","Construction (F)","Thousand",""
"QLF59C01","Persons aged 15 years and over in Employment","20252","2025Q2","E1420XIE","EU14 excl Irl (countries in the EU pre 2004 excluding UK & Ireland)","G","Wholesale and Retail Trade (G)","Thousand",""
"QLF59C01","Persons aged 15 years and over in Employment","20252","2025Q2","E1420XIE","EU14 excl Irl (countries in the EU pre 2004 excluding UK & Ireland)","H","Transportation and Storage (H)","Thousand",""
"QLF59C01","Persons aged 15 years and over in Employment","20252","2025Q2","E1420XIE","EU14 excl Irl (countries in the EU pre 2004 excluding UK & Ireland)","I","Accommodation and Food Service Activities (I)","Thousand",""
"QLF59C01","Persons aged 15 years and over in Employment","20252","2025Q2","E1420XIE","EU14 excl Irl (countries in the EU pre 2004 excluding UK & Ireland)","ZZ210228","Information and Communication (J,K)","Thousand","17.6"
"QLF59C01","Persons aged 15 years and over in Employment","20252","2025Q2","E1420XIE","EU14 excl Irl (countries in the EU pre 2004 excluding UK & Ireland)","N","Professional, Scientific and Technical Activities (N)","Thousand","7.8"
"QLF59C01","Persons aged 15 years and over in Employment","20252","2025Q2","E1420XIE","EU14 excl Irl (countries in the EU pre 2004 excluding UK & Ireland)","O","Administrative and Support Service Activities (O)","Thousand",""
"QLF59C01","Persons aged 15 years and over in Employment","20252","2025Q2","E1420XIE","EU14 excl Irl (countries in the EU pre 2004 excluding UK & Ireland)","P","Public Administration and Defence; Compulsory Social Security (P)","Thousand",""
"QLF59C01","Persons aged 15 years and over in Employment","20252","2025Q2","E1420XIE","EU14 excl Irl (countries in the EU pre 2004 excluding UK & Ireland)","Q","Education (Q)","Thousand",""
"QLF59C01","Persons aged 15 years and over in Employment","20252","2025Q2","E1420XIE","EU14 excl Irl (countries in the EU pre 2004 excluding UK & Ireland)","R","Human Health and Social Work Activities (R)","Thousand","8.2"
"QLF59C01","Persons aged 15 years and over in Employment","20252","2025Q2","E1420XIE","EU14 excl Irl (countries in the EU pre 2004 excluding UK & Ireland)","ZZ210011","Industry (B-E)","Thousand","13.3"
"QLF59C01","Persons aged 15 years and over in Employment","20252","2025Q2","E1420XIE","EU14 excl Irl (countries in the EU pre 2004 excluding UK & Ireland)","ZZ210010","Industry and Construction (B-F)","Thousand","15.2"
"QLF59C01","Persons aged 15 years and over in Employment","20252","2025Q2","E1420XIE","EU14 excl Irl (countries in the EU pre 2004 excluding UK & Ireland)","ZZ210023","Services (G-V)","Thousand","74"
"QLF59C01","Persons aged 15 years and over in Employment","20252","2025Q2","E1420XIE","EU14 excl Irl (countries in the EU pre 2004 excluding UK & Ireland)","ZZ210221","Financial, Insurance and Real Estate Activities (L,M)","Thousand",""
"QLF59C01","Persons aged 15 years and over in Employment","20252","2025Q2","E1420XIE","EU14 excl Irl (countries in the EU pre 2004 excluding UK & Ireland)","ZZ210224","Other NACE Activities (S to V)","Thousand",""
"QLF59C01","Persons aged 15 years and over in Employment","20252","2025Q2","E1420XIE","EU14 excl Irl (countries in the EU pre 2004 excluding UK & Ireland)","ZZ219990","NACE Unknown","Thousand",""
"QLF59C01","Persons aged 15 years and over in Employment","20252","2025Q2","E15E2720","EU15 to EU27 (accession countries joined post 2004)","-","All NACE Economic Sectors (A-V)","Thousand","176.2"
"QLF59C01","Persons aged 15 years and over in Employment","20252","2025Q2","E15E2720","EU15 to EU27 (accession countries joined post 2004)","A","Agriculture, Forestry and Fishing (A)","Thousand",""
"QLF59C01","Persons aged 15 years and over in Employment","20252","2025Q2","E15E2720","EU15 to EU27 (accession countries joined post 2004)","F","Construction (F)","Thousand","22.6"
"QLF59C01","Persons aged 15 years and over in Employment","20252","2025Q2","E15E2720","EU15 to EU27 (accession countries joined post 2004)","G","Wholesale and Retail Trade (G)","Thousand","24.8"
"QLF59C01","Persons aged 15 years and over in Employment","20252","2025Q2","E15E2720","EU15 to EU27 (accession countries joined post 2004)","H","Transportation and Storage (H)","Thousand","8.9"
"QLF59C01","Persons aged 15 years and over in Employment","20252","2025Q2","E15E2720","EU15 to EU27 (accession countries joined post 2004)","I","Accommodation and Food Service Activities (I)","Thousand","17.3"
"QLF59C01","Persons aged 15 years and over in Employment","20252","2025Q2","E15E2720","EU15 to EU27 (accession countries joined post 2004)","ZZ210228","Information and Communication (J,K)","Thousand","8.9"
"QLF59C01","Persons aged 15 years and over in Employment","20252","2025Q2","E15E2720","EU15 to EU27 (accession countries joined post 2004)","N","Professional, Scientific and Technical Activities (N)","Thousand","10.2"
"QLF59C01","Persons aged 15 years and over in Employment","20252","2025Q2","E15E2720","EU15 to EU27 (accession countries joined post 2004)","O","Administrative and Support Service Activities (O)","Thousand","12.5"
"QLF59C01","Persons aged 15 years and over in Employment","20252","2025Q2","E15E2720","EU15 to EU27 (accession countries joined post 2004)","P","Public Administration and Defence; Compulsory Social Security (P)","Thousand",""
"QLF59C01","Persons aged 15 years and over in Employment","20252","2025Q2","E15E2720","EU15 to EU27 (accession countries joined post 2004)","Q","Education (Q)","Thousand",""
"QLF59C01","Persons aged 15 years and over in Employment","20252","2025Q2","E15E2720","EU15 to EU27 (accession countries joined post 2004)","R","Human Health and Social Work Activities (R)","Thousand","14.2"
"QLF59C01","Persons aged 15 years and over in Employment","20252","2025Q2","E15E2720","EU15 to EU27 (accession countries joined post 2004)","ZZ210011","Industry (B-E)","Thousand","33.2"
"QLF59C01","Persons aged 15 years and over in Employment","20252","2025Q2","E15E2720","EU15 to EU27 (accession countries joined post 2004)","ZZ210010","Industry and Construction (B-F)","Thousand","55.8"
"QLF59C01","Persons aged 15 years and over in Employment","20252","2025Q2","E15E2720","EU15 to EU27 (accession countries joined post 2004)","ZZ210023","Services (G-V)","Thousand","116"
"QLF59C01","Persons aged 15 years and over in Employment","20252","2025Q2","E15E2720","EU15 to EU27 (accession countries joined post 2004)","ZZ210221","Financial, Insurance and Real Estate Activities (L,M)","Thousand",""
"QLF59C01","Persons aged 15 years and over in Employment","20252","2025Q2","E15E2720","EU15 to EU27 (accession countries joined post 2004)","ZZ210224","Other NACE Activities (S to V)","Thousand","8.7"
"QLF59C01","Persons aged 15 years and over in Employment","20252","2025Q2","E15E2720","EU15 to EU27 (accession countries joined post 2004)","ZZ219990","NACE Unknown","Thousand",""
"QLF59C01","Persons aged 15 years and over in Employment","20252","2025Q2","GB","United Kingdom","-","All NACE Economic Sectors (A-V)","Thousand","48.2"
"QLF59C01","Persons aged 15 years and over in Employment","20252","2025Q2","GB","United Kingdom","A","Agriculture, Forestry and Fishing (A)","Thousand",""
"QLF59C01","Persons aged 15 years and over in Employment","20252","2025Q2","GB","United Kingdom","F","Construction (F)","Thousand",""
"QLF59C01","Persons aged 15 years and over in Employment","20252","2025Q2","GB","United Kingdom","G","Wholesale and Retail Trade (G)","Thousand","7.6"
"QLF59C01","Persons aged 15 years and over in Employment","20252","2025Q2","GB","United Kingdom","H","Transportation and Storage (H)","Thousand",""
"QLF59C01","Persons aged 15 years and over in Employment","20252","2025Q2","GB","United Kingdom","I","Accommodation and Food Service Activities (I)","Thousand",""
"QLF59C01","Persons aged 15 years and over in Employment","20252","2025Q2","GB","United Kingdom","ZZ210228","Information and Communication (J,K)","Thousand",""
"QLF59C01","Persons aged 15 years and over in Employment","20252","2025Q2","GB","United Kingdom","N","Professional, Scientific and Technical Activities (N)","Thousand",""
"QLF59C01","Persons aged 15 years and over in Employment","20252","2025Q2","GB","United Kingdom","O","Administrative and Support Service Activities (O)","Thousand",""
"QLF59C01","Persons aged 15 years and over in Employment","20252","2025Q2","GB","United Kingdom","P","Public Administration and Defence; Compulsory Social Security (P)","Thousand",""
"QLF59C01","Persons aged 15 years and over in Employment","20252","2025Q2","GB","United Kingdom","Q","Education (Q)","Thousand",""
"QLF59C01","Persons aged 15 years and over in Employment","20252","2025Q2","GB","United Kingdom","R","Human Health and Social Work Activities (R)","Thousand","6.9"
"QLF59C01","Persons aged 15 years and over in Employment","20252","2025Q2","GB","United Kingdom","ZZ210011","Industry (B-E)","Thousand",""
"QLF59C01","Persons aged 15 years and over in Employment","20252","2025Q2","GB","United Kingdom","ZZ210010","Industry and Construction (B-F)","Thousand",""
"QLF59C01","Persons aged 15 years and over in Employment","20252","2025Q2","GB","United Kingdom","ZZ210023","Services (G-V)","Thousand","41.2"
"QLF59C01","Persons aged 15 years and over in Employment","20252","2025Q2","GB","United Kingdom","ZZ210221","Financial, Insurance and Real Estate Activities (L,M)","Thousand",""
"QLF59C01","Persons aged 15 years and over in Employment","20252","2025Q2","GB","United Kingdom","ZZ210224","Other NACE Activities (S to V)","Thousand",""
"QLF59C01","Persons aged 15 years and over in Employment","20252","2025Q2","GB","United Kingdom","ZZ219990","NACE Unknown","Thousand",""
"QLF59C01","Persons aged 15 years and over in Employment","20252","2025Q2","IE","Ireland","-","All NACE Economic Sectors (A-V)","Thousand","2227.6"
"QLF59C01","Persons aged 15 years and over in Employment","20252","2025Q2","IE","Ireland","A","Agriculture, Forestry and Fishing (A)","Thousand","102.8"
"QLF59C01","Persons aged 15 years and over in Employment","20252","2025Q2","IE","Ireland","F","Construction (F)","Thousand","150.3"
"QLF59C01","Persons aged 15 years and over in Employment","20252","2025Q2","IE","Ireland","G","Wholesale and Retail Trade (G)","Thousand","236.5"
"QLF59C01","Persons aged 15 years and over in Employment","20252","2025Q2","IE","Ireland","H","Transportation and Storage (H)","Thousand","97"
"QLF59C01","Persons aged 15 years and over in Employment","20252","2025Q2","IE","Ireland","I","Accommodation and Food Service Activities (I)","Thousand","127.9"
"QLF59C01","Persons aged 15 years and over in Employment","20252","2025Q2","IE","Ireland","ZZ210228","Information and Communication (J,K)","Thousand","116.9"
"QLF59C01","Persons aged 15 years and over in Employment","20252","2025Q2","IE","Ireland","N","Professional, Scientific and Technical Activities (N)","Thousand","163.2"
"QLF59C01","Persons aged 15 years and over in Employment","20252","2025Q2","IE","Ireland","O","Administrative and Support Service Activities (O)","Thousand","80.4"
"QLF59C01","Persons aged 15 years and over in Employment","20252","2025Q2","IE","Ireland","P","Public Administration and Defence; Compulsory Social Security (P)","Thousand","138.7"
"QLF59C01","Persons aged 15 years and over in Employment","20252","2025Q2","IE","Ireland","Q","Education (Q)","Thousand","221.4"
"QLF59C01","Persons aged 15 years and over in Employment","20252","2025Q2","IE","Ireland","R","Human Health and Social Work Activities (R)","Thousand","290.4"
"QLF59C01","Persons aged 15 years and over in Employment","20252","2025Q2","IE","Ireland","ZZ210011","Industry (B-E)","Thousand","266.9"
"QLF59C01","Persons aged 15 years and over in Employment","20252","2025Q2","IE","Ireland","ZZ210010","Industry and Construction (B-F)","Thousand","417.2"
"QLF59C01","Persons aged 15 years and over in Employment","20252","2025Q2","IE","Ireland","ZZ210023","Services (G-V)","Thousand","1702.2"
"QLF59C01","Persons aged 15 years and over in Employment","20252","2025Q2","IE","Ireland","ZZ210221","Financial, Insurance and Real Estate Activities (L,M)","Thousand","116.1"
"QLF59C01","Persons aged 15 years and over in Employment","20252","2025Q2","IE","Ireland","ZZ210224","Other NACE Activities (S to V)","Thousand","113.7"
"QLF59C01","Persons aged 15 years and over in Employment","20252","2025Q2","IE","Ireland","ZZ219990","NACE Unknown","Thousand",""
"QLF59C01","Persons aged 15 years and over in Employment","20252","2025Q2","ZZZZ1","All countries excluding Ireland","-","All NACE Economic Sectors (A-V)","Thousand","590.5"
"QLF59C01","Persons aged 15 years and over in Employment","20252","2025Q2","ZZZZ1","All countries excluding Ireland","A","Agriculture, Forestry and Fishing (A)","Thousand",""
"QLF59C01","Persons aged 15 years and over in Employment","20252","2025Q2","ZZZZ1","All countries excluding Ireland","F","Construction (F)","Thousand","37.6"
"QLF59C01","Persons aged 15 years and over in Employment","20252","2025Q2","ZZZZ1","All countries excluding Ireland","G","Wholesale and Retail Trade (G)","Thousand","62.5"
"QLF59C01","Persons aged 15 years and over in Employment","20252","2025Q2","ZZZZ1","All countries excluding Ireland","H","Transportation and Storage (H)","Thousand","27.2"
"QLF59C01","Persons aged 15 years and over in Employment","20252","2025Q2","ZZZZ1","All countries excluding Ireland","I","Accommodation and Food Service Activities (I)","Thousand","53.4"
"QLF59C01","Persons aged 15 years and over in Employment","20252","2025Q2","ZZZZ1","All countries excluding Ireland","ZZ210228","Information and Communication (J,K)","Thousand","62.3"
"QLF59C01","Persons aged 15 years and over in Employment","20252","2025Q2","ZZZZ1","All countries excluding Ireland","N","Professional, Scientific and Technical Activities (N)","Thousand","43.7"
"QLF59C01","Persons aged 15 years and over in Employment","20252","2025Q2","ZZZZ1","All countries excluding Ireland","O","Administrative and Support Service Activities (O)","Thousand","31.9"
"QLF59C01","Persons aged 15 years and over in Employment","20252","2025Q2","ZZZZ1","All countries excluding Ireland","P","Public Administration and Defence; Compulsory Social Security (P)","Thousand","7.5"
"QLF59C01","Persons aged 15 years and over in Employment","20252","2025Q2","ZZZZ1","All countries excluding Ireland","Q","Education (Q)","Thousand","21.3"
"QLF59C01","Persons aged 15 years and over in Employment","20252","2025Q2","ZZZZ1","All countries excluding Ireland","R","Human Health and Social Work Activities (R)","Thousand","100.6"
"QLF59C01","Persons aged 15 years and over in Employment","20252","2025Q2","ZZZZ1","All countries excluding Ireland","ZZ210011","Industry (B-E)","Thousand","79.9"
"QLF59C01","Persons aged 15 years and over in Employment","20252","2025Q2","ZZZZ1","All countries excluding Ireland","ZZ210010","Industry and Construction (B-F)","Thousand","117.5"
"QLF59C01","Persons aged 15 years and over in Employment","20252","2025Q2","ZZZZ1","All countries excluding Ireland","ZZ210023","Services (G-V)","Thousand","463.1"
"QLF59C01","Persons aged 15 years and over in Employment","20252","2025Q2","ZZZZ1","All countries excluding Ireland","ZZ210221","Financial, Insurance and Real Estate Activities (L,M)","Thousand","27.9"
"QLF59C01","Persons aged 15 years and over in Employment","20252","2025Q2","ZZZZ1","All countries excluding Ireland","ZZ210224","Other NACE Activities (S to V)","Thousand","24.8"
"QLF59C01","Persons aged 15 years and over in Employment","20252","2025Q2","ZZZZ1","All countries excluding Ireland","ZZ219990","NACE Unknown","Thousand",""
"QLF59C01","Persons aged 15 years and over in Employment","20252","2025Q2","ZZZZ2","All countries excluding Ireland,United Kingdom and EU272020","-","All NACE Economic Sectors (A-V)","Thousand","276.1"
"QLF59C01","Persons aged 15 years and over in Employment","20252","2025Q2","ZZZZ2","All countries excluding Ireland,United Kingdom and EU272020","A","Agriculture, Forestry and Fishing (A)","Thousand",""
"QLF59C01","Persons aged 15 years and over in Employment","20252","2025Q2","ZZZZ2","All countries excluding Ireland,United Kingdom and EU272020","F","Construction (F)","Thousand","10.4"
"QLF59C01","Persons aged 15 years and over in Employment","20252","2025Q2","ZZZZ2","All countries excluding Ireland,United Kingdom and EU272020","G","Wholesale and Retail Trade (G)","Thousand","23.4"
"QLF59C01","Persons aged 15 years and over in Employment","20252","2025Q2","ZZZZ2","All countries excluding Ireland,United Kingdom and EU272020","H","Transportation and Storage (H)","Thousand","12.3"
"QLF59C01","Persons aged 15 years and over in Employment","20252","2025Q2","ZZZZ2","All countries excluding Ireland,United Kingdom and EU272020","I","Accommodation and Food Service Activities (I)","Thousand","24.5"
"QLF59C01","Persons aged 15 years and over in Employment","20252","2025Q2","ZZZZ2","All countries excluding Ireland,United Kingdom and EU272020","ZZ210228","Information and Communication (J,K)","Thousand","32.2"
"QLF59C01","Persons aged 15 years and over in Employment","20252","2025Q2","ZZZZ2","All countries excluding Ireland,United Kingdom and EU272020","N","Professional, Scientific and Technical Activities (N)","Thousand","20.6"
"QLF59C01","Persons aged 15 years and over in Employment","20252","2025Q2","ZZZZ2","All countries excluding Ireland,United Kingdom and EU272020","O","Administrative and Support Service Activities (O)","Thousand","12.2"
"QLF59C01","Persons aged 15 years and over in Employment","20252","2025Q2","ZZZZ2","All countries excluding Ireland,United Kingdom and EU272020","P","Public Administration and Defence; Compulsory Social Security (P)","Thousand",""
"QLF59C01","Persons aged 15 years and over in Employment","20252","2025Q2","ZZZZ2","All countries excluding Ireland,United Kingdom and EU272020","Q","Education (Q)","Thousand",""
"QLF59C01","Persons aged 15 years and over in Employment","20252","2025Q2","ZZZZ2","All countries excluding Ireland,United Kingdom and EU272020","R","Human Health and Social Work Activities (R)","Thousand","71.2"
"QLF59C01","Persons aged 15 years and over in Employment","20252","2025Q2","ZZZZ2","All countries excluding Ireland,United Kingdom and EU272020","ZZ210011","Industry (B-E)","Thousand","29.5"
"QLF59C01","Persons aged 15 years and over in Employment","20252","2025Q2","ZZZZ2","All countries excluding Ireland,United Kingdom and EU272020","ZZ210010","Industry and Construction (B-F)","Thousand","39.9"
"QLF59C01","Persons aged 15 years and over in Employment","20252","2025Q2","ZZZZ2","All countries excluding Ireland,United Kingdom and EU272020","ZZ210023","Services (G-V)","Thousand","231.9"
"QLF59C01","Persons aged 15 years and over in Employment","20252","2025Q2","ZZZZ2","All countries excluding Ireland,United Kingdom and EU272020","ZZ210221","Financial, Insurance and Real Estate Activities (L,M)","Thousand","13.6"
"QLF59C01","Persons aged 15 years and over in Employment","20252","2025Q2","ZZZZ2","All countries excluding Ireland,United Kingdom and EU272020","ZZ210224","Other NACE Activities (S to V)","Thousand","9.9"
"QLF59C01","Persons aged 15 years and over in Employment","20252","2025Q2","ZZZZ2","All countries excluding Ireland,United Kingdom and EU272020","ZZ219990","NACE Unknown","Thousand",""
"QLF59C01","Persons aged 15 years and over in Employment","20253","2025Q3","-","All Countries","-","All NACE Economic Sectors (A-V)","Thousand","2825.4"
"QLF59C01","Persons aged 15 years and over in Employment","20253","2025Q3","-","All Countries","A","Agriculture, Forestry and Fishing (A)","Thousand","108.5"
"QLF59C01","Persons aged 15 years and over in Employment","20253","2025Q3","-","All Countries","F","Construction (F)","Thousand","172.3"
"QLF59C01","Persons aged 15 years and over in Employment","20253","2025Q3","-","All Countries","G","Wholesale and Retail Trade (G)","Thousand","302.6"
"QLF59C01","Persons aged 15 years and over in Employment","20253","2025Q3","-","All Countries","H","Transportation and Storage (H)","Thousand","136.9"
"QLF59C01","Persons aged 15 years and over in Employment","20253","2025Q3","-","All Countries","I","Accommodation and Food Service Activities (I)","Thousand","190.8"
"QLF59C01","Persons aged 15 years and over in Employment","20253","2025Q3","-","All Countries","ZZ210228","Information and Communication (J,K)","Thousand","180.7"
"QLF59C01","Persons aged 15 years and over in Employment","20253","2025Q3","-","All Countries","N","Professional, Scientific and Technical Activities (N)","Thousand","204.8"
"QLF59C01","Persons aged 15 years and over in Employment","20253","2025Q3","-","All Countries","O","Administrative and Support Service Activities (O)","Thousand","103.9"
"QLF59C01","Persons aged 15 years and over in Employment","20253","2025Q3","-","All Countries","P","Public Administration and Defence; Compulsory Social Security (P)","Thousand","143.1"
"QLF59C01","Persons aged 15 years and over in Employment","20253","2025Q3","-","All Countries","Q","Education (Q)","Thousand","234.7"
"QLF59C01","Persons aged 15 years and over in Employment","20253","2025Q3","-","All Countries","R","Human Health and Social Work Activities (R)","Thousand","387.2"
"QLF59C01","Persons aged 15 years and over in Employment","20253","2025Q3","-","All Countries","ZZ210011","Industry (B-E)","Thousand","353.9"
"QLF59C01","Persons aged 15 years and over in Employment","20253","2025Q3","-","All Countries","ZZ210010","Industry and Construction (B-F)","Thousand","526.2"
"QLF59C01","Persons aged 15 years and over in Employment","20253","2025Q3","-","All Countries","ZZ210023","Services (G-V)","Thousand","2179.4"
"QLF59C01","Persons aged 15 years and over in Employment","20253","2025Q3","-","All Countries","ZZ210221","Financial, Insurance and Real Estate Activities (L,M)","Thousand","148.5"
"QLF59C01","Persons aged 15 years and over in Employment","20253","2025Q3","-","All Countries","ZZ210224","Other NACE Activities (S to V)","Thousand","146.2"
"QLF59C01","Persons aged 15 years and over in Employment","20253","2025Q3","-","All Countries","ZZ219990","NACE Unknown","Thousand","11.2"
"QLF59C01","Persons aged 15 years and over in Employment","20253","2025Q3","E1420XIE","EU14 excl Irl (countries in the EU pre 2004 excluding UK & Ireland)","-","All NACE Economic Sectors (A-V)","Thousand","88.2"
"QLF59C01","Persons aged 15 years and over in Employment","20253","2025Q3","E1420XIE","EU14 excl Irl (countries in the EU pre 2004 excluding UK & Ireland)","A","Agriculture, Forestry and Fishing (A)","Thousand",""
"QLF59C01","Persons aged 15 years and over in Employment","20253","2025Q3","E1420XIE","EU14 excl Irl (countries in the EU pre 2004 excluding UK & Ireland)","F","Construction (F)","Thousand",""
"QLF59C01","Persons aged 15 years and over in Employment","20253","2025Q3","E1420XIE","EU14 excl Irl (countries in the EU pre 2004 excluding UK & Ireland)","G","Wholesale and Retail Trade (G)","Thousand","9.2"
"QLF59C01","Persons aged 15 years and over in Employment","20253","2025Q3","E1420XIE","EU14 excl Irl (countries in the EU pre 2004 excluding UK & Ireland)","H","Transportation and Storage (H)","Thousand",""
"QLF59C01","Persons aged 15 years and over in Employment","20253","2025Q3","E1420XIE","EU14 excl Irl (countries in the EU pre 2004 excluding UK & Ireland)","I","Accommodation and Food Service Activities (I)","Thousand",""
"QLF59C01","Persons aged 15 years and over in Employment","20253","2025Q3","E1420XIE","EU14 excl Irl (countries in the EU pre 2004 excluding UK & Ireland)","ZZ210228","Information and Communication (J,K)","Thousand","15.4"
"QLF59C01","Persons aged 15 years and over in Employment","20253","2025Q3","E1420XIE","EU14 excl Irl (countries in the EU pre 2004 excluding UK & Ireland)","N","Professional, Scientific and Technical Activities (N)","Thousand",""
"QLF59C01","Persons aged 15 years and over in Employment","20253","2025Q3","E1420XIE","EU14 excl Irl (countries in the EU pre 2004 excluding UK & Ireland)","O","Administrative and Support Service Activities (O)","Thousand",""
"QLF59C01","Persons aged 15 years and over in Employment","20253","2025Q3","E1420XIE","EU14 excl Irl (countries in the EU pre 2004 excluding UK & Ireland)","P","Public Administration and Defence; Compulsory Social Security (P)","Thousand",""
"QLF59C01","Persons aged 15 years and over in Employment","20253","2025Q3","E1420XIE","EU14 excl Irl (countries in the EU pre 2004 excluding UK & Ireland)","Q","Education (Q)","Thousand",""
"QLF59C01","Persons aged 15 years and over in Employment","20253","2025Q3","E1420XIE","EU14 excl Irl (countries in the EU pre 2004 excluding UK & Ireland)","R","Human Health and Social Work Activities (R)","Thousand","9.8"
"QLF59C01","Persons aged 15 years and over in Employment","20253","2025Q3","E1420XIE","EU14 excl Irl (countries in the EU pre 2004 excluding UK & Ireland)","ZZ210011","Industry (B-E)","Thousand","12.9"
"QLF59C01","Persons aged 15 years and over in Employment","20253","2025Q3","E1420XIE","EU14 excl Irl (countries in the EU pre 2004 excluding UK & Ireland)","ZZ210010","Industry and Construction (B-F)","Thousand","13.6"
"QLF59C01","Persons aged 15 years and over in Employment","20253","2025Q3","E1420XIE","EU14 excl Irl (countries in the EU pre 2004 excluding UK & Ireland)","ZZ210023","Services (G-V)","Thousand","73"
"QLF59C01","Persons aged 15 years and over in Employment","20253","2025Q3","E1420XIE","EU14 excl Irl (countries in the EU pre 2004 excluding UK & Ireland)","ZZ210221","Financial, Insurance and Real Estate Activities (L,M)","Thousand",""
"QLF59C01","Persons aged 15 years and over in Employment","20253","2025Q3","E1420XIE","EU14 excl Irl (countries in the EU pre 2004 excluding UK & Ireland)","ZZ210224","Other NACE Activities (S to V)","Thousand",""
"QLF59C01","Persons aged 15 years and over in Employment","20253","2025Q3","E1420XIE","EU14 excl Irl (countries in the EU pre 2004 excluding UK & Ireland)","ZZ219990","NACE Unknown","Thousand",""
"QLF59C01","Persons aged 15 years and over in Employment","20253","2025Q3","E15E2720","EU15 to EU27 (accession countries joined post 2004)","-","All NACE Economic Sectors (A-V)","Thousand","175.1"
"QLF59C01","Persons aged 15 years and over in Employment","20253","2025Q3","E15E2720","EU15 to EU27 (accession countries joined post 2004)","A","Agriculture, Forestry and Fishing (A)","Thousand",""
"QLF59C01","Persons aged 15 years and over in Employment","20253","2025Q3","E15E2720","EU15 to EU27 (accession countries joined post 2004)","F","Construction (F)","Thousand","16.5"
"QLF59C01","Persons aged 15 years and over in Employment","20253","2025Q3","E15E2720","EU15 to EU27 (accession countries joined post 2004)","G","Wholesale and Retail Trade (G)","Thousand","27.4"
"QLF59C01","Persons aged 15 years and over in Employment","20253","2025Q3","E15E2720","EU15 to EU27 (accession countries joined post 2004)","H","Transportation and Storage (H)","Thousand","8.5"
"QLF59C01","Persons aged 15 years and over in Employment","20253","2025Q3","E15E2720","EU15 to EU27 (accession countries joined post 2004)","I","Accommodation and Food Service Activities (I)","Thousand","19.9"
"QLF59C01","Persons aged 15 years and over in Employment","20253","2025Q3","E15E2720","EU15 to EU27 (accession countries joined post 2004)","ZZ210228","Information and Communication (J,K)","Thousand","9.9"
"QLF59C01","Persons aged 15 years and over in Employment","20253","2025Q3","E15E2720","EU15 to EU27 (accession countries joined post 2004)","N","Professional, Scientific and Technical Activities (N)","Thousand",""
"QLF59C01","Persons aged 15 years and over in Employment","20253","2025Q3","E15E2720","EU15 to EU27 (accession countries joined post 2004)","O","Administrative and Support Service Activities (O)","Thousand","10.6"
"QLF59C01","Persons aged 15 years and over in Employment","20253","2025Q3","E15E2720","EU15 to EU27 (accession countries joined post 2004)","P","Public Administration and Defence; Compulsory Social Security (P)","Thousand",""
"QLF59C01","Persons aged 15 years and over in Employment","20253","2025Q3","E15E2720","EU15 to EU27 (accession countries joined post 2004)","Q","Education (Q)","Thousand",""
"QLF59C01","Persons aged 15 years and over in Employment","20253","2025Q3","E15E2720","EU15 to EU27 (accession countries joined post 2004)","R","Human Health and Social Work Activities (R)","Thousand","11.7"
"QLF59C01","Persons aged 15 years and over in Employment","20253","2025Q3","E15E2720","EU15 to EU27 (accession countries joined post 2004)","ZZ210011","Industry (B-E)","Thousand","39.1"
"QLF59C01","Persons aged 15 years and over in Employment","20253","2025Q3","E15E2720","EU15 to EU27 (accession countries joined post 2004)","ZZ210010","Industry and Construction (B-F)","Thousand","55.6"
"QLF59C01","Persons aged 15 years and over in Employment","20253","2025Q3","E15E2720","EU15 to EU27 (accession countries joined post 2004)","ZZ210023","Services (G-V)","Thousand","115.7"
"QLF59C01","Persons aged 15 years and over in Employment","20253","2025Q3","E15E2720","EU15 to EU27 (accession countries joined post 2004)","ZZ210221","Financial, Insurance and Real Estate Activities (L,M)","Thousand",""
"QLF59C01","Persons aged 15 years and over in Employment","20253","2025Q3","E15E2720","EU15 to EU27 (accession countries joined post 2004)","ZZ210224","Other NACE Activities (S to V)","Thousand","7.9"
"QLF59C01","Persons aged 15 years and over in Employment","20253","2025Q3","E15E2720","EU15 to EU27 (accession countries joined post 2004)","ZZ219990","NACE Unknown","Thousand",""
"QLF59C01","Persons aged 15 years and over in Employment","20253","2025Q3","GB","United Kingdom","-","All NACE Economic Sectors (A-V)","Thousand","49.1"
"QLF59C01","Persons aged 15 years and over in Employment","20253","2025Q3","GB","United Kingdom","A","Agriculture, Forestry and Fishing (A)","Thousand",""
"QLF59C01","Persons aged 15 years and over in Employment","20253","2025Q3","GB","United Kingdom","F","Construction (F)","Thousand",""
"QLF59C01","Persons aged 15 years and over in Employment","20253","2025Q3","GB","United Kingdom","G","Wholesale and Retail Trade (G)","Thousand",""
"QLF59C01","Persons aged 15 years and over in Employment","20253","2025Q3","GB","United Kingdom","H","Transportation and Storage (H)","Thousand",""
"QLF59C01","Persons aged 15 years and over in Employment","20253","2025Q3","GB","United Kingdom","I","Accommodation and Food Service Activities (I)","Thousand",""
"QLF59C01","Persons aged 15 years and over in Employment","20253","2025Q3","GB","United Kingdom","ZZ210228","Information and Communication (J,K)","Thousand",""
"QLF59C01","Persons aged 15 years and over in Employment","20253","2025Q3","GB","United Kingdom","N","Professional, Scientific and Technical Activities (N)","Thousand","6"
"QLF59C01","Persons aged 15 years and over in Employment","20253","2025Q3","GB","United Kingdom","O","Administrative and Support Service Activities (O)","Thousand",""
"QLF59C01","Persons aged 15 years and over in Employment","20253","2025Q3","GB","United Kingdom","P","Public Administration and Defence; Compulsory Social Security (P)","Thousand",""
"QLF59C01","Persons aged 15 years and over in Employment","20253","2025Q3","GB","United Kingdom","Q","Education (Q)","Thousand",""
"QLF59C01","Persons aged 15 years and over in Employment","20253","2025Q3","GB","United Kingdom","R","Human Health and Social Work Activities (R)","Thousand","8.6"
"QLF59C01","Persons aged 15 years and over in Employment","20253","2025Q3","GB","United Kingdom","ZZ210011","Industry (B-E)","Thousand",""
"QLF59C01","Persons aged 15 years and over in Employment","20253","2025Q3","GB","United Kingdom","ZZ210010","Industry and Construction (B-F)","Thousand","7.1"
"QLF59C01","Persons aged 15 years and over in Employment","20253","2025Q3","GB","United Kingdom","ZZ210023","Services (G-V)","Thousand","40.7"
"QLF59C01","Persons aged 15 years and over in Employment","20253","2025Q3","GB","United Kingdom","ZZ210221","Financial, Insurance and Real Estate Activities (L,M)","Thousand",""
"QLF59C01","Persons aged 15 years and over in Employment","20253","2025Q3","GB","United Kingdom","ZZ210224","Other NACE Activities (S to V)","Thousand",""
"QLF59C01","Persons aged 15 years and over in Employment","20253","2025Q3","GB","United Kingdom","ZZ219990","NACE Unknown","Thousand",""
"QLF59C01","Persons aged 15 years and over in Employment","20253","2025Q3","IE","Ireland","-","All NACE Economic Sectors (A-V)","Thousand","2225.1"
"QLF59C01","Persons aged 15 years and over in Employment","20253","2025Q3","IE","Ireland","A","Agriculture, Forestry and Fishing (A)","Thousand","103"
"QLF59C01","Persons aged 15 years and over in Employment","20253","2025Q3","IE","Ireland","F","Construction (F)","Thousand","142"
"QLF59C01","Persons aged 15 years and over in Employment","20253","2025Q3","IE","Ireland","G","Wholesale and Retail Trade (G)","Thousand","239.1"
"QLF59C01","Persons aged 15 years and over in Employment","20253","2025Q3","IE","Ireland","H","Transportation and Storage (H)","Thousand","107.8"
"QLF59C01","Persons aged 15 years and over in Employment","20253","2025Q3","IE","Ireland","I","Accommodation and Food Service Activities (I)","Thousand","129.1"
"QLF59C01","Persons aged 15 years and over in Employment","20253","2025Q3","IE","Ireland","ZZ210228","Information and Communication (J,K)","Thousand","120"
"QLF59C01","Persons aged 15 years and over in Employment","20253","2025Q3","IE","Ireland","N","Professional, Scientific and Technical Activities (N)","Thousand","158.4"
"QLF59C01","Persons aged 15 years and over in Employment","20253","2025Q3","IE","Ireland","O","Administrative and Support Service Activities (O)","Thousand","75.5"
"QLF59C01","Persons aged 15 years and over in Employment","20253","2025Q3","IE","Ireland","P","Public Administration and Defence; Compulsory Social Security (P)","Thousand","134.2"
"QLF59C01","Persons aged 15 years and over in Employment","20253","2025Q3","IE","Ireland","Q","Education (Q)","Thousand","212.5"
"QLF59C01","Persons aged 15 years and over in Employment","20253","2025Q3","IE","Ireland","R","Human Health and Social Work Activities (R)","Thousand","289.6"
"QLF59C01","Persons aged 15 years and over in Employment","20253","2025Q3","IE","Ireland","ZZ210011","Industry (B-E)","Thousand","265.9"
"QLF59C01","Persons aged 15 years and over in Employment","20253","2025Q3","IE","Ireland","ZZ210010","Industry and Construction (B-F)","Thousand","407.9"
"QLF59C01","Persons aged 15 years and over in Employment","20253","2025Q3","IE","Ireland","ZZ210023","Services (G-V)","Thousand","1707.7"
"QLF59C01","Persons aged 15 years and over in Employment","20253","2025Q3","IE","Ireland","ZZ210221","Financial, Insurance and Real Estate Activities (L,M)","Thousand","117.2"
"QLF59C01","Persons aged 15 years and over in Employment","20253","2025Q3","IE","Ireland","ZZ210224","Other NACE Activities (S to V)","Thousand","124.2"
"QLF59C01","Persons aged 15 years and over in Employment","20253","2025Q3","IE","Ireland","ZZ219990","NACE Unknown","Thousand","6.5"
"QLF59C01","Persons aged 15 years and over in Employment","20253","2025Q3","ZZZZ1","All countries excluding Ireland","-","All NACE Economic Sectors (A-V)","Thousand","600.3"
"QLF59C01","Persons aged 15 years and over in Employment","20253","2025Q3","ZZZZ1","All countries excluding Ireland","A","Agriculture, Forestry and Fishing (A)","Thousand",""
"QLF59C01","Persons aged 15 years and over in Employment","20253","2025Q3","ZZZZ1","All countries excluding Ireland","F","Construction (F)","Thousand","30.3"
"QLF59C01","Persons aged 15 years and over in Employment","20253","2025Q3","ZZZZ1","All countries excluding Ireland","G","Wholesale and Retail Trade (G)","Thousand","63.5"
"QLF59C01","Persons aged 15 years and over in Employment","20253","2025Q3","ZZZZ1","All countries excluding Ireland","H","Transportation and Storage (H)","Thousand","29.2"
"QLF59C01","Persons aged 15 years and over in Employment","20253","2025Q3","ZZZZ1","All countries excluding Ireland","I","Accommodation and Food Service Activities (I)","Thousand","61.6"
"QLF59C01","Persons aged 15 years and over in Employment","20253","2025Q3","ZZZZ1","All countries excluding Ireland","ZZ210228","Information and Communication (J,K)","Thousand","60.6"
"QLF59C01","Persons aged 15 years and over in Employment","20253","2025Q3","ZZZZ1","All countries excluding Ireland","N","Professional, Scientific and Technical Activities (N)","Thousand","46.4"
"QLF59C01","Persons aged 15 years and over in Employment","20253","2025Q3","ZZZZ1","All countries excluding Ireland","O","Administrative and Support Service Activities (O)","Thousand","28.3"
"QLF59C01","Persons aged 15 years and over in Employment","20253","2025Q3","ZZZZ1","All countries excluding Ireland","P","Public Administration and Defence; Compulsory Social Security (P)","Thousand","8.9"
"QLF59C01","Persons aged 15 years and over in Employment","20253","2025Q3","ZZZZ1","All countries excluding Ireland","Q","Education (Q)","Thousand","22.2"
"QLF59C01","Persons aged 15 years and over in Employment","20253","2025Q3","ZZZZ1","All countries excluding Ireland","R","Human Health and Social Work Activities (R)","Thousand","97.6"
"QLF59C01","Persons aged 15 years and over in Employment","20253","2025Q3","ZZZZ1","All countries excluding Ireland","ZZ210011","Industry (B-E)","Thousand","88.1"
"QLF59C01","Persons aged 15 years and over in Employment","20253","2025Q3","ZZZZ1","All countries excluding Ireland","ZZ210010","Industry and Construction (B-F)","Thousand","118.3"
"QLF59C01","Persons aged 15 years and over in Employment","20253","2025Q3","ZZZZ1","All countries excluding Ireland","ZZ210023","Services (G-V)","Thousand","471.8"
"QLF59C01","Persons aged 15 years and over in Employment","20253","2025Q3","ZZZZ1","All countries excluding Ireland","ZZ210221","Financial, Insurance and Real Estate Activities (L,M)","Thousand","31.3"
"QLF59C01","Persons aged 15 years and over in Employment","20253","2025Q3","ZZZZ1","All countries excluding Ireland","ZZ210224","Other NACE Activities (S to V)","Thousand","22.1"
"QLF59C01","Persons aged 15 years and over in Employment","20253","2025Q3","ZZZZ1","All countries excluding Ireland","ZZ219990","NACE Unknown","Thousand",""
"QLF59C01","Persons aged 15 years and over in Employment","20253","2025Q3","ZZZZ2","All countries excluding Ireland,United Kingdom and EU272020","-","All NACE Economic Sectors (A-V)","Thousand","287.8"
"QLF59C01","Persons aged 15 years and over in Employment","20253","2025Q3","ZZZZ2","All countries excluding Ireland,United Kingdom and EU272020","A","Agriculture, Forestry and Fishing (A)","Thousand",""
"QLF59C01","Persons aged 15 years and over in Employment","20253","2025Q3","ZZZZ2","All countries excluding Ireland,United Kingdom and EU272020","F","Construction (F)","Thousand","11.1"
"QLF59C01","Persons aged 15 years and over in Employment","20253","2025Q3","ZZZZ2","All countries excluding Ireland,United Kingdom and EU272020","G","Wholesale and Retail Trade (G)","Thousand","22.5"
"QLF59C01","Persons aged 15 years and over in Employment","20253","2025Q3","ZZZZ2","All countries excluding Ireland,United Kingdom and EU272020","H","Transportation and Storage (H)","Thousand","14.5"
"QLF59C01","Persons aged 15 years and over in Employment","20253","2025Q3","ZZZZ2","All countries excluding Ireland,United Kingdom and EU272020","I","Accommodation and Food Service Activities (I)","Thousand","32"
"QLF59C01","Persons aged 15 years and over in Employment","20253","2025Q3","ZZZZ2","All countries excluding Ireland,United Kingdom and EU272020","ZZ210228","Information and Communication (J,K)","Thousand","30.8"
"QLF59C01","Persons aged 15 years and over in Employment","20253","2025Q3","ZZZZ2","All countries excluding Ireland,United Kingdom and EU272020","N","Professional, Scientific and Technical Activities (N)","Thousand","25.1"
"QLF59C01","Persons aged 15 years and over in Employment","20253","2025Q3","ZZZZ2","All countries excluding Ireland,United Kingdom and EU272020","O","Administrative and Support Service Activities (O)","Thousand","12.2"
"QLF59C01","Persons aged 15 years and over in Employment","20253","2025Q3","ZZZZ2","All countries excluding Ireland,United Kingdom and EU272020","P","Public Administration and Defence; Compulsory Social Security (P)","Thousand",""
"QLF59C01","Persons aged 15 years and over in Employment","20253","2025Q3","ZZZZ2","All countries excluding Ireland,United Kingdom and EU272020","Q","Education (Q)","Thousand","10"
"QLF59C01","Persons aged 15 years and over in Employment","20253","2025Q3","ZZZZ2","All countries excluding Ireland,United Kingdom and EU272020","R","Human Health and Social Work Activities (R)","Thousand","67.5"
"QLF59C01","Persons aged 15 years and over in Employment","20253","2025Q3","ZZZZ2","All countries excluding Ireland,United Kingdom and EU272020","ZZ210011","Industry (B-E)","Thousand","31.1"
"QLF59C01","Persons aged 15 years and over in Employment","20253","2025Q3","ZZZZ2","All countries excluding Ireland,United Kingdom and EU272020","ZZ210010","Industry and Construction (B-F)","Thousand","42.1"
"QLF59C01","Persons aged 15 years and over in Employment","20253","2025Q3","ZZZZ2","All countries excluding Ireland,United Kingdom and EU272020","ZZ210023","Services (G-V)","Thousand","242.3"
"QLF59C01","Persons aged 15 years and over in Employment","20253","2025Q3","ZZZZ2","All countries excluding Ireland,United Kingdom and EU272020","ZZ210221","Financial, Insurance and Real Estate Activities (L,M)","Thousand","14.9"
"QLF59C01","Persons aged 15 years and over in Employment","20253","2025Q3","ZZZZ2","All countries excluding Ireland,United Kingdom and EU272020","ZZ210224","Other NACE Activities (S to V)","Thousand",""
"QLF59C01","Persons aged 15 years and over in Employment","20253","2025Q3","ZZZZ2","All countries excluding Ireland,United Kingdom and EU272020","ZZ219990","NACE Unknown","Thousand",""
"QLF59C01","Persons aged 15 years and over in Employment","20254","2025Q4","-","All Countries","-","All NACE Economic Sectors (A-V)","Thousand","2832.9"
"QLF59C01","Persons aged 15 years and over in Employment","20254","2025Q4","-","All Countries","A","Agriculture, Forestry and Fishing (A)","Thousand","108.6"
"QLF59C01","Persons aged 15 years and over in Employment","20254","2025Q4","-","All Countries","F","Construction (F)","Thousand","190.3"
"QLF59C01","Persons aged 15 years and over in Employment","20254","2025Q4","-","All Countries","G","Wholesale and Retail Trade (G)","Thousand","297.7"
"QLF59C01","Persons aged 15 years and over in Employment","20254","2025Q4","-","All Countries","H","Transportation and Storage (H)","Thousand","131.3"
"QLF59C01","Persons aged 15 years and over in Employment","20254","2025Q4","-","All Countries","I","Accommodation and Food Service Activities (I)","Thousand","181.8"
"QLF59C01","Persons aged 15 years and over in Employment","20254","2025Q4","-","All Countries","ZZ210228","Information and Communication (J,K)","Thousand","168"
"QLF59C01","Persons aged 15 years and over in Employment","20254","2025Q4","-","All Countries","N","Professional, Scientific and Technical Activities (N)","Thousand","188.3"
"QLF59C01","Persons aged 15 years and over in Employment","20254","2025Q4","-","All Countries","O","Administrative and Support Service Activities (O)","Thousand","93.9"
"QLF59C01","Persons aged 15 years and over in Employment","20254","2025Q4","-","All Countries","P","Public Administration and Defence; Compulsory Social Security (P)","Thousand","147.5"
"QLF59C01","Persons aged 15 years and over in Employment","20254","2025Q4","-","All Countries","Q","Education (Q)","Thousand","255.8"
"QLF59C01","Persons aged 15 years and over in Employment","20254","2025Q4","-","All Countries","R","Human Health and Social Work Activities (R)","Thousand","391.8"
"QLF59C01","Persons aged 15 years and over in Employment","20254","2025Q4","-","All Countries","ZZ210011","Industry (B-E)","Thousand","352.8"
"QLF59C01","Persons aged 15 years and over in Employment","20254","2025Q4","-","All Countries","ZZ210010","Industry and Construction (B-F)","Thousand","543.1"
"QLF59C01","Persons aged 15 years and over in Employment","20254","2025Q4","-","All Countries","ZZ210023","Services (G-V)","Thousand","2153.4"
"QLF59C01","Persons aged 15 years and over in Employment","20254","2025Q4","-","All Countries","ZZ210221","Financial, Insurance and Real Estate Activities (L,M)","Thousand","149.6"
"QLF59C01","Persons aged 15 years and over in Employment","20254","2025Q4","-","All Countries","ZZ210224","Other NACE Activities (S to V)","Thousand","147.6"
"QLF59C01","Persons aged 15 years and over in Employment","20254","2025Q4","-","All Countries","ZZ219990","NACE Unknown","Thousand","27.9"
"QLF59C01","Persons aged 15 years and over in Employment","20254","2025Q4","E1420XIE","EU14 excl Irl (countries in the EU pre 2004 excluding UK & Ireland)","-","All NACE Economic Sectors (A-V)","Thousand","88"
"QLF59C01","Persons aged 15 years and over in Employment","20254","2025Q4","E1420XIE","EU14 excl Irl (countries in the EU pre 2004 excluding UK & Ireland)","A","Agriculture, Forestry and Fishing (A)","Thousand",""
"QLF59C01","Persons aged 15 years and over in Employment","20254","2025Q4","E1420XIE","EU14 excl Irl (countries in the EU pre 2004 excluding UK & Ireland)","F","Construction (F)","Thousand",""
"QLF59C01","Persons aged 15 years and over in Employment","20254","2025Q4","E1420XIE","EU14 excl Irl (countries in the EU pre 2004 excluding UK & Ireland)","G","Wholesale and Retail Trade (G)","Thousand",""
"QLF59C01","Persons aged 15 years and over in Employment","20254","2025Q4","E1420XIE","EU14 excl Irl (countries in the EU pre 2004 excluding UK & Ireland)","H","Transportation and Storage (H)","Thousand",""
"QLF59C01","Persons aged 15 years and over in Employment","20254","2025Q4","E1420XIE","EU14 excl Irl (countries in the EU pre 2004 excluding UK & Ireland)","I","Accommodation and Food Service Activities (I)","Thousand",""
"QLF59C01","Persons aged 15 years and over in Employment","20254","2025Q4","E1420XIE","EU14 excl Irl (countries in the EU pre 2004 excluding UK & Ireland)","ZZ210228","Information and Communication (J,K)","Thousand","17.4"
"QLF59C01","Persons aged 15 years and over in Employment","20254","2025Q4","E1420XIE","EU14 excl Irl (countries in the EU pre 2004 excluding UK & Ireland)","N","Professional, Scientific and Technical Activities (N)","Thousand",""
"QLF59C01","Persons aged 15 years and over in Employment","20254","2025Q4","E1420XIE","EU14 excl Irl (countries in the EU pre 2004 excluding UK & Ireland)","O","Administrative and Support Service Activities (O)","Thousand",""
"QLF59C01","Persons aged 15 years and over in Employment","20254","2025Q4","E1420XIE","EU14 excl Irl (countries in the EU pre 2004 excluding UK & Ireland)","P","Public Administration and Defence; Compulsory Social Security (P)","Thousand",""
"QLF59C01","Persons aged 15 years and over in Employment","20254","2025Q4","E1420XIE","EU14 excl Irl (countries in the EU pre 2004 excluding UK & Ireland)","Q","Education (Q)","Thousand",""
"QLF59C01","Persons aged 15 years and over in Employment","20254","2025Q4","E1420XIE","EU14 excl Irl (countries in the EU pre 2004 excluding UK & Ireland)","R","Human Health and Social Work Activities (R)","Thousand","8.8"
"QLF59C01","Persons aged 15 years and over in Employment","20254","2025Q4","E1420XIE","EU14 excl Irl (countries in the EU pre 2004 excluding UK & Ireland)","ZZ210011","Industry (B-E)","Thousand","9.7"
"QLF59C01","Persons aged 15 years and over in Employment","20254","2025Q4","E1420XIE","EU14 excl Irl (countries in the EU pre 2004 excluding UK & Ireland)","ZZ210010","Industry and Construction (B-F)","Thousand","11.6"
"QLF59C01","Persons aged 15 years and over in Employment","20254","2025Q4","E1420XIE","EU14 excl Irl (countries in the EU pre 2004 excluding UK & Ireland)","ZZ210023","Services (G-V)","Thousand","74.2"
"QLF59C01","Persons aged 15 years and over in Employment","20254","2025Q4","E1420XIE","EU14 excl Irl (countries in the EU pre 2004 excluding UK & Ireland)","ZZ210221","Financial, Insurance and Real Estate Activities (L,M)","Thousand",""
"QLF59C01","Persons aged 15 years and over in Employment","20254","2025Q4","E1420XIE","EU14 excl Irl (countries in the EU pre 2004 excluding UK & Ireland)","ZZ210224","Other NACE Activities (S to V)","Thousand",""
"QLF59C01","Persons aged 15 years and over in Employment","20254","2025Q4","E1420XIE","EU14 excl Irl (countries in the EU pre 2004 excluding UK & Ireland)","ZZ219990","NACE Unknown","Thousand",""
"QLF59C01","Persons aged 15 years and over in Employment","20254","2025Q4","E15E2720","EU15 to EU27 (accession countries joined post 2004)","-","All NACE Economic Sectors (A-V)","Thousand","176.2"
"QLF59C01","Persons aged 15 years and over in Employment","20254","2025Q4","E15E2720","EU15 to EU27 (accession countries joined post 2004)","A","Agriculture, Forestry and Fishing (A)","Thousand",""
"QLF59C01","Persons aged 15 years and over in Employment","20254","2025Q4","E15E2720","EU15 to EU27 (accession countries joined post 2004)","F","Construction (F)","Thousand","19.3"
"QLF59C01","Persons aged 15 years and over in Employment","20254","2025Q4","E15E2720","EU15 to EU27 (accession countries joined post 2004)","G","Wholesale and Retail Trade (G)","Thousand","26.4"
"QLF59C01","Persons aged 15 years and over in Employment","20254","2025Q4","E15E2720","EU15 to EU27 (accession countries joined post 2004)","H","Transportation and Storage (H)","Thousand","10.4"
"QLF59C01","Persons aged 15 years and over in Employment","20254","2025Q4","E15E2720","EU15 to EU27 (accession countries joined post 2004)","I","Accommodation and Food Service Activities (I)","Thousand","20.5"
"QLF59C01","Persons aged 15 years and over in Employment","20254","2025Q4","E15E2720","EU15 to EU27 (accession countries joined post 2004)","ZZ210228","Information and Communication (J,K)","Thousand","9.2"
"QLF59C01","Persons aged 15 years and over in Employment","20254","2025Q4","E15E2720","EU15 to EU27 (accession countries joined post 2004)","N","Professional, Scientific and Technical Activities (N)","Thousand",""
"QLF59C01","Persons aged 15 years and over in Employment","20254","2025Q4","E15E2720","EU15 to EU27 (accession countries joined post 2004)","O","Administrative and Support Service Activities (O)","Thousand","7.8"
"QLF59C01","Persons aged 15 years and over in Employment","20254","2025Q4","E15E2720","EU15 to EU27 (accession countries joined post 2004)","P","Public Administration and Defence; Compulsory Social Security (P)","Thousand",""
"QLF59C01","Persons aged 15 years and over in Employment","20254","2025Q4","E15E2720","EU15 to EU27 (accession countries joined post 2004)","Q","Education (Q)","Thousand",""
"QLF59C01","Persons aged 15 years and over in Employment","20254","2025Q4","E15E2720","EU15 to EU27 (accession countries joined post 2004)","R","Human Health and Social Work Activities (R)","Thousand","14.5"
"QLF59C01","Persons aged 15 years and over in Employment","20254","2025Q4","E15E2720","EU15 to EU27 (accession countries joined post 2004)","ZZ210011","Industry (B-E)","Thousand","34.5"
"QLF59C01","Persons aged 15 years and over in Employment","20254","2025Q4","E15E2720","EU15 to EU27 (accession countries joined post 2004)","ZZ210010","Industry and Construction (B-F)","Thousand","53.8"
"QLF59C01","Persons aged 15 years and over in Employment","20254","2025Q4","E15E2720","EU15 to EU27 (accession countries joined post 2004)","ZZ210023","Services (G-V)","Thousand","119.5"
"QLF59C01","Persons aged 15 years and over in Employment","20254","2025Q4","E15E2720","EU15 to EU27 (accession countries joined post 2004)","ZZ210221","Financial, Insurance and Real Estate Activities (L,M)","Thousand",""
"QLF59C01","Persons aged 15 years and over in Employment","20254","2025Q4","E15E2720","EU15 to EU27 (accession countries joined post 2004)","ZZ210224","Other NACE Activities (S to V)","Thousand","13.4"
"QLF59C01","Persons aged 15 years and over in Employment","20254","2025Q4","E15E2720","EU15 to EU27 (accession countries joined post 2004)","ZZ219990","NACE Unknown","Thousand",""
"QLF59C01","Persons aged 15 years and over in Employment","20254","2025Q4","GB","United Kingdom","-","All NACE Economic Sectors (A-V)","Thousand","48.1"
"QLF59C01","Persons aged 15 years and over in Employment","20254","2025Q4","GB","United Kingdom","A","Agriculture, Forestry and Fishing (A)","Thousand",""
"QLF59C01","Persons aged 15 years and over in Employment","20254","2025Q4","GB","United Kingdom","F","Construction (F)","Thousand",""
"QLF59C01","Persons aged 15 years and over in Employment","20254","2025Q4","GB","United Kingdom","G","Wholesale and Retail Trade (G)","Thousand",""
"QLF59C01","Persons aged 15 years and over in Employment","20254","2025Q4","GB","United Kingdom","H","Transportation and Storage (H)","Thousand",""
"QLF59C01","Persons aged 15 years and over in Employment","20254","2025Q4","GB","United Kingdom","I","Accommodation and Food Service Activities (I)","Thousand",""
"QLF59C01","Persons aged 15 years and over in Employment","20254","2025Q4","GB","United Kingdom","ZZ210228","Information and Communication (J,K)","Thousand",""
"QLF59C01","Persons aged 15 years and over in Employment","20254","2025Q4","GB","United Kingdom","N","Professional, Scientific and Technical Activities (N)","Thousand",""
"QLF59C01","Persons aged 15 years and over in Employment","20254","2025Q4","GB","United Kingdom","O","Administrative and Support Service Activities (O)","Thousand",""
"QLF59C01","Persons aged 15 years and over in Employment","20254","2025Q4","GB","United Kingdom","P","Public Administration and Defence; Compulsory Social Security (P)","Thousand",""
"QLF59C01","Persons aged 15 years and over in Employment","20254","2025Q4","GB","United Kingdom","Q","Education (Q)","Thousand",""
"QLF59C01","Persons aged 15 years and over in Employment","20254","2025Q4","GB","United Kingdom","R","Human Health and Social Work Activities (R)","Thousand","8.5"
"QLF59C01","Persons aged 15 years and over in Employment","20254","2025Q4","GB","United Kingdom","ZZ210011","Industry (B-E)","Thousand",""
"QLF59C01","Persons aged 15 years and over in Employment","20254","2025Q4","GB","United Kingdom","ZZ210010","Industry and Construction (B-F)","Thousand","6.7"
"QLF59C01","Persons aged 15 years and over in Employment","20254","2025Q4","GB","United Kingdom","ZZ210023","Services (G-V)","Thousand","39.6"
"QLF59C01","Persons aged 15 years and over in Employment","20254","2025Q4","GB","United Kingdom","ZZ210221","Financial, Insurance and Real Estate Activities (L,M)","Thousand",""
"QLF59C01","Persons aged 15 years and over in Employment","20254","2025Q4","GB","United Kingdom","ZZ210224","Other NACE Activities (S to V)","Thousand",""
"QLF59C01","Persons aged 15 years and over in Employment","20254","2025Q4","GB","United Kingdom","ZZ219990","NACE Unknown","Thousand",""
"QLF59C01","Persons aged 15 years and over in Employment","20254","2025Q4","IE","Ireland","-","All NACE Economic Sectors (A-V)","Thousand","2224.4"
"QLF59C01","Persons aged 15 years and over in Employment","20254","2025Q4","IE","Ireland","A","Agriculture, Forestry and Fishing (A)","Thousand","104.1"
"QLF59C01","Persons aged 15 years and over in Employment","20254","2025Q4","IE","Ireland","F","Construction (F)","Thousand","152"
"QLF59C01","Persons aged 15 years and over in Employment","20254","2025Q4","IE","Ireland","G","Wholesale and Retail Trade (G)","Thousand","237.9"
"QLF59C01","Persons aged 15 years and over in Employment","20254","2025Q4","IE","Ireland","H","Transportation and Storage (H)","Thousand","103.7"
"QLF59C01","Persons aged 15 years and over in Employment","20254","2025Q4","IE","Ireland","I","Accommodation and Food Service Activities (I)","Thousand","117.4"
"QLF59C01","Persons aged 15 years and over in Employment","20254","2025Q4","IE","Ireland","ZZ210228","Information and Communication (J,K)","Thousand","110"
"QLF59C01","Persons aged 15 years and over in Employment","20254","2025Q4","IE","Ireland","N","Professional, Scientific and Technical Activities (N)","Thousand","153.6"
"QLF59C01","Persons aged 15 years and over in Employment","20254","2025Q4","IE","Ireland","O","Administrative and Support Service Activities (O)","Thousand","70.4"
"QLF59C01","Persons aged 15 years and over in Employment","20254","2025Q4","IE","Ireland","P","Public Administration and Defence; Compulsory Social Security (P)","Thousand","137.6"
"QLF59C01","Persons aged 15 years and over in Employment","20254","2025Q4","IE","Ireland","Q","Education (Q)","Thousand","227.9"
"QLF59C01","Persons aged 15 years and over in Employment","20254","2025Q4","IE","Ireland","R","Human Health and Social Work Activities (R)","Thousand","289.4"
"QLF59C01","Persons aged 15 years and over in Employment","20254","2025Q4","IE","Ireland","ZZ210011","Industry (B-E)","Thousand","263.2"
"QLF59C01","Persons aged 15 years and over in Employment","20254","2025Q4","IE","Ireland","ZZ210010","Industry and Construction (B-F)","Thousand","415.2"
"QLF59C01","Persons aged 15 years and over in Employment","20254","2025Q4","IE","Ireland","ZZ210023","Services (G-V)","Thousand","1686"
"QLF59C01","Persons aged 15 years and over in Employment","20254","2025Q4","IE","Ireland","ZZ210221","Financial, Insurance and Real Estate Activities (L,M)","Thousand","120.1"
"QLF59C01","Persons aged 15 years and over in Employment","20254","2025Q4","IE","Ireland","ZZ210224","Other NACE Activities (S to V)","Thousand","117.9"
"QLF59C01","Persons aged 15 years and over in Employment","20254","2025Q4","IE","Ireland","ZZ219990","NACE Unknown","Thousand","19.2"
"QLF59C01","Persons aged 15 years and over in Employment","20254","2025Q4","ZZZZ1","All countries excluding Ireland","-","All NACE Economic Sectors (A-V)","Thousand","608.5"
"QLF59C01","Persons aged 15 years and over in Employment","20254","2025Q4","ZZZZ1","All countries excluding Ireland","A","Agriculture, Forestry and Fishing (A)","Thousand",""
"QLF59C01","Persons aged 15 years and over in Employment","20254","2025Q4","ZZZZ1","All countries excluding Ireland","F","Construction (F)","Thousand","38.3"
"QLF59C01","Persons aged 15 years and over in Employment","20254","2025Q4","ZZZZ1","All countries excluding Ireland","G","Wholesale and Retail Trade (G)","Thousand","59.8"
"QLF59C01","Persons aged 15 years and over in Employment","20254","2025Q4","ZZZZ1","All countries excluding Ireland","H","Transportation and Storage (H)","Thousand","27.6"
"QLF59C01","Persons aged 15 years and over in Employment","20254","2025Q4","ZZZZ1","All countries excluding Ireland","I","Accommodation and Food Service Activities (I)","Thousand","64.3"
"QLF59C01","Persons aged 15 years and over in Employment","20254","2025Q4","ZZZZ1","All countries excluding Ireland","ZZ210228","Information and Communication (J,K)","Thousand","58"
"QLF59C01","Persons aged 15 years and over in Employment","20254","2025Q4","ZZZZ1","All countries excluding Ireland","N","Professional, Scientific and Technical Activities (N)","Thousand","34.7"
"QLF59C01","Persons aged 15 years and over in Employment","20254","2025Q4","ZZZZ1","All countries excluding Ireland","O","Administrative and Support Service Activities (O)","Thousand","23.5"
"QLF59C01","Persons aged 15 years and over in Employment","20254","2025Q4","ZZZZ1","All countries excluding Ireland","P","Public Administration and Defence; Compulsory Social Security (P)","Thousand","9.9"
"QLF59C01","Persons aged 15 years and over in Employment","20254","2025Q4","ZZZZ1","All countries excluding Ireland","Q","Education (Q)","Thousand","27.9"
"QLF59C01","Persons aged 15 years and over in Employment","20254","2025Q4","ZZZZ1","All countries excluding Ireland","R","Human Health and Social Work Activities (R)","Thousand","102.4"
"QLF59C01","Persons aged 15 years and over in Employment","20254","2025Q4","ZZZZ1","All countries excluding Ireland","ZZ210011","Industry (B-E)","Thousand","89.7"
"QLF59C01","Persons aged 15 years and over in Employment","20254","2025Q4","ZZZZ1","All countries excluding Ireland","ZZ210010","Industry and Construction (B-F)","Thousand","127.9"
"QLF59C01","Persons aged 15 years and over in Employment","20254","2025Q4","ZZZZ1","All countries excluding Ireland","ZZ210023","Services (G-V)","Thousand","467.4"
"QLF59C01","Persons aged 15 years and over in Employment","20254","2025Q4","ZZZZ1","All countries excluding Ireland","ZZ210221","Financial, Insurance and Real Estate Activities (L,M)","Thousand","29.5"
"QLF59C01","Persons aged 15 years and over in Employment","20254","2025Q4","ZZZZ1","All countries excluding Ireland","ZZ210224","Other NACE Activities (S to V)","Thousand","29.7"
"QLF59C01","Persons aged 15 years and over in Employment","20254","2025Q4","ZZZZ1","All countries excluding Ireland","ZZ219990","NACE Unknown","Thousand",""
"QLF59C01","Persons aged 15 years and over in Employment","20254","2025Q4","ZZZZ2","All countries excluding Ireland,United Kingdom and EU272020","-","All NACE Economic Sectors (A-V)","Thousand","296.2"
"QLF59C01","Persons aged 15 years and over in Employment","20254","2025Q4","ZZZZ2","All countries excluding Ireland,United Kingdom and EU272020","A","Agriculture, Forestry and Fishing (A)","Thousand",""
"QLF59C01","Persons aged 15 years and over in Employment","20254","2025Q4","ZZZZ2","All countries excluding Ireland,United Kingdom and EU272020","F","Construction (F)","Thousand","15"
"QLF59C01","Persons aged 15 years and over in Employment","20254","2025Q4","ZZZZ2","All countries excluding Ireland,United Kingdom and EU272020","G","Wholesale and Retail Trade (G)","Thousand","22.9"
"QLF59C01","Persons aged 15 years and over in Employment","20254","2025Q4","ZZZZ2","All countries excluding Ireland,United Kingdom and EU272020","H","Transportation and Storage (H)","Thousand",""
"QLF59C01","Persons aged 15 years and over in Employment","20254","2025Q4","ZZZZ2","All countries excluding Ireland,United Kingdom and EU272020","I","Accommodation and Food Service Activities (I)","Thousand","30.2"
"QLF59C01","Persons aged 15 years and over in Employment","20254","2025Q4","ZZZZ2","All countries excluding Ireland,United Kingdom and EU272020","ZZ210228","Information and Communication (J,K)","Thousand","27"
"QLF59C01","Persons aged 15 years and over in Employment","20254","2025Q4","ZZZZ2","All countries excluding Ireland,United Kingdom and EU272020","N","Professional, Scientific and Technical Activities (N)","Thousand","18.6"
"QLF59C01","Persons aged 15 years and over in Employment","20254","2025Q4","ZZZZ2","All countries excluding Ireland,United Kingdom and EU272020","O","Administrative and Support Service Activities (O)","Thousand",""
"QLF59C01","Persons aged 15 years and over in Employment","20254","2025Q4","ZZZZ2","All countries excluding Ireland,United Kingdom and EU272020","P","Public Administration and Defence; Compulsory Social Security (P)","Thousand",""
"QLF59C01","Persons aged 15 years and over in Employment","20254","2025Q4","ZZZZ2","All countries excluding Ireland,United Kingdom and EU272020","Q","Education (Q)","Thousand","13.2"
"QLF59C01","Persons aged 15 years and over in Employment","20254","2025Q4","ZZZZ2","All countries excluding Ireland,United Kingdom and EU272020","R","Human Health and Social Work Activities (R)","Thousand","70.6"
"QLF59C01","Persons aged 15 years and over in Employment","20254","2025Q4","ZZZZ2","All countries excluding Ireland,United Kingdom and EU272020","ZZ210011","Industry (B-E)","Thousand","40.9"
"QLF59C01","Persons aged 15 years and over in Employment","20254","2025Q4","ZZZZ2","All countries excluding Ireland,United Kingdom and EU272020","ZZ210010","Industry and Construction (B-F)","Thousand","55.8"
"QLF59C01","Persons aged 15 years and over in Employment","20254","2025Q4","ZZZZ2","All countries excluding Ireland,United Kingdom and EU272020","ZZ210023","Services (G-V)","Thousand","234.1"
"QLF59C01","Persons aged 15 years and over in Employment","20254","2025Q4","ZZZZ2","All countries excluding Ireland,United Kingdom and EU272020","ZZ210221","Financial, Insurance and Real Estate Activities (L,M)","Thousand","15.3"
"QLF59C01","Persons aged 15 years and over in Employment","20254","2025Q4","ZZZZ2","All countries excluding Ireland,United Kingdom and EU272020","ZZ210224","Other NACE Activities (S to V)","Thousand",""
"QLF59C01","Persons aged 15 years and over in Employment","20254","2025Q4","ZZZZ2","All countries excluding Ireland,United Kingdom and EU272020","ZZ219990","NACE Unknown","Thousand",""
"QLF59C01","Persons aged 15 years and over in Employment","20261","2026Q1","-","All Countries","-","All NACE Economic Sectors (A-V)","Thousand","2794.5"
"QLF59C01","Persons aged 15 years and over in Employment","20261","2026Q1","-","All Countries","A","Agriculture, Forestry and Fishing (A)","Thousand","105.5"
"QLF59C01","Persons aged 15 years and over in Employment","20261","2026Q1","-","All Countries","F","Construction (F)","Thousand","195.4"
"QLF59C01","Persons aged 15 years and over in Employment","20261","2026Q1","-","All Countries","G","Wholesale and Retail Trade (G)","Thousand","299.1"
"QLF59C01","Persons aged 15 years and over in Employment","20261","2026Q1","-","All Countries","H","Transportation and Storage (H)","Thousand","132.2"
"QLF59C01","Persons aged 15 years and over in Employment","20261","2026Q1","-","All Countries","I","Accommodation and Food Service Activities (I)","Thousand","169.6"
"QLF59C01","Persons aged 15 years and over in Employment","20261","2026Q1","-","All Countries","ZZ210228","Information and Communication (J,K)","Thousand","169.2"
"QLF59C01","Persons aged 15 years and over in Employment","20261","2026Q1","-","All Countries","N","Professional, Scientific and Technical Activities (N)","Thousand","183.9"
"QLF59C01","Persons aged 15 years and over in Employment","20261","2026Q1","-","All Countries","O","Administrative and Support Service Activities (O)","Thousand","99.4"
"QLF59C01","Persons aged 15 years and over in Employment","20261","2026Q1","-","All Countries","P","Public Administration and Defence; Compulsory Social Security (P)","Thousand","148.1"
"QLF59C01","Persons aged 15 years and over in Employment","20261","2026Q1","-","All Countries","Q","Education (Q)","Thousand","260.3"
"QLF59C01","Persons aged 15 years and over in Employment","20261","2026Q1","-","All Countries","R","Human Health and Social Work Activities (R)","Thousand","382.1"
"QLF59C01","Persons aged 15 years and over in Employment","20261","2026Q1","-","All Countries","ZZ210011","Industry (B-E)","Thousand","350.1"
"QLF59C01","Persons aged 15 years and over in Employment","20261","2026Q1","-","All Countries","ZZ210010","Industry and Construction (B-F)","Thousand","545.5"
"QLF59C01","Persons aged 15 years and over in Employment","20261","2026Q1","-","All Countries","ZZ210023","Services (G-V)","Thousand","2135.6"
"QLF59C01","Persons aged 15 years and over in Employment","20261","2026Q1","-","All Countries","ZZ210221","Financial, Insurance and Real Estate Activities (L,M)","Thousand","150.9"
"QLF59C01","Persons aged 15 years and over in Employment","20261","2026Q1","-","All Countries","ZZ210224","Other NACE Activities (S to V)","Thousand","140.7"
"QLF59C01","Persons aged 15 years and over in Employment","20261","2026Q1","-","All Countries","ZZ219990","NACE Unknown","Thousand","7.9"
"QLF59C01","Persons aged 15 years and over in Employment","20261","2026Q1","E1420XIE","EU14 excl Irl (countries in the EU pre 2004 excluding UK & Ireland)","-","All NACE Economic Sectors (A-V)","Thousand","90.2"
"QLF59C01","Persons aged 15 years and over in Employment","20261","2026Q1","E1420XIE","EU14 excl Irl (countries in the EU pre 2004 excluding UK & Ireland)","A","Agriculture, Forestry and Fishing (A)","Thousand",""
"QLF59C01","Persons aged 15 years and over in Employment","20261","2026Q1","E1420XIE","EU14 excl Irl (countries in the EU pre 2004 excluding UK & Ireland)","F","Construction (F)","Thousand",""
"QLF59C01","Persons aged 15 years and over in Employment","20261","2026Q1","E1420XIE","EU14 excl Irl (countries in the EU pre 2004 excluding UK & Ireland)","G","Wholesale and Retail Trade (G)","Thousand",""
"QLF59C01","Persons aged 15 years and over in Employment","20261","2026Q1","E1420XIE","EU14 excl Irl (countries in the EU pre 2004 excluding UK & Ireland)","H","Transportation and Storage (H)","Thousand",""
"QLF59C01","Persons aged 15 years and over in Employment","20261","2026Q1","E1420XIE","EU14 excl Irl (countries in the EU pre 2004 excluding UK & Ireland)","I","Accommodation and Food Service Activities (I)","Thousand",""
"QLF59C01","Persons aged 15 years and over in Employment","20261","2026Q1","E1420XIE","EU14 excl Irl (countries in the EU pre 2004 excluding UK & Ireland)","ZZ210228","Information and Communication (J,K)","Thousand","16.9"
"QLF59C01","Persons aged 15 years and over in Employment","20261","2026Q1","E1420XIE","EU14 excl Irl (countries in the EU pre 2004 excluding UK & Ireland)","N","Professional, Scientific and Technical Activities (N)","Thousand",""
"QLF59C01","Persons aged 15 years and over in Employment","20261","2026Q1","E1420XIE","EU14 excl Irl (countries in the EU pre 2004 excluding UK & Ireland)","O","Administrative and Support Service Activities (O)","Thousand",""
"QLF59C01","Persons aged 15 years and over in Employment","20261","2026Q1","E1420XIE","EU14 excl Irl (countries in the EU pre 2004 excluding UK & Ireland)","P","Public Administration and Defence; Compulsory Social Security (P)","Thousand",""
"QLF59C01","Persons aged 15 years and over in Employment","20261","2026Q1","E1420XIE","EU14 excl Irl (countries in the EU pre 2004 excluding UK & Ireland)","Q","Education (Q)","Thousand",""
"QLF59C01","Persons aged 15 years and over in Employment","20261","2026Q1","E1420XIE","EU14 excl Irl (countries in the EU pre 2004 excluding UK & Ireland)","R","Human Health and Social Work Activities (R)","Thousand",""
"QLF59C01","Persons aged 15 years and over in Employment","20261","2026Q1","E1420XIE","EU14 excl Irl (countries in the EU pre 2004 excluding UK & Ireland)","ZZ210011","Industry (B-E)","Thousand","11.5"
"QLF59C01","Persons aged 15 years and over in Employment","20261","2026Q1","E1420XIE","EU14 excl Irl (countries in the EU pre 2004 excluding UK & Ireland)","ZZ210010","Industry and Construction (B-F)","Thousand","14.4"
"QLF59C01","Persons aged 15 years and over in Employment","20261","2026Q1","E1420XIE","EU14 excl Irl (countries in the EU pre 2004 excluding UK & Ireland)","ZZ210023","Services (G-V)","Thousand","74.7"
"QLF59C01","Persons aged 15 years and over in Employment","20261","2026Q1","E1420XIE","EU14 excl Irl (countries in the EU pre 2004 excluding UK & Ireland)","ZZ210221","Financial, Insurance and Real Estate Activities (L,M)","Thousand",""
"QLF59C01","Persons aged 15 years and over in Employment","20261","2026Q1","E1420XIE","EU14 excl Irl (countries in the EU pre 2004 excluding UK & Ireland)","ZZ210224","Other NACE Activities (S to V)","Thousand",""
"QLF59C01","Persons aged 15 years and over in Employment","20261","2026Q1","E1420XIE","EU14 excl Irl (countries in the EU pre 2004 excluding UK & Ireland)","ZZ219990","NACE Unknown","Thousand",""
"QLF59C01","Persons aged 15 years and over in Employment","20261","2026Q1","E15E2720","EU15 to EU27 (accession countries joined post 2004)","-","All NACE Economic Sectors (A-V)","Thousand","176.4"
"QLF59C01","Persons aged 15 years and over in Employment","20261","2026Q1","E15E2720","EU15 to EU27 (accession countries joined post 2004)","A","Agriculture, Forestry and Fishing (A)","Thousand",""
"QLF59C01","Persons aged 15 years and over in Employment","20261","2026Q1","E15E2720","EU15 to EU27 (accession countries joined post 2004)","F","Construction (F)","Thousand","21.5"
"QLF59C01","Persons aged 15 years and over in Employment","20261","2026Q1","E15E2720","EU15 to EU27 (accession countries joined post 2004)","G","Wholesale and Retail Trade (G)","Thousand","25.1"
"QLF59C01","Persons aged 15 years and over in Employment","20261","2026Q1","E15E2720","EU15 to EU27 (accession countries joined post 2004)","H","Transportation and Storage (H)","Thousand","12.6"
"QLF59C01","Persons aged 15 years and over in Employment","20261","2026Q1","E15E2720","EU15 to EU27 (accession countries joined post 2004)","I","Accommodation and Food Service Activities (I)","Thousand","17.6"
"QLF59C01","Persons aged 15 years and over in Employment","20261","2026Q1","E15E2720","EU15 to EU27 (accession countries joined post 2004)","ZZ210228","Information and Communication (J,K)","Thousand","9.6"
"QLF59C01","Persons aged 15 years and over in Employment","20261","2026Q1","E15E2720","EU15 to EU27 (accession countries joined post 2004)","N","Professional, Scientific and Technical Activities (N)","Thousand",""
"QLF59C01","Persons aged 15 years and over in Employment","20261","2026Q1","E15E2720","EU15 to EU27 (accession countries joined post 2004)","O","Administrative and Support Service Activities (O)","Thousand","10.8"
"QLF59C01","Persons aged 15 years and over in Employment","20261","2026Q1","E15E2720","EU15 to EU27 (accession countries joined post 2004)","P","Public Administration and Defence; Compulsory Social Security (P)","Thousand",""
"QLF59C01","Persons aged 15 years and over in Employment","20261","2026Q1","E15E2720","EU15 to EU27 (accession countries joined post 2004)","Q","Education (Q)","Thousand",""
"QLF59C01","Persons aged 15 years and over in Employment","20261","2026Q1","E15E2720","EU15 to EU27 (accession countries joined post 2004)","R","Human Health and Social Work Activities (R)","Thousand","11.1"
"QLF59C01","Persons aged 15 years and over in Employment","20261","2026Q1","E15E2720","EU15 to EU27 (accession countries joined post 2004)","ZZ210011","Industry (B-E)","Thousand","33.6"
"QLF59C01","Persons aged 15 years and over in Employment","20261","2026Q1","E15E2720","EU15 to EU27 (accession countries joined post 2004)","ZZ210010","Industry and Construction (B-F)","Thousand","55"
"QLF59C01","Persons aged 15 years and over in Employment","20261","2026Q1","E15E2720","EU15 to EU27 (accession countries joined post 2004)","ZZ210023","Services (G-V)","Thousand","118.6"
"QLF59C01","Persons aged 15 years and over in Employment","20261","2026Q1","E15E2720","EU15 to EU27 (accession countries joined post 2004)","ZZ210221","Financial, Insurance and Real Estate Activities (L,M)","Thousand",""
"QLF59C01","Persons aged 15 years and over in Employment","20261","2026Q1","E15E2720","EU15 to EU27 (accession countries joined post 2004)","ZZ210224","Other NACE Activities (S to V)","Thousand","10.7"
"QLF59C01","Persons aged 15 years and over in Employment","20261","2026Q1","E15E2720","EU15 to EU27 (accession countries joined post 2004)","ZZ219990","NACE Unknown","Thousand",""
"QLF59C01","Persons aged 15 years and over in Employment","20261","2026Q1","GB","United Kingdom","-","All NACE Economic Sectors (A-V)","Thousand","44.8"
"QLF59C01","Persons aged 15 years and over in Employment","20261","2026Q1","GB","United Kingdom","A","Agriculture, Forestry and Fishing (A)","Thousand",""
"QLF59C01","Persons aged 15 years and over in Employment","20261","2026Q1","GB","United Kingdom","F","Construction (F)","Thousand",""
"QLF59C01","Persons aged 15 years and over in Employment","20261","2026Q1","GB","United Kingdom","G","Wholesale and Retail Trade (G)","Thousand",""
"QLF59C01","Persons aged 15 years and over in Employment","20261","2026Q1","GB","United Kingdom","H","Transportation and Storage (H)","Thousand",""
"QLF59C01","Persons aged 15 years and over in Employment","20261","2026Q1","GB","United Kingdom","I","Accommodation and Food Service Activities (I)","Thousand",""
"QLF59C01","Persons aged 15 years and over in Employment","20261","2026Q1","GB","United Kingdom","ZZ210228","Information and Communication (J,K)","Thousand",""
"QLF59C01","Persons aged 15 years and over in Employment","20261","2026Q1","GB","United Kingdom","N","Professional, Scientific and Technical Activities (N)","Thousand",""
"QLF59C01","Persons aged 15 years and over in Employment","20261","2026Q1","GB","United Kingdom","O","Administrative and Support Service Activities (O)","Thousand",""
"QLF59C01","Persons aged 15 years and over in Employment","20261","2026Q1","GB","United Kingdom","P","Public Administration and Defence; Compulsory Social Security (P)","Thousand",""
"QLF59C01","Persons aged 15 years and over in Employment","20261","2026Q1","GB","United Kingdom","Q","Education (Q)","Thousand",""
"QLF59C01","Persons aged 15 years and over in Employment","20261","2026Q1","GB","United Kingdom","R","Human Health and Social Work Activities (R)","Thousand","7.5"
"QLF59C01","Persons aged 15 years and over in Employment","20261","2026Q1","GB","United Kingdom","ZZ210011","Industry (B-E)","Thousand",""
"QLF59C01","Persons aged 15 years and over in Employment","20261","2026Q1","GB","United Kingdom","ZZ210010","Industry and Construction (B-F)","Thousand","9.1"
"QLF59C01","Persons aged 15 years and over in Employment","20261","2026Q1","GB","United Kingdom","ZZ210023","Services (G-V)","Thousand","34.3"
"QLF59C01","Persons aged 15 years and over in Employment","20261","2026Q1","GB","United Kingdom","ZZ210221","Financial, Insurance and Real Estate Activities (L,M)","Thousand",""
"QLF59C01","Persons aged 15 years and over in Employment","20261","2026Q1","GB","United Kingdom","ZZ210224","Other NACE Activities (S to V)","Thousand",""
"QLF59C01","Persons aged 15 years and over in Employment","20261","2026Q1","GB","United Kingdom","ZZ219990","NACE Unknown","Thousand",""
"QLF59C01","Persons aged 15 years and over in Employment","20261","2026Q1","IE","Ireland","-","All NACE Economic Sectors (A-V)","Thousand","2203.2"
"QLF59C01","Persons aged 15 years and over in Employment","20261","2026Q1","IE","Ireland","A","Agriculture, Forestry and Fishing (A)","Thousand","99.7"
"QLF59C01","Persons aged 15 years and over in Employment","20261","2026Q1","IE","Ireland","F","Construction (F)","Thousand","148.3"
"QLF59C01","Persons aged 15 years and over in Employment","20261","2026Q1","IE","Ireland","G","Wholesale and Retail Trade (G)","Thousand","241.3"
"QLF59C01","Persons aged 15 years and over in Employment","20261","2026Q1","IE","Ireland","H","Transportation and Storage (H)","Thousand","103.3"
"QLF59C01","Persons aged 15 years and over in Employment","20261","2026Q1","IE","Ireland","I","Accommodation and Food Service Activities (I)","Thousand","118.7"
"QLF59C01","Persons aged 15 years and over in Employment","20261","2026Q1","IE","Ireland","ZZ210228","Information and Communication (J,K)","Thousand","111.5"
"QLF59C01","Persons aged 15 years and over in Employment","20261","2026Q1","IE","Ireland","N","Professional, Scientific and Technical Activities (N)","Thousand","147.3"
"QLF59C01","Persons aged 15 years and over in Employment","20261","2026Q1","IE","Ireland","O","Administrative and Support Service Activities (O)","Thousand","71.7"
"QLF59C01","Persons aged 15 years and over in Employment","20261","2026Q1","IE","Ireland","P","Public Administration and Defence; Compulsory Social Security (P)","Thousand","139.6"
"QLF59C01","Persons aged 15 years and over in Employment","20261","2026Q1","IE","Ireland","Q","Education (Q)","Thousand","226.2"
"QLF59C01","Persons aged 15 years and over in Employment","20261","2026Q1","IE","Ireland","R","Human Health and Social Work Activities (R)","Thousand","291"
"QLF59C01","Persons aged 15 years and over in Employment","20261","2026Q1","IE","Ireland","ZZ210011","Industry (B-E)","Thousand","265.3"
"QLF59C01","Persons aged 15 years and over in Employment","20261","2026Q1","IE","Ireland","ZZ210010","Industry and Construction (B-F)","Thousand","413.6"
"QLF59C01","Persons aged 15 years and over in Employment","20261","2026Q1","IE","Ireland","ZZ210023","Services (G-V)","Thousand","1684.6"
"QLF59C01","Persons aged 15 years and over in Employment","20261","2026Q1","IE","Ireland","ZZ210221","Financial, Insurance and Real Estate Activities (L,M)","Thousand","120.5"
"QLF59C01","Persons aged 15 years and over in Employment","20261","2026Q1","IE","Ireland","ZZ210224","Other NACE Activities (S to V)","Thousand","113.4"
"QLF59C01","Persons aged 15 years and over in Employment","20261","2026Q1","IE","Ireland","ZZ219990","NACE Unknown","Thousand",""
"QLF59C01","Persons aged 15 years and over in Employment","20261","2026Q1","ZZZZ1","All countries excluding Ireland","-","All NACE Economic Sectors (A-V)","Thousand","591.3"
"QLF59C01","Persons aged 15 years and over in Employment","20261","2026Q1","ZZZZ1","All countries excluding Ireland","A","Agriculture, Forestry and Fishing (A)","Thousand",""
"QLF59C01","Persons aged 15 years and over in Employment","20261","2026Q1","ZZZZ1","All countries excluding Ireland","F","Construction (F)","Thousand","47.1"
"QLF59C01","Persons aged 15 years and over in Employment","20261","2026Q1","ZZZZ1","All countries excluding Ireland","G","Wholesale and Retail Trade (G)","Thousand","57.8"
"QLF59C01","Persons aged 15 years and over in Employment","20261","2026Q1","ZZZZ1","All countries excluding Ireland","H","Transportation and Storage (H)","Thousand","28.8"
"QLF59C01","Persons aged 15 years and over in Employment","20261","2026Q1","ZZZZ1","All countries excluding Ireland","I","Accommodation and Food Service Activities (I)","Thousand","50.9"
"QLF59C01","Persons aged 15 years and over in Employment","20261","2026Q1","ZZZZ1","All countries excluding Ireland","ZZ210228","Information and Communication (J,K)","Thousand","57.8"
"QLF59C01","Persons aged 15 years and over in Employment","20261","2026Q1","ZZZZ1","All countries excluding Ireland","N","Professional, Scientific and Technical Activities (N)","Thousand","36.6"
"QLF59C01","Persons aged 15 years and over in Employment","20261","2026Q1","ZZZZ1","All countries excluding Ireland","O","Administrative and Support Service Activities (O)","Thousand","27.7"
"QLF59C01","Persons aged 15 years and over in Employment","20261","2026Q1","ZZZZ1","All countries excluding Ireland","P","Public Administration and Defence; Compulsory Social Security (P)","Thousand","8.6"
"QLF59C01","Persons aged 15 years and over in Employment","20261","2026Q1","ZZZZ1","All countries excluding Ireland","Q","Education (Q)","Thousand","34.1"
"QLF59C01","Persons aged 15 years and over in Employment","20261","2026Q1","ZZZZ1","All countries excluding Ireland","R","Human Health and Social Work Activities (R)","Thousand","91.1"
"QLF59C01","Persons aged 15 years and over in Employment","20261","2026Q1","ZZZZ1","All countries excluding Ireland","ZZ210011","Industry (B-E)","Thousand","84.8"
"QLF59C01","Persons aged 15 years and over in Employment","20261","2026Q1","ZZZZ1","All countries excluding Ireland","ZZ210010","Industry and Construction (B-F)","Thousand","131.9"
"QLF59C01","Persons aged 15 years and over in Employment","20261","2026Q1","ZZZZ1","All countries excluding Ireland","ZZ210023","Services (G-V)","Thousand","451.1"
"QLF59C01","Persons aged 15 years and over in Employment","20261","2026Q1","ZZZZ1","All countries excluding Ireland","ZZ210221","Financial, Insurance and Real Estate Activities (L,M)","Thousand","30.4"
"QLF59C01","Persons aged 15 years and over in Employment","20261","2026Q1","ZZZZ1","All countries excluding Ireland","ZZ210224","Other NACE Activities (S to V)","Thousand","27.3"
"QLF59C01","Persons aged 15 years and over in Employment","20261","2026Q1","ZZZZ1","All countries excluding Ireland","ZZ219990","NACE Unknown","Thousand",""
"QLF59C01","Persons aged 15 years and over in Employment","20261","2026Q1","ZZZZ2","All countries excluding Ireland,United Kingdom and EU272020","-","All NACE Economic Sectors (A-V)","Thousand","279.9"
"QLF59C01","Persons aged 15 years and over in Employment","20261","2026Q1","ZZZZ2","All countries excluding Ireland,United Kingdom and EU272020","A","Agriculture, Forestry and Fishing (A)","Thousand",""
"QLF59C01","Persons aged 15 years and over in Employment","20261","2026Q1","ZZZZ2","All countries excluding Ireland,United Kingdom and EU272020","F","Construction (F)","Thousand","20.3"
"QLF59C01","Persons aged 15 years and over in Employment","20261","2026Q1","ZZZZ2","All countries excluding Ireland,United Kingdom and EU272020","G","Wholesale and Retail Trade (G)","Thousand","22.5"
"QLF59C01","Persons aged 15 years and over in Employment","20261","2026Q1","ZZZZ2","All countries excluding Ireland,United Kingdom and EU272020","H","Transportation and Storage (H)","Thousand",""
"QLF59C01","Persons aged 15 years and over in Employment","20261","2026Q1","ZZZZ2","All countries excluding Ireland,United Kingdom and EU272020","I","Accommodation and Food Service Activities (I)","Thousand","21.5"
"QLF59C01","Persons aged 15 years and over in Employment","20261","2026Q1","ZZZZ2","All countries excluding Ireland,United Kingdom and EU272020","ZZ210228","Information and Communication (J,K)","Thousand","28.7"
"QLF59C01","Persons aged 15 years and over in Employment","20261","2026Q1","ZZZZ2","All countries excluding Ireland,United Kingdom and EU272020","N","Professional, Scientific and Technical Activities (N)","Thousand","18.4"
"QLF59C01","Persons aged 15 years and over in Employment","20261","2026Q1","ZZZZ2","All countries excluding Ireland,United Kingdom and EU272020","O","Administrative and Support Service Activities (O)","Thousand",""
"QLF59C01","Persons aged 15 years and over in Employment","20261","2026Q1","ZZZZ2","All countries excluding Ireland,United Kingdom and EU272020","P","Public Administration and Defence; Compulsory Social Security (P)","Thousand",""
"QLF59C01","Persons aged 15 years and over in Employment","20261","2026Q1","ZZZZ2","All countries excluding Ireland,United Kingdom and EU272020","Q","Education (Q)","Thousand","16.8"
"QLF59C01","Persons aged 15 years and over in Employment","20261","2026Q1","ZZZZ2","All countries excluding Ireland,United Kingdom and EU272020","R","Human Health and Social Work Activities (R)","Thousand","63.9"
"QLF59C01","Persons aged 15 years and over in Employment","20261","2026Q1","ZZZZ2","All countries excluding Ireland,United Kingdom and EU272020","ZZ210011","Industry (B-E)","Thousand","33.1"
"QLF59C01","Persons aged 15 years and over in Employment","20261","2026Q1","ZZZZ2","All countries excluding Ireland,United Kingdom and EU272020","ZZ210010","Industry and Construction (B-F)","Thousand","53.4"
"QLF59C01","Persons aged 15 years and over in Employment","20261","2026Q1","ZZZZ2","All countries excluding Ireland,United Kingdom and EU272020","ZZ210023","Services (G-V)","Thousand","223.5"
"QLF59C01","Persons aged 15 years and over in Employment","20261","2026Q1","ZZZZ2","All countries excluding Ireland,United Kingdom and EU272020","ZZ210221","Financial, Insurance and Real Estate Activities (L,M)","Thousand","14.8"
"QLF59C01","Persons aged 15 years and over in Employment","20261","2026Q1","ZZZZ2","All countries excluding Ireland,United Kingdom and EU272020","ZZ210224","Other NACE Activities (S to V)","Thousand","12.2"
"QLF59C01","Persons aged 15 years and over in Employment","20261","2026Q1","ZZZZ2","All countries excluding Ireland,United Kingdom and EU272020","ZZ219990","NACE Unknown","Thousand",""
"QLF59C01","Persons aged 15 years and over in Employment","20262","2026Q2","-","All Countries","-","All NACE Economic Sectors (A-V)","Thousand","2839.3"
"QLF59C01","Persons aged 15 years and over in Employment","20262","2026Q2","-","All Countries","A","Agriculture, Forestry and Fishing (A)","Thousand","105.8"
"QLF59C01","Persons aged 15 years and over in Employment","20262","2026Q2","-","All Countries","F","Construction (F)","Thousand","189.3"
"QLF59C01","Persons aged 15 years and over in Employment","20262","2026Q2","-","All Countries","G","Wholesale and Retail Trade (G)","Thousand","289.8"
"QLF59C01","Persons aged 15 years and over in Employment","20262","2026Q2","-","All Countries","H","Transportation and Storage (H)","Thousand","134"
"QLF59C01","Persons aged 15 years and over in Employment","20262","2026Q2","-","All Countries","I","Accommodation and Food Service Activities (I)","Thousand","188.1"
"QLF59C01","Persons aged 15 years and over in Employment","20262","2026Q2","-","All Countries","ZZ210228","Information and Communication (J,K)","Thousand","176.6"
"QLF59C01","Persons aged 15 years and over in Employment","20262","2026Q2","-","All Countries","N","Professional, Scientific and Technical Activities (N)","Thousand","189.8"
"QLF59C01","Persons aged 15 years and over in Employment","20262","2026Q2","-","All Countries","O","Administrative and Support Service Activities (O)","Thousand","109.5"
"QLF59C01","Persons aged 15 years and over in Employment","20262","2026Q2","-","All Countries","P","Public Administration and Defence; Compulsory Social Security (P)","Thousand","150.1"
"QLF59C01","Persons aged 15 years and over in Employment","20262","2026Q2","-","All Countries","Q","Education (Q)","Thousand","256.9"
"QLF59C01","Persons aged 15 years and over in Employment","20262","2026Q2","-","All Countries","R","Human Health and Social Work Activities (R)","Thousand","395.2"
"QLF59C01","Persons aged 15 years and over in Employment","20262","2026Q2","-","All Countries","ZZ210011","Industry (B-E)","Thousand","356"
"QLF59C01","Persons aged 15 years and over in Employment","20262","2026Q2","-","All Countries","ZZ210010","Industry and Construction (B-F)","Thousand","545.3"
"QLF59C01","Persons aged 15 years and over in Employment","20262","2026Q2","-","All Countries","ZZ210023","Services (G-V)","Thousand","2180.7"
"QLF59C01","Persons aged 15 years and over in Employment","20262","2026Q2","-","All Countries","ZZ210221","Financial, Insurance and Real Estate Activities (L,M)","Thousand","148.4"
"QLF59C01","Persons aged 15 years and over in Employment","20262","2026Q2","-","All Countries","ZZ210224","Other NACE Activities (S to V)","Thousand","142.4"
"QLF59C01","Persons aged 15 years and over in Employment","20262","2026Q2","-","All Countries","ZZ219990","NACE Unknown","Thousand","7.5"
"QLF59C01","Persons aged 15 years and over in Employment","20262","2026Q2","E1420XIE","EU14 excl Irl (countries in the EU pre 2004 excluding UK & Ireland)","-","All NACE Economic Sectors (A-V)","Thousand","89.5"
"QLF59C01","Persons aged 15 years and over in Employment","20262","2026Q2","E1420XIE","EU14 excl Irl (countries in the EU pre 2004 excluding UK & Ireland)","A","Agriculture, Forestry and Fishing (A)","Thousand",""
"QLF59C01","Persons aged 15 years and over in Employment","20262","2026Q2","E1420XIE","EU14 excl Irl (countries in the EU pre 2004 excluding UK & Ireland)","F","Construction (F)","Thousand",""
"QLF59C01","Persons aged 15 years and over in Employment","20262","2026Q2","E1420XIE","EU14 excl Irl (countries in the EU pre 2004 excluding UK & Ireland)","G","Wholesale and Retail Trade (G)","Thousand",""
"QLF59C01","Persons aged 15 years and over in Employment","20262","2026Q2","E1420XIE","EU14 excl Irl (countries in the EU pre 2004 excluding UK & Ireland)","H","Transportation and Storage (H)","Thousand",""
"QLF59C01","Persons aged 15 years and over in Employment","20262","2026Q2","E1420XIE","EU14 excl Irl (countries in the EU pre 2004 excluding UK & Ireland)","I","Accommodation and Food Service Activities (I)","Thousand",""
"QLF59C01","Persons aged 15 years and over in Employment","20262","2026Q2","E1420XIE","EU14 excl Irl (countries in the EU pre 2004 excluding UK & Ireland)","ZZ210228","Information and Communication (J,K)","Thousand","15.6"
"QLF59C01","Persons aged 15 years and over in Employment","20262","2026Q2","E1420XIE","EU14 excl Irl (countries in the EU pre 2004 excluding UK & Ireland)","N","Professional, Scientific and Technical Activities (N)","Thousand",""
"QLF59C01","Persons aged 15 years and over in Employment","20262","2026Q2","E1420XIE","EU14 excl Irl (countries in the EU pre 2004 excluding UK & Ireland)","O","Administrative and Support Service Activities (O)","Thousand",""
"QLF59C01","Persons aged 15 years and over in Employment","20262","2026Q2","E1420XIE","EU14 excl Irl (countries in the EU pre 2004 excluding UK & Ireland)","P","Public Administration and Defence; Compulsory Social Security (P)","Thousand",""
"QLF59C01","Persons aged 15 years and over in Employment","20262","2026Q2","E1420XIE","EU14 excl Irl (countries in the EU pre 2004 excluding UK & Ireland)","Q","Education (Q)","Thousand","7.9"
"QLF59C01","Persons aged 15 years and over in Employment","20262","2026Q2","E1420XIE","EU14 excl Irl (countries in the EU pre 2004 excluding UK & Ireland)","R","Human Health and Social Work Activities (R)","Thousand","9.3"
"QLF59C01","Persons aged 15 years and over in Employment","20262","2026Q2","E1420XIE","EU14 excl Irl (countries in the EU pre 2004 excluding UK & Ireland)","ZZ210011","Industry (B-E)","Thousand","12.1"
"QLF59C01","Persons aged 15 years and over in Employment","20262","2026Q2","E1420XIE","EU14 excl Irl (countries in the EU pre 2004 excluding UK & Ireland)","ZZ210010","Industry and Construction (B-F)","Thousand","13.8"
"QLF59C01","Persons aged 15 years and over in Employment","20262","2026Q2","E1420XIE","EU14 excl Irl (countries in the EU pre 2004 excluding UK & Ireland)","ZZ210023","Services (G-V)","Thousand","74.8"
"QLF59C01","Persons aged 15 years and over in Employment","20262","2026Q2","E1420XIE","EU14 excl Irl (countries in the EU pre 2004 excluding UK & Ireland)","ZZ210221","Financial, Insurance and Real Estate Activities (L,M)","Thousand",""
"QLF59C01","Persons aged 15 years and over in Employment","20262","2026Q2","E1420XIE","EU14 excl Irl (countries in the EU pre 2004 excluding UK & Ireland)","ZZ210224","Other NACE Activities (S to V)","Thousand",""
"QLF59C01","Persons aged 15 years and over in Employment","20262","2026Q2","E1420XIE","EU14 excl Irl (countries in the EU pre 2004 excluding UK & Ireland)","ZZ219990","NACE Unknown","Thousand",""
"QLF59C01","Persons aged 15 years and over in Employment","20262","2026Q2","E15E2720","EU15 to EU27 (accession countries joined post 2004)","-","All NACE Economic Sectors (A-V)","Thousand","179.1"
"QLF59C01","Persons aged 15 years and over in Employment","20262","2026Q2","E15E2720","EU15 to EU27 (accession countries joined post 2004)","A","Agriculture, Forestry and Fishing (A)","Thousand",""
"QLF59C01","Persons aged 15 years and over in Employment","20262","2026Q2","E15E2720","EU15 to EU27 (accession countries joined post 2004)","F","Construction (F)","Thousand","18.2"
"QLF59C01","Persons aged 15 years and over in Employment","20262","2026Q2","E15E2720","EU15 to EU27 (accession countries joined post 2004)","G","Wholesale and Retail Trade (G)","Thousand","28"
"QLF59C01","Persons aged 15 years and over in Employment","20262","2026Q2","E15E2720","EU15 to EU27 (accession countries joined post 2004)","H","Transportation and Storage (H)","Thousand","15.2"
"QLF59C01","Persons aged 15 years and over in Employment","20262","2026Q2","E15E2720","EU15 to EU27 (accession countries joined post 2004)","I","Accommodation and Food Service Activities (I)","Thousand","21.9"
"QLF59C01","Persons aged 15 years and over in Employment","20262","2026Q2","E15E2720","EU15 to EU27 (accession countries joined post 2004)","ZZ210228","Information and Communication (J,K)","Thousand",""
"QLF59C01","Persons aged 15 years and over in Employment","20262","2026Q2","E15E2720","EU15 to EU27 (accession countries joined post 2004)","N","Professional, Scientific and Technical Activities (N)","Thousand",""
"QLF59C01","Persons aged 15 years and over in Employment","20262","2026Q2","E15E2720","EU15 to EU27 (accession countries joined post 2004)","O","Administrative and Support Service Activities (O)","Thousand","12.5"
"QLF59C01","Persons aged 15 years and over in Employment","20262","2026Q2","E15E2720","EU15 to EU27 (accession countries joined post 2004)","P","Public Administration and Defence; Compulsory Social Security (P)","Thousand",""
"QLF59C01","Persons aged 15 years and over in Employment","20262","2026Q2","E15E2720","EU15 to EU27 (accession countries joined post 2004)","Q","Education (Q)","Thousand",""
"QLF59C01","Persons aged 15 years and over in Employment","20262","2026Q2","E15E2720","EU15 to EU27 (accession countries joined post 2004)","R","Human Health and Social Work Activities (R)","Thousand","13.2"
"QLF59C01","Persons aged 15 years and over in Employment","20262","2026Q2","E15E2720","EU15 to EU27 (accession countries joined post 2004)","ZZ210011","Industry (B-E)","Thousand","34.1"
"QLF59C01","Persons aged 15 years and over in Employment","20262","2026Q2","E15E2720","EU15 to EU27 (accession countries joined post 2004)","ZZ210010","Industry and Construction (B-F)","Thousand","52.3"
"QLF59C01","Persons aged 15 years and over in Employment","20262","2026Q2","E15E2720","EU15 to EU27 (accession countries joined post 2004)","ZZ210023","Services (G-V)","Thousand","124.3"
"QLF59C01","Persons aged 15 years and over in Employment","20262","2026Q2","E15E2720","EU15 to EU27 (accession countries joined post 2004)","ZZ210221","Financial, Insurance and Real Estate Activities (L,M)","Thousand",""
"QLF59C01","Persons aged 15 years and over in Employment","20262","2026Q2","E15E2720","EU15 to EU27 (accession countries joined post 2004)","ZZ210224","Other NACE Activities (S to V)","Thousand","9.1"
"QLF59C01","Persons aged 15 years and over in Employment","20262","2026Q2","E15E2720","EU15 to EU27 (accession countries joined post 2004)","ZZ219990","NACE Unknown","Thousand",""
"QLF59C01","Persons aged 15 years and over in Employment","20262","2026Q2","GB","United Kingdom","-","All NACE Economic Sectors (A-V)","Thousand","48.2"
"QLF59C01","Persons aged 15 years and over in Employment","20262","2026Q2","GB","United Kingdom","A","Agriculture, Forestry and Fishing (A)","Thousand",""
"QLF59C01","Persons aged 15 years and over in Employment","20262","2026Q2","GB","United Kingdom","F","Construction (F)","Thousand",""
"QLF59C01","Persons aged 15 years and over in Employment","20262","2026Q2","GB","United Kingdom","G","Wholesale and Retail Trade (G)","Thousand",""
"QLF59C01","Persons aged 15 years and over in Employment","20262","2026Q2","GB","United Kingdom","H","Transportation and Storage (H)","Thousand",""
"QLF59C01","Persons aged 15 years and over in Employment","20262","2026Q2","GB","United Kingdom","I","Accommodation and Food Service Activities (I)","Thousand",""
"QLF59C01","Persons aged 15 years and over in Employment","20262","2026Q2","GB","United Kingdom","ZZ210228","Information and Communication (J,K)","Thousand",""
"QLF59C01","Persons aged 15 years and over in Employment","20262","2026Q2","GB","United Kingdom","N","Professional, Scientific and Technical Activities (N)","Thousand",""
"QLF59C01","Persons aged 15 years and over in Employment","20262","2026Q2","GB","United Kingdom","O","Administrative and Support Service Activities (O)","Thousand",""
"QLF59C01","Persons aged 15 years and over in Employment","20262","2026Q2","GB","United Kingdom","P","Public Administration and Defence; Compulsory Social Security (P)","Thousand",""
"QLF59C01","Persons aged 15 years and over in Employment","20262","2026Q2","GB","United Kingdom","Q","Education (Q)","Thousand",""
"QLF59C01","Persons aged 15 years and over in Employment","20262","2026Q2","GB","United Kingdom","R","Human Health and Social Work Activities (R)","Thousand","7.7"
"QLF59C01","Persons aged 15 years and over in Employment","20262","2026Q2","GB","United Kingdom","ZZ210011","Industry (B-E)","Thousand",""
"QLF59C01","Persons aged 15 years and over in Employment","20262","2026Q2","GB","United Kingdom","ZZ210010","Industry and Construction (B-F)","Thousand","6.8"
"QLF59C01","Persons aged 15 years and over in Employment","20262","2026Q2","GB","United Kingdom","ZZ210023","Services (G-V)","Thousand","40.3"
"QLF59C01","Persons aged 15 years and over in Employment","20262","2026Q2","GB","United Kingdom","ZZ210221","Financial, Insurance and Real Estate Activities (L,M)","Thousand",""
"QLF59C01","Persons aged 15 years and over in Employment","20262","2026Q2","GB","United Kingdom","ZZ210224","Other NACE Activities (S to V)","Thousand",""
"QLF59C01","Persons aged 15 years and over in Employment","20262","2026Q2","GB","United Kingdom","ZZ219990","NACE Unknown","Thousand",""
"QLF59C01","Persons aged 15 years and over in Employment","20262","2026Q2","IE","Ireland","-","All NACE Economic Sectors (A-V)","Thousand","2227.5"
"QLF59C01","Persons aged 15 years and over in Employment","20262","2026Q2","IE","Ireland","A","Agriculture, Forestry and Fishing (A)","Thousand","100.9"
"QLF59C01","Persons aged 15 years and over in Employment","20262","2026Q2","IE","Ireland","F","Construction (F)","Thousand","150.9"
"QLF59C01","Persons aged 15 years and over in Employment","20262","2026Q2","IE","Ireland","G","Wholesale and Retail Trade (G)","Thousand","229.3"
"QLF59C01","Persons aged 15 years and over in Employment","20262","2026Q2","IE","Ireland","H","Transportation and Storage (H)","Thousand","101.1"
"QLF59C01","Persons aged 15 years and over in Employment","20262","2026Q2","IE","Ireland","I","Accommodation and Food Service Activities (I)","Thousand","124"
"QLF59C01","Persons aged 15 years and over in Employment","20262","2026Q2","IE","Ireland","ZZ210228","Information and Communication (J,K)","Thousand","114.1"
"QLF59C01","Persons aged 15 years and over in Employment","20262","2026Q2","IE","Ireland","N","Professional, Scientific and Technical Activities (N)","Thousand","153.7"
"QLF59C01","Persons aged 15 years and over in Employment","20262","2026Q2","IE","Ireland","O","Administrative and Support Service Activities (O)","Thousand","73.2"
"QLF59C01","Persons aged 15 years and over in Employment","20262","2026Q2","IE","Ireland","P","Public Administration and Defence; Compulsory Social Security (P)","Thousand","144.4"
"QLF59C01","Persons aged 15 years and over in Employment","20262","2026Q2","IE","Ireland","Q","Education (Q)","Thousand","226.5"
"QLF59C01","Persons aged 15 years and over in Employment","20262","2026Q2","IE","Ireland","R","Human Health and Social Work Activities (R)","Thousand","297.6"
"QLF59C01","Persons aged 15 years and over in Employment","20262","2026Q2","IE","Ireland","ZZ210011","Industry (B-E)","Thousand","269.1"
"QLF59C01","Persons aged 15 years and over in Employment","20262","2026Q2","IE","Ireland","ZZ210010","Industry and Construction (B-F)","Thousand","420.1"
"QLF59C01","Persons aged 15 years and over in Employment","20262","2026Q2","IE","Ireland","ZZ210023","Services (G-V)","Thousand","1700.3"
"QLF59C01","Persons aged 15 years and over in Employment","20262","2026Q2","IE","Ireland","ZZ210221","Financial, Insurance and Real Estate Activities (L,M)","Thousand","120.7"
"QLF59C01","Persons aged 15 years and over in Employment","20262","2026Q2","IE","Ireland","ZZ210224","Other NACE Activities (S to V)","Thousand","115.6"
"QLF59C01","Persons aged 15 years and over in Employment","20262","2026Q2","IE","Ireland","ZZ219990","NACE Unknown","Thousand","6.2"
"QLF59C01","Persons aged 15 years and over in Employment","20262","2026Q2","ZZZZ1","All countries excluding Ireland","-","All NACE Economic Sectors (A-V)","Thousand","611.8"
"QLF59C01","Persons aged 15 years and over in Employment","20262","2026Q2","ZZZZ1","All countries excluding Ireland","A","Agriculture, Forestry and Fishing (A)","Thousand",""
"QLF59C01","Persons aged 15 years and over in Employment","20262","2026Q2","ZZZZ1","All countries excluding Ireland","F","Construction (F)","Thousand","38.4"
"QLF59C01","Persons aged 15 years and over in Employment","20262","2026Q2","ZZZZ1","All countries excluding Ireland","G","Wholesale and Retail Trade (G)","Thousand","60.4"
"QLF59C01","Persons aged 15 years and over in Employment","20262","2026Q2","ZZZZ1","All countries excluding Ireland","H","Transportation and Storage (H)","Thousand","32.8"
"QLF59C01","Persons aged 15 years and over in Employment","20262","2026Q2","ZZZZ1","All countries excluding Ireland","I","Accommodation and Food Service Activities (I)","Thousand","64.1"
"QLF59C01","Persons aged 15 years and over in Employment","20262","2026Q2","ZZZZ1","All countries excluding Ireland","ZZ210228","Information and Communication (J,K)","Thousand","62.4"
"QLF59C01","Persons aged 15 years and over in Employment","20262","2026Q2","ZZZZ1","All countries excluding Ireland","N","Professional, Scientific and Technical Activities (N)","Thousand","36.1"
"QLF59C01","Persons aged 15 years and over in Employment","20262","2026Q2","ZZZZ1","All countries excluding Ireland","O","Administrative and Support Service Activities (O)","Thousand","36.3"
"QLF59C01","Persons aged 15 years and over in Employment","20262","2026Q2","ZZZZ1","All countries excluding Ireland","P","Public Administration and Defence; Compulsory Social Security (P)","Thousand",""
"QLF59C01","Persons aged 15 years and over in Employment","20262","2026Q2","ZZZZ1","All countries excluding Ireland","Q","Education (Q)","Thousand","30.5"
"QLF59C01","Persons aged 15 years and over in Employment","20262","2026Q2","ZZZZ1","All countries excluding Ireland","R","Human Health and Social Work Activities (R)","Thousand","97.6"
"QLF59C01","Persons aged 15 years and over in Employment","20262","2026Q2","ZZZZ1","All countries excluding Ireland","ZZ210011","Industry (B-E)","Thousand","86.9"
"QLF59C01","Persons aged 15 years and over in Employment","20262","2026Q2","ZZZZ1","All countries excluding Ireland","ZZ210010","Industry and Construction (B-F)","Thousand","125.2"
"QLF59C01","Persons aged 15 years and over in Employment","20262","2026Q2","ZZZZ1","All countries excluding Ireland","ZZ210023","Services (G-V)","Thousand","480.5"
"QLF59C01","Persons aged 15 years and over in Employment","20262","2026Q2","ZZZZ1","All countries excluding Ireland","ZZ210221","Financial, Insurance and Real Estate Activities (L,M)","Thousand","27.6"
"QLF59C01","Persons aged 15 years and over in Employment","20262","2026Q2","ZZZZ1","All countries excluding Ireland","ZZ210224","Other NACE Activities (S to V)","Thousand","26.8"
"QLF59C01","Persons aged 15 years and over in Employment","20262","2026Q2","ZZZZ1","All countries excluding Ireland","ZZ219990","NACE Unknown","Thousand",""
"QLF59C01","Persons aged 15 years and over in Employment","20262","2026Q2","ZZZZ2","All countries excluding Ireland,United Kingdom and EU272020","-","All NACE Economic Sectors (A-V)","Thousand","295.1"
"QLF59C01","Persons aged 15 years and over in Employment","20262","2026Q2","ZZZZ2","All countries excluding Ireland,United Kingdom and EU272020","A","Agriculture, Forestry and Fishing (A)","Thousand",""
"QLF59C01","Persons aged 15 years and over in Employment","20262","2026Q2","ZZZZ2","All countries excluding Ireland,United Kingdom and EU272020","F","Construction (F)","Thousand","16.7"
"QLF59C01","Persons aged 15 years and over in Employment","20262","2026Q2","ZZZZ2","All countries excluding Ireland,United Kingdom and EU272020","G","Wholesale and Retail Trade (G)","Thousand","20"
"QLF59C01","Persons aged 15 years and over in Employment","20262","2026Q2","ZZZZ2","All countries excluding Ireland,United Kingdom and EU272020","H","Transportation and Storage (H)","Thousand",""
"QLF59C01","Persons aged 15 years and over in Employment","20262","2026Q2","ZZZZ2","All countries excluding Ireland,United Kingdom and EU272020","I","Accommodation and Food Service Activities (I)","Thousand","33.1"
"QLF59C01","Persons aged 15 years and over in Employment","20262","2026Q2","ZZZZ2","All countries excluding Ireland,United Kingdom and EU272020","ZZ210228","Information and Communication (J,K)","Thousand","37.3"
"QLF59C01","Persons aged 15 years and over in Employment","20262","2026Q2","ZZZZ2","All countries excluding Ireland,United Kingdom and EU272020","N","Professional, Scientific and Technical Activities (N)","Thousand","18.8"
"QLF59C01","Persons aged 15 years and over in Employment","20262","2026Q2","ZZZZ2","All countries excluding Ireland,United Kingdom and EU272020","O","Administrative and Support Service Activities (O)","Thousand","13.9"
"QLF59C01","Persons aged 15 years and over in Employment","20262","2026Q2","ZZZZ2","All countries excluding Ireland,United Kingdom and EU272020","P","Public Administration and Defence; Compulsory Social Security (P)","Thousand",""
"QLF59C01","Persons aged 15 years and over in Employment","20262","2026Q2","ZZZZ2","All countries excluding Ireland,United Kingdom and EU272020","Q","Education (Q)","Thousand","14"
"QLF59C01","Persons aged 15 years and over in Employment","20262","2026Q2","ZZZZ2","All countries excluding Ireland,United Kingdom and EU272020","R","Human Health and Social Work Activities (R)","Thousand","67.4"
"QLF59C01","Persons aged 15 years and over in Employment","20262","2026Q2","ZZZZ2","All countries excluding Ireland,United Kingdom and EU272020","ZZ210011","Industry (B-E)","Thousand","35.6"
"QLF59C01","Persons aged 15 years and over in Employment","20262","2026Q2","ZZZZ2","All countries excluding Ireland,United Kingdom and EU272020","ZZ210010","Industry and Construction (B-F)","Thousand","52.3"
"QLF59C01","Persons aged 15 years and over in Employment","20262","2026Q2","ZZZZ2","All countries excluding Ireland,United Kingdom and EU272020","ZZ210023","Services (G-V)","Thousand","241"
"QLF59C01","Persons aged 15 years and over in Employment","20262","2026Q2","ZZZZ2","All countries excluding Ireland,United Kingdom and EU272020","ZZ210221","Financial, Insurance and Real Estate Activities (L,M)","Thousand",""
"QLF59C01","Persons aged 15 years and over in Employment","20262","2026Q2","ZZZZ2","All countries excluding Ireland,United Kingdom and EU272020","ZZ210224","Other NACE Activities (S to V)","Thousand","10.8"
"QLF59C01","Persons aged 15 years and over in Employment","20262","2026Q2","ZZZZ2","All countries excluding Ireland,United Kingdom and EU272020","ZZ219990","NACE Unknown","Thousand",""
